#
# Sample name: kiem tra dinh ky thang 07-2016

# Sample id: 
# Sample type: 
# User name: Eu-154
# Sample description: 25cm
#
# Start time: 13-07-2016, 07:06:22
# Real time (s): 34822.290
# Live time (s): 34599.820
#
# Total counts: 7597809
#
# Left marker: 17722
# Right marker: 17810
# Counts: 7185
#
# Energy calibration coefficients (E = sum(Ai * n**i))
#    A0 = -8.954000e-02
#    A1 = 8.992000e-02
#    A2 = 0.000000e+00
#    A3 = 0.000000e+00
# Energy unit: keV
#
# Shape calibration coefficients (FWHM = B0 + B1*E^(1/2)  Low Tail= B2 + B3*E)
#    B0 = 6.363190e-01
#    B1 = 3.327032e-02
#    B2 = 0.000000e+00
#    B3 = 0.000000e+00
# Energy unit: keV
#
# Channel data
#     n     energy(keV)     counts     rate(1/s)
#--------------------------------------------------
   1	3.800e-04	0	0.000e+00
   2	9.030e-02	0	0.000e+00
   3	1.802e-01	0	0.000e+00
   4	2.701e-01	0	0.000e+00
   5	3.601e-01	0	0.000e+00
   6	4.500e-01	0	0.000e+00
   7	5.399e-01	0	0.000e+00
   8	6.298e-01	0	0.000e+00
   9	7.197e-01	0	0.000e+00
  10	8.097e-01	0	0.000e+00
  11	8.996e-01	0	0.000e+00
  12	9.895e-01	0	0.000e+00
  13	1.079e+00	0	0.000e+00
  14	1.169e+00	0	0.000e+00
  15	1.259e+00	0	0.000e+00
  16	1.349e+00	0	0.000e+00
  17	1.439e+00	0	0.000e+00
  18	1.529e+00	0	0.000e+00
  19	1.619e+00	0	0.000e+00
  20	1.709e+00	0	0.000e+00
  21	1.799e+00	0	0.000e+00
  22	1.889e+00	0	0.000e+00
  23	1.979e+00	0	0.000e+00
  24	2.069e+00	0	0.000e+00
  25	2.158e+00	0	0.000e+00
  26	2.248e+00	0	0.000e+00
  27	2.338e+00	0	0.000e+00
  28	2.428e+00	0	0.000e+00
  29	2.518e+00	0	0.000e+00
  30	2.608e+00	0	0.000e+00
  31	2.698e+00	0	0.000e+00
  32	2.788e+00	0	0.000e+00
  33	2.878e+00	0	0.000e+00
  34	2.968e+00	0	0.000e+00
  35	3.058e+00	0	0.000e+00
  36	3.148e+00	0	0.000e+00
  37	3.237e+00	0	0.000e+00
  38	3.327e+00	0	0.000e+00
  39	3.417e+00	0	0.000e+00
  40	3.507e+00	0	0.000e+00
  41	3.597e+00	0	0.000e+00
  42	3.687e+00	0	0.000e+00
  43	3.777e+00	0	0.000e+00
  44	3.867e+00	0	0.000e+00
  45	3.957e+00	0	0.000e+00
  46	4.047e+00	0	0.000e+00
  47	4.137e+00	0	0.000e+00
  48	4.227e+00	0	0.000e+00
  49	4.317e+00	0	0.000e+00
  50	4.406e+00	0	0.000e+00
  51	4.496e+00	0	0.000e+00
  52	4.586e+00	0	0.000e+00
  53	4.676e+00	0	0.000e+00
  54	4.766e+00	0	0.000e+00
  55	4.856e+00	0	0.000e+00
  56	4.946e+00	0	0.000e+00
  57	5.036e+00	0	0.000e+00
  58	5.126e+00	0	0.000e+00
  59	5.216e+00	0	0.000e+00
  60	5.306e+00	0	0.000e+00
  61	5.396e+00	0	0.000e+00
  62	5.485e+00	0	0.000e+00
  63	5.575e+00	0	0.000e+00
  64	5.665e+00	0	0.000e+00
  65	5.755e+00	0	0.000e+00
  66	5.845e+00	0	0.000e+00
  67	5.935e+00	0	0.000e+00
  68	6.025e+00	0	0.000e+00
  69	6.115e+00	0	0.000e+00
  70	6.205e+00	0	0.000e+00
  71	6.295e+00	0	0.000e+00
  72	6.385e+00	0	0.000e+00
  73	6.475e+00	0	0.000e+00
  74	6.565e+00	0	0.000e+00
  75	6.654e+00	0	0.000e+00
  76	6.744e+00	0	0.000e+00
  77	6.834e+00	0	0.000e+00
  78	6.924e+00	0	0.000e+00
  79	7.014e+00	0	0.000e+00
  80	7.104e+00	0	0.000e+00
  81	7.194e+00	0	0.000e+00
  82	7.284e+00	0	0.000e+00
  83	7.374e+00	0	0.000e+00
  84	7.464e+00	0	0.000e+00
  85	7.554e+00	0	0.000e+00
  86	7.644e+00	0	0.000e+00
  87	7.733e+00	0	0.000e+00
  88	7.823e+00	0	0.000e+00
  89	7.913e+00	0	0.000e+00
  90	8.003e+00	0	0.000e+00
  91	8.093e+00	0	0.000e+00
  92	8.183e+00	0	0.000e+00
  93	8.273e+00	0	0.000e+00
  94	8.363e+00	0	0.000e+00
  95	8.453e+00	0	0.000e+00
  96	8.543e+00	0	0.000e+00
  97	8.633e+00	0	0.000e+00
  98	8.723e+00	0	0.000e+00
  99	8.813e+00	0	0.000e+00
 100	8.902e+00	0	0.000e+00
 101	8.992e+00	0	0.000e+00
 102	9.082e+00	0	0.000e+00
 103	9.172e+00	0	0.000e+00
 104	9.262e+00	0	0.000e+00
 105	9.352e+00	0	0.000e+00
 106	9.442e+00	0	0.000e+00
 107	9.532e+00	0	0.000e+00
 108	9.622e+00	0	0.000e+00
 109	9.712e+00	0	0.000e+00
 110	9.802e+00	0	0.000e+00
 111	9.892e+00	0	0.000e+00
 112	9.981e+00	0	0.000e+00
 113	1.007e+01	0	0.000e+00
 114	1.016e+01	0	0.000e+00
 115	1.025e+01	0	0.000e+00
 116	1.034e+01	0	0.000e+00
 117	1.043e+01	0	0.000e+00
 118	1.052e+01	0	0.000e+00
 119	1.061e+01	0	0.000e+00
 120	1.070e+01	0	0.000e+00
 121	1.079e+01	0	0.000e+00
 122	1.088e+01	0	0.000e+00
 123	1.097e+01	0	0.000e+00
 124	1.106e+01	0	0.000e+00
 125	1.115e+01	0	0.000e+00
 126	1.124e+01	0	0.000e+00
 127	1.133e+01	0	0.000e+00
 128	1.142e+01	0	0.000e+00
 129	1.151e+01	0	0.000e+00
 130	1.160e+01	0	0.000e+00
 131	1.169e+01	0	0.000e+00
 132	1.178e+01	0	0.000e+00
 133	1.187e+01	0	0.000e+00
 134	1.196e+01	0	0.000e+00
 135	1.205e+01	0	0.000e+00
 136	1.214e+01	0	0.000e+00
 137	1.223e+01	0	0.000e+00
 138	1.232e+01	0	0.000e+00
 139	1.241e+01	0	0.000e+00
 140	1.250e+01	0	0.000e+00
 141	1.259e+01	0	0.000e+00
 142	1.268e+01	0	0.000e+00
 143	1.277e+01	0	0.000e+00
 144	1.286e+01	0	0.000e+00
 145	1.295e+01	0	0.000e+00
 146	1.304e+01	0	0.000e+00
 147	1.313e+01	0	0.000e+00
 148	1.322e+01	0	0.000e+00
 149	1.331e+01	0	0.000e+00
 150	1.340e+01	0	0.000e+00
 151	1.349e+01	0	0.000e+00
 152	1.358e+01	0	0.000e+00
 153	1.367e+01	0	0.000e+00
 154	1.376e+01	0	0.000e+00
 155	1.385e+01	0	0.000e+00
 156	1.394e+01	0	0.000e+00
 157	1.403e+01	0	0.000e+00
 158	1.412e+01	0	0.000e+00
 159	1.421e+01	0	0.000e+00
 160	1.430e+01	0	0.000e+00
 161	1.439e+01	0	0.000e+00
 162	1.448e+01	0	0.000e+00
 163	1.457e+01	0	0.000e+00
 164	1.466e+01	0	0.000e+00
 165	1.475e+01	0	0.000e+00
 166	1.484e+01	0	0.000e+00
 167	1.493e+01	0	0.000e+00
 168	1.502e+01	0	0.000e+00
 169	1.511e+01	0	0.000e+00
 170	1.520e+01	0	0.000e+00
 171	1.529e+01	0	0.000e+00
 172	1.538e+01	0	0.000e+00
 173	1.547e+01	0	0.000e+00
 174	1.556e+01	0	0.000e+00
 175	1.565e+01	0	0.000e+00
 176	1.574e+01	0	0.000e+00
 177	1.583e+01	0	0.000e+00
 178	1.592e+01	0	0.000e+00
 179	1.601e+01	0	0.000e+00
 180	1.610e+01	0	0.000e+00
 181	1.619e+01	0	0.000e+00
 182	1.628e+01	0	0.000e+00
 183	1.637e+01	0	0.000e+00
 184	1.646e+01	0	0.000e+00
 185	1.655e+01	0	0.000e+00
 186	1.664e+01	0	0.000e+00
 187	1.673e+01	0	0.000e+00
 188	1.682e+01	0	0.000e+00
 189	1.691e+01	0	0.000e+00
 190	1.700e+01	0	0.000e+00
 191	1.709e+01	0	0.000e+00
 192	1.718e+01	0	0.000e+00
 193	1.727e+01	0	0.000e+00
 194	1.735e+01	0	0.000e+00
 195	1.744e+01	0	0.000e+00
 196	1.753e+01	0	0.000e+00
 197	1.762e+01	0	0.000e+00
 198	1.771e+01	0	0.000e+00
 199	1.780e+01	0	0.000e+00
 200	1.789e+01	0	0.000e+00
 201	1.798e+01	0	0.000e+00
 202	1.807e+01	0	0.000e+00
 203	1.816e+01	0	0.000e+00
 204	1.825e+01	0	0.000e+00
 205	1.834e+01	0	0.000e+00
 206	1.843e+01	0	0.000e+00
 207	1.852e+01	0	0.000e+00
 208	1.861e+01	0	0.000e+00
 209	1.870e+01	0	0.000e+00
 210	1.879e+01	0	0.000e+00
 211	1.888e+01	0	0.000e+00
 212	1.897e+01	0	0.000e+00
 213	1.906e+01	0	0.000e+00
 214	1.915e+01	0	0.000e+00
 215	1.924e+01	0	0.000e+00
 216	1.933e+01	0	0.000e+00
 217	1.942e+01	0	0.000e+00
 218	1.951e+01	0	0.000e+00
 219	1.960e+01	0	0.000e+00
 220	1.969e+01	0	0.000e+00
 221	1.978e+01	0	0.000e+00
 222	1.987e+01	0	0.000e+00
 223	1.996e+01	0	0.000e+00
 224	2.005e+01	0	0.000e+00
 225	2.014e+01	0	0.000e+00
 226	2.023e+01	0	0.000e+00
 227	2.032e+01	0	0.000e+00
 228	2.041e+01	0	0.000e+00
 229	2.050e+01	0	0.000e+00
 230	2.059e+01	0	0.000e+00
 231	2.068e+01	0	0.000e+00
 232	2.077e+01	0	0.000e+00
 233	2.086e+01	0	0.000e+00
 234	2.095e+01	0	0.000e+00
 235	2.104e+01	0	0.000e+00
 236	2.113e+01	0	0.000e+00
 237	2.122e+01	0	0.000e+00
 238	2.131e+01	0	0.000e+00
 239	2.140e+01	0	0.000e+00
 240	2.149e+01	0	0.000e+00
 241	2.158e+01	0	0.000e+00
 242	2.167e+01	0	0.000e+00
 243	2.176e+01	0	0.000e+00
 244	2.185e+01	0	0.000e+00
 245	2.194e+01	0	0.000e+00
 246	2.203e+01	0	0.000e+00
 247	2.212e+01	0	0.000e+00
 248	2.221e+01	0	0.000e+00
 249	2.230e+01	0	0.000e+00
 250	2.239e+01	0	0.000e+00
 251	2.248e+01	0	0.000e+00
 252	2.257e+01	0	0.000e+00
 253	2.266e+01	0	0.000e+00
 254	2.275e+01	0	0.000e+00
 255	2.284e+01	0	0.000e+00
 256	2.293e+01	0	0.000e+00
 257	2.302e+01	0	0.000e+00
 258	2.311e+01	0	0.000e+00
 259	2.320e+01	0	0.000e+00
 260	2.329e+01	0	0.000e+00
 261	2.338e+01	0	0.000e+00
 262	2.347e+01	0	0.000e+00
 263	2.356e+01	1671	4.830e-02
 264	2.365e+01	1574	4.549e-02
 265	2.374e+01	1595	4.610e-02
 266	2.383e+01	1666	4.815e-02
 267	2.392e+01	1716	4.960e-02
 268	2.401e+01	1734	5.012e-02
 269	2.410e+01	1710	4.942e-02
 270	2.419e+01	1703	4.922e-02
 271	2.428e+01	1648	4.763e-02
 272	2.437e+01	1700	4.913e-02
 273	2.446e+01	1666	4.815e-02
 274	2.455e+01	1624	4.694e-02
 275	2.464e+01	1762	5.093e-02
 276	2.473e+01	1631	4.714e-02
 277	2.482e+01	1720	4.971e-02
 278	2.491e+01	1686	4.873e-02
 279	2.500e+01	1656	4.786e-02
 280	2.509e+01	1660	4.798e-02
 281	2.518e+01	1683	4.864e-02
 282	2.527e+01	1655	4.783e-02
 283	2.536e+01	1656	4.786e-02
 284	2.545e+01	1629	4.708e-02
 285	2.554e+01	1682	4.861e-02
 286	2.563e+01	1665	4.812e-02
 287	2.572e+01	1691	4.887e-02
 288	2.581e+01	1729	4.997e-02
 289	2.590e+01	1654	4.780e-02
 290	2.599e+01	1665	4.812e-02
 291	2.608e+01	1715	4.957e-02
 292	2.617e+01	1689	4.882e-02
 293	2.626e+01	1674	4.838e-02
 294	2.635e+01	1610	4.653e-02
 295	2.644e+01	1737	5.020e-02
 296	2.653e+01	1592	4.601e-02
 297	2.662e+01	1755	5.072e-02
 298	2.671e+01	1547	4.471e-02
 299	2.680e+01	1692	4.890e-02
 300	2.689e+01	1643	4.749e-02
 301	2.698e+01	1789	5.171e-02
 302	2.707e+01	1629	4.708e-02
 303	2.716e+01	1618	4.676e-02
 304	2.725e+01	1642	4.746e-02
 305	2.734e+01	1681	4.858e-02
 306	2.743e+01	1628	4.705e-02
 307	2.752e+01	1640	4.740e-02
 308	2.761e+01	1656	4.786e-02
 309	2.770e+01	1653	4.777e-02
 310	2.779e+01	1678	4.850e-02
 311	2.788e+01	1668	4.821e-02
 312	2.797e+01	1650	4.769e-02
 313	2.806e+01	1554	4.491e-02
 314	2.815e+01	1636	4.728e-02
 315	2.824e+01	1686	4.873e-02
 316	2.833e+01	1680	4.856e-02
 317	2.842e+01	1588	4.590e-02
 318	2.851e+01	1611	4.656e-02
 319	2.859e+01	1734	5.012e-02
 320	2.868e+01	1627	4.702e-02
 321	2.877e+01	1611	4.656e-02
 322	2.886e+01	1622	4.688e-02
 323	2.895e+01	1574	4.549e-02
 324	2.904e+01	1679	4.853e-02
 325	2.913e+01	1697	4.905e-02
 326	2.922e+01	1653	4.777e-02
 327	2.931e+01	1674	4.838e-02
 328	2.940e+01	1665	4.812e-02
 329	2.949e+01	1626	4.699e-02
 330	2.958e+01	1725	4.986e-02
 331	2.967e+01	1599	4.621e-02
 332	2.976e+01	1678	4.850e-02
 333	2.985e+01	1696	4.902e-02
 334	2.994e+01	1682	4.861e-02
 335	3.003e+01	1618	4.676e-02
 336	3.012e+01	1652	4.775e-02
 337	3.021e+01	1622	4.688e-02
 338	3.030e+01	1709	4.939e-02
 339	3.039e+01	1613	4.662e-02
 340	3.048e+01	1664	4.809e-02
 341	3.057e+01	1639	4.737e-02
 342	3.066e+01	1675	4.841e-02
 343	3.075e+01	1687	4.876e-02
 344	3.084e+01	1630	4.711e-02
 345	3.093e+01	1631	4.714e-02
 346	3.102e+01	1595	4.610e-02
 347	3.111e+01	1620	4.682e-02
 348	3.120e+01	1721	4.974e-02
 349	3.129e+01	1617	4.673e-02
 350	3.138e+01	1768	5.110e-02
 351	3.147e+01	1644	4.751e-02
 352	3.156e+01	1606	4.642e-02
 353	3.165e+01	1723	4.980e-02
 354	3.174e+01	1704	4.925e-02
 355	3.183e+01	1646	4.757e-02
 356	3.192e+01	1645	4.754e-02
 357	3.201e+01	1762	5.093e-02
 358	3.210e+01	1687	4.876e-02
 359	3.219e+01	1702	4.919e-02
 360	3.228e+01	1724	4.983e-02
 361	3.237e+01	1728	4.994e-02
 362	3.246e+01	1658	4.792e-02
 363	3.255e+01	1693	4.893e-02
 364	3.264e+01	1710	4.942e-02
 365	3.273e+01	1696	4.902e-02
 366	3.282e+01	1660	4.798e-02
 367	3.291e+01	1639	4.737e-02
 368	3.300e+01	1684	4.867e-02
 369	3.309e+01	1680	4.856e-02
 370	3.318e+01	1621	4.685e-02
 371	3.327e+01	1788	5.168e-02
 372	3.336e+01	1732	5.006e-02
 373	3.345e+01	1751	5.061e-02
 374	3.354e+01	1690	4.884e-02
 375	3.363e+01	1696	4.902e-02
 376	3.372e+01	1644	4.751e-02
 377	3.381e+01	1778	5.139e-02
 378	3.390e+01	1688	4.879e-02
 379	3.399e+01	1685	4.870e-02
 380	3.408e+01	1684	4.867e-02
 381	3.417e+01	1763	5.095e-02
 382	3.426e+01	1714	4.954e-02
 383	3.435e+01	1722	4.977e-02
 384	3.444e+01	1803	5.211e-02
 385	3.453e+01	1814	5.243e-02
 386	3.462e+01	1690	4.884e-02
 387	3.471e+01	1838	5.312e-02
 388	3.480e+01	1751	5.061e-02
 389	3.489e+01	1718	4.965e-02
 390	3.498e+01	1761	5.090e-02
 391	3.507e+01	1758	5.081e-02
 392	3.516e+01	1747	5.049e-02
 393	3.525e+01	1857	5.367e-02
 394	3.534e+01	1696	4.902e-02
 395	3.543e+01	1763	5.095e-02
 396	3.552e+01	1816	5.249e-02
 397	3.561e+01	1828	5.283e-02
 398	3.570e+01	1705	4.928e-02
 399	3.579e+01	1722	4.977e-02
 400	3.588e+01	1816	5.249e-02
 401	3.597e+01	1755	5.072e-02
 402	3.606e+01	1804	5.214e-02
 403	3.615e+01	1858	5.370e-02
 404	3.624e+01	1846	5.335e-02
 405	3.633e+01	1984	5.734e-02
 406	3.642e+01	1907	5.512e-02
 407	3.651e+01	1910	5.520e-02
 408	3.660e+01	1874	5.416e-02
 409	3.669e+01	1873	5.413e-02
 410	3.678e+01	1952	5.642e-02
 411	3.687e+01	1907	5.512e-02
 412	3.696e+01	1909	5.517e-02
 413	3.705e+01	2004	5.792e-02
 414	3.714e+01	1968	5.688e-02
 415	3.723e+01	1927	5.569e-02
 416	3.732e+01	1977	5.714e-02
 417	3.741e+01	1908	5.514e-02
 418	3.750e+01	2018	5.832e-02
 419	3.759e+01	2025	5.853e-02
 420	3.768e+01	2027	5.858e-02
 421	3.777e+01	2063	5.962e-02
 422	3.786e+01	2008	5.803e-02
 423	3.795e+01	2001	5.783e-02
 424	3.804e+01	2042	5.902e-02
 425	3.813e+01	2051	5.928e-02
 426	3.822e+01	2075	5.997e-02
 427	3.831e+01	2126	6.145e-02
 428	3.840e+01	2137	6.176e-02
 429	3.849e+01	2112	6.104e-02
 430	3.858e+01	2112	6.104e-02
 431	3.867e+01	2244	6.486e-02
 432	3.876e+01	2294	6.630e-02
 433	3.885e+01	2401	6.939e-02
 434	3.894e+01	2409	6.962e-02
 435	3.903e+01	2531	7.315e-02
 436	3.912e+01	2548	7.364e-02
 437	3.921e+01	2632	7.607e-02
 438	3.930e+01	2768	8.000e-02
 439	3.939e+01	2843	8.217e-02
 440	3.948e+01	3010	8.699e-02
 441	3.957e+01	3042	8.792e-02
 442	3.966e+01	3117	9.009e-02
 443	3.975e+01	3243	9.373e-02
 444	3.983e+01	3179	9.188e-02
 445	3.992e+01	3389	9.795e-02
 446	4.001e+01	3389	9.795e-02
 447	4.010e+01	3462	1.001e-01
 448	4.019e+01	3431	9.916e-02
 449	4.028e+01	3406	9.844e-02
 450	4.037e+01	3446	9.960e-02
 451	4.046e+01	3387	9.789e-02
 452	4.055e+01	3288	9.503e-02
 453	4.064e+01	3161	9.136e-02
 454	4.073e+01	3095	8.945e-02
 455	4.082e+01	2941	8.500e-02
 456	4.091e+01	3049	8.812e-02
 457	4.100e+01	2747	7.939e-02
 458	4.109e+01	2898	8.376e-02
 459	4.118e+01	2725	7.876e-02
 460	4.127e+01	2874	8.306e-02
 461	4.136e+01	2883	8.332e-02
 462	4.145e+01	3046	8.804e-02
 463	4.154e+01	3159	9.130e-02
 464	4.163e+01	3269	9.448e-02
 465	4.172e+01	3570	1.032e-01
 466	4.181e+01	3811	1.101e-01
 467	4.190e+01	4017	1.161e-01
 468	4.199e+01	4537	1.311e-01
 469	4.208e+01	4976	1.438e-01
 470	4.217e+01	5511	1.593e-01
 471	4.226e+01	5713	1.651e-01
 472	4.235e+01	6300	1.821e-01
 473	4.244e+01	6892	1.992e-01
 474	4.253e+01	7134	2.062e-01
 475	4.262e+01	7612	2.200e-01
 476	4.271e+01	7869	2.274e-01
 477	4.280e+01	8286	2.395e-01
 478	4.289e+01	8587	2.482e-01
 479	4.298e+01	8582	2.480e-01
 480	4.307e+01	8760	2.532e-01
 481	4.316e+01	8420	2.434e-01
 482	4.325e+01	8147	2.355e-01
 483	4.334e+01	7747	2.239e-01
 484	4.343e+01	7180	2.075e-01
 485	4.352e+01	6606	1.909e-01
 486	4.361e+01	5986	1.730e-01
 487	4.370e+01	5345	1.545e-01
 488	4.379e+01	4803	1.388e-01
 489	4.388e+01	4163	1.203e-01
 490	4.397e+01	3507	1.014e-01
 491	4.406e+01	2992	8.647e-02
 492	4.415e+01	2573	7.436e-02
 493	4.424e+01	2192	6.335e-02
 494	4.433e+01	2018	5.832e-02
 495	4.442e+01	1804	5.214e-02
 496	4.451e+01	1618	4.676e-02
 497	4.460e+01	1536	4.439e-02
 498	4.469e+01	1481	4.280e-02
 499	4.478e+01	1512	4.370e-02
 500	4.487e+01	1541	4.454e-02
 501	4.496e+01	1402	4.052e-02
 502	4.505e+01	1453	4.199e-02
 503	4.514e+01	1503	4.344e-02
 504	4.523e+01	1569	4.535e-02
 505	4.532e+01	1588	4.590e-02
 506	4.541e+01	1519	4.390e-02
 507	4.550e+01	1703	4.922e-02
 508	4.559e+01	1554	4.491e-02
 509	4.568e+01	1611	4.656e-02
 510	4.577e+01	1598	4.619e-02
 511	4.586e+01	1583	4.575e-02
 512	4.595e+01	1542	4.457e-02
 513	4.604e+01	1497	4.327e-02
 514	4.613e+01	1393	4.026e-02
 515	4.622e+01	1290	3.728e-02
 516	4.631e+01	1478	4.272e-02
 517	4.640e+01	1328	3.838e-02
 518	4.649e+01	1306	3.775e-02
 519	4.658e+01	1289	3.725e-02
 520	4.667e+01	1308	3.780e-02
 521	4.676e+01	1252	3.619e-02
 522	4.685e+01	1285	3.714e-02
 523	4.694e+01	1194	3.451e-02
 524	4.703e+01	1265	3.656e-02
 525	4.712e+01	1277	3.691e-02
 526	4.721e+01	1153	3.332e-02
 527	4.730e+01	1185	3.425e-02
 528	4.739e+01	1266	3.659e-02
 529	4.748e+01	1270	3.671e-02
 530	4.757e+01	1351	3.905e-02
 531	4.766e+01	1417	4.095e-02
 532	4.775e+01	1478	4.272e-02
 533	4.784e+01	1606	4.642e-02
 534	4.793e+01	1711	4.945e-02
 535	4.802e+01	1912	5.526e-02
 536	4.811e+01	2051	5.928e-02
 537	4.820e+01	2235	6.460e-02
 538	4.829e+01	2454	7.093e-02
 539	4.838e+01	2754	7.960e-02
 540	4.847e+01	3124	9.029e-02
 541	4.856e+01	3179	9.188e-02
 542	4.865e+01	3467	1.002e-01
 543	4.874e+01	3433	9.922e-02
 544	4.883e+01	3542	1.024e-01
 545	4.892e+01	3499	1.011e-01
 546	4.901e+01	3509	1.014e-01
 547	4.910e+01	3401	9.830e-02
 548	4.919e+01	3318	9.590e-02
 549	4.928e+01	3043	8.795e-02
 550	4.937e+01	3021	8.731e-02
 551	4.946e+01	2667	7.708e-02
 552	4.955e+01	2433	7.032e-02
 553	4.964e+01	2291	6.621e-02
 554	4.973e+01	2117	6.119e-02
 555	4.982e+01	1963	5.673e-02
 556	4.991e+01	1961	5.668e-02
 557	5.000e+01	1843	5.327e-02
 558	5.009e+01	1723	4.980e-02
 559	5.018e+01	1735	5.014e-02
 560	5.027e+01	1606	4.642e-02
 561	5.036e+01	1484	4.289e-02
 562	5.045e+01	1368	3.954e-02
 563	5.054e+01	1357	3.922e-02
 564	5.063e+01	1257	3.633e-02
 565	5.072e+01	1149	3.321e-02
 566	5.081e+01	1137	3.286e-02
 567	5.090e+01	984	2.844e-02
 568	5.099e+01	893	2.581e-02
 569	5.107e+01	725	2.095e-02
 570	5.116e+01	797	2.303e-02
 571	5.125e+01	733	2.119e-02
 572	5.134e+01	755	2.182e-02
 573	5.143e+01	724	2.092e-02
 574	5.152e+01	715	2.066e-02
 575	5.161e+01	681	1.968e-02
 576	5.170e+01	668	1.931e-02
 577	5.179e+01	613	1.772e-02
 578	5.188e+01	620	1.792e-02
 579	5.197e+01	664	1.919e-02
 580	5.206e+01	616	1.780e-02
 581	5.215e+01	667	1.928e-02
 582	5.224e+01	595	1.720e-02
 583	5.233e+01	587	1.697e-02
 584	5.242e+01	634	1.832e-02
 585	5.251e+01	604	1.746e-02
 586	5.260e+01	608	1.757e-02
 587	5.269e+01	590	1.705e-02
 588	5.278e+01	618	1.786e-02
 589	5.287e+01	672	1.942e-02
 590	5.296e+01	700	2.023e-02
 591	5.305e+01	636	1.838e-02
 592	5.314e+01	638	1.844e-02
 593	5.323e+01	615	1.777e-02
 594	5.332e+01	572	1.653e-02
 595	5.341e+01	644	1.861e-02
 596	5.350e+01	501	1.448e-02
 597	5.359e+01	626	1.809e-02
 598	5.368e+01	605	1.749e-02
 599	5.377e+01	627	1.812e-02
 600	5.386e+01	606	1.751e-02
 601	5.395e+01	713	2.061e-02
 602	5.404e+01	672	1.942e-02
 603	5.413e+01	577	1.668e-02
 604	5.422e+01	634	1.832e-02
 605	5.431e+01	628	1.815e-02
 606	5.440e+01	688	1.988e-02
 607	5.449e+01	643	1.858e-02
 608	5.458e+01	658	1.902e-02
 609	5.467e+01	606	1.751e-02
 610	5.476e+01	665	1.922e-02
 611	5.485e+01	665	1.922e-02
 612	5.494e+01	697	2.014e-02
 613	5.503e+01	604	1.746e-02
 614	5.512e+01	671	1.939e-02
 615	5.521e+01	740	2.139e-02
 616	5.530e+01	712	2.058e-02
 617	5.539e+01	704	2.035e-02
 618	5.548e+01	617	1.783e-02
 619	5.557e+01	672	1.942e-02
 620	5.566e+01	699	2.020e-02
 621	5.575e+01	689	1.991e-02
 622	5.584e+01	698	2.017e-02
 623	5.593e+01	762	2.202e-02
 624	5.602e+01	710	2.052e-02
 625	5.611e+01	730	2.110e-02
 626	5.620e+01	674	1.948e-02
 627	5.629e+01	764	2.208e-02
 628	5.638e+01	660	1.908e-02
 629	5.647e+01	699	2.020e-02
 630	5.656e+01	621	1.795e-02
 631	5.665e+01	637	1.841e-02
 632	5.674e+01	731	2.113e-02
 633	5.683e+01	654	1.890e-02
 634	5.692e+01	723	2.090e-02
 635	5.701e+01	720	2.081e-02
 636	5.710e+01	708	2.046e-02
 637	5.719e+01	715	2.066e-02
 638	5.728e+01	658	1.902e-02
 639	5.737e+01	700	2.023e-02
 640	5.746e+01	762	2.202e-02
 641	5.755e+01	732	2.116e-02
 642	5.764e+01	742	2.145e-02
 643	5.773e+01	679	1.962e-02
 644	5.782e+01	716	2.069e-02
 645	5.791e+01	709	2.049e-02
 646	5.800e+01	753	2.176e-02
 647	5.809e+01	751	2.171e-02
 648	5.818e+01	793	2.292e-02
 649	5.827e+01	727	2.101e-02
 650	5.836e+01	838	2.422e-02
 651	5.845e+01	749	2.165e-02
 652	5.854e+01	766	2.214e-02
 653	5.863e+01	769	2.223e-02
 654	5.872e+01	754	2.179e-02
 655	5.881e+01	724	2.092e-02
 656	5.890e+01	722	2.087e-02
 657	5.899e+01	725	2.095e-02
 658	5.908e+01	708	2.046e-02
 659	5.917e+01	731	2.113e-02
 660	5.926e+01	755	2.182e-02
 661	5.935e+01	751	2.171e-02
 662	5.944e+01	795	2.298e-02
 663	5.953e+01	804	2.324e-02
 664	5.962e+01	764	2.208e-02
 665	5.971e+01	865	2.500e-02
 666	5.980e+01	794	2.295e-02
 667	5.989e+01	798	2.306e-02
 668	5.998e+01	868	2.509e-02
 669	6.007e+01	856	2.474e-02
 670	6.016e+01	915	2.645e-02
 671	6.025e+01	784	2.266e-02
 672	6.034e+01	866	2.503e-02
 673	6.043e+01	821	2.373e-02
 674	6.052e+01	828	2.393e-02
 675	6.061e+01	902	2.607e-02
 676	6.070e+01	828	2.393e-02
 677	6.079e+01	894	2.584e-02
 678	6.088e+01	864	2.497e-02
 679	6.097e+01	803	2.321e-02
 680	6.106e+01	800	2.312e-02
 681	6.115e+01	786	2.272e-02
 682	6.124e+01	857	2.477e-02
 683	6.133e+01	879	2.540e-02
 684	6.142e+01	830	2.399e-02
 685	6.151e+01	885	2.558e-02
 686	6.160e+01	827	2.390e-02
 687	6.169e+01	863	2.494e-02
 688	6.178e+01	740	2.139e-02
 689	6.187e+01	854	2.468e-02
 690	6.196e+01	800	2.312e-02
 691	6.205e+01	809	2.338e-02
 692	6.214e+01	846	2.445e-02
 693	6.223e+01	784	2.266e-02
 694	6.231e+01	796	2.301e-02
 695	6.240e+01	815	2.356e-02
 696	6.249e+01	839	2.425e-02
 697	6.258e+01	864	2.497e-02
 698	6.267e+01	728	2.104e-02
 699	6.276e+01	710	2.052e-02
 700	6.285e+01	783	2.263e-02
 701	6.294e+01	764	2.208e-02
 702	6.303e+01	731	2.113e-02
 703	6.312e+01	743	2.147e-02
 704	6.321e+01	757	2.188e-02
 705	6.330e+01	774	2.237e-02
 706	6.339e+01	784	2.266e-02
 707	6.348e+01	810	2.341e-02
 708	6.357e+01	704	2.035e-02
 709	6.366e+01	774	2.237e-02
 710	6.375e+01	778	2.249e-02
 711	6.384e+01	882	2.549e-02
 712	6.393e+01	823	2.379e-02
 713	6.402e+01	796	2.301e-02
 714	6.411e+01	865	2.500e-02
 715	6.420e+01	866	2.503e-02
 716	6.429e+01	841	2.431e-02
 717	6.438e+01	913	2.639e-02
 718	6.447e+01	885	2.558e-02
 719	6.456e+01	933	2.697e-02
 720	6.465e+01	994	2.873e-02
 721	6.474e+01	890	2.572e-02
 722	6.483e+01	919	2.656e-02
 723	6.492e+01	1018	2.942e-02
 724	6.501e+01	920	2.659e-02
 725	6.510e+01	898	2.595e-02
 726	6.519e+01	1005	2.905e-02
 727	6.528e+01	975	2.818e-02
 728	6.537e+01	999	2.887e-02
 729	6.546e+01	924	2.671e-02
 730	6.555e+01	1013	2.928e-02
 731	6.564e+01	1049	3.032e-02
 732	6.573e+01	961	2.777e-02
 733	6.582e+01	964	2.786e-02
 734	6.591e+01	991	2.864e-02
 735	6.600e+01	1008	2.913e-02
 736	6.609e+01	1032	2.983e-02
 737	6.618e+01	1003	2.899e-02
 738	6.627e+01	1052	3.040e-02
 739	6.636e+01	1029	2.974e-02
 740	6.645e+01	994	2.873e-02
 741	6.654e+01	1047	3.026e-02
 742	6.663e+01	1077	3.113e-02
 743	6.672e+01	1045	3.020e-02
 744	6.681e+01	1043	3.014e-02
 745	6.690e+01	949	2.743e-02
 746	6.699e+01	1040	3.006e-02
 747	6.708e+01	1049	3.032e-02
 748	6.717e+01	1023	2.957e-02
 749	6.726e+01	1013	2.928e-02
 750	6.735e+01	995	2.876e-02
 751	6.744e+01	1070	3.093e-02
 752	6.753e+01	1101	3.182e-02
 753	6.762e+01	1151	3.327e-02
 754	6.771e+01	1103	3.188e-02
 755	6.780e+01	1063	3.072e-02
 756	6.789e+01	1111	3.211e-02
 757	6.798e+01	1103	3.188e-02
 758	6.807e+01	1033	2.986e-02
 759	6.816e+01	1109	3.205e-02
 760	6.825e+01	1068	3.087e-02
 761	6.834e+01	1111	3.211e-02
 762	6.843e+01	1034	2.988e-02
 763	6.852e+01	1071	3.095e-02
 764	6.861e+01	1177	3.402e-02
 765	6.870e+01	1150	3.324e-02
 766	6.879e+01	1121	3.240e-02
 767	6.888e+01	1126	3.254e-02
 768	6.897e+01	1112	3.214e-02
 769	6.906e+01	1194	3.451e-02
 770	6.915e+01	1151	3.327e-02
 771	6.924e+01	1164	3.364e-02
 772	6.933e+01	1209	3.494e-02
 773	6.942e+01	1190	3.439e-02
 774	6.951e+01	1215	3.512e-02
 775	6.960e+01	1163	3.361e-02
 776	6.969e+01	1127	3.257e-02
 777	6.978e+01	1167	3.373e-02
 778	6.987e+01	1164	3.364e-02
 779	6.996e+01	1158	3.347e-02
 780	7.005e+01	1218	3.520e-02
 781	7.014e+01	1189	3.436e-02
 782	7.023e+01	1228	3.549e-02
 783	7.032e+01	1074	3.104e-02
 784	7.041e+01	1192	3.445e-02
 785	7.050e+01	1187	3.431e-02
 786	7.059e+01	1132	3.272e-02
 787	7.068e+01	1216	3.514e-02
 788	7.077e+01	1196	3.457e-02
 789	7.086e+01	1174	3.393e-02
 790	7.095e+01	1167	3.373e-02
 791	7.104e+01	1202	3.474e-02
 792	7.113e+01	1188	3.434e-02
 793	7.122e+01	1182	3.416e-02
 794	7.131e+01	1117	3.228e-02
 795	7.140e+01	1073	3.101e-02
 796	7.149e+01	1111	3.211e-02
 797	7.158e+01	1070	3.093e-02
 798	7.167e+01	1061	3.066e-02
 799	7.176e+01	1041	3.009e-02
 800	7.185e+01	1059	3.061e-02
 801	7.194e+01	953	2.754e-02
 802	7.203e+01	997	2.882e-02
 803	7.212e+01	917	2.650e-02
 804	7.221e+01	867	2.506e-02
 805	7.230e+01	900	2.601e-02
 806	7.239e+01	934	2.699e-02
 807	7.248e+01	919	2.656e-02
 808	7.257e+01	900	2.601e-02
 809	7.266e+01	977	2.824e-02
 810	7.275e+01	1041	3.009e-02
 811	7.284e+01	981	2.835e-02
 812	7.293e+01	1106	3.197e-02
 813	7.302e+01	1155	3.338e-02
 814	7.311e+01	1099	3.176e-02
 815	7.320e+01	1182	3.416e-02
 816	7.329e+01	1186	3.428e-02
 817	7.338e+01	1202	3.474e-02
 818	7.347e+01	1299	3.754e-02
 819	7.355e+01	1228	3.549e-02
 820	7.364e+01	1284	3.711e-02
 821	7.373e+01	1313	3.795e-02
 822	7.382e+01	1325	3.829e-02
 823	7.391e+01	1292	3.734e-02
 824	7.400e+01	1378	3.983e-02
 825	7.409e+01	1353	3.910e-02
 826	7.418e+01	1392	4.023e-02
 827	7.427e+01	1306	3.775e-02
 828	7.436e+01	1398	4.040e-02
 829	7.445e+01	1344	3.884e-02
 830	7.454e+01	1443	4.171e-02
 831	7.463e+01	1433	4.142e-02
 832	7.472e+01	1409	4.072e-02
 833	7.481e+01	1438	4.156e-02
 834	7.490e+01	1438	4.156e-02
 835	7.499e+01	1571	4.540e-02
 836	7.508e+01	1458	4.214e-02
 837	7.517e+01	1502	4.341e-02
 838	7.526e+01	1519	4.390e-02
 839	7.535e+01	1443	4.171e-02
 840	7.544e+01	1429	4.130e-02
 841	7.553e+01	1516	4.382e-02
 842	7.562e+01	1453	4.199e-02
 843	7.571e+01	1481	4.280e-02
 844	7.580e+01	1471	4.251e-02
 845	7.589e+01	1562	4.514e-02
 846	7.598e+01	1472	4.254e-02
 847	7.607e+01	1483	4.286e-02
 848	7.616e+01	1388	4.012e-02
 849	7.625e+01	1448	4.185e-02
 850	7.634e+01	1434	4.145e-02
 851	7.643e+01	1488	4.301e-02
 852	7.652e+01	1453	4.199e-02
 853	7.661e+01	1360	3.931e-02
 854	7.670e+01	1448	4.185e-02
 855	7.679e+01	1470	4.249e-02
 856	7.688e+01	1394	4.029e-02
 857	7.697e+01	1479	4.275e-02
 858	7.706e+01	1414	4.087e-02
 859	7.715e+01	1398	4.040e-02
 860	7.724e+01	1369	3.957e-02
 861	7.733e+01	1403	4.055e-02
 862	7.742e+01	1472	4.254e-02
 863	7.751e+01	1433	4.142e-02
 864	7.760e+01	1402	4.052e-02
 865	7.769e+01	1411	4.078e-02
 866	7.778e+01	1429	4.130e-02
 867	7.787e+01	1468	4.243e-02
 868	7.796e+01	1562	4.514e-02
 869	7.805e+01	1432	4.139e-02
 870	7.814e+01	1534	4.434e-02
 871	7.823e+01	1519	4.390e-02
 872	7.832e+01	1515	4.379e-02
 873	7.841e+01	1602	4.630e-02
 874	7.850e+01	1428	4.127e-02
 875	7.859e+01	1490	4.306e-02
 876	7.868e+01	1551	4.483e-02
 877	7.877e+01	1542	4.457e-02
 878	7.886e+01	1529	4.419e-02
 879	7.895e+01	1557	4.500e-02
 880	7.904e+01	1599	4.621e-02
 881	7.913e+01	1472	4.254e-02
 882	7.922e+01	1580	4.566e-02
 883	7.931e+01	1564	4.520e-02
 884	7.940e+01	1606	4.642e-02
 885	7.949e+01	1572	4.543e-02
 886	7.958e+01	1540	4.451e-02
 887	7.967e+01	1524	4.405e-02
 888	7.976e+01	1568	4.532e-02
 889	7.985e+01	1666	4.815e-02
 890	7.994e+01	1624	4.694e-02
 891	8.003e+01	1659	4.795e-02
 892	8.012e+01	1617	4.673e-02
 893	8.021e+01	1552	4.486e-02
 894	8.030e+01	1639	4.737e-02
 895	8.039e+01	1552	4.486e-02
 896	8.048e+01	1574	4.549e-02
 897	8.057e+01	1671	4.830e-02
 898	8.066e+01	1611	4.656e-02
 899	8.075e+01	1621	4.685e-02
 900	8.084e+01	1767	5.107e-02
 901	8.093e+01	1667	4.818e-02
 902	8.102e+01	1725	4.986e-02
 903	8.111e+01	1633	4.720e-02
 904	8.120e+01	1724	4.983e-02
 905	8.129e+01	1720	4.971e-02
 906	8.138e+01	1643	4.749e-02
 907	8.147e+01	1737	5.020e-02
 908	8.156e+01	1666	4.815e-02
 909	8.165e+01	1738	5.023e-02
 910	8.174e+01	1652	4.775e-02
 911	8.183e+01	1760	5.087e-02
 912	8.192e+01	1755	5.072e-02
 913	8.201e+01	1680	4.856e-02
 914	8.210e+01	1774	5.127e-02
 915	8.219e+01	1799	5.199e-02
 916	8.228e+01	1822	5.266e-02
 917	8.237e+01	1865	5.390e-02
 918	8.246e+01	1789	5.171e-02
 919	8.255e+01	1799	5.199e-02
 920	8.264e+01	1906	5.509e-02
 921	8.273e+01	1835	5.303e-02
 922	8.282e+01	1891	5.465e-02
 923	8.291e+01	1884	5.445e-02
 924	8.300e+01	1923	5.558e-02
 925	8.309e+01	1925	5.564e-02
 926	8.318e+01	1902	5.497e-02
 927	8.327e+01	1918	5.543e-02
 928	8.336e+01	1884	5.445e-02
 929	8.345e+01	1887	5.454e-02
 930	8.354e+01	1954	5.647e-02
 931	8.363e+01	1959	5.662e-02
 932	8.372e+01	1895	5.477e-02
 933	8.381e+01	1951	5.639e-02
 934	8.390e+01	2022	5.844e-02
 935	8.399e+01	2054	5.936e-02
 936	8.408e+01	2034	5.879e-02
 937	8.417e+01	2024	5.850e-02
 938	8.426e+01	2258	6.526e-02
 939	8.435e+01	2156	6.231e-02
 940	8.444e+01	2078	6.006e-02
 941	8.453e+01	2178	6.295e-02
 942	8.462e+01	2171	6.275e-02
 943	8.471e+01	2188	6.324e-02
 944	8.479e+01	2219	6.413e-02
 945	8.488e+01	2231	6.448e-02
 946	8.497e+01	2268	6.555e-02
 947	8.506e+01	2341	6.766e-02
 948	8.515e+01	2393	6.916e-02
 949	8.524e+01	2339	6.760e-02
 950	8.533e+01	2535	7.327e-02
 951	8.542e+01	2525	7.298e-02
 952	8.551e+01	2577	7.448e-02
 953	8.560e+01	2729	7.887e-02
 954	8.569e+01	2829	8.176e-02
 955	8.578e+01	3137	9.067e-02
 956	8.587e+01	3301	9.541e-02
 957	8.596e+01	3572	1.032e-01
 958	8.605e+01	3873	1.119e-01
 959	8.614e+01	4201	1.214e-01
 960	8.623e+01	4569	1.321e-01
 961	8.632e+01	4850	1.402e-01
 962	8.641e+01	5098	1.473e-01
 963	8.650e+01	5512	1.593e-01
 964	8.659e+01	5611	1.622e-01
 965	8.668e+01	5867	1.696e-01
 966	8.677e+01	5853	1.692e-01
 967	8.686e+01	5878	1.699e-01
 968	8.695e+01	5645	1.632e-01
 969	8.704e+01	5453	1.576e-01
 970	8.713e+01	5270	1.523e-01
 971	8.722e+01	5004	1.446e-01
 972	8.731e+01	4688	1.355e-01
 973	8.740e+01	4029	1.164e-01
 974	8.749e+01	3851	1.113e-01
 975	8.758e+01	3631	1.049e-01
 976	8.767e+01	3247	9.384e-02
 977	8.776e+01	3062	8.850e-02
 978	8.785e+01	2831	8.182e-02
 979	8.794e+01	2769	8.003e-02
 980	8.803e+01	2593	7.494e-02
 981	8.812e+01	2526	7.301e-02
 982	8.821e+01	2371	6.853e-02
 983	8.830e+01	2396	6.925e-02
 984	8.839e+01	2356	6.809e-02
 985	8.848e+01	2241	6.477e-02
 986	8.857e+01	2268	6.555e-02
 987	8.866e+01	2349	6.789e-02
 988	8.875e+01	2375	6.864e-02
 989	8.884e+01	2347	6.783e-02
 990	8.893e+01	2406	6.954e-02
 991	8.902e+01	2317	6.697e-02
 992	8.911e+01	2484	7.179e-02
 993	8.920e+01	2354	6.804e-02
 994	8.929e+01	2478	7.162e-02
 995	8.938e+01	2379	6.876e-02
 996	8.947e+01	2309	6.673e-02
 997	8.956e+01	2275	6.575e-02
 998	8.965e+01	2416	6.983e-02
 999	8.974e+01	2467	7.130e-02
1000	8.983e+01	2283	6.598e-02
1001	8.992e+01	2460	7.110e-02
1002	9.001e+01	2307	6.668e-02
1003	9.010e+01	2402	6.942e-02
1004	9.019e+01	2406	6.954e-02
1005	9.028e+01	2386	6.896e-02
1006	9.037e+01	2444	7.064e-02
1007	9.046e+01	2331	6.737e-02
1008	9.055e+01	2362	6.827e-02
1009	9.064e+01	2456	7.098e-02
1010	9.073e+01	2496	7.214e-02
1011	9.082e+01	2384	6.890e-02
1012	9.091e+01	2473	7.147e-02
1013	9.100e+01	2505	7.240e-02
1014	9.109e+01	2514	7.266e-02
1015	9.118e+01	2394	6.919e-02
1016	9.127e+01	2443	7.061e-02
1017	9.136e+01	2425	7.009e-02
1018	9.145e+01	2368	6.844e-02
1019	9.154e+01	2401	6.939e-02
1020	9.163e+01	2302	6.653e-02
1021	9.172e+01	2493	7.205e-02
1022	9.181e+01	2415	6.980e-02
1023	9.190e+01	2298	6.642e-02
1024	9.199e+01	2346	6.780e-02
1025	9.208e+01	2411	6.968e-02
1026	9.217e+01	2248	6.497e-02
1027	9.226e+01	2145	6.199e-02
1028	9.235e+01	2184	6.312e-02
1029	9.244e+01	2228	6.439e-02
1030	9.253e+01	2141	6.188e-02
1031	9.262e+01	2185	6.315e-02
1032	9.271e+01	2129	6.153e-02
1033	9.280e+01	2195	6.344e-02
1034	9.289e+01	2265	6.546e-02
1035	9.298e+01	2124	6.139e-02
1036	9.307e+01	2170	6.272e-02
1037	9.316e+01	2227	6.436e-02
1038	9.325e+01	2216	6.405e-02
1039	9.334e+01	2254	6.514e-02
1040	9.343e+01	2240	6.474e-02
1041	9.352e+01	2231	6.448e-02
1042	9.361e+01	2251	6.506e-02
1043	9.370e+01	2316	6.694e-02
1044	9.379e+01	2370	6.850e-02
1045	9.388e+01	2324	6.717e-02
1046	9.397e+01	2289	6.616e-02
1047	9.406e+01	2299	6.645e-02
1048	9.415e+01	2379	6.876e-02
1049	9.424e+01	2462	7.116e-02
1050	9.433e+01	2282	6.595e-02
1051	9.442e+01	2285	6.604e-02
1052	9.451e+01	2319	6.702e-02
1053	9.460e+01	2408	6.960e-02
1054	9.469e+01	2310	6.676e-02
1055	9.478e+01	2418	6.988e-02
1056	9.487e+01	2362	6.827e-02
1057	9.496e+01	2322	6.711e-02
1058	9.505e+01	2313	6.685e-02
1059	9.514e+01	2440	7.052e-02
1060	9.523e+01	2307	6.668e-02
1061	9.532e+01	2427	7.014e-02
1062	9.541e+01	2472	7.145e-02
1063	9.550e+01	2363	6.830e-02
1064	9.559e+01	2410	6.965e-02
1065	9.568e+01	2421	6.997e-02
1066	9.577e+01	2415	6.980e-02
1067	9.586e+01	2382	6.884e-02
1068	9.595e+01	2457	7.101e-02
1069	9.603e+01	2385	6.893e-02
1070	9.612e+01	2435	7.038e-02
1071	9.621e+01	2503	7.234e-02
1072	9.630e+01	2436	7.040e-02
1073	9.639e+01	2439	7.049e-02
1074	9.648e+01	2456	7.098e-02
1075	9.657e+01	2425	7.009e-02
1076	9.666e+01	2423	7.003e-02
1077	9.675e+01	2469	7.136e-02
1078	9.684e+01	2526	7.301e-02
1079	9.693e+01	2528	7.306e-02
1080	9.702e+01	2561	7.402e-02
1081	9.711e+01	2482	7.173e-02
1082	9.720e+01	2554	7.382e-02
1083	9.729e+01	2534	7.324e-02
1084	9.738e+01	2499	7.223e-02
1085	9.747e+01	2604	7.526e-02
1086	9.756e+01	2617	7.564e-02
1087	9.765e+01	2507	7.246e-02
1088	9.774e+01	2440	7.052e-02
1089	9.783e+01	2603	7.523e-02
1090	9.792e+01	2576	7.445e-02
1091	9.801e+01	2557	7.390e-02
1092	9.810e+01	2513	7.263e-02
1093	9.819e+01	2621	7.575e-02
1094	9.828e+01	2640	7.630e-02
1095	9.837e+01	2624	7.584e-02
1096	9.846e+01	2549	7.367e-02
1097	9.855e+01	2576	7.445e-02
1098	9.864e+01	2679	7.743e-02
1099	9.873e+01	2508	7.249e-02
1100	9.882e+01	2681	7.749e-02
1101	9.891e+01	2692	7.780e-02
1102	9.900e+01	2622	7.578e-02
1103	9.909e+01	2437	7.043e-02
1104	9.918e+01	2680	7.746e-02
1105	9.927e+01	2703	7.812e-02
1106	9.936e+01	2602	7.520e-02
1107	9.945e+01	2714	7.844e-02
1108	9.954e+01	2677	7.737e-02
1109	9.963e+01	2598	7.509e-02
1110	9.972e+01	2651	7.662e-02
1111	9.981e+01	2695	7.789e-02
1112	9.990e+01	2663	7.697e-02
1113	9.999e+01	2610	7.543e-02
1114	1.001e+02	2668	7.711e-02
1115	1.002e+02	2412	6.971e-02
1116	1.003e+02	2572	7.434e-02
1117	1.004e+02	2559	7.396e-02
1118	1.004e+02	2539	7.338e-02
1119	1.005e+02	2529	7.309e-02
1120	1.006e+02	2589	7.483e-02
1121	1.007e+02	2493	7.205e-02
1122	1.008e+02	2536	7.330e-02
1123	1.009e+02	2502	7.231e-02
1124	1.010e+02	2568	7.422e-02
1125	1.011e+02	2557	7.390e-02
1126	1.012e+02	2567	7.419e-02
1127	1.013e+02	2542	7.347e-02
1128	1.013e+02	2481	7.171e-02
1129	1.014e+02	2557	7.390e-02
1130	1.015e+02	2559	7.396e-02
1131	1.016e+02	2400	6.936e-02
1132	1.017e+02	2415	6.980e-02
1133	1.018e+02	2546	7.358e-02
1134	1.019e+02	2530	7.312e-02
1135	1.020e+02	2511	7.257e-02
1136	1.021e+02	2493	7.205e-02
1137	1.021e+02	2439	7.049e-02
1138	1.022e+02	2508	7.249e-02
1139	1.023e+02	2432	7.029e-02
1140	1.024e+02	2430	7.023e-02
1141	1.025e+02	2406	6.954e-02
1142	1.026e+02	2526	7.301e-02
1143	1.027e+02	2485	7.182e-02
1144	1.028e+02	2535	7.327e-02
1145	1.029e+02	2470	7.139e-02
1146	1.030e+02	2465	7.124e-02
1147	1.030e+02	2413	6.974e-02
1148	1.031e+02	2416	6.983e-02
1149	1.032e+02	2433	7.032e-02
1150	1.033e+02	2454	7.093e-02
1151	1.034e+02	2373	6.858e-02
1152	1.035e+02	2413	6.974e-02
1153	1.036e+02	2367	6.841e-02
1154	1.037e+02	2488	7.191e-02
1155	1.038e+02	2502	7.231e-02
1156	1.039e+02	2389	6.905e-02
1157	1.039e+02	2351	6.795e-02
1158	1.040e+02	2520	7.283e-02
1159	1.041e+02	2495	7.211e-02
1160	1.042e+02	2608	7.538e-02
1161	1.043e+02	2584	7.468e-02
1162	1.044e+02	2771	8.009e-02
1163	1.045e+02	2851	8.240e-02
1164	1.046e+02	3057	8.835e-02
1165	1.047e+02	3172	9.168e-02
1166	1.048e+02	3377	9.760e-02
1167	1.048e+02	3650	1.055e-01
1168	1.049e+02	3917	1.132e-01
1169	1.050e+02	4126	1.192e-01
1170	1.051e+02	4284	1.238e-01
1171	1.052e+02	4643	1.342e-01
1172	1.053e+02	4738	1.369e-01
1173	1.054e+02	4822	1.394e-01
1174	1.055e+02	4983	1.440e-01
1175	1.056e+02	5021	1.451e-01
1176	1.057e+02	4874	1.409e-01
1177	1.057e+02	4750	1.373e-01
1178	1.058e+02	4589	1.326e-01
1179	1.059e+02	4303	1.244e-01
1180	1.060e+02	4113	1.189e-01
1181	1.061e+02	3830	1.107e-01
1182	1.062e+02	3532	1.021e-01
1183	1.063e+02	3312	9.572e-02
1184	1.064e+02	3142	9.081e-02
1185	1.065e+02	2981	8.616e-02
1186	1.066e+02	2795	8.078e-02
1187	1.066e+02	2603	7.523e-02
1188	1.067e+02	2570	7.428e-02
1189	1.068e+02	2541	7.344e-02
1190	1.069e+02	2447	7.072e-02
1191	1.070e+02	2374	6.861e-02
1192	1.071e+02	2276	6.578e-02
1193	1.072e+02	2336	6.751e-02
1194	1.073e+02	2289	6.616e-02
1195	1.074e+02	2224	6.428e-02
1196	1.075e+02	2291	6.621e-02
1197	1.075e+02	2199	6.356e-02
1198	1.076e+02	2306	6.665e-02
1199	1.077e+02	2305	6.662e-02
1200	1.078e+02	2264	6.543e-02
1201	1.079e+02	2289	6.616e-02
1202	1.080e+02	2126	6.145e-02
1203	1.081e+02	2246	6.491e-02
1204	1.082e+02	2347	6.783e-02
1205	1.083e+02	2284	6.601e-02
1206	1.084e+02	2271	6.564e-02
1207	1.084e+02	2279	6.587e-02
1208	1.085e+02	2389	6.905e-02
1209	1.086e+02	2293	6.627e-02
1210	1.087e+02	2276	6.578e-02
1211	1.088e+02	2188	6.324e-02
1212	1.089e+02	2298	6.642e-02
1213	1.090e+02	2311	6.679e-02
1214	1.091e+02	2328	6.728e-02
1215	1.092e+02	2325	6.720e-02
1216	1.093e+02	2284	6.601e-02
1217	1.093e+02	2307	6.668e-02
1218	1.094e+02	2290	6.619e-02
1219	1.095e+02	2302	6.653e-02
1220	1.096e+02	2315	6.691e-02
1221	1.097e+02	2308	6.671e-02
1222	1.098e+02	2342	6.769e-02
1223	1.099e+02	2340	6.763e-02
1224	1.100e+02	2299	6.645e-02
1225	1.101e+02	2354	6.804e-02
1226	1.102e+02	2437	7.043e-02
1227	1.102e+02	2299	6.645e-02
1228	1.103e+02	2307	6.668e-02
1229	1.104e+02	2429	7.020e-02
1230	1.105e+02	2318	6.699e-02
1231	1.106e+02	2428	7.017e-02
1232	1.107e+02	2440	7.052e-02
1233	1.108e+02	2488	7.191e-02
1234	1.109e+02	2316	6.694e-02
1235	1.110e+02	2320	6.705e-02
1236	1.111e+02	2384	6.890e-02
1237	1.111e+02	2365	6.835e-02
1238	1.112e+02	2473	7.147e-02
1239	1.113e+02	2394	6.919e-02
1240	1.114e+02	2475	7.153e-02
1241	1.115e+02	2318	6.699e-02
1242	1.116e+02	2405	6.951e-02
1243	1.117e+02	2470	7.139e-02
1244	1.118e+02	2415	6.980e-02
1245	1.119e+02	2422	7.000e-02
1246	1.120e+02	2409	6.962e-02
1247	1.120e+02	2573	7.436e-02
1248	1.121e+02	2451	7.084e-02
1249	1.122e+02	2399	6.934e-02
1250	1.123e+02	2455	7.095e-02
1251	1.124e+02	2480	7.168e-02
1252	1.125e+02	2313	6.685e-02
1253	1.126e+02	2468	7.133e-02
1254	1.127e+02	2485	7.182e-02
1255	1.128e+02	2517	7.275e-02
1256	1.128e+02	2528	7.306e-02
1257	1.129e+02	2442	7.058e-02
1258	1.130e+02	2487	7.188e-02
1259	1.131e+02	2552	7.376e-02
1260	1.132e+02	2469	7.136e-02
1261	1.133e+02	2634	7.613e-02
1262	1.134e+02	2490	7.197e-02
1263	1.135e+02	2621	7.575e-02
1264	1.136e+02	2594	7.497e-02
1265	1.137e+02	2639	7.627e-02
1266	1.137e+02	2479	7.165e-02
1267	1.138e+02	2516	7.272e-02
1268	1.139e+02	2485	7.182e-02
1269	1.140e+02	2478	7.162e-02
1270	1.141e+02	2523	7.292e-02
1271	1.142e+02	2612	7.549e-02
1272	1.143e+02	2453	7.090e-02
1273	1.144e+02	2520	7.283e-02
1274	1.145e+02	2482	7.173e-02
1275	1.146e+02	2513	7.263e-02
1276	1.146e+02	2530	7.312e-02
1277	1.147e+02	2491	7.199e-02
1278	1.148e+02	2470	7.139e-02
1279	1.149e+02	2541	7.344e-02
1280	1.150e+02	2536	7.330e-02
1281	1.151e+02	2602	7.520e-02
1282	1.152e+02	2472	7.145e-02
1283	1.153e+02	2516	7.272e-02
1284	1.154e+02	2468	7.133e-02
1285	1.155e+02	2451	7.084e-02
1286	1.155e+02	2401	6.939e-02
1287	1.156e+02	2432	7.029e-02
1288	1.157e+02	2479	7.165e-02
1289	1.158e+02	2428	7.017e-02
1290	1.159e+02	2460	7.110e-02
1291	1.160e+02	2486	7.185e-02
1292	1.161e+02	2469	7.136e-02
1293	1.162e+02	2445	7.067e-02
1294	1.163e+02	2387	6.899e-02
1295	1.164e+02	2496	7.214e-02
1296	1.164e+02	2336	6.751e-02
1297	1.165e+02	2283	6.598e-02
1298	1.166e+02	2296	6.636e-02
1299	1.167e+02	2376	6.867e-02
1300	1.168e+02	2421	6.997e-02
1301	1.169e+02	2348	6.786e-02
1302	1.170e+02	2346	6.780e-02
1303	1.171e+02	2374	6.861e-02
1304	1.172e+02	2397	6.928e-02
1305	1.173e+02	2310	6.676e-02
1306	1.173e+02	2302	6.653e-02
1307	1.174e+02	2220	6.416e-02
1308	1.175e+02	2336	6.751e-02
1309	1.176e+02	2146	6.202e-02
1310	1.177e+02	2162	6.249e-02
1311	1.178e+02	2213	6.396e-02
1312	1.179e+02	2206	6.376e-02
1313	1.180e+02	2146	6.202e-02
1314	1.181e+02	2199	6.356e-02
1315	1.182e+02	2127	6.147e-02
1316	1.182e+02	2064	5.965e-02
1317	1.183e+02	2021	5.841e-02
1318	1.184e+02	2037	5.887e-02
1319	1.185e+02	2087	6.032e-02
1320	1.186e+02	2074	5.994e-02
1321	1.187e+02	1976	5.711e-02
1322	1.188e+02	2039	5.893e-02
1323	1.189e+02	1971	5.697e-02
1324	1.190e+02	1942	5.613e-02
1325	1.191e+02	2014	5.821e-02
1326	1.191e+02	1930	5.578e-02
1327	1.192e+02	2045	5.910e-02
1328	1.193e+02	1972	5.699e-02
1329	1.194e+02	1992	5.757e-02
1330	1.195e+02	1902	5.497e-02
1331	1.196e+02	1886	5.451e-02
1332	1.197e+02	1899	5.488e-02
1333	1.198e+02	1823	5.269e-02
1334	1.199e+02	1957	5.656e-02
1335	1.200e+02	1885	5.448e-02
1336	1.200e+02	1918	5.543e-02
1337	1.201e+02	1885	5.448e-02
1338	1.202e+02	1880	5.434e-02
1339	1.203e+02	2033	5.876e-02
1340	1.204e+02	1923	5.558e-02
1341	1.205e+02	1950	5.636e-02
1342	1.206e+02	2011	5.812e-02
1343	1.207e+02	2133	6.165e-02
1344	1.208e+02	2118	6.121e-02
1345	1.209e+02	2457	7.101e-02
1346	1.209e+02	2433	7.032e-02
1347	1.210e+02	2737	7.910e-02
1348	1.211e+02	3000	8.671e-02
1349	1.212e+02	3324	9.607e-02
1350	1.213e+02	3781	1.093e-01
1351	1.214e+02	4177	1.207e-01
1352	1.215e+02	4750	1.373e-01
1353	1.216e+02	5275	1.525e-01
1354	1.217e+02	6111	1.766e-01
1355	1.218e+02	6898	1.994e-01
1356	1.218e+02	8056	2.328e-01
1357	1.219e+02	9308	2.690e-01
1358	1.220e+02	10822	3.128e-01
1359	1.221e+02	12799	3.699e-01
1360	1.222e+02	15306	4.424e-01
1361	1.223e+02	18292	5.287e-01
1362	1.224e+02	21925	6.337e-01
1363	1.225e+02	26497	7.658e-01
1364	1.226e+02	30967	8.950e-01
1365	1.227e+02	36420	1.053e+00
1366	1.227e+02	42066	1.216e+00
1367	1.228e+02	47529	1.374e+00
1368	1.229e+02	52384	1.514e+00
1369	1.230e+02	56809	1.642e+00
1370	1.231e+02	60250	1.741e+00
1371	1.232e+02	62498	1.806e+00
1372	1.233e+02	63055	1.822e+00
1373	1.234e+02	61792	1.786e+00
1374	1.235e+02	59790	1.728e+00
1375	1.236e+02	56125	1.622e+00
1376	1.236e+02	51692	1.494e+00
1377	1.237e+02	46422	1.342e+00
1378	1.238e+02	39966	1.155e+00
1379	1.239e+02	34531	9.980e-01
1380	1.240e+02	28897	8.352e-01
1381	1.241e+02	23533	6.801e-01
1382	1.242e+02	18951	5.477e-01
1383	1.243e+02	15229	4.401e-01
1384	1.244e+02	11561	3.341e-01
1385	1.244e+02	8967	2.592e-01
1386	1.245e+02	6854	1.981e-01
1387	1.246e+02	5089	1.471e-01
1388	1.247e+02	3925	1.134e-01
1389	1.248e+02	2968	8.578e-02
1390	1.249e+02	2406	6.954e-02
1391	1.250e+02	1854	5.358e-02
1392	1.251e+02	1548	4.474e-02
1393	1.252e+02	1334	3.856e-02
1394	1.253e+02	1142	3.301e-02
1395	1.253e+02	1001	2.893e-02
1396	1.254e+02	1037	2.997e-02
1397	1.255e+02	974	2.815e-02
1398	1.256e+02	946	2.734e-02
1399	1.257e+02	941	2.720e-02
1400	1.258e+02	810	2.341e-02
1401	1.259e+02	896	2.590e-02
1402	1.260e+02	876	2.532e-02
1403	1.261e+02	933	2.697e-02
1404	1.262e+02	834	2.410e-02
1405	1.262e+02	905	2.616e-02
1406	1.263e+02	872	2.520e-02
1407	1.264e+02	828	2.393e-02
1408	1.265e+02	920	2.659e-02
1409	1.266e+02	828	2.393e-02
1410	1.267e+02	830	2.399e-02
1411	1.268e+02	820	2.370e-02
1412	1.269e+02	845	2.442e-02
1413	1.270e+02	879	2.540e-02
1414	1.271e+02	840	2.428e-02
1415	1.271e+02	839	2.425e-02
1416	1.272e+02	921	2.662e-02
1417	1.273e+02	867	2.506e-02
1418	1.274e+02	938	2.711e-02
1419	1.275e+02	820	2.370e-02
1420	1.276e+02	843	2.436e-02
1421	1.277e+02	858	2.480e-02
1422	1.278e+02	859	2.483e-02
1423	1.279e+02	885	2.558e-02
1424	1.280e+02	865	2.500e-02
1425	1.280e+02	874	2.526e-02
1426	1.281e+02	929	2.685e-02
1427	1.282e+02	850	2.457e-02
1428	1.283e+02	794	2.295e-02
1429	1.284e+02	870	2.514e-02
1430	1.285e+02	827	2.390e-02
1431	1.286e+02	803	2.321e-02
1432	1.287e+02	851	2.460e-02
1433	1.288e+02	860	2.486e-02
1434	1.289e+02	795	2.298e-02
1435	1.289e+02	871	2.517e-02
1436	1.290e+02	862	2.491e-02
1437	1.291e+02	846	2.445e-02
1438	1.292e+02	852	2.462e-02
1439	1.293e+02	843	2.436e-02
1440	1.294e+02	878	2.538e-02
1441	1.295e+02	910	2.630e-02
1442	1.296e+02	780	2.254e-02
1443	1.297e+02	838	2.422e-02
1444	1.298e+02	868	2.509e-02
1445	1.298e+02	805	2.327e-02
1446	1.299e+02	893	2.581e-02
1447	1.300e+02	887	2.564e-02
1448	1.301e+02	839	2.425e-02
1449	1.302e+02	843	2.436e-02
1450	1.303e+02	933	2.697e-02
1451	1.304e+02	938	2.711e-02
1452	1.305e+02	913	2.639e-02
1453	1.306e+02	888	2.566e-02
1454	1.307e+02	864	2.497e-02
1455	1.307e+02	904	2.613e-02
1456	1.308e+02	923	2.668e-02
1457	1.309e+02	859	2.483e-02
1458	1.310e+02	910	2.630e-02
1459	1.311e+02	850	2.457e-02
1460	1.312e+02	913	2.639e-02
1461	1.313e+02	879	2.540e-02
1462	1.314e+02	899	2.598e-02
1463	1.315e+02	892	2.578e-02
1464	1.316e+02	871	2.517e-02
1465	1.316e+02	964	2.786e-02
1466	1.317e+02	895	2.587e-02
1467	1.318e+02	920	2.659e-02
1468	1.319e+02	925	2.673e-02
1469	1.320e+02	970	2.803e-02
1470	1.321e+02	804	2.324e-02
1471	1.322e+02	915	2.645e-02
1472	1.323e+02	893	2.581e-02
1473	1.324e+02	886	2.561e-02
1474	1.325e+02	871	2.517e-02
1475	1.325e+02	878	2.538e-02
1476	1.326e+02	880	2.543e-02
1477	1.327e+02	887	2.564e-02
1478	1.328e+02	864	2.497e-02
1479	1.329e+02	911	2.633e-02
1480	1.330e+02	859	2.483e-02
1481	1.331e+02	956	2.763e-02
1482	1.332e+02	865	2.500e-02
1483	1.333e+02	862	2.491e-02
1484	1.334e+02	890	2.572e-02
1485	1.334e+02	899	2.598e-02
1486	1.335e+02	882	2.549e-02
1487	1.336e+02	857	2.477e-02
1488	1.337e+02	919	2.656e-02
1489	1.338e+02	886	2.561e-02
1490	1.339e+02	881	2.546e-02
1491	1.340e+02	861	2.488e-02
1492	1.341e+02	876	2.532e-02
1493	1.342e+02	889	2.569e-02
1494	1.343e+02	872	2.520e-02
1495	1.343e+02	953	2.754e-02
1496	1.344e+02	877	2.535e-02
1497	1.345e+02	897	2.592e-02
1498	1.346e+02	898	2.595e-02
1499	1.347e+02	867	2.506e-02
1500	1.348e+02	911	2.633e-02
1501	1.349e+02	871	2.517e-02
1502	1.350e+02	916	2.647e-02
1503	1.351e+02	899	2.598e-02
1504	1.352e+02	930	2.688e-02
1505	1.352e+02	877	2.535e-02
1506	1.353e+02	838	2.422e-02
1507	1.354e+02	934	2.699e-02
1508	1.355e+02	886	2.561e-02
1509	1.356e+02	919	2.656e-02
1510	1.357e+02	880	2.543e-02
1511	1.358e+02	889	2.569e-02
1512	1.359e+02	910	2.630e-02
1513	1.360e+02	867	2.506e-02
1514	1.360e+02	918	2.653e-02
1515	1.361e+02	929	2.685e-02
1516	1.362e+02	911	2.633e-02
1517	1.363e+02	864	2.497e-02
1518	1.364e+02	924	2.671e-02
1519	1.365e+02	919	2.656e-02
1520	1.366e+02	843	2.436e-02
1521	1.367e+02	915	2.645e-02
1522	1.368e+02	903	2.610e-02
1523	1.369e+02	910	2.630e-02
1524	1.369e+02	844	2.439e-02
1525	1.370e+02	820	2.370e-02
1526	1.371e+02	928	2.682e-02
1527	1.372e+02	849	2.454e-02
1528	1.373e+02	885	2.558e-02
1529	1.374e+02	895	2.587e-02
1530	1.375e+02	841	2.431e-02
1531	1.376e+02	859	2.483e-02
1532	1.377e+02	795	2.298e-02
1533	1.378e+02	916	2.647e-02
1534	1.378e+02	902	2.607e-02
1535	1.379e+02	844	2.439e-02
1536	1.380e+02	916	2.647e-02
1537	1.381e+02	905	2.616e-02
1538	1.382e+02	895	2.587e-02
1539	1.383e+02	887	2.564e-02
1540	1.384e+02	850	2.457e-02
1541	1.385e+02	880	2.543e-02
1542	1.386e+02	936	2.705e-02
1543	1.387e+02	919	2.656e-02
1544	1.387e+02	905	2.616e-02
1545	1.388e+02	921	2.662e-02
1546	1.389e+02	919	2.656e-02
1547	1.390e+02	859	2.483e-02
1548	1.391e+02	958	2.769e-02
1549	1.392e+02	884	2.555e-02
1550	1.393e+02	878	2.538e-02
1551	1.394e+02	877	2.535e-02
1552	1.395e+02	932	2.694e-02
1553	1.396e+02	882	2.549e-02
1554	1.396e+02	897	2.592e-02
1555	1.397e+02	898	2.595e-02
1556	1.398e+02	905	2.616e-02
1557	1.399e+02	895	2.587e-02
1558	1.400e+02	857	2.477e-02
1559	1.401e+02	934	2.699e-02
1560	1.402e+02	921	2.662e-02
1561	1.403e+02	905	2.616e-02
1562	1.404e+02	954	2.757e-02
1563	1.405e+02	895	2.587e-02
1564	1.405e+02	904	2.613e-02
1565	1.406e+02	858	2.480e-02
1566	1.407e+02	906	2.619e-02
1567	1.408e+02	911	2.633e-02
1568	1.409e+02	947	2.737e-02
1569	1.410e+02	901	2.604e-02
1570	1.411e+02	893	2.581e-02
1571	1.412e+02	906	2.619e-02
1572	1.413e+02	935	2.702e-02
1573	1.414e+02	904	2.613e-02
1574	1.414e+02	873	2.523e-02
1575	1.415e+02	891	2.575e-02
1576	1.416e+02	891	2.575e-02
1577	1.417e+02	926	2.676e-02
1578	1.418e+02	844	2.439e-02
1579	1.419e+02	945	2.731e-02
1580	1.420e+02	907	2.621e-02
1581	1.421e+02	861	2.488e-02
1582	1.422e+02	904	2.613e-02
1583	1.423e+02	904	2.613e-02
1584	1.423e+02	880	2.543e-02
1585	1.424e+02	872	2.520e-02
1586	1.425e+02	959	2.772e-02
1587	1.426e+02	942	2.723e-02
1588	1.427e+02	922	2.665e-02
1589	1.428e+02	867	2.506e-02
1590	1.429e+02	887	2.564e-02
1591	1.430e+02	906	2.619e-02
1592	1.431e+02	890	2.572e-02
1593	1.432e+02	870	2.514e-02
1594	1.432e+02	916	2.647e-02
1595	1.433e+02	841	2.431e-02
1596	1.434e+02	884	2.555e-02
1597	1.435e+02	916	2.647e-02
1598	1.436e+02	877	2.535e-02
1599	1.437e+02	927	2.679e-02
1600	1.438e+02	878	2.538e-02
1601	1.439e+02	809	2.338e-02
1602	1.440e+02	851	2.460e-02
1603	1.441e+02	877	2.535e-02
1604	1.441e+02	923	2.668e-02
1605	1.442e+02	865	2.500e-02
1606	1.443e+02	876	2.532e-02
1607	1.444e+02	891	2.575e-02
1608	1.445e+02	937	2.708e-02
1609	1.446e+02	854	2.468e-02
1610	1.447e+02	869	2.512e-02
1611	1.448e+02	859	2.483e-02
1612	1.449e+02	918	2.653e-02
1613	1.450e+02	964	2.786e-02
1614	1.450e+02	921	2.662e-02
1615	1.451e+02	898	2.595e-02
1616	1.452e+02	913	2.639e-02
1617	1.453e+02	957	2.766e-02
1618	1.454e+02	962	2.780e-02
1619	1.455e+02	904	2.613e-02
1620	1.456e+02	925	2.673e-02
1621	1.457e+02	855	2.471e-02
1622	1.458e+02	880	2.543e-02
1623	1.459e+02	869	2.512e-02
1624	1.459e+02	911	2.633e-02
1625	1.460e+02	983	2.841e-02
1626	1.461e+02	922	2.665e-02
1627	1.462e+02	932	2.694e-02
1628	1.463e+02	940	2.717e-02
1629	1.464e+02	897	2.592e-02
1630	1.465e+02	982	2.838e-02
1631	1.466e+02	956	2.763e-02
1632	1.467e+02	905	2.616e-02
1633	1.467e+02	930	2.688e-02
1634	1.468e+02	839	2.425e-02
1635	1.469e+02	851	2.460e-02
1636	1.470e+02	939	2.714e-02
1637	1.471e+02	825	2.384e-02
1638	1.472e+02	901	2.604e-02
1639	1.473e+02	888	2.566e-02
1640	1.474e+02	959	2.772e-02
1641	1.475e+02	902	2.607e-02
1642	1.476e+02	893	2.581e-02
1643	1.476e+02	904	2.613e-02
1644	1.477e+02	837	2.419e-02
1645	1.478e+02	917	2.650e-02
1646	1.479e+02	926	2.676e-02
1647	1.480e+02	916	2.647e-02
1648	1.481e+02	918	2.653e-02
1649	1.482e+02	859	2.483e-02
1650	1.483e+02	917	2.650e-02
1651	1.484e+02	966	2.792e-02
1652	1.485e+02	940	2.717e-02
1653	1.485e+02	905	2.616e-02
1654	1.486e+02	847	2.448e-02
1655	1.487e+02	932	2.694e-02
1656	1.488e+02	852	2.462e-02
1657	1.489e+02	915	2.645e-02
1658	1.490e+02	902	2.607e-02
1659	1.491e+02	883	2.552e-02
1660	1.492e+02	898	2.595e-02
1661	1.493e+02	895	2.587e-02
1662	1.494e+02	840	2.428e-02
1663	1.494e+02	863	2.494e-02
1664	1.495e+02	882	2.549e-02
1665	1.496e+02	918	2.653e-02
1666	1.497e+02	836	2.416e-02
1667	1.498e+02	911	2.633e-02
1668	1.499e+02	875	2.529e-02
1669	1.500e+02	871	2.517e-02
1670	1.501e+02	893	2.581e-02
1671	1.502e+02	911	2.633e-02
1672	1.503e+02	870	2.514e-02
1673	1.503e+02	851	2.460e-02
1674	1.504e+02	847	2.448e-02
1675	1.505e+02	951	2.749e-02
1676	1.506e+02	894	2.584e-02
1677	1.507e+02	896	2.590e-02
1678	1.508e+02	883	2.552e-02
1679	1.509e+02	899	2.598e-02
1680	1.510e+02	893	2.581e-02
1681	1.511e+02	893	2.581e-02
1682	1.512e+02	901	2.604e-02
1683	1.512e+02	833	2.408e-02
1684	1.513e+02	882	2.549e-02
1685	1.514e+02	887	2.564e-02
1686	1.515e+02	898	2.595e-02
1687	1.516e+02	819	2.367e-02
1688	1.517e+02	887	2.564e-02
1689	1.518e+02	822	2.376e-02
1690	1.519e+02	892	2.578e-02
1691	1.520e+02	937	2.708e-02
1692	1.521e+02	847	2.448e-02
1693	1.521e+02	831	2.402e-02
1694	1.522e+02	900	2.601e-02
1695	1.523e+02	829	2.396e-02
1696	1.524e+02	813	2.350e-02
1697	1.525e+02	866	2.503e-02
1698	1.526e+02	877	2.535e-02
1699	1.527e+02	865	2.500e-02
1700	1.528e+02	916	2.647e-02
1701	1.529e+02	859	2.483e-02
1702	1.530e+02	875	2.529e-02
1703	1.530e+02	865	2.500e-02
1704	1.531e+02	908	2.624e-02
1705	1.532e+02	847	2.448e-02
1706	1.533e+02	831	2.402e-02
1707	1.534e+02	840	2.428e-02
1708	1.535e+02	862	2.491e-02
1709	1.536e+02	886	2.561e-02
1710	1.537e+02	881	2.546e-02
1711	1.538e+02	864	2.497e-02
1712	1.539e+02	848	2.451e-02
1713	1.539e+02	861	2.488e-02
1714	1.540e+02	806	2.329e-02
1715	1.541e+02	831	2.402e-02
1716	1.542e+02	884	2.555e-02
1717	1.543e+02	823	2.379e-02
1718	1.544e+02	848	2.451e-02
1719	1.545e+02	877	2.535e-02
1720	1.546e+02	861	2.488e-02
1721	1.547e+02	835	2.413e-02
1722	1.548e+02	847	2.448e-02
1723	1.548e+02	895	2.587e-02
1724	1.549e+02	866	2.503e-02
1725	1.550e+02	927	2.679e-02
1726	1.551e+02	856	2.474e-02
1727	1.552e+02	840	2.428e-02
1728	1.553e+02	887	2.564e-02
1729	1.554e+02	854	2.468e-02
1730	1.555e+02	827	2.390e-02
1731	1.556e+02	830	2.399e-02
1732	1.557e+02	891	2.575e-02
1733	1.557e+02	810	2.341e-02
1734	1.558e+02	865	2.500e-02
1735	1.559e+02	901	2.604e-02
1736	1.560e+02	881	2.546e-02
1737	1.561e+02	785	2.269e-02
1738	1.562e+02	848	2.451e-02
1739	1.563e+02	813	2.350e-02
1740	1.564e+02	867	2.506e-02
1741	1.565e+02	861	2.488e-02
1742	1.566e+02	850	2.457e-02
1743	1.566e+02	883	2.552e-02
1744	1.567e+02	854	2.468e-02
1745	1.568e+02	903	2.610e-02
1746	1.569e+02	844	2.439e-02
1747	1.570e+02	854	2.468e-02
1748	1.571e+02	888	2.566e-02
1749	1.572e+02	863	2.494e-02
1750	1.573e+02	820	2.370e-02
1751	1.574e+02	838	2.422e-02
1752	1.575e+02	869	2.512e-02
1753	1.575e+02	853	2.465e-02
1754	1.576e+02	867	2.506e-02
1755	1.577e+02	863	2.494e-02
1756	1.578e+02	894	2.584e-02
1757	1.579e+02	799	2.309e-02
1758	1.580e+02	861	2.488e-02
1759	1.581e+02	903	2.610e-02
1760	1.582e+02	950	2.746e-02
1761	1.583e+02	856	2.474e-02
1762	1.583e+02	805	2.327e-02
1763	1.584e+02	795	2.298e-02
1764	1.585e+02	839	2.425e-02
1765	1.586e+02	828	2.393e-02
1766	1.587e+02	912	2.636e-02
1767	1.588e+02	865	2.500e-02
1768	1.589e+02	886	2.561e-02
1769	1.590e+02	799	2.309e-02
1770	1.591e+02	792	2.289e-02
1771	1.592e+02	869	2.512e-02
1772	1.592e+02	853	2.465e-02
1773	1.593e+02	825	2.384e-02
1774	1.594e+02	925	2.673e-02
1775	1.595e+02	836	2.416e-02
1776	1.596e+02	835	2.413e-02
1777	1.597e+02	865	2.500e-02
1778	1.598e+02	847	2.448e-02
1779	1.599e+02	841	2.431e-02
1780	1.600e+02	856	2.474e-02
1781	1.601e+02	891	2.575e-02
1782	1.601e+02	887	2.564e-02
1783	1.602e+02	823	2.379e-02
1784	1.603e+02	857	2.477e-02
1785	1.604e+02	870	2.514e-02
1786	1.605e+02	827	2.390e-02
1787	1.606e+02	895	2.587e-02
1788	1.607e+02	855	2.471e-02
1789	1.608e+02	841	2.431e-02
1790	1.609e+02	854	2.468e-02
1791	1.610e+02	873	2.523e-02
1792	1.610e+02	857	2.477e-02
1793	1.611e+02	778	2.249e-02
1794	1.612e+02	840	2.428e-02
1795	1.613e+02	852	2.462e-02
1796	1.614e+02	874	2.526e-02
1797	1.615e+02	845	2.442e-02
1798	1.616e+02	865	2.500e-02
1799	1.617e+02	868	2.509e-02
1800	1.618e+02	894	2.584e-02
1801	1.619e+02	846	2.445e-02
1802	1.619e+02	893	2.581e-02
1803	1.620e+02	840	2.428e-02
1804	1.621e+02	891	2.575e-02
1805	1.622e+02	795	2.298e-02
1806	1.623e+02	858	2.480e-02
1807	1.624e+02	843	2.436e-02
1808	1.625e+02	843	2.436e-02
1809	1.626e+02	826	2.387e-02
1810	1.627e+02	954	2.757e-02
1811	1.628e+02	816	2.358e-02
1812	1.628e+02	869	2.512e-02
1813	1.629e+02	771	2.228e-02
1814	1.630e+02	832	2.405e-02
1815	1.631e+02	891	2.575e-02
1816	1.632e+02	826	2.387e-02
1817	1.633e+02	810	2.341e-02
1818	1.634e+02	856	2.474e-02
1819	1.635e+02	892	2.578e-02
1820	1.636e+02	806	2.329e-02
1821	1.637e+02	868	2.509e-02
1822	1.637e+02	796	2.301e-02
1823	1.638e+02	831	2.402e-02
1824	1.639e+02	841	2.431e-02
1825	1.640e+02	892	2.578e-02
1826	1.641e+02	836	2.416e-02
1827	1.642e+02	839	2.425e-02
1828	1.643e+02	810	2.341e-02
1829	1.644e+02	824	2.382e-02
1830	1.645e+02	818	2.364e-02
1831	1.646e+02	869	2.512e-02
1832	1.646e+02	868	2.509e-02
1833	1.647e+02	822	2.376e-02
1834	1.648e+02	783	2.263e-02
1835	1.649e+02	826	2.387e-02
1836	1.650e+02	865	2.500e-02
1837	1.651e+02	851	2.460e-02
1838	1.652e+02	841	2.431e-02
1839	1.653e+02	826	2.387e-02
1840	1.654e+02	852	2.462e-02
1841	1.655e+02	938	2.711e-02
1842	1.655e+02	786	2.272e-02
1843	1.656e+02	866	2.503e-02
1844	1.657e+02	879	2.540e-02
1845	1.658e+02	849	2.454e-02
1846	1.659e+02	868	2.509e-02
1847	1.660e+02	869	2.512e-02
1848	1.661e+02	911	2.633e-02
1849	1.662e+02	862	2.491e-02
1850	1.663e+02	843	2.436e-02
1851	1.664e+02	780	2.254e-02
1852	1.664e+02	875	2.529e-02
1853	1.665e+02	852	2.462e-02
1854	1.666e+02	899	2.598e-02
1855	1.667e+02	810	2.341e-02
1856	1.668e+02	854	2.468e-02
1857	1.669e+02	891	2.575e-02
1858	1.670e+02	870	2.514e-02
1859	1.671e+02	813	2.350e-02
1860	1.672e+02	826	2.387e-02
1861	1.673e+02	806	2.329e-02
1862	1.673e+02	830	2.399e-02
1863	1.674e+02	778	2.249e-02
1864	1.675e+02	854	2.468e-02
1865	1.676e+02	815	2.356e-02
1866	1.677e+02	902	2.607e-02
1867	1.678e+02	835	2.413e-02
1868	1.679e+02	817	2.361e-02
1869	1.680e+02	859	2.483e-02
1870	1.681e+02	863	2.494e-02
1871	1.682e+02	807	2.332e-02
1872	1.682e+02	807	2.332e-02
1873	1.683e+02	839	2.425e-02
1874	1.684e+02	847	2.448e-02
1875	1.685e+02	784	2.266e-02
1876	1.686e+02	850	2.457e-02
1877	1.687e+02	845	2.442e-02
1878	1.688e+02	830	2.399e-02
1879	1.689e+02	788	2.277e-02
1880	1.690e+02	875	2.529e-02
1881	1.690e+02	895	2.587e-02
1882	1.691e+02	838	2.422e-02
1883	1.692e+02	849	2.454e-02
1884	1.693e+02	827	2.390e-02
1885	1.694e+02	913	2.639e-02
1886	1.695e+02	875	2.529e-02
1887	1.696e+02	810	2.341e-02
1888	1.697e+02	890	2.572e-02
1889	1.698e+02	813	2.350e-02
1890	1.699e+02	869	2.512e-02
1891	1.699e+02	812	2.347e-02
1892	1.700e+02	871	2.517e-02
1893	1.701e+02	779	2.251e-02
1894	1.702e+02	820	2.370e-02
1895	1.703e+02	799	2.309e-02
1896	1.704e+02	800	2.312e-02
1897	1.705e+02	792	2.289e-02
1898	1.706e+02	889	2.569e-02
1899	1.707e+02	858	2.480e-02
1900	1.708e+02	835	2.413e-02
1901	1.708e+02	866	2.503e-02
1902	1.709e+02	781	2.257e-02
1903	1.710e+02	826	2.387e-02
1904	1.711e+02	805	2.327e-02
1905	1.712e+02	835	2.413e-02
1906	1.713e+02	852	2.462e-02
1907	1.714e+02	815	2.356e-02
1908	1.715e+02	801	2.315e-02
1909	1.716e+02	849	2.454e-02
1910	1.717e+02	824	2.382e-02
1911	1.717e+02	837	2.419e-02
1912	1.718e+02	810	2.341e-02
1913	1.719e+02	796	2.301e-02
1914	1.720e+02	788	2.277e-02
1915	1.721e+02	838	2.422e-02
1916	1.722e+02	813	2.350e-02
1917	1.723e+02	838	2.422e-02
1918	1.724e+02	772	2.231e-02
1919	1.725e+02	821	2.373e-02
1920	1.726e+02	843	2.436e-02
1921	1.726e+02	855	2.471e-02
1922	1.727e+02	783	2.263e-02
1923	1.728e+02	780	2.254e-02
1924	1.729e+02	751	2.171e-02
1925	1.730e+02	819	2.367e-02
1926	1.731e+02	802	2.318e-02
1927	1.732e+02	840	2.428e-02
1928	1.733e+02	790	2.283e-02
1929	1.734e+02	836	2.416e-02
1930	1.735e+02	868	2.509e-02
1931	1.735e+02	798	2.306e-02
1932	1.736e+02	861	2.488e-02
1933	1.737e+02	845	2.442e-02
1934	1.738e+02	794	2.295e-02
1935	1.739e+02	827	2.390e-02
1936	1.740e+02	823	2.379e-02
1937	1.741e+02	805	2.327e-02
1938	1.742e+02	791	2.286e-02
1939	1.743e+02	875	2.529e-02
1940	1.744e+02	801	2.315e-02
1941	1.744e+02	801	2.315e-02
1942	1.745e+02	829	2.396e-02
1943	1.746e+02	802	2.318e-02
1944	1.747e+02	758	2.191e-02
1945	1.748e+02	760	2.197e-02
1946	1.749e+02	822	2.376e-02
1947	1.750e+02	824	2.382e-02
1948	1.751e+02	792	2.289e-02
1949	1.752e+02	871	2.517e-02
1950	1.753e+02	827	2.390e-02
1951	1.753e+02	761	2.199e-02
1952	1.754e+02	806	2.329e-02
1953	1.755e+02	843	2.436e-02
1954	1.756e+02	827	2.390e-02
1955	1.757e+02	764	2.208e-02
1956	1.758e+02	807	2.332e-02
1957	1.759e+02	805	2.327e-02
1958	1.760e+02	776	2.243e-02
1959	1.761e+02	873	2.523e-02
1960	1.762e+02	790	2.283e-02
1961	1.762e+02	760	2.197e-02
1962	1.763e+02	792	2.289e-02
1963	1.764e+02	893	2.581e-02
1964	1.765e+02	835	2.413e-02
1965	1.766e+02	764	2.208e-02
1966	1.767e+02	781	2.257e-02
1967	1.768e+02	779	2.251e-02
1968	1.769e+02	834	2.410e-02
1969	1.770e+02	752	2.173e-02
1970	1.771e+02	798	2.306e-02
1971	1.771e+02	804	2.324e-02
1972	1.772e+02	806	2.329e-02
1973	1.773e+02	782	2.260e-02
1974	1.774e+02	852	2.462e-02
1975	1.775e+02	839	2.425e-02
1976	1.776e+02	835	2.413e-02
1977	1.777e+02	818	2.364e-02
1978	1.778e+02	806	2.329e-02
1979	1.779e+02	789	2.280e-02
1980	1.780e+02	782	2.260e-02
1981	1.780e+02	805	2.327e-02
1982	1.781e+02	785	2.269e-02
1983	1.782e+02	741	2.142e-02
1984	1.783e+02	821	2.373e-02
1985	1.784e+02	751	2.171e-02
1986	1.785e+02	832	2.405e-02
1987	1.786e+02	774	2.237e-02
1988	1.787e+02	755	2.182e-02
1989	1.788e+02	798	2.306e-02
1990	1.789e+02	800	2.312e-02
1991	1.789e+02	763	2.205e-02
1992	1.790e+02	782	2.260e-02
1993	1.791e+02	779	2.251e-02
1994	1.792e+02	793	2.292e-02
1995	1.793e+02	783	2.263e-02
1996	1.794e+02	770	2.225e-02
1997	1.795e+02	731	2.113e-02
1998	1.796e+02	778	2.249e-02
1999	1.797e+02	803	2.321e-02
2000	1.798e+02	820	2.370e-02
2001	1.798e+02	761	2.199e-02
2002	1.799e+02	755	2.182e-02
2003	1.800e+02	834	2.410e-02
2004	1.801e+02	798	2.306e-02
2005	1.802e+02	807	2.332e-02
2006	1.803e+02	758	2.191e-02
2007	1.804e+02	777	2.246e-02
2008	1.805e+02	785	2.269e-02
2009	1.806e+02	809	2.338e-02
2010	1.806e+02	807	2.332e-02
2011	1.807e+02	767	2.217e-02
2012	1.808e+02	816	2.358e-02
2013	1.809e+02	770	2.225e-02
2014	1.810e+02	805	2.327e-02
2015	1.811e+02	875	2.529e-02
2016	1.812e+02	811	2.344e-02
2017	1.813e+02	835	2.413e-02
2018	1.814e+02	830	2.399e-02
2019	1.815e+02	786	2.272e-02
2020	1.815e+02	804	2.324e-02
2021	1.816e+02	760	2.197e-02
2022	1.817e+02	817	2.361e-02
2023	1.818e+02	807	2.332e-02
2024	1.819e+02	756	2.185e-02
2025	1.820e+02	751	2.171e-02
2026	1.821e+02	814	2.353e-02
2027	1.822e+02	822	2.376e-02
2028	1.823e+02	839	2.425e-02
2029	1.824e+02	831	2.402e-02
2030	1.824e+02	789	2.280e-02
2031	1.825e+02	779	2.251e-02
2032	1.826e+02	772	2.231e-02
2033	1.827e+02	783	2.263e-02
2034	1.828e+02	813	2.350e-02
2035	1.829e+02	770	2.225e-02
2036	1.830e+02	764	2.208e-02
2037	1.831e+02	782	2.260e-02
2038	1.832e+02	853	2.465e-02
2039	1.833e+02	763	2.205e-02
2040	1.833e+02	798	2.306e-02
2041	1.834e+02	770	2.225e-02
2042	1.835e+02	768	2.220e-02
2043	1.836e+02	792	2.289e-02
2044	1.837e+02	748	2.162e-02
2045	1.838e+02	736	2.127e-02
2046	1.839e+02	780	2.254e-02
2047	1.840e+02	833	2.408e-02
2048	1.841e+02	769	2.223e-02
2049	1.842e+02	843	2.436e-02
2050	1.842e+02	726	2.098e-02
2051	1.843e+02	801	2.315e-02
2052	1.844e+02	726	2.098e-02
2053	1.845e+02	780	2.254e-02
2054	1.846e+02	734	2.121e-02
2055	1.847e+02	736	2.127e-02
2056	1.848e+02	718	2.075e-02
2057	1.849e+02	772	2.231e-02
2058	1.850e+02	763	2.205e-02
2059	1.851e+02	723	2.090e-02
2060	1.851e+02	710	2.052e-02
2061	1.852e+02	694	2.006e-02
2062	1.853e+02	687	1.986e-02
2063	1.854e+02	650	1.879e-02
2064	1.855e+02	669	1.934e-02
2065	1.856e+02	697	2.014e-02
2066	1.857e+02	591	1.708e-02
2067	1.858e+02	712	2.058e-02
2068	1.859e+02	646	1.867e-02
2069	1.860e+02	662	1.913e-02
2070	1.860e+02	632	1.827e-02
2071	1.861e+02	702	2.029e-02
2072	1.862e+02	688	1.988e-02
2073	1.863e+02	713	2.061e-02
2074	1.864e+02	761	2.199e-02
2075	1.865e+02	763	2.205e-02
2076	1.866e+02	675	1.951e-02
2077	1.867e+02	715	2.066e-02
2078	1.868e+02	778	2.249e-02
2079	1.869e+02	771	2.228e-02
2080	1.869e+02	805	2.327e-02
2081	1.870e+02	804	2.324e-02
2082	1.871e+02	823	2.379e-02
2083	1.872e+02	804	2.324e-02
2084	1.873e+02	866	2.503e-02
2085	1.874e+02	813	2.350e-02
2086	1.875e+02	887	2.564e-02
2087	1.876e+02	853	2.465e-02
2088	1.877e+02	910	2.630e-02
2089	1.878e+02	943	2.725e-02
2090	1.878e+02	939	2.714e-02
2091	1.879e+02	964	2.786e-02
2092	1.880e+02	990	2.861e-02
2093	1.881e+02	987	2.853e-02
2094	1.882e+02	1039	3.003e-02
2095	1.883e+02	1040	3.006e-02
2096	1.884e+02	1085	3.136e-02
2097	1.885e+02	1004	2.902e-02
2098	1.886e+02	1120	3.237e-02
2099	1.887e+02	1057	3.055e-02
2100	1.887e+02	1036	2.994e-02
2101	1.888e+02	1101	3.182e-02
2102	1.889e+02	930	2.688e-02
2103	1.890e+02	950	2.746e-02
2104	1.891e+02	921	2.662e-02
2105	1.892e+02	903	2.610e-02
2106	1.893e+02	902	2.607e-02
2107	1.894e+02	904	2.613e-02
2108	1.895e+02	889	2.569e-02
2109	1.896e+02	853	2.465e-02
2110	1.896e+02	838	2.422e-02
2111	1.897e+02	902	2.607e-02
2112	1.898e+02	827	2.390e-02
2113	1.899e+02	835	2.413e-02
2114	1.900e+02	772	2.231e-02
2115	1.901e+02	792	2.289e-02
2116	1.902e+02	761	2.199e-02
2117	1.903e+02	814	2.353e-02
2118	1.904e+02	805	2.327e-02
2119	1.905e+02	782	2.260e-02
2120	1.905e+02	761	2.199e-02
2121	1.906e+02	787	2.275e-02
2122	1.907e+02	821	2.373e-02
2123	1.908e+02	848	2.451e-02
2124	1.909e+02	822	2.376e-02
2125	1.910e+02	836	2.416e-02
2126	1.911e+02	811	2.344e-02
2127	1.912e+02	771	2.228e-02
2128	1.913e+02	774	2.237e-02
2129	1.914e+02	801	2.315e-02
2130	1.914e+02	766	2.214e-02
2131	1.915e+02	740	2.139e-02
2132	1.916e+02	791	2.286e-02
2133	1.917e+02	812	2.347e-02
2134	1.918e+02	784	2.266e-02
2135	1.919e+02	783	2.263e-02
2136	1.920e+02	809	2.338e-02
2137	1.921e+02	819	2.367e-02
2138	1.922e+02	796	2.301e-02
2139	1.922e+02	863	2.494e-02
2140	1.923e+02	837	2.419e-02
2141	1.924e+02	842	2.434e-02
2142	1.925e+02	788	2.277e-02
2143	1.926e+02	837	2.419e-02
2144	1.927e+02	811	2.344e-02
2145	1.928e+02	793	2.292e-02
2146	1.929e+02	768	2.220e-02
2147	1.930e+02	806	2.329e-02
2148	1.931e+02	786	2.272e-02
2149	1.931e+02	721	2.084e-02
2150	1.932e+02	781	2.257e-02
2151	1.933e+02	772	2.231e-02
2152	1.934e+02	774	2.237e-02
2153	1.935e+02	789	2.280e-02
2154	1.936e+02	816	2.358e-02
2155	1.937e+02	817	2.361e-02
2156	1.938e+02	735	2.124e-02
2157	1.939e+02	827	2.390e-02
2158	1.940e+02	809	2.338e-02
2159	1.940e+02	755	2.182e-02
2160	1.941e+02	801	2.315e-02
2161	1.942e+02	786	2.272e-02
2162	1.943e+02	755	2.182e-02
2163	1.944e+02	773	2.234e-02
2164	1.945e+02	855	2.471e-02
2165	1.946e+02	753	2.176e-02
2166	1.947e+02	775	2.240e-02
2167	1.948e+02	748	2.162e-02
2168	1.949e+02	786	2.272e-02
2169	1.949e+02	858	2.480e-02
2170	1.950e+02	746	2.156e-02
2171	1.951e+02	820	2.370e-02
2172	1.952e+02	806	2.329e-02
2173	1.953e+02	793	2.292e-02
2174	1.954e+02	795	2.298e-02
2175	1.955e+02	819	2.367e-02
2176	1.956e+02	801	2.315e-02
2177	1.957e+02	801	2.315e-02
2178	1.958e+02	803	2.321e-02
2179	1.958e+02	763	2.205e-02
2180	1.959e+02	773	2.234e-02
2181	1.960e+02	754	2.179e-02
2182	1.961e+02	781	2.257e-02
2183	1.962e+02	766	2.214e-02
2184	1.963e+02	734	2.121e-02
2185	1.964e+02	821	2.373e-02
2186	1.965e+02	785	2.269e-02
2187	1.966e+02	754	2.179e-02
2188	1.967e+02	844	2.439e-02
2189	1.967e+02	777	2.246e-02
2190	1.968e+02	791	2.286e-02
2191	1.969e+02	814	2.353e-02
2192	1.970e+02	836	2.416e-02
2193	1.971e+02	793	2.292e-02
2194	1.972e+02	778	2.249e-02
2195	1.973e+02	757	2.188e-02
2196	1.974e+02	798	2.306e-02
2197	1.975e+02	856	2.474e-02
2198	1.976e+02	827	2.390e-02
2199	1.976e+02	833	2.408e-02
2200	1.977e+02	766	2.214e-02
2201	1.978e+02	789	2.280e-02
2202	1.979e+02	861	2.488e-02
2203	1.980e+02	792	2.289e-02
2204	1.981e+02	831	2.402e-02
2205	1.982e+02	823	2.379e-02
2206	1.983e+02	806	2.329e-02
2207	1.984e+02	780	2.254e-02
2208	1.985e+02	835	2.413e-02
2209	1.985e+02	785	2.269e-02
2210	1.986e+02	801	2.315e-02
2211	1.987e+02	810	2.341e-02
2212	1.988e+02	765	2.211e-02
2213	1.989e+02	822	2.376e-02
2214	1.990e+02	783	2.263e-02
2215	1.991e+02	776	2.243e-02
2216	1.992e+02	756	2.185e-02
2217	1.993e+02	884	2.555e-02
2218	1.994e+02	810	2.341e-02
2219	1.994e+02	805	2.327e-02
2220	1.995e+02	827	2.390e-02
2221	1.996e+02	823	2.379e-02
2222	1.997e+02	776	2.243e-02
2223	1.998e+02	842	2.434e-02
2224	1.999e+02	785	2.269e-02
2225	2.000e+02	774	2.237e-02
2226	2.001e+02	803	2.321e-02
2227	2.002e+02	829	2.396e-02
2228	2.003e+02	825	2.384e-02
2229	2.003e+02	742	2.145e-02
2230	2.004e+02	753	2.176e-02
2231	2.005e+02	845	2.442e-02
2232	2.006e+02	831	2.402e-02
2233	2.007e+02	849	2.454e-02
2234	2.008e+02	788	2.277e-02
2235	2.009e+02	850	2.457e-02
2236	2.010e+02	843	2.436e-02
2237	2.011e+02	857	2.477e-02
2238	2.012e+02	798	2.306e-02
2239	2.012e+02	815	2.356e-02
2240	2.013e+02	852	2.462e-02
2241	2.014e+02	778	2.249e-02
2242	2.015e+02	756	2.185e-02
2243	2.016e+02	840	2.428e-02
2244	2.017e+02	846	2.445e-02
2245	2.018e+02	784	2.266e-02
2246	2.019e+02	813	2.350e-02
2247	2.020e+02	848	2.451e-02
2248	2.021e+02	818	2.364e-02
2249	2.021e+02	795	2.298e-02
2250	2.022e+02	766	2.214e-02
2251	2.023e+02	851	2.460e-02
2252	2.024e+02	809	2.338e-02
2253	2.025e+02	859	2.483e-02
2254	2.026e+02	816	2.358e-02
2255	2.027e+02	805	2.327e-02
2256	2.028e+02	841	2.431e-02
2257	2.029e+02	802	2.318e-02
2258	2.029e+02	842	2.434e-02
2259	2.030e+02	853	2.465e-02
2260	2.031e+02	805	2.327e-02
2261	2.032e+02	816	2.358e-02
2262	2.033e+02	819	2.367e-02
2263	2.034e+02	825	2.384e-02
2264	2.035e+02	834	2.410e-02
2265	2.036e+02	811	2.344e-02
2266	2.037e+02	788	2.277e-02
2267	2.038e+02	791	2.286e-02
2268	2.038e+02	852	2.462e-02
2269	2.039e+02	854	2.468e-02
2270	2.040e+02	806	2.329e-02
2271	2.041e+02	828	2.393e-02
2272	2.042e+02	830	2.399e-02
2273	2.043e+02	798	2.306e-02
2274	2.044e+02	820	2.370e-02
2275	2.045e+02	828	2.393e-02
2276	2.046e+02	753	2.176e-02
2277	2.047e+02	840	2.428e-02
2278	2.047e+02	783	2.263e-02
2279	2.048e+02	783	2.263e-02
2280	2.049e+02	819	2.367e-02
2281	2.050e+02	811	2.344e-02
2282	2.051e+02	808	2.335e-02
2283	2.052e+02	777	2.246e-02
2284	2.053e+02	835	2.413e-02
2285	2.054e+02	802	2.318e-02
2286	2.055e+02	796	2.301e-02
2287	2.056e+02	798	2.306e-02
2288	2.056e+02	796	2.301e-02
2289	2.057e+02	786	2.272e-02
2290	2.058e+02	772	2.231e-02
2291	2.059e+02	843	2.436e-02
2292	2.060e+02	856	2.474e-02
2293	2.061e+02	866	2.503e-02
2294	2.062e+02	838	2.422e-02
2295	2.063e+02	828	2.393e-02
2296	2.064e+02	867	2.506e-02
2297	2.065e+02	843	2.436e-02
2298	2.065e+02	818	2.364e-02
2299	2.066e+02	834	2.410e-02
2300	2.067e+02	789	2.280e-02
2301	2.068e+02	775	2.240e-02
2302	2.069e+02	846	2.445e-02
2303	2.070e+02	812	2.347e-02
2304	2.071e+02	798	2.306e-02
2305	2.072e+02	794	2.295e-02
2306	2.073e+02	839	2.425e-02
2307	2.074e+02	841	2.431e-02
2308	2.074e+02	821	2.373e-02
2309	2.075e+02	824	2.382e-02
2310	2.076e+02	826	2.387e-02
2311	2.077e+02	832	2.405e-02
2312	2.078e+02	812	2.347e-02
2313	2.079e+02	800	2.312e-02
2314	2.080e+02	810	2.341e-02
2315	2.081e+02	824	2.382e-02
2316	2.082e+02	827	2.390e-02
2317	2.083e+02	803	2.321e-02
2318	2.083e+02	815	2.356e-02
2319	2.084e+02	838	2.422e-02
2320	2.085e+02	862	2.491e-02
2321	2.086e+02	800	2.312e-02
2322	2.087e+02	757	2.188e-02
2323	2.088e+02	843	2.436e-02
2324	2.089e+02	821	2.373e-02
2325	2.090e+02	840	2.428e-02
2326	2.091e+02	813	2.350e-02
2327	2.092e+02	825	2.384e-02
2328	2.092e+02	819	2.367e-02
2329	2.093e+02	787	2.275e-02
2330	2.094e+02	797	2.303e-02
2331	2.095e+02	841	2.431e-02
2332	2.096e+02	821	2.373e-02
2333	2.097e+02	829	2.396e-02
2334	2.098e+02	799	2.309e-02
2335	2.099e+02	824	2.382e-02
2336	2.100e+02	850	2.457e-02
2337	2.101e+02	879	2.540e-02
2338	2.101e+02	830	2.399e-02
2339	2.102e+02	827	2.390e-02
2340	2.103e+02	837	2.419e-02
2341	2.104e+02	821	2.373e-02
2342	2.105e+02	830	2.399e-02
2343	2.106e+02	822	2.376e-02
2344	2.107e+02	856	2.474e-02
2345	2.108e+02	869	2.512e-02
2346	2.109e+02	818	2.364e-02
2347	2.110e+02	825	2.384e-02
2348	2.110e+02	854	2.468e-02
2349	2.111e+02	833	2.408e-02
2350	2.112e+02	859	2.483e-02
2351	2.113e+02	849	2.454e-02
2352	2.114e+02	788	2.277e-02
2353	2.115e+02	885	2.558e-02
2354	2.116e+02	818	2.364e-02
2355	2.117e+02	775	2.240e-02
2356	2.118e+02	824	2.382e-02
2357	2.119e+02	825	2.384e-02
2358	2.119e+02	848	2.451e-02
2359	2.120e+02	839	2.425e-02
2360	2.121e+02	823	2.379e-02
2361	2.122e+02	837	2.419e-02
2362	2.123e+02	803	2.321e-02
2363	2.124e+02	832	2.405e-02
2364	2.125e+02	800	2.312e-02
2365	2.126e+02	829	2.396e-02
2366	2.127e+02	848	2.451e-02
2367	2.128e+02	845	2.442e-02
2368	2.128e+02	788	2.277e-02
2369	2.129e+02	828	2.393e-02
2370	2.130e+02	843	2.436e-02
2371	2.131e+02	837	2.419e-02
2372	2.132e+02	792	2.289e-02
2373	2.133e+02	846	2.445e-02
2374	2.134e+02	816	2.358e-02
2375	2.135e+02	832	2.405e-02
2376	2.136e+02	836	2.416e-02
2377	2.137e+02	764	2.208e-02
2378	2.137e+02	858	2.480e-02
2379	2.138e+02	812	2.347e-02
2380	2.139e+02	832	2.405e-02
2381	2.140e+02	781	2.257e-02
2382	2.141e+02	801	2.315e-02
2383	2.142e+02	841	2.431e-02
2384	2.143e+02	889	2.569e-02
2385	2.144e+02	878	2.538e-02
2386	2.145e+02	813	2.350e-02
2387	2.145e+02	890	2.572e-02
2388	2.146e+02	779	2.251e-02
2389	2.147e+02	851	2.460e-02
2390	2.148e+02	917	2.650e-02
2391	2.149e+02	839	2.425e-02
2392	2.150e+02	809	2.338e-02
2393	2.151e+02	817	2.361e-02
2394	2.152e+02	811	2.344e-02
2395	2.153e+02	826	2.387e-02
2396	2.154e+02	885	2.558e-02
2397	2.154e+02	849	2.454e-02
2398	2.155e+02	827	2.390e-02
2399	2.156e+02	806	2.329e-02
2400	2.157e+02	839	2.425e-02
2401	2.158e+02	858	2.480e-02
2402	2.159e+02	830	2.399e-02
2403	2.160e+02	829	2.396e-02
2404	2.161e+02	864	2.497e-02
2405	2.162e+02	802	2.318e-02
2406	2.163e+02	823	2.379e-02
2407	2.163e+02	859	2.483e-02
2408	2.164e+02	788	2.277e-02
2409	2.165e+02	828	2.393e-02
2410	2.166e+02	825	2.384e-02
2411	2.167e+02	859	2.483e-02
2412	2.168e+02	806	2.329e-02
2413	2.169e+02	860	2.486e-02
2414	2.170e+02	830	2.399e-02
2415	2.171e+02	863	2.494e-02
2416	2.172e+02	817	2.361e-02
2417	2.172e+02	855	2.471e-02
2418	2.173e+02	855	2.471e-02
2419	2.174e+02	882	2.549e-02
2420	2.175e+02	855	2.471e-02
2421	2.176e+02	860	2.486e-02
2422	2.177e+02	817	2.361e-02
2423	2.178e+02	840	2.428e-02
2424	2.179e+02	826	2.387e-02
2425	2.180e+02	839	2.425e-02
2426	2.181e+02	836	2.416e-02
2427	2.181e+02	856	2.474e-02
2428	2.182e+02	847	2.448e-02
2429	2.183e+02	882	2.549e-02
2430	2.184e+02	823	2.379e-02
2431	2.185e+02	811	2.344e-02
2432	2.186e+02	822	2.376e-02
2433	2.187e+02	842	2.434e-02
2434	2.188e+02	845	2.442e-02
2435	2.189e+02	812	2.347e-02
2436	2.190e+02	869	2.512e-02
2437	2.190e+02	832	2.405e-02
2438	2.191e+02	863	2.494e-02
2439	2.192e+02	866	2.503e-02
2440	2.193e+02	880	2.543e-02
2441	2.194e+02	888	2.566e-02
2442	2.195e+02	918	2.653e-02
2443	2.196e+02	825	2.384e-02
2444	2.197e+02	863	2.494e-02
2445	2.198e+02	820	2.370e-02
2446	2.199e+02	798	2.306e-02
2447	2.199e+02	847	2.448e-02
2448	2.200e+02	814	2.353e-02
2449	2.201e+02	804	2.324e-02
2450	2.202e+02	835	2.413e-02
2451	2.203e+02	877	2.535e-02
2452	2.204e+02	820	2.370e-02
2453	2.205e+02	848	2.451e-02
2454	2.206e+02	861	2.488e-02
2455	2.207e+02	854	2.468e-02
2456	2.208e+02	831	2.402e-02
2457	2.208e+02	813	2.350e-02
2458	2.209e+02	841	2.431e-02
2459	2.210e+02	794	2.295e-02
2460	2.211e+02	838	2.422e-02
2461	2.212e+02	821	2.373e-02
2462	2.213e+02	848	2.451e-02
2463	2.214e+02	833	2.408e-02
2464	2.215e+02	904	2.613e-02
2465	2.216e+02	798	2.306e-02
2466	2.217e+02	834	2.410e-02
2467	2.217e+02	797	2.303e-02
2468	2.218e+02	872	2.520e-02
2469	2.219e+02	818	2.364e-02
2470	2.220e+02	800	2.312e-02
2471	2.221e+02	792	2.289e-02
2472	2.222e+02	869	2.512e-02
2473	2.223e+02	854	2.468e-02
2474	2.224e+02	828	2.393e-02
2475	2.225e+02	783	2.263e-02
2476	2.226e+02	782	2.260e-02
2477	2.226e+02	804	2.324e-02
2478	2.227e+02	831	2.402e-02
2479	2.228e+02	787	2.275e-02
2480	2.229e+02	844	2.439e-02
2481	2.230e+02	793	2.292e-02
2482	2.231e+02	851	2.460e-02
2483	2.232e+02	804	2.324e-02
2484	2.233e+02	804	2.324e-02
2485	2.234e+02	819	2.367e-02
2486	2.235e+02	830	2.399e-02
2487	2.235e+02	825	2.384e-02
2488	2.236e+02	858	2.480e-02
2489	2.237e+02	828	2.393e-02
2490	2.238e+02	878	2.538e-02
2491	2.239e+02	839	2.425e-02
2492	2.240e+02	856	2.474e-02
2493	2.241e+02	792	2.289e-02
2494	2.242e+02	835	2.413e-02
2495	2.243e+02	882	2.549e-02
2496	2.244e+02	840	2.428e-02
2497	2.244e+02	846	2.445e-02
2498	2.245e+02	858	2.480e-02
2499	2.246e+02	831	2.402e-02
2500	2.247e+02	847	2.448e-02
2501	2.248e+02	786	2.272e-02
2502	2.249e+02	842	2.434e-02
2503	2.250e+02	859	2.483e-02
2504	2.251e+02	830	2.399e-02
2505	2.252e+02	850	2.457e-02
2506	2.252e+02	833	2.408e-02
2507	2.253e+02	856	2.474e-02
2508	2.254e+02	832	2.405e-02
2509	2.255e+02	820	2.370e-02
2510	2.256e+02	848	2.451e-02
2511	2.257e+02	833	2.408e-02
2512	2.258e+02	877	2.535e-02
2513	2.259e+02	871	2.517e-02
2514	2.260e+02	802	2.318e-02
2515	2.261e+02	808	2.335e-02
2516	2.261e+02	860	2.486e-02
2517	2.262e+02	850	2.457e-02
2518	2.263e+02	784	2.266e-02
2519	2.264e+02	783	2.263e-02
2520	2.265e+02	831	2.402e-02
2521	2.266e+02	783	2.263e-02
2522	2.267e+02	780	2.254e-02
2523	2.268e+02	788	2.277e-02
2524	2.269e+02	893	2.581e-02
2525	2.270e+02	794	2.295e-02
2526	2.270e+02	829	2.396e-02
2527	2.271e+02	812	2.347e-02
2528	2.272e+02	788	2.277e-02
2529	2.273e+02	823	2.379e-02
2530	2.274e+02	796	2.301e-02
2531	2.275e+02	814	2.353e-02
2532	2.276e+02	836	2.416e-02
2533	2.277e+02	832	2.405e-02
2534	2.278e+02	815	2.356e-02
2535	2.279e+02	854	2.468e-02
2536	2.279e+02	806	2.329e-02
2537	2.280e+02	863	2.494e-02
2538	2.281e+02	780	2.254e-02
2539	2.282e+02	809	2.338e-02
2540	2.283e+02	822	2.376e-02
2541	2.284e+02	793	2.292e-02
2542	2.285e+02	796	2.301e-02
2543	2.286e+02	776	2.243e-02
2544	2.287e+02	799	2.309e-02
2545	2.288e+02	777	2.246e-02
2546	2.288e+02	828	2.393e-02
2547	2.289e+02	788	2.277e-02
2548	2.290e+02	797	2.303e-02
2549	2.291e+02	792	2.289e-02
2550	2.292e+02	793	2.292e-02
2551	2.293e+02	808	2.335e-02
2552	2.294e+02	755	2.182e-02
2553	2.295e+02	842	2.434e-02
2554	2.296e+02	793	2.292e-02
2555	2.297e+02	830	2.399e-02
2556	2.297e+02	811	2.344e-02
2557	2.298e+02	744	2.150e-02
2558	2.299e+02	805	2.327e-02
2559	2.300e+02	764	2.208e-02
2560	2.301e+02	821	2.373e-02
2561	2.302e+02	808	2.335e-02
2562	2.303e+02	828	2.393e-02
2563	2.304e+02	805	2.327e-02
2564	2.305e+02	789	2.280e-02
2565	2.306e+02	866	2.503e-02
2566	2.306e+02	785	2.269e-02
2567	2.307e+02	813	2.350e-02
2568	2.308e+02	785	2.269e-02
2569	2.309e+02	770	2.225e-02
2570	2.310e+02	805	2.327e-02
2571	2.311e+02	869	2.512e-02
2572	2.312e+02	794	2.295e-02
2573	2.313e+02	785	2.269e-02
2574	2.314e+02	832	2.405e-02
2575	2.315e+02	835	2.413e-02
2576	2.315e+02	835	2.413e-02
2577	2.316e+02	829	2.396e-02
2578	2.317e+02	824	2.382e-02
2579	2.318e+02	863	2.494e-02
2580	2.319e+02	875	2.529e-02
2581	2.320e+02	827	2.390e-02
2582	2.321e+02	792	2.289e-02
2583	2.322e+02	798	2.306e-02
2584	2.323e+02	775	2.240e-02
2585	2.324e+02	818	2.364e-02
2586	2.324e+02	792	2.289e-02
2587	2.325e+02	829	2.396e-02
2588	2.326e+02	829	2.396e-02
2589	2.327e+02	826	2.387e-02
2590	2.328e+02	840	2.428e-02
2591	2.329e+02	779	2.251e-02
2592	2.330e+02	807	2.332e-02
2593	2.331e+02	747	2.159e-02
2594	2.332e+02	778	2.249e-02
2595	2.333e+02	818	2.364e-02
2596	2.333e+02	874	2.526e-02
2597	2.334e+02	815	2.356e-02
2598	2.335e+02	807	2.332e-02
2599	2.336e+02	762	2.202e-02
2600	2.337e+02	814	2.353e-02
2601	2.338e+02	867	2.506e-02
2602	2.339e+02	817	2.361e-02
2603	2.340e+02	794	2.295e-02
2604	2.341e+02	816	2.358e-02
2605	2.342e+02	861	2.488e-02
2606	2.342e+02	795	2.298e-02
2607	2.343e+02	813	2.350e-02
2608	2.344e+02	823	2.379e-02
2609	2.345e+02	803	2.321e-02
2610	2.346e+02	733	2.119e-02
2611	2.347e+02	799	2.309e-02
2612	2.348e+02	847	2.448e-02
2613	2.349e+02	787	2.275e-02
2614	2.350e+02	817	2.361e-02
2615	2.351e+02	819	2.367e-02
2616	2.351e+02	871	2.517e-02
2617	2.352e+02	796	2.301e-02
2618	2.353e+02	780	2.254e-02
2619	2.354e+02	783	2.263e-02
2620	2.355e+02	796	2.301e-02
2621	2.356e+02	779	2.251e-02
2622	2.357e+02	765	2.211e-02
2623	2.358e+02	896	2.590e-02
2624	2.359e+02	770	2.225e-02
2625	2.360e+02	782	2.260e-02
2626	2.360e+02	817	2.361e-02
2627	2.361e+02	833	2.408e-02
2628	2.362e+02	777	2.246e-02
2629	2.363e+02	775	2.240e-02
2630	2.364e+02	811	2.344e-02
2631	2.365e+02	823	2.379e-02
2632	2.366e+02	763	2.205e-02
2633	2.367e+02	782	2.260e-02
2634	2.368e+02	761	2.199e-02
2635	2.368e+02	747	2.159e-02
2636	2.369e+02	796	2.301e-02
2637	2.370e+02	811	2.344e-02
2638	2.371e+02	765	2.211e-02
2639	2.372e+02	767	2.217e-02
2640	2.373e+02	799	2.309e-02
2641	2.374e+02	736	2.127e-02
2642	2.375e+02	763	2.205e-02
2643	2.376e+02	822	2.376e-02
2644	2.377e+02	767	2.217e-02
2645	2.377e+02	772	2.231e-02
2646	2.378e+02	799	2.309e-02
2647	2.379e+02	743	2.147e-02
2648	2.380e+02	773	2.234e-02
2649	2.381e+02	738	2.133e-02
2650	2.382e+02	736	2.127e-02
2651	2.383e+02	703	2.032e-02
2652	2.384e+02	694	2.006e-02
2653	2.385e+02	680	1.965e-02
2654	2.386e+02	663	1.916e-02
2655	2.386e+02	729	2.107e-02
2656	2.387e+02	744	2.150e-02
2657	2.388e+02	700	2.023e-02
2658	2.389e+02	691	1.997e-02
2659	2.390e+02	712	2.058e-02
2660	2.391e+02	720	2.081e-02
2661	2.392e+02	710	2.052e-02
2662	2.393e+02	731	2.113e-02
2663	2.394e+02	712	2.058e-02
2664	2.395e+02	727	2.101e-02
2665	2.395e+02	778	2.249e-02
2666	2.396e+02	756	2.185e-02
2667	2.397e+02	715	2.066e-02
2668	2.398e+02	705	2.038e-02
2669	2.399e+02	799	2.309e-02
2670	2.400e+02	796	2.301e-02
2671	2.401e+02	730	2.110e-02
2672	2.402e+02	784	2.266e-02
2673	2.403e+02	756	2.185e-02
2674	2.404e+02	789	2.280e-02
2675	2.404e+02	756	2.185e-02
2676	2.405e+02	841	2.431e-02
2677	2.406e+02	775	2.240e-02
2678	2.407e+02	774	2.237e-02
2679	2.408e+02	776	2.243e-02
2680	2.409e+02	763	2.205e-02
2681	2.410e+02	827	2.390e-02
2682	2.411e+02	836	2.416e-02
2683	2.412e+02	792	2.289e-02
2684	2.413e+02	758	2.191e-02
2685	2.413e+02	799	2.309e-02
2686	2.414e+02	751	2.171e-02
2687	2.415e+02	785	2.269e-02
2688	2.416e+02	785	2.269e-02
2689	2.417e+02	767	2.217e-02
2690	2.418e+02	761	2.199e-02
2691	2.419e+02	773	2.234e-02
2692	2.420e+02	802	2.318e-02
2693	2.421e+02	842	2.434e-02
2694	2.422e+02	809	2.338e-02
2695	2.422e+02	793	2.292e-02
2696	2.423e+02	804	2.324e-02
2697	2.424e+02	771	2.228e-02
2698	2.425e+02	834	2.410e-02
2699	2.426e+02	793	2.292e-02
2700	2.427e+02	803	2.321e-02
2701	2.428e+02	812	2.347e-02
2702	2.429e+02	761	2.199e-02
2703	2.430e+02	776	2.243e-02
2704	2.431e+02	721	2.084e-02
2705	2.431e+02	813	2.350e-02
2706	2.432e+02	872	2.520e-02
2707	2.433e+02	813	2.350e-02
2708	2.434e+02	866	2.503e-02
2709	2.435e+02	859	2.483e-02
2710	2.436e+02	889	2.569e-02
2711	2.437e+02	864	2.497e-02
2712	2.438e+02	874	2.526e-02
2713	2.439e+02	922	2.665e-02
2714	2.440e+02	1003	2.899e-02
2715	2.440e+02	1052	3.040e-02
2716	2.441e+02	1100	3.179e-02
2717	2.442e+02	1133	3.275e-02
2718	2.443e+02	1281	3.702e-02
2719	2.444e+02	1234	3.566e-02
2720	2.445e+02	1281	3.702e-02
2721	2.446e+02	1330	3.844e-02
2722	2.447e+02	1411	4.078e-02
2723	2.448e+02	1380	3.988e-02
2724	2.449e+02	1479	4.275e-02
2725	2.449e+02	1410	4.075e-02
2726	2.450e+02	1423	4.113e-02
2727	2.451e+02	1386	4.006e-02
2728	2.452e+02	1290	3.728e-02
2729	2.453e+02	1293	3.737e-02
2730	2.454e+02	1273	3.679e-02
2731	2.455e+02	1163	3.361e-02
2732	2.456e+02	1074	3.104e-02
2733	2.457e+02	1037	2.997e-02
2734	2.458e+02	1020	2.948e-02
2735	2.458e+02	977	2.824e-02
2736	2.459e+02	975	2.818e-02
2737	2.460e+02	907	2.621e-02
2738	2.461e+02	940	2.717e-02
2739	2.462e+02	954	2.757e-02
2740	2.463e+02	964	2.786e-02
2741	2.464e+02	896	2.590e-02
2742	2.465e+02	997	2.882e-02
2743	2.466e+02	1086	3.139e-02
2744	2.467e+02	1250	3.613e-02
2745	2.467e+02	1375	3.974e-02
2746	2.468e+02	1664	4.809e-02
2747	2.469e+02	1841	5.321e-02
2748	2.470e+02	2198	6.353e-02
2749	2.471e+02	2543	7.350e-02
2750	2.472e+02	3076	8.890e-02
2751	2.473e+02	3495	1.010e-01
2752	2.474e+02	4237	1.225e-01
2753	2.475e+02	4795	1.386e-01
2754	2.476e+02	5371	1.552e-01
2755	2.476e+02	6065	1.753e-01
2756	2.477e+02	6460	1.867e-01
2757	2.478e+02	7171	2.073e-01
2758	2.479e+02	7553	2.183e-01
2759	2.480e+02	7766	2.245e-01
2760	2.481e+02	7915	2.288e-01
2761	2.482e+02	7834	2.264e-01
2762	2.483e+02	7674	2.218e-01
2763	2.484e+02	7335	2.120e-01
2764	2.484e+02	6951	2.009e-01
2765	2.485e+02	6315	1.825e-01
2766	2.486e+02	5647	1.632e-01
2767	2.487e+02	5186	1.499e-01
2768	2.488e+02	4455	1.288e-01
2769	2.489e+02	3831	1.107e-01
2770	2.490e+02	3282	9.486e-02
2771	2.491e+02	2725	7.876e-02
2772	2.492e+02	2404	6.948e-02
2773	2.493e+02	2020	5.838e-02
2774	2.493e+02	1599	4.621e-02
2775	2.494e+02	1416	4.093e-02
2776	2.495e+02	1224	3.538e-02
2777	2.496e+02	1091	3.153e-02
2778	2.497e+02	984	2.844e-02
2779	2.498e+02	938	2.711e-02
2780	2.499e+02	847	2.448e-02
2781	2.500e+02	819	2.367e-02
2782	2.501e+02	776	2.243e-02
2783	2.502e+02	730	2.110e-02
2784	2.502e+02	759	2.194e-02
2785	2.503e+02	754	2.179e-02
2786	2.504e+02	714	2.064e-02
2787	2.505e+02	741	2.142e-02
2788	2.506e+02	779	2.251e-02
2789	2.507e+02	737	2.130e-02
2790	2.508e+02	713	2.061e-02
2791	2.509e+02	736	2.127e-02
2792	2.510e+02	708	2.046e-02
2793	2.511e+02	792	2.289e-02
2794	2.511e+02	724	2.092e-02
2795	2.512e+02	765	2.211e-02
2796	2.513e+02	724	2.092e-02
2797	2.514e+02	749	2.165e-02
2798	2.515e+02	721	2.084e-02
2799	2.516e+02	705	2.038e-02
2800	2.517e+02	724	2.092e-02
2801	2.518e+02	778	2.249e-02
2802	2.519e+02	749	2.165e-02
2803	2.520e+02	784	2.266e-02
2804	2.520e+02	766	2.214e-02
2805	2.521e+02	755	2.182e-02
2806	2.522e+02	740	2.139e-02
2807	2.523e+02	722	2.087e-02
2808	2.524e+02	705	2.038e-02
2809	2.525e+02	701	2.026e-02
2810	2.526e+02	772	2.231e-02
2811	2.527e+02	646	1.867e-02
2812	2.528e+02	661	1.910e-02
2813	2.529e+02	767	2.217e-02
2814	2.529e+02	789	2.280e-02
2815	2.530e+02	735	2.124e-02
2816	2.531e+02	676	1.954e-02
2817	2.532e+02	712	2.058e-02
2818	2.533e+02	669	1.934e-02
2819	2.534e+02	771	2.228e-02
2820	2.535e+02	708	2.046e-02
2821	2.536e+02	709	2.049e-02
2822	2.537e+02	729	2.107e-02
2823	2.538e+02	716	2.069e-02
2824	2.538e+02	745	2.153e-02
2825	2.539e+02	704	2.035e-02
2826	2.540e+02	761	2.199e-02
2827	2.541e+02	733	2.119e-02
2828	2.542e+02	711	2.055e-02
2829	2.543e+02	755	2.182e-02
2830	2.544e+02	743	2.147e-02
2831	2.545e+02	788	2.277e-02
2832	2.546e+02	729	2.107e-02
2833	2.547e+02	694	2.006e-02
2834	2.547e+02	703	2.032e-02
2835	2.548e+02	673	1.945e-02
2836	2.549e+02	685	1.980e-02
2837	2.550e+02	710	2.052e-02
2838	2.551e+02	715	2.066e-02
2839	2.552e+02	688	1.988e-02
2840	2.553e+02	752	2.173e-02
2841	2.554e+02	725	2.095e-02
2842	2.555e+02	671	1.939e-02
2843	2.556e+02	735	2.124e-02
2844	2.556e+02	715	2.066e-02
2845	2.557e+02	727	2.101e-02
2846	2.558e+02	737	2.130e-02
2847	2.559e+02	673	1.945e-02
2848	2.560e+02	703	2.032e-02
2849	2.561e+02	712	2.058e-02
2850	2.562e+02	700	2.023e-02
2851	2.563e+02	684	1.977e-02
2852	2.564e+02	722	2.087e-02
2853	2.565e+02	676	1.954e-02
2854	2.565e+02	713	2.061e-02
2855	2.566e+02	735	2.124e-02
2856	2.567e+02	707	2.043e-02
2857	2.568e+02	697	2.014e-02
2858	2.569e+02	670	1.936e-02
2859	2.570e+02	733	2.119e-02
2860	2.571e+02	731	2.113e-02
2861	2.572e+02	725	2.095e-02
2862	2.573e+02	697	2.014e-02
2863	2.574e+02	703	2.032e-02
2864	2.574e+02	710	2.052e-02
2865	2.575e+02	683	1.974e-02
2866	2.576e+02	684	1.977e-02
2867	2.577e+02	705	2.038e-02
2868	2.578e+02	732	2.116e-02
2869	2.579e+02	698	2.017e-02
2870	2.580e+02	702	2.029e-02
2871	2.581e+02	699	2.020e-02
2872	2.582e+02	694	2.006e-02
2873	2.583e+02	709	2.049e-02
2874	2.583e+02	656	1.896e-02
2875	2.584e+02	712	2.058e-02
2876	2.585e+02	639	1.847e-02
2877	2.586e+02	725	2.095e-02
2878	2.587e+02	742	2.145e-02
2879	2.588e+02	647	1.870e-02
2880	2.589e+02	726	2.098e-02
2881	2.590e+02	733	2.119e-02
2882	2.591e+02	711	2.055e-02
2883	2.591e+02	685	1.980e-02
2884	2.592e+02	687	1.986e-02
2885	2.593e+02	709	2.049e-02
2886	2.594e+02	649	1.876e-02
2887	2.595e+02	704	2.035e-02
2888	2.596e+02	650	1.879e-02
2889	2.597e+02	681	1.968e-02
2890	2.598e+02	720	2.081e-02
2891	2.599e+02	667	1.928e-02
2892	2.600e+02	671	1.939e-02
2893	2.600e+02	727	2.101e-02
2894	2.601e+02	707	2.043e-02
2895	2.602e+02	705	2.038e-02
2896	2.603e+02	707	2.043e-02
2897	2.604e+02	700	2.023e-02
2898	2.605e+02	673	1.945e-02
2899	2.606e+02	723	2.090e-02
2900	2.607e+02	716	2.069e-02
2901	2.608e+02	692	2.000e-02
2902	2.609e+02	676	1.954e-02
2903	2.609e+02	695	2.009e-02
2904	2.610e+02	708	2.046e-02
2905	2.611e+02	700	2.023e-02
2906	2.612e+02	671	1.939e-02
2907	2.613e+02	664	1.919e-02
2908	2.614e+02	749	2.165e-02
2909	2.615e+02	726	2.098e-02
2910	2.616e+02	740	2.139e-02
2911	2.617e+02	659	1.905e-02
2912	2.618e+02	672	1.942e-02
2913	2.618e+02	731	2.113e-02
2914	2.619e+02	691	1.997e-02
2915	2.620e+02	706	2.040e-02
2916	2.621e+02	746	2.156e-02
2917	2.622e+02	686	1.983e-02
2918	2.623e+02	682	1.971e-02
2919	2.624e+02	652	1.884e-02
2920	2.625e+02	698	2.017e-02
2921	2.626e+02	681	1.968e-02
2922	2.627e+02	681	1.968e-02
2923	2.627e+02	642	1.856e-02
2924	2.628e+02	645	1.864e-02
2925	2.629e+02	684	1.977e-02
2926	2.630e+02	685	1.980e-02
2927	2.631e+02	678	1.960e-02
2928	2.632e+02	694	2.006e-02
2929	2.633e+02	725	2.095e-02
2930	2.634e+02	673	1.945e-02
2931	2.635e+02	734	2.121e-02
2932	2.636e+02	708	2.046e-02
2933	2.636e+02	694	2.006e-02
2934	2.637e+02	707	2.043e-02
2935	2.638e+02	678	1.960e-02
2936	2.639e+02	639	1.847e-02
2937	2.640e+02	667	1.928e-02
2938	2.641e+02	682	1.971e-02
2939	2.642e+02	700	2.023e-02
2940	2.643e+02	703	2.032e-02
2941	2.644e+02	709	2.049e-02
2942	2.645e+02	672	1.942e-02
2943	2.645e+02	652	1.884e-02
2944	2.646e+02	659	1.905e-02
2945	2.647e+02	717	2.072e-02
2946	2.648e+02	682	1.971e-02
2947	2.649e+02	666	1.925e-02
2948	2.650e+02	689	1.991e-02
2949	2.651e+02	671	1.939e-02
2950	2.652e+02	633	1.829e-02
2951	2.653e+02	696	2.012e-02
2952	2.654e+02	637	1.841e-02
2953	2.654e+02	657	1.899e-02
2954	2.655e+02	660	1.908e-02
2955	2.656e+02	660	1.908e-02
2956	2.657e+02	692	2.000e-02
2957	2.658e+02	736	2.127e-02
2958	2.659e+02	689	1.991e-02
2959	2.660e+02	704	2.035e-02
2960	2.661e+02	696	2.012e-02
2961	2.662e+02	636	1.838e-02
2962	2.663e+02	718	2.075e-02
2963	2.663e+02	647	1.870e-02
2964	2.664e+02	687	1.986e-02
2965	2.665e+02	686	1.983e-02
2966	2.666e+02	706	2.040e-02
2967	2.667e+02	684	1.977e-02
2968	2.668e+02	649	1.876e-02
2969	2.669e+02	719	2.078e-02
2970	2.670e+02	655	1.893e-02
2971	2.671e+02	682	1.971e-02
2972	2.672e+02	680	1.965e-02
2973	2.672e+02	717	2.072e-02
2974	2.673e+02	713	2.061e-02
2975	2.674e+02	743	2.147e-02
2976	2.675e+02	685	1.980e-02
2977	2.676e+02	667	1.928e-02
2978	2.677e+02	658	1.902e-02
2979	2.678e+02	699	2.020e-02
2980	2.679e+02	638	1.844e-02
2981	2.680e+02	676	1.954e-02
2982	2.681e+02	712	2.058e-02
2983	2.681e+02	724	2.092e-02
2984	2.682e+02	641	1.853e-02
2985	2.683e+02	635	1.835e-02
2986	2.684e+02	712	2.058e-02
2987	2.685e+02	674	1.948e-02
2988	2.686e+02	726	2.098e-02
2989	2.687e+02	698	2.017e-02
2990	2.688e+02	695	2.009e-02
2991	2.689e+02	685	1.980e-02
2992	2.690e+02	698	2.017e-02
2993	2.690e+02	607	1.754e-02
2994	2.691e+02	654	1.890e-02
2995	2.692e+02	678	1.960e-02
2996	2.693e+02	660	1.908e-02
2997	2.694e+02	696	2.012e-02
2998	2.695e+02	691	1.997e-02
2999	2.696e+02	633	1.829e-02
3000	2.697e+02	700	2.023e-02
3001	2.698e+02	686	1.983e-02
3002	2.699e+02	702	2.029e-02
3003	2.699e+02	675	1.951e-02
3004	2.700e+02	686	1.983e-02
3005	2.701e+02	637	1.841e-02
3006	2.702e+02	683	1.974e-02
3007	2.703e+02	713	2.061e-02
3008	2.704e+02	684	1.977e-02
3009	2.705e+02	642	1.856e-02
3010	2.706e+02	649	1.876e-02
3011	2.707e+02	644	1.861e-02
3012	2.707e+02	646	1.867e-02
3013	2.708e+02	658	1.902e-02
3014	2.709e+02	710	2.052e-02
3015	2.710e+02	687	1.986e-02
3016	2.711e+02	657	1.899e-02
3017	2.712e+02	665	1.922e-02
3018	2.713e+02	646	1.867e-02
3019	2.714e+02	614	1.775e-02
3020	2.715e+02	671	1.939e-02
3021	2.716e+02	650	1.879e-02
3022	2.716e+02	640	1.850e-02
3023	2.717e+02	673	1.945e-02
3024	2.718e+02	656	1.896e-02
3025	2.719e+02	670	1.936e-02
3026	2.720e+02	638	1.844e-02
3027	2.721e+02	641	1.853e-02
3028	2.722e+02	637	1.841e-02
3029	2.723e+02	648	1.873e-02
3030	2.724e+02	645	1.864e-02
3031	2.725e+02	649	1.876e-02
3032	2.725e+02	645	1.864e-02
3033	2.726e+02	672	1.942e-02
3034	2.727e+02	684	1.977e-02
3035	2.728e+02	688	1.988e-02
3036	2.729e+02	633	1.829e-02
3037	2.730e+02	621	1.795e-02
3038	2.731e+02	633	1.829e-02
3039	2.732e+02	634	1.832e-02
3040	2.733e+02	689	1.991e-02
3041	2.734e+02	666	1.925e-02
3042	2.734e+02	677	1.957e-02
3043	2.735e+02	633	1.829e-02
3044	2.736e+02	646	1.867e-02
3045	2.737e+02	613	1.772e-02
3046	2.738e+02	657	1.899e-02
3047	2.739e+02	693	2.003e-02
3048	2.740e+02	660	1.908e-02
3049	2.741e+02	674	1.948e-02
3050	2.742e+02	669	1.934e-02
3051	2.743e+02	661	1.910e-02
3052	2.743e+02	620	1.792e-02
3053	2.744e+02	597	1.725e-02
3054	2.745e+02	640	1.850e-02
3055	2.746e+02	634	1.832e-02
3056	2.747e+02	634	1.832e-02
3057	2.748e+02	595	1.720e-02
3058	2.749e+02	613	1.772e-02
3059	2.750e+02	675	1.951e-02
3060	2.751e+02	649	1.876e-02
3061	2.752e+02	649	1.876e-02
3062	2.752e+02	617	1.783e-02
3063	2.753e+02	661	1.910e-02
3064	2.754e+02	603	1.743e-02
3065	2.755e+02	637	1.841e-02
3066	2.756e+02	655	1.893e-02
3067	2.757e+02	658	1.902e-02
3068	2.758e+02	616	1.780e-02
3069	2.759e+02	669	1.934e-02
3070	2.760e+02	639	1.847e-02
3071	2.761e+02	632	1.827e-02
3072	2.761e+02	637	1.841e-02
3073	2.762e+02	645	1.864e-02
3074	2.763e+02	622	1.798e-02
3075	2.764e+02	669	1.934e-02
3076	2.765e+02	687	1.986e-02
3077	2.766e+02	642	1.856e-02
3078	2.767e+02	656	1.896e-02
3079	2.768e+02	661	1.910e-02
3080	2.769e+02	649	1.876e-02
3081	2.770e+02	615	1.777e-02
3082	2.770e+02	667	1.928e-02
3083	2.771e+02	652	1.884e-02
3084	2.772e+02	620	1.792e-02
3085	2.773e+02	643	1.858e-02
3086	2.774e+02	631	1.824e-02
3087	2.775e+02	668	1.931e-02
3088	2.776e+02	681	1.968e-02
3089	2.777e+02	615	1.777e-02
3090	2.778e+02	645	1.864e-02
3091	2.779e+02	652	1.884e-02
3092	2.779e+02	602	1.740e-02
3093	2.780e+02	606	1.751e-02
3094	2.781e+02	619	1.789e-02
3095	2.782e+02	630	1.821e-02
3096	2.783e+02	643	1.858e-02
3097	2.784e+02	634	1.832e-02
3098	2.785e+02	642	1.856e-02
3099	2.786e+02	613	1.772e-02
3100	2.787e+02	654	1.890e-02
3101	2.788e+02	596	1.723e-02
3102	2.788e+02	573	1.656e-02
3103	2.789e+02	628	1.815e-02
3104	2.790e+02	597	1.725e-02
3105	2.791e+02	626	1.809e-02
3106	2.792e+02	596	1.723e-02
3107	2.793e+02	591	1.708e-02
3108	2.794e+02	684	1.977e-02
3109	2.795e+02	645	1.864e-02
3110	2.796e+02	620	1.792e-02
3111	2.797e+02	590	1.705e-02
3112	2.797e+02	567	1.639e-02
3113	2.798e+02	669	1.934e-02
3114	2.799e+02	668	1.931e-02
3115	2.800e+02	618	1.786e-02
3116	2.801e+02	644	1.861e-02
3117	2.802e+02	681	1.968e-02
3118	2.803e+02	624	1.803e-02
3119	2.804e+02	654	1.890e-02
3120	2.805e+02	617	1.783e-02
3121	2.806e+02	687	1.986e-02
3122	2.806e+02	587	1.697e-02
3123	2.807e+02	635	1.835e-02
3124	2.808e+02	600	1.734e-02
3125	2.809e+02	627	1.812e-02
3126	2.810e+02	632	1.827e-02
3127	2.811e+02	639	1.847e-02
3128	2.812e+02	627	1.812e-02
3129	2.813e+02	596	1.723e-02
3130	2.814e+02	658	1.902e-02
3131	2.814e+02	607	1.754e-02
3132	2.815e+02	625	1.806e-02
3133	2.816e+02	632	1.827e-02
3134	2.817e+02	616	1.780e-02
3135	2.818e+02	603	1.743e-02
3136	2.819e+02	620	1.792e-02
3137	2.820e+02	646	1.867e-02
3138	2.821e+02	599	1.731e-02
3139	2.822e+02	550	1.590e-02
3140	2.823e+02	686	1.983e-02
3141	2.823e+02	619	1.789e-02
3142	2.824e+02	595	1.720e-02
3143	2.825e+02	662	1.913e-02
3144	2.826e+02	602	1.740e-02
3145	2.827e+02	610	1.763e-02
3146	2.828e+02	632	1.827e-02
3147	2.829e+02	600	1.734e-02
3148	2.830e+02	620	1.792e-02
3149	2.831e+02	625	1.806e-02
3150	2.832e+02	583	1.685e-02
3151	2.832e+02	642	1.856e-02
3152	2.833e+02	597	1.725e-02
3153	2.834e+02	587	1.697e-02
3154	2.835e+02	629	1.818e-02
3155	2.836e+02	639	1.847e-02
3156	2.837e+02	609	1.760e-02
3157	2.838e+02	602	1.740e-02
3158	2.839e+02	571	1.650e-02
3159	2.840e+02	571	1.650e-02
3160	2.841e+02	621	1.795e-02
3161	2.841e+02	623	1.801e-02
3162	2.842e+02	588	1.699e-02
3163	2.843e+02	594	1.717e-02
3164	2.844e+02	616	1.780e-02
3165	2.845e+02	571	1.650e-02
3166	2.846e+02	606	1.751e-02
3167	2.847e+02	609	1.760e-02
3168	2.848e+02	565	1.633e-02
3169	2.849e+02	577	1.668e-02
3170	2.850e+02	623	1.801e-02
3171	2.850e+02	602	1.740e-02
3172	2.851e+02	588	1.699e-02
3173	2.852e+02	628	1.815e-02
3174	2.853e+02	584	1.688e-02
3175	2.854e+02	590	1.705e-02
3176	2.855e+02	533	1.540e-02
3177	2.856e+02	575	1.662e-02
3178	2.857e+02	592	1.711e-02
3179	2.858e+02	587	1.697e-02
3180	2.859e+02	615	1.777e-02
3181	2.859e+02	612	1.769e-02
3182	2.860e+02	571	1.650e-02
3183	2.861e+02	542	1.566e-02
3184	2.862e+02	598	1.728e-02
3185	2.863e+02	594	1.717e-02
3186	2.864e+02	615	1.777e-02
3187	2.865e+02	626	1.809e-02
3188	2.866e+02	546	1.578e-02
3189	2.867e+02	577	1.668e-02
3190	2.868e+02	586	1.694e-02
3191	2.868e+02	604	1.746e-02
3192	2.869e+02	537	1.552e-02
3193	2.870e+02	613	1.772e-02
3194	2.871e+02	566	1.636e-02
3195	2.872e+02	562	1.624e-02
3196	2.873e+02	594	1.717e-02
3197	2.874e+02	588	1.699e-02
3198	2.875e+02	612	1.769e-02
3199	2.876e+02	605	1.749e-02
3200	2.877e+02	645	1.864e-02
3201	2.877e+02	568	1.642e-02
3202	2.878e+02	606	1.751e-02
3203	2.879e+02	611	1.766e-02
3204	2.880e+02	535	1.546e-02
3205	2.881e+02	605	1.749e-02
3206	2.882e+02	592	1.711e-02
3207	2.883e+02	648	1.873e-02
3208	2.884e+02	613	1.772e-02
3209	2.885e+02	567	1.639e-02
3210	2.886e+02	586	1.694e-02
3211	2.886e+02	587	1.697e-02
3212	2.887e+02	586	1.694e-02
3213	2.888e+02	585	1.691e-02
3214	2.889e+02	601	1.737e-02
3215	2.890e+02	566	1.636e-02
3216	2.891e+02	589	1.702e-02
3217	2.892e+02	580	1.676e-02
3218	2.893e+02	596	1.723e-02
3219	2.894e+02	587	1.697e-02
3220	2.895e+02	575	1.662e-02
3221	2.895e+02	647	1.870e-02
3222	2.896e+02	576	1.665e-02
3223	2.897e+02	559	1.616e-02
3224	2.898e+02	601	1.737e-02
3225	2.899e+02	582	1.682e-02
3226	2.900e+02	579	1.673e-02
3227	2.901e+02	635	1.835e-02
3228	2.902e+02	581	1.679e-02
3229	2.903e+02	598	1.728e-02
3230	2.904e+02	507	1.465e-02
3231	2.904e+02	624	1.803e-02
3232	2.905e+02	576	1.665e-02
3233	2.906e+02	547	1.581e-02
3234	2.907e+02	597	1.725e-02
3235	2.908e+02	553	1.598e-02
3236	2.909e+02	568	1.642e-02
3237	2.910e+02	585	1.691e-02
3238	2.911e+02	606	1.751e-02
3239	2.912e+02	572	1.653e-02
3240	2.913e+02	560	1.619e-02
3241	2.913e+02	597	1.725e-02
3242	2.914e+02	519	1.500e-02
3243	2.915e+02	550	1.590e-02
3244	2.916e+02	615	1.777e-02
3245	2.917e+02	531	1.535e-02
3246	2.918e+02	570	1.647e-02
3247	2.919e+02	589	1.702e-02
3248	2.920e+02	572	1.653e-02
3249	2.921e+02	582	1.682e-02
3250	2.922e+02	542	1.566e-02
3251	2.922e+02	517	1.494e-02
3252	2.923e+02	512	1.480e-02
3253	2.924e+02	585	1.691e-02
3254	2.925e+02	565	1.633e-02
3255	2.926e+02	566	1.636e-02
3256	2.927e+02	536	1.549e-02
3257	2.928e+02	573	1.656e-02
3258	2.929e+02	576	1.665e-02
3259	2.930e+02	577	1.668e-02
3260	2.930e+02	553	1.598e-02
3261	2.931e+02	575	1.662e-02
3262	2.932e+02	575	1.662e-02
3263	2.933e+02	565	1.633e-02
3264	2.934e+02	546	1.578e-02
3265	2.935e+02	506	1.462e-02
3266	2.936e+02	510	1.474e-02
3267	2.937e+02	578	1.671e-02
3268	2.938e+02	590	1.705e-02
3269	2.939e+02	541	1.564e-02
3270	2.939e+02	561	1.621e-02
3271	2.940e+02	576	1.665e-02
3272	2.941e+02	549	1.587e-02
3273	2.942e+02	544	1.572e-02
3274	2.943e+02	609	1.760e-02
3275	2.944e+02	568	1.642e-02
3276	2.945e+02	604	1.746e-02
3277	2.946e+02	594	1.717e-02
3278	2.947e+02	542	1.566e-02
3279	2.948e+02	557	1.610e-02
3280	2.948e+02	543	1.569e-02
3281	2.949e+02	504	1.457e-02
3282	2.950e+02	531	1.535e-02
3283	2.951e+02	570	1.647e-02
3284	2.952e+02	509	1.471e-02
3285	2.953e+02	536	1.549e-02
3286	2.954e+02	533	1.540e-02
3287	2.955e+02	573	1.656e-02
3288	2.956e+02	529	1.529e-02
3289	2.957e+02	621	1.795e-02
3290	2.957e+02	581	1.679e-02
3291	2.958e+02	581	1.679e-02
3292	2.959e+02	583	1.685e-02
3293	2.960e+02	574	1.659e-02
3294	2.961e+02	569	1.645e-02
3295	2.962e+02	591	1.708e-02
3296	2.963e+02	574	1.659e-02
3297	2.964e+02	553	1.598e-02
3298	2.965e+02	541	1.564e-02
3299	2.966e+02	560	1.619e-02
3300	2.966e+02	583	1.685e-02
3301	2.967e+02	572	1.653e-02
3302	2.968e+02	566	1.636e-02
3303	2.969e+02	565	1.633e-02
3304	2.970e+02	552	1.595e-02
3305	2.971e+02	537	1.552e-02
3306	2.972e+02	554	1.601e-02
3307	2.973e+02	538	1.555e-02
3308	2.974e+02	568	1.642e-02
3309	2.975e+02	521	1.506e-02
3310	2.975e+02	542	1.566e-02
3311	2.976e+02	572	1.653e-02
3312	2.977e+02	519	1.500e-02
3313	2.978e+02	573	1.656e-02
3314	2.979e+02	574	1.659e-02
3315	2.980e+02	544	1.572e-02
3316	2.981e+02	560	1.619e-02
3317	2.982e+02	551	1.592e-02
3318	2.983e+02	561	1.621e-02
3319	2.984e+02	565	1.633e-02
3320	2.984e+02	517	1.494e-02
3321	2.985e+02	514	1.486e-02
3322	2.986e+02	499	1.442e-02
3323	2.987e+02	525	1.517e-02
3324	2.988e+02	562	1.624e-02
3325	2.989e+02	477	1.379e-02
3326	2.990e+02	526	1.520e-02
3327	2.991e+02	563	1.627e-02
3328	2.992e+02	524	1.514e-02
3329	2.993e+02	529	1.529e-02
3330	2.993e+02	575	1.662e-02
3331	2.994e+02	535	1.546e-02
3332	2.995e+02	532	1.538e-02
3333	2.996e+02	571	1.650e-02
3334	2.997e+02	545	1.575e-02
3335	2.998e+02	560	1.619e-02
3336	2.999e+02	549	1.587e-02
3337	3.000e+02	553	1.598e-02
3338	3.001e+02	492	1.422e-02
3339	3.002e+02	551	1.592e-02
3340	3.002e+02	543	1.569e-02
3341	3.003e+02	525	1.517e-02
3342	3.004e+02	511	1.477e-02
3343	3.005e+02	527	1.523e-02
3344	3.006e+02	503	1.454e-02
3345	3.007e+02	517	1.494e-02
3346	3.008e+02	549	1.587e-02
3347	3.009e+02	529	1.529e-02
3348	3.010e+02	507	1.465e-02
3349	3.011e+02	541	1.564e-02
3350	3.011e+02	526	1.520e-02
3351	3.012e+02	561	1.621e-02
3352	3.013e+02	565	1.633e-02
3353	3.014e+02	547	1.581e-02
3354	3.015e+02	565	1.633e-02
3355	3.016e+02	582	1.682e-02
3356	3.017e+02	559	1.616e-02
3357	3.018e+02	590	1.705e-02
3358	3.019e+02	501	1.448e-02
3359	3.020e+02	546	1.578e-02
3360	3.020e+02	540	1.561e-02
3361	3.021e+02	567	1.639e-02
3362	3.022e+02	502	1.451e-02
3363	3.023e+02	546	1.578e-02
3364	3.024e+02	533	1.540e-02
3365	3.025e+02	515	1.488e-02
3366	3.026e+02	539	1.558e-02
3367	3.027e+02	539	1.558e-02
3368	3.028e+02	518	1.497e-02
3369	3.029e+02	523	1.512e-02
3370	3.029e+02	522	1.509e-02
3371	3.030e+02	533	1.540e-02
3372	3.031e+02	473	1.367e-02
3373	3.032e+02	546	1.578e-02
3374	3.033e+02	528	1.526e-02
3375	3.034e+02	535	1.546e-02
3376	3.035e+02	562	1.624e-02
3377	3.036e+02	496	1.434e-02
3378	3.037e+02	486	1.405e-02
3379	3.038e+02	520	1.503e-02
3380	3.038e+02	482	1.393e-02
3381	3.039e+02	504	1.457e-02
3382	3.040e+02	551	1.592e-02
3383	3.041e+02	547	1.581e-02
3384	3.042e+02	560	1.619e-02
3385	3.043e+02	527	1.523e-02
3386	3.044e+02	518	1.497e-02
3387	3.045e+02	555	1.604e-02
3388	3.046e+02	534	1.543e-02
3389	3.046e+02	521	1.506e-02
3390	3.047e+02	516	1.491e-02
3391	3.048e+02	544	1.572e-02
3392	3.049e+02	539	1.558e-02
3393	3.050e+02	517	1.494e-02
3394	3.051e+02	515	1.488e-02
3395	3.052e+02	488	1.410e-02
3396	3.053e+02	498	1.439e-02
3397	3.054e+02	532	1.538e-02
3398	3.055e+02	557	1.610e-02
3399	3.055e+02	495	1.431e-02
3400	3.056e+02	520	1.503e-02
3401	3.057e+02	536	1.549e-02
3402	3.058e+02	521	1.506e-02
3403	3.059e+02	534	1.543e-02
3404	3.060e+02	551	1.592e-02
3405	3.061e+02	511	1.477e-02
3406	3.062e+02	528	1.526e-02
3407	3.063e+02	510	1.474e-02
3408	3.064e+02	526	1.520e-02
3409	3.064e+02	546	1.578e-02
3410	3.065e+02	501	1.448e-02
3411	3.066e+02	545	1.575e-02
3412	3.067e+02	535	1.546e-02
3413	3.068e+02	508	1.468e-02
3414	3.069e+02	504	1.457e-02
3415	3.070e+02	511	1.477e-02
3416	3.071e+02	505	1.460e-02
3417	3.072e+02	540	1.561e-02
3418	3.073e+02	486	1.405e-02
3419	3.073e+02	494	1.428e-02
3420	3.074e+02	473	1.367e-02
3421	3.075e+02	519	1.500e-02
3422	3.076e+02	501	1.448e-02
3423	3.077e+02	521	1.506e-02
3424	3.078e+02	510	1.474e-02
3425	3.079e+02	518	1.497e-02
3426	3.080e+02	550	1.590e-02
3427	3.081e+02	480	1.387e-02
3428	3.082e+02	511	1.477e-02
3429	3.082e+02	500	1.445e-02
3430	3.083e+02	491	1.419e-02
3431	3.084e+02	506	1.462e-02
3432	3.085e+02	523	1.512e-02
3433	3.086e+02	483	1.396e-02
3434	3.087e+02	499	1.442e-02
3435	3.088e+02	506	1.462e-02
3436	3.089e+02	470	1.358e-02
3437	3.090e+02	452	1.306e-02
3438	3.091e+02	514	1.486e-02
3439	3.091e+02	481	1.390e-02
3440	3.092e+02	509	1.471e-02
3441	3.093e+02	543	1.569e-02
3442	3.094e+02	480	1.387e-02
3443	3.095e+02	477	1.379e-02
3444	3.096e+02	477	1.379e-02
3445	3.097e+02	514	1.486e-02
3446	3.098e+02	517	1.494e-02
3447	3.099e+02	493	1.425e-02
3448	3.100e+02	512	1.480e-02
3449	3.100e+02	507	1.465e-02
3450	3.101e+02	554	1.601e-02
3451	3.102e+02	484	1.399e-02
3452	3.103e+02	469	1.355e-02
3453	3.104e+02	513	1.483e-02
3454	3.105e+02	477	1.379e-02
3455	3.106e+02	469	1.355e-02
3456	3.107e+02	488	1.410e-02
3457	3.108e+02	463	1.338e-02
3458	3.109e+02	497	1.436e-02
3459	3.109e+02	522	1.509e-02
3460	3.110e+02	525	1.517e-02
3461	3.111e+02	515	1.488e-02
3462	3.112e+02	499	1.442e-02
3463	3.113e+02	523	1.512e-02
3464	3.114e+02	497	1.436e-02
3465	3.115e+02	542	1.566e-02
3466	3.116e+02	506	1.462e-02
3467	3.117e+02	508	1.468e-02
3468	3.118e+02	533	1.540e-02
3469	3.118e+02	489	1.413e-02
3470	3.119e+02	506	1.462e-02
3471	3.120e+02	496	1.434e-02
3472	3.121e+02	490	1.416e-02
3473	3.122e+02	558	1.613e-02
3474	3.123e+02	506	1.462e-02
3475	3.124e+02	475	1.373e-02
3476	3.125e+02	511	1.477e-02
3477	3.126e+02	526	1.520e-02
3478	3.127e+02	485	1.402e-02
3479	3.127e+02	574	1.659e-02
3480	3.128e+02	550	1.590e-02
3481	3.129e+02	514	1.486e-02
3482	3.130e+02	483	1.396e-02
3483	3.131e+02	537	1.552e-02
3484	3.132e+02	506	1.462e-02
3485	3.133e+02	533	1.540e-02
3486	3.134e+02	501	1.448e-02
3487	3.135e+02	503	1.454e-02
3488	3.136e+02	513	1.483e-02
3489	3.136e+02	458	1.324e-02
3490	3.137e+02	502	1.451e-02
3491	3.138e+02	506	1.462e-02
3492	3.139e+02	507	1.465e-02
3493	3.140e+02	467	1.350e-02
3494	3.141e+02	507	1.465e-02
3495	3.142e+02	494	1.428e-02
3496	3.143e+02	535	1.546e-02
3497	3.144e+02	455	1.315e-02
3498	3.145e+02	522	1.509e-02
3499	3.145e+02	510	1.474e-02
3500	3.146e+02	473	1.367e-02
3501	3.147e+02	500	1.445e-02
3502	3.148e+02	521	1.506e-02
3503	3.149e+02	504	1.457e-02
3504	3.150e+02	510	1.474e-02
3505	3.151e+02	515	1.488e-02
3506	3.152e+02	520	1.503e-02
3507	3.153e+02	531	1.535e-02
3508	3.153e+02	505	1.460e-02
3509	3.154e+02	498	1.439e-02
3510	3.155e+02	545	1.575e-02
3511	3.156e+02	496	1.434e-02
3512	3.157e+02	523	1.512e-02
3513	3.158e+02	476	1.376e-02
3514	3.159e+02	491	1.419e-02
3515	3.160e+02	494	1.428e-02
3516	3.161e+02	498	1.439e-02
3517	3.162e+02	522	1.509e-02
3518	3.162e+02	512	1.480e-02
3519	3.163e+02	530	1.532e-02
3520	3.164e+02	469	1.355e-02
3521	3.165e+02	510	1.474e-02
3522	3.166e+02	503	1.454e-02
3523	3.167e+02	507	1.465e-02
3524	3.168e+02	502	1.451e-02
3525	3.169e+02	494	1.428e-02
3526	3.170e+02	473	1.367e-02
3527	3.171e+02	497	1.436e-02
3528	3.171e+02	471	1.361e-02
3529	3.172e+02	491	1.419e-02
3530	3.173e+02	490	1.416e-02
3531	3.174e+02	501	1.448e-02
3532	3.175e+02	520	1.503e-02
3533	3.176e+02	512	1.480e-02
3534	3.177e+02	458	1.324e-02
3535	3.178e+02	522	1.509e-02
3536	3.179e+02	477	1.379e-02
3537	3.180e+02	449	1.298e-02
3538	3.180e+02	503	1.454e-02
3539	3.181e+02	461	1.332e-02
3540	3.182e+02	501	1.448e-02
3541	3.183e+02	485	1.402e-02
3542	3.184e+02	507	1.465e-02
3543	3.185e+02	434	1.254e-02
3544	3.186e+02	440	1.272e-02
3545	3.187e+02	457	1.321e-02
3546	3.188e+02	492	1.422e-02
3547	3.189e+02	484	1.399e-02
3548	3.189e+02	484	1.399e-02
3549	3.190e+02	493	1.425e-02
3550	3.191e+02	492	1.422e-02
3551	3.192e+02	502	1.451e-02
3552	3.193e+02	461	1.332e-02
3553	3.194e+02	485	1.402e-02
3554	3.195e+02	471	1.361e-02
3555	3.196e+02	480	1.387e-02
3556	3.197e+02	490	1.416e-02
3557	3.198e+02	488	1.410e-02
3558	3.198e+02	434	1.254e-02
3559	3.199e+02	467	1.350e-02
3560	3.200e+02	483	1.396e-02
3561	3.201e+02	465	1.344e-02
3562	3.202e+02	502	1.451e-02
3563	3.203e+02	496	1.434e-02
3564	3.204e+02	489	1.413e-02
3565	3.205e+02	480	1.387e-02
3566	3.206e+02	452	1.306e-02
3567	3.207e+02	480	1.387e-02
3568	3.207e+02	510	1.474e-02
3569	3.208e+02	460	1.329e-02
3570	3.209e+02	499	1.442e-02
3571	3.210e+02	491	1.419e-02
3572	3.211e+02	457	1.321e-02
3573	3.212e+02	515	1.488e-02
3574	3.213e+02	522	1.509e-02
3575	3.214e+02	503	1.454e-02
3576	3.215e+02	539	1.558e-02
3577	3.216e+02	520	1.503e-02
3578	3.216e+02	499	1.442e-02
3579	3.217e+02	490	1.416e-02
3580	3.218e+02	507	1.465e-02
3581	3.219e+02	498	1.439e-02
3582	3.220e+02	499	1.442e-02
3583	3.221e+02	507	1.465e-02
3584	3.222e+02	525	1.517e-02
3585	3.223e+02	530	1.532e-02
3586	3.224e+02	529	1.529e-02
3587	3.225e+02	503	1.454e-02
3588	3.225e+02	516	1.491e-02
3589	3.226e+02	535	1.546e-02
3590	3.227e+02	481	1.390e-02
3591	3.228e+02	497	1.436e-02
3592	3.229e+02	485	1.402e-02
3593	3.230e+02	531	1.535e-02
3594	3.231e+02	481	1.390e-02
3595	3.232e+02	490	1.416e-02
3596	3.233e+02	481	1.390e-02
3597	3.234e+02	495	1.431e-02
3598	3.234e+02	475	1.373e-02
3599	3.235e+02	489	1.413e-02
3600	3.236e+02	480	1.387e-02
3601	3.237e+02	467	1.350e-02
3602	3.238e+02	508	1.468e-02
3603	3.239e+02	493	1.425e-02
3604	3.240e+02	474	1.370e-02
3605	3.241e+02	507	1.465e-02
3606	3.242e+02	467	1.350e-02
3607	3.243e+02	481	1.390e-02
3608	3.243e+02	437	1.263e-02
3609	3.244e+02	457	1.321e-02
3610	3.245e+02	461	1.332e-02
3611	3.246e+02	480	1.387e-02
3612	3.247e+02	481	1.390e-02
3613	3.248e+02	482	1.393e-02
3614	3.249e+02	492	1.422e-02
3615	3.250e+02	493	1.425e-02
3616	3.251e+02	475	1.373e-02
3617	3.252e+02	438	1.266e-02
3618	3.252e+02	482	1.393e-02
3619	3.253e+02	446	1.289e-02
3620	3.254e+02	476	1.376e-02
3621	3.255e+02	468	1.353e-02
3622	3.256e+02	498	1.439e-02
3623	3.257e+02	446	1.289e-02
3624	3.258e+02	459	1.327e-02
3625	3.259e+02	492	1.422e-02
3626	3.260e+02	480	1.387e-02
3627	3.261e+02	469	1.355e-02
3628	3.261e+02	462	1.335e-02
3629	3.262e+02	486	1.405e-02
3630	3.263e+02	475	1.373e-02
3631	3.264e+02	479	1.384e-02
3632	3.265e+02	433	1.251e-02
3633	3.266e+02	459	1.327e-02
3634	3.267e+02	466	1.347e-02
3635	3.268e+02	445	1.286e-02
3636	3.269e+02	484	1.399e-02
3637	3.269e+02	432	1.249e-02
3638	3.270e+02	443	1.280e-02
3639	3.271e+02	441	1.275e-02
3640	3.272e+02	469	1.355e-02
3641	3.273e+02	463	1.338e-02
3642	3.274e+02	498	1.439e-02
3643	3.275e+02	475	1.373e-02
3644	3.276e+02	486	1.405e-02
3645	3.277e+02	451	1.303e-02
3646	3.278e+02	479	1.384e-02
3647	3.278e+02	450	1.301e-02
3648	3.279e+02	438	1.266e-02
3649	3.280e+02	462	1.335e-02
3650	3.281e+02	410	1.185e-02
3651	3.282e+02	479	1.384e-02
3652	3.283e+02	449	1.298e-02
3653	3.284e+02	425	1.228e-02
3654	3.285e+02	451	1.303e-02
3655	3.286e+02	480	1.387e-02
3656	3.287e+02	496	1.434e-02
3657	3.287e+02	431	1.246e-02
3658	3.288e+02	480	1.387e-02
3659	3.289e+02	516	1.491e-02
3660	3.290e+02	456	1.318e-02
3661	3.291e+02	450	1.301e-02
3662	3.292e+02	494	1.428e-02
3663	3.293e+02	448	1.295e-02
3664	3.294e+02	518	1.497e-02
3665	3.295e+02	490	1.416e-02
3666	3.296e+02	446	1.289e-02
3667	3.296e+02	433	1.251e-02
3668	3.297e+02	485	1.402e-02
3669	3.298e+02	444	1.283e-02
3670	3.299e+02	484	1.399e-02
3671	3.300e+02	436	1.260e-02
3672	3.301e+02	488	1.410e-02
3673	3.302e+02	459	1.327e-02
3674	3.303e+02	481	1.390e-02
3675	3.304e+02	493	1.425e-02
3676	3.305e+02	490	1.416e-02
3677	3.305e+02	503	1.454e-02
3678	3.306e+02	468	1.353e-02
3679	3.307e+02	448	1.295e-02
3680	3.308e+02	478	1.382e-02
3681	3.309e+02	436	1.260e-02
3682	3.310e+02	439	1.269e-02
3683	3.311e+02	467	1.350e-02
3684	3.312e+02	461	1.332e-02
3685	3.313e+02	418	1.208e-02
3686	3.314e+02	495	1.431e-02
3687	3.314e+02	423	1.223e-02
3688	3.315e+02	403	1.165e-02
3689	3.316e+02	443	1.280e-02
3690	3.317e+02	464	1.341e-02
3691	3.318e+02	477	1.379e-02
3692	3.319e+02	465	1.344e-02
3693	3.320e+02	401	1.159e-02
3694	3.321e+02	473	1.367e-02
3695	3.322e+02	456	1.318e-02
3696	3.323e+02	440	1.272e-02
3697	3.323e+02	457	1.321e-02
3698	3.324e+02	460	1.329e-02
3699	3.325e+02	450	1.301e-02
3700	3.326e+02	473	1.367e-02
3701	3.327e+02	429	1.240e-02
3702	3.328e+02	421	1.217e-02
3703	3.329e+02	470	1.358e-02
3704	3.330e+02	432	1.249e-02
3705	3.331e+02	442	1.277e-02
3706	3.332e+02	427	1.234e-02
3707	3.332e+02	463	1.338e-02
3708	3.333e+02	456	1.318e-02
3709	3.334e+02	462	1.335e-02
3710	3.335e+02	473	1.367e-02
3711	3.336e+02	487	1.408e-02
3712	3.337e+02	428	1.237e-02
3713	3.338e+02	450	1.301e-02
3714	3.339e+02	426	1.231e-02
3715	3.340e+02	431	1.246e-02
3716	3.341e+02	466	1.347e-02
3717	3.341e+02	473	1.367e-02
3718	3.342e+02	481	1.390e-02
3719	3.343e+02	436	1.260e-02
3720	3.344e+02	486	1.405e-02
3721	3.345e+02	440	1.272e-02
3722	3.346e+02	462	1.335e-02
3723	3.347e+02	476	1.376e-02
3724	3.348e+02	507	1.465e-02
3725	3.349e+02	464	1.341e-02
3726	3.350e+02	488	1.410e-02
3727	3.350e+02	420	1.214e-02
3728	3.351e+02	446	1.289e-02
3729	3.352e+02	472	1.364e-02
3730	3.353e+02	416	1.202e-02
3731	3.354e+02	461	1.332e-02
3732	3.355e+02	444	1.283e-02
3733	3.356e+02	449	1.298e-02
3734	3.357e+02	443	1.280e-02
3735	3.358e+02	488	1.410e-02
3736	3.359e+02	463	1.338e-02
3737	3.359e+02	453	1.309e-02
3738	3.360e+02	469	1.355e-02
3739	3.361e+02	414	1.197e-02
3740	3.362e+02	451	1.303e-02
3741	3.363e+02	426	1.231e-02
3742	3.364e+02	438	1.266e-02
3743	3.365e+02	444	1.283e-02
3744	3.366e+02	441	1.275e-02
3745	3.367e+02	466	1.347e-02
3746	3.368e+02	438	1.266e-02
3747	3.368e+02	483	1.396e-02
3748	3.369e+02	457	1.321e-02
3749	3.370e+02	420	1.214e-02
3750	3.371e+02	453	1.309e-02
3751	3.372e+02	463	1.338e-02
3752	3.373e+02	453	1.309e-02
3753	3.374e+02	429	1.240e-02
3754	3.375e+02	444	1.283e-02
3755	3.376e+02	401	1.159e-02
3756	3.376e+02	411	1.188e-02
3757	3.377e+02	453	1.309e-02
3758	3.378e+02	449	1.298e-02
3759	3.379e+02	396	1.145e-02
3760	3.380e+02	456	1.318e-02
3761	3.381e+02	463	1.338e-02
3762	3.382e+02	363	1.049e-02
3763	3.383e+02	459	1.327e-02
3764	3.384e+02	461	1.332e-02
3765	3.385e+02	453	1.309e-02
3766	3.385e+02	407	1.176e-02
3767	3.386e+02	441	1.275e-02
3768	3.387e+02	453	1.309e-02
3769	3.388e+02	424	1.225e-02
3770	3.389e+02	438	1.266e-02
3771	3.390e+02	384	1.110e-02
3772	3.391e+02	432	1.249e-02
3773	3.392e+02	425	1.228e-02
3774	3.393e+02	488	1.410e-02
3775	3.394e+02	434	1.254e-02
3776	3.394e+02	445	1.286e-02
3777	3.395e+02	456	1.318e-02
3778	3.396e+02	436	1.260e-02
3779	3.397e+02	477	1.379e-02
3780	3.398e+02	444	1.283e-02
3781	3.399e+02	441	1.275e-02
3782	3.400e+02	496	1.434e-02
3783	3.401e+02	435	1.257e-02
3784	3.402e+02	422	1.220e-02
3785	3.403e+02	465	1.344e-02
3786	3.403e+02	425	1.228e-02
3787	3.404e+02	426	1.231e-02
3788	3.405e+02	441	1.275e-02
3789	3.406e+02	473	1.367e-02
3790	3.407e+02	420	1.214e-02
3791	3.408e+02	431	1.246e-02
3792	3.409e+02	460	1.329e-02
3793	3.410e+02	427	1.234e-02
3794	3.411e+02	461	1.332e-02
3795	3.412e+02	472	1.364e-02
3796	3.412e+02	464	1.341e-02
3797	3.413e+02	416	1.202e-02
3798	3.414e+02	406	1.173e-02
3799	3.415e+02	434	1.254e-02
3800	3.416e+02	457	1.321e-02
3801	3.417e+02	403	1.165e-02
3802	3.418e+02	455	1.315e-02
3803	3.419e+02	448	1.295e-02
3804	3.420e+02	422	1.220e-02
3805	3.421e+02	437	1.263e-02
3806	3.421e+02	412	1.191e-02
3807	3.422e+02	442	1.277e-02
3808	3.423e+02	443	1.280e-02
3809	3.424e+02	470	1.358e-02
3810	3.425e+02	408	1.179e-02
3811	3.426e+02	457	1.321e-02
3812	3.427e+02	429	1.240e-02
3813	3.428e+02	455	1.315e-02
3814	3.429e+02	467	1.350e-02
3815	3.430e+02	519	1.500e-02
3816	3.430e+02	535	1.546e-02
3817	3.431e+02	549	1.587e-02
3818	3.432e+02	675	1.951e-02
3819	3.433e+02	705	2.038e-02
3820	3.434e+02	844	2.439e-02
3821	3.435e+02	902	2.607e-02
3822	3.436e+02	925	2.673e-02
3823	3.437e+02	1122	3.243e-02
3824	3.438e+02	1258	3.636e-02
3825	3.439e+02	1441	4.165e-02
3826	3.439e+02	1642	4.746e-02
3827	3.440e+02	1687	4.876e-02
3828	3.441e+02	1803	5.211e-02
3829	3.442e+02	1925	5.564e-02
3830	3.443e+02	1992	5.757e-02
3831	3.444e+02	2093	6.049e-02
3832	3.445e+02	2128	6.150e-02
3833	3.446e+02	2147	6.205e-02
3834	3.447e+02	2090	6.040e-02
3835	3.448e+02	1988	5.746e-02
3836	3.448e+02	1828	5.283e-02
3837	3.449e+02	1736	5.017e-02
3838	3.450e+02	1699	4.910e-02
3839	3.451e+02	1460	4.220e-02
3840	3.452e+02	1359	3.928e-02
3841	3.453e+02	1192	3.445e-02
3842	3.454e+02	1031	2.980e-02
3843	3.455e+02	900	2.601e-02
3844	3.456e+02	875	2.529e-02
3845	3.457e+02	806	2.329e-02
3846	3.457e+02	733	2.119e-02
3847	3.458e+02	663	1.916e-02
3848	3.459e+02	581	1.679e-02
3849	3.460e+02	508	1.468e-02
3850	3.461e+02	565	1.633e-02
3851	3.462e+02	537	1.552e-02
3852	3.463e+02	482	1.393e-02
3853	3.464e+02	448	1.295e-02
3854	3.465e+02	432	1.249e-02
3855	3.466e+02	449	1.298e-02
3856	3.466e+02	482	1.393e-02
3857	3.467e+02	480	1.387e-02
3858	3.468e+02	436	1.260e-02
3859	3.469e+02	439	1.269e-02
3860	3.470e+02	407	1.176e-02
3861	3.471e+02	397	1.147e-02
3862	3.472e+02	440	1.272e-02
3863	3.473e+02	410	1.185e-02
3864	3.474e+02	431	1.246e-02
3865	3.475e+02	449	1.298e-02
3866	3.475e+02	427	1.234e-02
3867	3.476e+02	433	1.251e-02
3868	3.477e+02	430	1.243e-02
3869	3.478e+02	416	1.202e-02
3870	3.479e+02	452	1.306e-02
3871	3.480e+02	426	1.231e-02
3872	3.481e+02	437	1.263e-02
3873	3.482e+02	378	1.092e-02
3874	3.483e+02	437	1.263e-02
3875	3.484e+02	420	1.214e-02
3876	3.484e+02	396	1.145e-02
3877	3.485e+02	389	1.124e-02
3878	3.486e+02	421	1.217e-02
3879	3.487e+02	402	1.162e-02
3880	3.488e+02	447	1.292e-02
3881	3.489e+02	420	1.214e-02
3882	3.490e+02	403	1.165e-02
3883	3.491e+02	423	1.223e-02
3884	3.492e+02	436	1.260e-02
3885	3.492e+02	457	1.321e-02
3886	3.493e+02	392	1.133e-02
3887	3.494e+02	408	1.179e-02
3888	3.495e+02	386	1.116e-02
3889	3.496e+02	437	1.263e-02
3890	3.497e+02	448	1.295e-02
3891	3.498e+02	426	1.231e-02
3892	3.499e+02	432	1.249e-02
3893	3.500e+02	413	1.194e-02
3894	3.501e+02	454	1.312e-02
3895	3.501e+02	423	1.223e-02
3896	3.502e+02	443	1.280e-02
3897	3.503e+02	394	1.139e-02
3898	3.504e+02	429	1.240e-02
3899	3.505e+02	399	1.153e-02
3900	3.506e+02	437	1.263e-02
3901	3.507e+02	367	1.061e-02
3902	3.508e+02	393	1.136e-02
3903	3.509e+02	400	1.156e-02
3904	3.510e+02	424	1.225e-02
3905	3.510e+02	384	1.110e-02
3906	3.511e+02	393	1.136e-02
3907	3.512e+02	397	1.147e-02
3908	3.513e+02	392	1.133e-02
3909	3.514e+02	408	1.179e-02
3910	3.515e+02	392	1.133e-02
3911	3.516e+02	394	1.139e-02
3912	3.517e+02	342	9.884e-03
3913	3.518e+02	347	1.003e-02
3914	3.519e+02	410	1.185e-02
3915	3.519e+02	386	1.116e-02
3916	3.520e+02	371	1.072e-02
3917	3.521e+02	368	1.064e-02
3918	3.522e+02	365	1.055e-02
3919	3.523e+02	368	1.064e-02
3920	3.524e+02	364	1.052e-02
3921	3.525e+02	408	1.179e-02
3922	3.526e+02	325	9.393e-03
3923	3.527e+02	401	1.159e-02
3924	3.528e+02	350	1.012e-02
3925	3.528e+02	414	1.197e-02
3926	3.529e+02	384	1.110e-02
3927	3.530e+02	365	1.055e-02
3928	3.531e+02	449	1.298e-02
3929	3.532e+02	454	1.312e-02
3930	3.533e+02	423	1.223e-02
3931	3.534e+02	438	1.266e-02
3932	3.535e+02	395	1.142e-02
3933	3.536e+02	424	1.225e-02
3934	3.537e+02	385	1.113e-02
3935	3.537e+02	421	1.217e-02
3936	3.538e+02	435	1.257e-02
3937	3.539e+02	418	1.208e-02
3938	3.540e+02	427	1.234e-02
3939	3.541e+02	421	1.217e-02
3940	3.542e+02	373	1.078e-02
3941	3.543e+02	422	1.220e-02
3942	3.544e+02	457	1.321e-02
3943	3.545e+02	370	1.069e-02
3944	3.546e+02	390	1.127e-02
3945	3.546e+02	439	1.269e-02
3946	3.547e+02	378	1.092e-02
3947	3.548e+02	414	1.197e-02
3948	3.549e+02	384	1.110e-02
3949	3.550e+02	381	1.101e-02
3950	3.551e+02	398	1.150e-02
3951	3.552e+02	386	1.116e-02
3952	3.553e+02	411	1.188e-02
3953	3.554e+02	391	1.130e-02
3954	3.555e+02	435	1.257e-02
3955	3.555e+02	437	1.263e-02
3956	3.556e+02	428	1.237e-02
3957	3.557e+02	417	1.205e-02
3958	3.558e+02	385	1.113e-02
3959	3.559e+02	421	1.217e-02
3960	3.560e+02	394	1.139e-02
3961	3.561e+02	437	1.263e-02
3962	3.562e+02	398	1.150e-02
3963	3.563e+02	445	1.286e-02
3964	3.564e+02	391	1.130e-02
3965	3.564e+02	422	1.220e-02
3966	3.565e+02	391	1.130e-02
3967	3.566e+02	408	1.179e-02
3968	3.567e+02	409	1.182e-02
3969	3.568e+02	403	1.165e-02
3970	3.569e+02	402	1.162e-02
3971	3.570e+02	384	1.110e-02
3972	3.571e+02	375	1.084e-02
3973	3.572e+02	388	1.121e-02
3974	3.573e+02	375	1.084e-02
3975	3.573e+02	422	1.220e-02
3976	3.574e+02	400	1.156e-02
3977	3.575e+02	369	1.066e-02
3978	3.576e+02	425	1.228e-02
3979	3.577e+02	373	1.078e-02
3980	3.578e+02	403	1.165e-02
3981	3.579e+02	397	1.147e-02
3982	3.580e+02	368	1.064e-02
3983	3.581e+02	416	1.202e-02
3984	3.582e+02	391	1.130e-02
3985	3.582e+02	387	1.119e-02
3986	3.583e+02	392	1.133e-02
3987	3.584e+02	389	1.124e-02
3988	3.585e+02	383	1.107e-02
3989	3.586e+02	398	1.150e-02
3990	3.587e+02	458	1.324e-02
3991	3.588e+02	392	1.133e-02
3992	3.589e+02	384	1.110e-02
3993	3.590e+02	420	1.214e-02
3994	3.591e+02	393	1.136e-02
3995	3.591e+02	400	1.156e-02
3996	3.592e+02	437	1.263e-02
3997	3.593e+02	419	1.211e-02
3998	3.594e+02	396	1.145e-02
3999	3.595e+02	372	1.075e-02
4000	3.596e+02	422	1.220e-02
4001	3.597e+02	405	1.171e-02
4002	3.598e+02	383	1.107e-02
4003	3.599e+02	376	1.087e-02
4004	3.600e+02	439	1.269e-02
4005	3.600e+02	411	1.188e-02
4006	3.601e+02	359	1.038e-02
4007	3.602e+02	390	1.127e-02
4008	3.603e+02	396	1.145e-02
4009	3.604e+02	371	1.072e-02
4010	3.605e+02	402	1.162e-02
4011	3.606e+02	335	9.682e-03
4012	3.607e+02	400	1.156e-02
4013	3.608e+02	333	9.624e-03
4014	3.608e+02	420	1.214e-02
4015	3.609e+02	404	1.168e-02
4016	3.610e+02	363	1.049e-02
4017	3.611e+02	381	1.101e-02
4018	3.612e+02	388	1.121e-02
4019	3.613e+02	351	1.014e-02
4020	3.614e+02	371	1.072e-02
4021	3.615e+02	400	1.156e-02
4022	3.616e+02	394	1.139e-02
4023	3.617e+02	386	1.116e-02
4024	3.617e+02	398	1.150e-02
4025	3.618e+02	422	1.220e-02
4026	3.619e+02	400	1.156e-02
4027	3.620e+02	414	1.197e-02
4028	3.621e+02	382	1.104e-02
4029	3.622e+02	375	1.084e-02
4030	3.623e+02	381	1.101e-02
4031	3.624e+02	391	1.130e-02
4032	3.625e+02	351	1.014e-02
4033	3.626e+02	386	1.116e-02
4034	3.626e+02	395	1.142e-02
4035	3.627e+02	383	1.107e-02
4036	3.628e+02	388	1.121e-02
4037	3.629e+02	335	9.682e-03
4038	3.630e+02	399	1.153e-02
4039	3.631e+02	407	1.176e-02
4040	3.632e+02	387	1.119e-02
4041	3.633e+02	377	1.090e-02
4042	3.634e+02	400	1.156e-02
4043	3.635e+02	416	1.202e-02
4044	3.635e+02	395	1.142e-02
4045	3.636e+02	401	1.159e-02
4046	3.637e+02	397	1.147e-02
4047	3.638e+02	381	1.101e-02
4048	3.639e+02	388	1.121e-02
4049	3.640e+02	400	1.156e-02
4050	3.641e+02	417	1.205e-02
4051	3.642e+02	380	1.098e-02
4052	3.643e+02	386	1.116e-02
4053	3.644e+02	358	1.035e-02
4054	3.644e+02	389	1.124e-02
4055	3.645e+02	385	1.113e-02
4056	3.646e+02	355	1.026e-02
4057	3.647e+02	358	1.035e-02
4058	3.648e+02	410	1.185e-02
4059	3.649e+02	415	1.199e-02
4060	3.650e+02	386	1.116e-02
4061	3.651e+02	385	1.113e-02
4062	3.652e+02	342	9.884e-03
4063	3.653e+02	391	1.130e-02
4064	3.653e+02	402	1.162e-02
4065	3.654e+02	429	1.240e-02
4066	3.655e+02	361	1.043e-02
4067	3.656e+02	364	1.052e-02
4068	3.657e+02	335	9.682e-03
4069	3.658e+02	403	1.165e-02
4070	3.659e+02	381	1.101e-02
4071	3.660e+02	363	1.049e-02
4072	3.661e+02	374	1.081e-02
4073	3.662e+02	381	1.101e-02
4074	3.662e+02	423	1.223e-02
4075	3.663e+02	397	1.147e-02
4076	3.664e+02	348	1.006e-02
4077	3.665e+02	395	1.142e-02
4078	3.666e+02	376	1.087e-02
4079	3.667e+02	397	1.147e-02
4080	3.668e+02	405	1.171e-02
4081	3.669e+02	400	1.156e-02
4082	3.670e+02	360	1.040e-02
4083	3.671e+02	423	1.223e-02
4084	3.671e+02	389	1.124e-02
4085	3.672e+02	410	1.185e-02
4086	3.673e+02	385	1.113e-02
4087	3.674e+02	388	1.121e-02
4088	3.675e+02	408	1.179e-02
4089	3.676e+02	424	1.225e-02
4090	3.677e+02	385	1.113e-02
4091	3.678e+02	451	1.303e-02
4092	3.679e+02	443	1.280e-02
4093	3.680e+02	452	1.306e-02
4094	3.680e+02	424	1.225e-02
4095	3.681e+02	462	1.335e-02
4096	3.682e+02	384	1.110e-02
4097	3.683e+02	422	1.220e-02
4098	3.684e+02	409	1.182e-02
4099	3.685e+02	407	1.176e-02
4100	3.686e+02	397	1.147e-02
4101	3.687e+02	426	1.231e-02
4102	3.688e+02	400	1.156e-02
4103	3.689e+02	388	1.121e-02
4104	3.689e+02	381	1.101e-02
4105	3.690e+02	369	1.066e-02
4106	3.691e+02	428	1.237e-02
4107	3.692e+02	384	1.110e-02
4108	3.693e+02	424	1.225e-02
4109	3.694e+02	370	1.069e-02
4110	3.695e+02	372	1.075e-02
4111	3.696e+02	388	1.121e-02
4112	3.697e+02	347	1.003e-02
4113	3.698e+02	379	1.095e-02
4114	3.698e+02	360	1.040e-02
4115	3.699e+02	337	9.740e-03
4116	3.700e+02	353	1.020e-02
4117	3.701e+02	344	9.942e-03
4118	3.702e+02	386	1.116e-02
4119	3.703e+02	383	1.107e-02
4120	3.704e+02	410	1.185e-02
4121	3.705e+02	379	1.095e-02
4122	3.706e+02	363	1.049e-02
4123	3.707e+02	369	1.066e-02
4124	3.707e+02	383	1.107e-02
4125	3.708e+02	357	1.032e-02
4126	3.709e+02	323	9.335e-03
4127	3.710e+02	352	1.017e-02
4128	3.711e+02	342	9.884e-03
4129	3.712e+02	371	1.072e-02
4130	3.713e+02	387	1.119e-02
4131	3.714e+02	418	1.208e-02
4132	3.715e+02	392	1.133e-02
4133	3.715e+02	409	1.182e-02
4134	3.716e+02	362	1.046e-02
4135	3.717e+02	367	1.061e-02
4136	3.718e+02	397	1.147e-02
4137	3.719e+02	382	1.104e-02
4138	3.720e+02	347	1.003e-02
4139	3.721e+02	352	1.017e-02
4140	3.722e+02	385	1.113e-02
4141	3.723e+02	346	1.000e-02
4142	3.724e+02	365	1.055e-02
4143	3.724e+02	371	1.072e-02
4144	3.725e+02	343	9.913e-03
4145	3.726e+02	359	1.038e-02
4146	3.727e+02	376	1.087e-02
4147	3.728e+02	363	1.049e-02
4148	3.729e+02	345	9.971e-03
4149	3.730e+02	399	1.153e-02
4150	3.731e+02	358	1.035e-02
4151	3.732e+02	370	1.069e-02
4152	3.733e+02	396	1.145e-02
4153	3.733e+02	325	9.393e-03
4154	3.734e+02	366	1.058e-02
4155	3.735e+02	374	1.081e-02
4156	3.736e+02	374	1.081e-02
4157	3.737e+02	371	1.072e-02
4158	3.738e+02	393	1.136e-02
4159	3.739e+02	341	9.856e-03
4160	3.740e+02	359	1.038e-02
4161	3.741e+02	313	9.046e-03
4162	3.742e+02	367	1.061e-02
4163	3.742e+02	366	1.058e-02
4164	3.743e+02	377	1.090e-02
4165	3.744e+02	364	1.052e-02
4166	3.745e+02	384	1.110e-02
4167	3.746e+02	409	1.182e-02
4168	3.747e+02	361	1.043e-02
4169	3.748e+02	377	1.090e-02
4170	3.749e+02	374	1.081e-02
4171	3.750e+02	381	1.101e-02
4172	3.751e+02	341	9.856e-03
4173	3.751e+02	374	1.081e-02
4174	3.752e+02	344	9.942e-03
4175	3.753e+02	389	1.124e-02
4176	3.754e+02	358	1.035e-02
4177	3.755e+02	359	1.038e-02
4178	3.756e+02	395	1.142e-02
4179	3.757e+02	412	1.191e-02
4180	3.758e+02	354	1.023e-02
4181	3.759e+02	359	1.038e-02
4182	3.760e+02	346	1.000e-02
4183	3.760e+02	376	1.087e-02
4184	3.761e+02	341	9.856e-03
4185	3.762e+02	338	9.769e-03
4186	3.763e+02	422	1.220e-02
4187	3.764e+02	361	1.043e-02
4188	3.765e+02	393	1.136e-02
4189	3.766e+02	358	1.035e-02
4190	3.767e+02	379	1.095e-02
4191	3.768e+02	370	1.069e-02
4192	3.769e+02	377	1.090e-02
4193	3.769e+02	356	1.029e-02
4194	3.770e+02	349	1.009e-02
4195	3.771e+02	365	1.055e-02
4196	3.772e+02	333	9.624e-03
4197	3.773e+02	349	1.009e-02
4198	3.774e+02	355	1.026e-02
4199	3.775e+02	359	1.038e-02
4200	3.776e+02	403	1.165e-02
4201	3.777e+02	371	1.072e-02
4202	3.778e+02	373	1.078e-02
4203	3.778e+02	323	9.335e-03
4204	3.779e+02	372	1.075e-02
4205	3.780e+02	358	1.035e-02
4206	3.781e+02	323	9.335e-03
4207	3.782e+02	392	1.133e-02
4208	3.783e+02	367	1.061e-02
4209	3.784e+02	327	9.451e-03
4210	3.785e+02	374	1.081e-02
4211	3.786e+02	370	1.069e-02
4212	3.787e+02	324	9.364e-03
4213	3.787e+02	383	1.107e-02
4214	3.788e+02	362	1.046e-02
4215	3.789e+02	351	1.014e-02
4216	3.790e+02	391	1.130e-02
4217	3.791e+02	363	1.049e-02
4218	3.792e+02	372	1.075e-02
4219	3.793e+02	330	9.538e-03
4220	3.794e+02	365	1.055e-02
4221	3.795e+02	395	1.142e-02
4222	3.796e+02	320	9.249e-03
4223	3.796e+02	327	9.451e-03
4224	3.797e+02	390	1.127e-02
4225	3.798e+02	383	1.107e-02
4226	3.799e+02	335	9.682e-03
4227	3.800e+02	368	1.064e-02
4228	3.801e+02	324	9.364e-03
4229	3.802e+02	348	1.006e-02
4230	3.803e+02	363	1.049e-02
4231	3.804e+02	377	1.090e-02
4232	3.805e+02	354	1.023e-02
4233	3.805e+02	368	1.064e-02
4234	3.806e+02	340	9.827e-03
4235	3.807e+02	354	1.023e-02
4236	3.808e+02	360	1.040e-02
4237	3.809e+02	386	1.116e-02
4238	3.810e+02	348	1.006e-02
4239	3.811e+02	365	1.055e-02
4240	3.812e+02	379	1.095e-02
4241	3.813e+02	372	1.075e-02
4242	3.814e+02	368	1.064e-02
4243	3.814e+02	367	1.061e-02
4244	3.815e+02	354	1.023e-02
4245	3.816e+02	386	1.116e-02
4246	3.817e+02	365	1.055e-02
4247	3.818e+02	350	1.012e-02
4248	3.819e+02	347	1.003e-02
4249	3.820e+02	417	1.205e-02
4250	3.821e+02	353	1.020e-02
4251	3.822e+02	311	8.988e-03
4252	3.823e+02	327	9.451e-03
4253	3.823e+02	355	1.026e-02
4254	3.824e+02	353	1.020e-02
4255	3.825e+02	384	1.110e-02
4256	3.826e+02	366	1.058e-02
4257	3.827e+02	368	1.064e-02
4258	3.828e+02	391	1.130e-02
4259	3.829e+02	358	1.035e-02
4260	3.830e+02	375	1.084e-02
4261	3.831e+02	375	1.084e-02
4262	3.831e+02	363	1.049e-02
4263	3.832e+02	356	1.029e-02
4264	3.833e+02	368	1.064e-02
4265	3.834e+02	331	9.567e-03
4266	3.835e+02	363	1.049e-02
4267	3.836e+02	364	1.052e-02
4268	3.837e+02	385	1.113e-02
4269	3.838e+02	366	1.058e-02
4270	3.839e+02	338	9.769e-03
4271	3.840e+02	408	1.179e-02
4272	3.840e+02	360	1.040e-02
4273	3.841e+02	362	1.046e-02
4274	3.842e+02	351	1.014e-02
4275	3.843e+02	332	9.595e-03
4276	3.844e+02	346	1.000e-02
4277	3.845e+02	321	9.278e-03
4278	3.846e+02	372	1.075e-02
4279	3.847e+02	361	1.043e-02
4280	3.848e+02	376	1.087e-02
4281	3.849e+02	356	1.029e-02
4282	3.849e+02	377	1.090e-02
4283	3.850e+02	358	1.035e-02
4284	3.851e+02	333	9.624e-03
4285	3.852e+02	318	9.191e-03
4286	3.853e+02	365	1.055e-02
4287	3.854e+02	333	9.624e-03
4288	3.855e+02	390	1.127e-02
4289	3.856e+02	356	1.029e-02
4290	3.857e+02	348	1.006e-02
4291	3.858e+02	343	9.913e-03
4292	3.858e+02	366	1.058e-02
4293	3.859e+02	372	1.075e-02
4294	3.860e+02	347	1.003e-02
4295	3.861e+02	377	1.090e-02
4296	3.862e+02	329	9.509e-03
4297	3.863e+02	366	1.058e-02
4298	3.864e+02	305	8.815e-03
4299	3.865e+02	353	1.020e-02
4300	3.866e+02	342	9.884e-03
4301	3.867e+02	371	1.072e-02
4302	3.867e+02	338	9.769e-03
4303	3.868e+02	340	9.827e-03
4304	3.869e+02	367	1.061e-02
4305	3.870e+02	375	1.084e-02
4306	3.871e+02	323	9.335e-03
4307	3.872e+02	328	9.480e-03
4308	3.873e+02	333	9.624e-03
4309	3.874e+02	331	9.567e-03
4310	3.875e+02	332	9.595e-03
4311	3.876e+02	363	1.049e-02
4312	3.876e+02	317	9.162e-03
4313	3.877e+02	321	9.278e-03
4314	3.878e+02	279	8.064e-03
4315	3.879e+02	344	9.942e-03
4316	3.880e+02	329	9.509e-03
4317	3.881e+02	361	1.043e-02
4318	3.882e+02	328	9.480e-03
4319	3.883e+02	337	9.740e-03
4320	3.884e+02	366	1.058e-02
4321	3.885e+02	341	9.856e-03
4322	3.885e+02	347	1.003e-02
4323	3.886e+02	358	1.035e-02
4324	3.887e+02	366	1.058e-02
4325	3.888e+02	379	1.095e-02
4326	3.889e+02	372	1.075e-02
4327	3.890e+02	389	1.124e-02
4328	3.891e+02	324	9.364e-03
4329	3.892e+02	388	1.121e-02
4330	3.893e+02	355	1.026e-02
4331	3.894e+02	326	9.422e-03
4332	3.894e+02	352	1.017e-02
4333	3.895e+02	337	9.740e-03
4334	3.896e+02	335	9.682e-03
4335	3.897e+02	337	9.740e-03
4336	3.898e+02	310	8.960e-03
4337	3.899e+02	346	1.000e-02
4338	3.900e+02	354	1.023e-02
4339	3.901e+02	321	9.278e-03
4340	3.902e+02	324	9.364e-03
4341	3.903e+02	340	9.827e-03
4342	3.903e+02	344	9.942e-03
4343	3.904e+02	378	1.092e-02
4344	3.905e+02	354	1.023e-02
4345	3.906e+02	323	9.335e-03
4346	3.907e+02	371	1.072e-02
4347	3.908e+02	341	9.856e-03
4348	3.909e+02	336	9.711e-03
4349	3.910e+02	308	8.902e-03
4350	3.911e+02	348	1.006e-02
4351	3.912e+02	335	9.682e-03
4352	3.912e+02	336	9.711e-03
4353	3.913e+02	366	1.058e-02
4354	3.914e+02	349	1.009e-02
4355	3.915e+02	353	1.020e-02
4356	3.916e+02	334	9.653e-03
4357	3.917e+02	323	9.335e-03
4358	3.918e+02	348	1.006e-02
4359	3.919e+02	329	9.509e-03
4360	3.920e+02	387	1.119e-02
4361	3.921e+02	340	9.827e-03
4362	3.921e+02	349	1.009e-02
4363	3.922e+02	332	9.595e-03
4364	3.923e+02	350	1.012e-02
4365	3.924e+02	366	1.058e-02
4366	3.925e+02	325	9.393e-03
4367	3.926e+02	334	9.653e-03
4368	3.927e+02	338	9.769e-03
4369	3.928e+02	316	9.133e-03
4370	3.929e+02	352	1.017e-02
4371	3.930e+02	317	9.162e-03
4372	3.930e+02	351	1.014e-02
4373	3.931e+02	363	1.049e-02
4374	3.932e+02	321	9.278e-03
4375	3.933e+02	343	9.913e-03
4376	3.934e+02	361	1.043e-02
4377	3.935e+02	339	9.798e-03
4378	3.936e+02	332	9.595e-03
4379	3.937e+02	343	9.913e-03
4380	3.938e+02	343	9.913e-03
4381	3.938e+02	320	9.249e-03
4382	3.939e+02	337	9.740e-03
4383	3.940e+02	308	8.902e-03
4384	3.941e+02	317	9.162e-03
4385	3.942e+02	355	1.026e-02
4386	3.943e+02	362	1.046e-02
4387	3.944e+02	349	1.009e-02
4388	3.945e+02	341	9.856e-03
4389	3.946e+02	346	1.000e-02
4390	3.947e+02	318	9.191e-03
4391	3.947e+02	368	1.064e-02
4392	3.948e+02	339	9.798e-03
4393	3.949e+02	319	9.220e-03
4394	3.950e+02	343	9.913e-03
4395	3.951e+02	366	1.058e-02
4396	3.952e+02	317	9.162e-03
4397	3.953e+02	341	9.856e-03
4398	3.954e+02	332	9.595e-03
4399	3.955e+02	358	1.035e-02
4400	3.956e+02	350	1.012e-02
4401	3.956e+02	354	1.023e-02
4402	3.957e+02	344	9.942e-03
4403	3.958e+02	338	9.769e-03
4404	3.959e+02	357	1.032e-02
4405	3.960e+02	320	9.249e-03
4406	3.961e+02	320	9.249e-03
4407	3.962e+02	338	9.769e-03
4408	3.963e+02	388	1.121e-02
4409	3.964e+02	378	1.092e-02
4410	3.965e+02	386	1.116e-02
4411	3.965e+02	336	9.711e-03
4412	3.966e+02	373	1.078e-02
4413	3.967e+02	355	1.026e-02
4414	3.968e+02	378	1.092e-02
4415	3.969e+02	358	1.035e-02
4416	3.970e+02	358	1.035e-02
4417	3.971e+02	342	9.884e-03
4418	3.972e+02	380	1.098e-02
4419	3.973e+02	407	1.176e-02
4420	3.974e+02	354	1.023e-02
4421	3.974e+02	357	1.032e-02
4422	3.975e+02	341	9.856e-03
4423	3.976e+02	342	9.884e-03
4424	3.977e+02	363	1.049e-02
4425	3.978e+02	361	1.043e-02
4426	3.979e+02	376	1.087e-02
4427	3.980e+02	336	9.711e-03
4428	3.981e+02	336	9.711e-03
4429	3.982e+02	353	1.020e-02
4430	3.983e+02	338	9.769e-03
4431	3.983e+02	350	1.012e-02
4432	3.984e+02	303	8.757e-03
4433	3.985e+02	316	9.133e-03
4434	3.986e+02	362	1.046e-02
4435	3.987e+02	340	9.827e-03
4436	3.988e+02	356	1.029e-02
4437	3.989e+02	383	1.107e-02
4438	3.990e+02	364	1.052e-02
4439	3.991e+02	330	9.538e-03
4440	3.992e+02	358	1.035e-02
4441	3.992e+02	312	9.017e-03
4442	3.993e+02	360	1.040e-02
4443	3.994e+02	374	1.081e-02
4444	3.995e+02	367	1.061e-02
4445	3.996e+02	320	9.249e-03
4446	3.997e+02	333	9.624e-03
4447	3.998e+02	355	1.026e-02
4448	3.999e+02	350	1.012e-02
4449	4.000e+02	336	9.711e-03
4450	4.001e+02	379	1.095e-02
4451	4.001e+02	344	9.942e-03
4452	4.002e+02	342	9.884e-03
4453	4.003e+02	336	9.711e-03
4454	4.004e+02	360	1.040e-02
4455	4.005e+02	348	1.006e-02
4456	4.006e+02	395	1.142e-02
4457	4.007e+02	396	1.145e-02
4458	4.008e+02	372	1.075e-02
4459	4.009e+02	366	1.058e-02
4460	4.010e+02	385	1.113e-02
4461	4.010e+02	435	1.257e-02
4462	4.011e+02	451	1.303e-02
4463	4.012e+02	415	1.199e-02
4464	4.013e+02	436	1.260e-02
4465	4.014e+02	463	1.338e-02
4466	4.015e+02	427	1.234e-02
4467	4.016e+02	446	1.289e-02
4468	4.017e+02	444	1.283e-02
4469	4.018e+02	453	1.309e-02
4470	4.019e+02	445	1.286e-02
4471	4.019e+02	488	1.410e-02
4472	4.020e+02	427	1.234e-02
4473	4.021e+02	438	1.266e-02
4474	4.022e+02	398	1.150e-02
4475	4.023e+02	396	1.145e-02
4476	4.024e+02	400	1.156e-02
4477	4.025e+02	373	1.078e-02
4478	4.026e+02	369	1.066e-02
4479	4.027e+02	336	9.711e-03
4480	4.028e+02	397	1.147e-02
4481	4.028e+02	345	9.971e-03
4482	4.029e+02	332	9.595e-03
4483	4.030e+02	351	1.014e-02
4484	4.031e+02	333	9.624e-03
4485	4.032e+02	342	9.884e-03
4486	4.033e+02	329	9.509e-03
4487	4.034e+02	369	1.066e-02
4488	4.035e+02	341	9.856e-03
4489	4.036e+02	337	9.740e-03
4490	4.037e+02	354	1.023e-02
4491	4.037e+02	350	1.012e-02
4492	4.038e+02	322	9.306e-03
4493	4.039e+02	357	1.032e-02
4494	4.040e+02	335	9.682e-03
4495	4.041e+02	370	1.069e-02
4496	4.042e+02	361	1.043e-02
4497	4.043e+02	382	1.104e-02
4498	4.044e+02	378	1.092e-02
4499	4.045e+02	353	1.020e-02
4500	4.046e+02	325	9.393e-03
4501	4.046e+02	342	9.884e-03
4502	4.047e+02	328	9.480e-03
4503	4.048e+02	334	9.653e-03
4504	4.049e+02	344	9.942e-03
4505	4.050e+02	325	9.393e-03
4506	4.051e+02	347	1.003e-02
4507	4.052e+02	345	9.971e-03
4508	4.053e+02	337	9.740e-03
4509	4.054e+02	331	9.567e-03
4510	4.054e+02	333	9.624e-03
4511	4.055e+02	363	1.049e-02
4512	4.056e+02	334	9.653e-03
4513	4.057e+02	328	9.480e-03
4514	4.058e+02	353	1.020e-02
4515	4.059e+02	343	9.913e-03
4516	4.060e+02	334	9.653e-03
4517	4.061e+02	336	9.711e-03
4518	4.062e+02	366	1.058e-02
4519	4.063e+02	315	9.104e-03
4520	4.063e+02	343	9.913e-03
4521	4.064e+02	365	1.055e-02
4522	4.065e+02	316	9.133e-03
4523	4.066e+02	353	1.020e-02
4524	4.067e+02	343	9.913e-03
4525	4.068e+02	353	1.020e-02
4526	4.069e+02	312	9.017e-03
4527	4.070e+02	325	9.393e-03
4528	4.071e+02	360	1.040e-02
4529	4.072e+02	336	9.711e-03
4530	4.072e+02	331	9.567e-03
4531	4.073e+02	313	9.046e-03
4532	4.074e+02	386	1.116e-02
4533	4.075e+02	346	1.000e-02
4534	4.076e+02	336	9.711e-03
4535	4.077e+02	345	9.971e-03
4536	4.078e+02	326	9.422e-03
4537	4.079e+02	337	9.740e-03
4538	4.080e+02	361	1.043e-02
4539	4.081e+02	329	9.509e-03
4540	4.081e+02	373	1.078e-02
4541	4.082e+02	322	9.306e-03
4542	4.083e+02	355	1.026e-02
4543	4.084e+02	300	8.671e-03
4544	4.085e+02	328	9.480e-03
4545	4.086e+02	331	9.567e-03
4546	4.087e+02	319	9.220e-03
4547	4.088e+02	333	9.624e-03
4548	4.089e+02	315	9.104e-03
4549	4.090e+02	307	8.873e-03
4550	4.090e+02	341	9.856e-03
4551	4.091e+02	325	9.393e-03
4552	4.092e+02	359	1.038e-02
4553	4.093e+02	310	8.960e-03
4554	4.094e+02	315	9.104e-03
4555	4.095e+02	344	9.942e-03
4556	4.096e+02	356	1.029e-02
4557	4.097e+02	342	9.884e-03
4558	4.098e+02	355	1.026e-02
4559	4.099e+02	333	9.624e-03
4560	4.099e+02	363	1.049e-02
4561	4.100e+02	333	9.624e-03
4562	4.101e+02	342	9.884e-03
4563	4.102e+02	375	1.084e-02
4564	4.103e+02	330	9.538e-03
4565	4.104e+02	359	1.038e-02
4566	4.105e+02	348	1.006e-02
4567	4.106e+02	347	1.003e-02
4568	4.107e+02	387	1.119e-02
4569	4.108e+02	406	1.173e-02
4570	4.108e+02	448	1.295e-02
4571	4.109e+02	411	1.188e-02
4572	4.110e+02	429	1.240e-02
4573	4.111e+02	445	1.286e-02
4574	4.112e+02	449	1.298e-02
4575	4.113e+02	419	1.211e-02
4576	4.114e+02	427	1.234e-02
4577	4.115e+02	475	1.373e-02
4578	4.116e+02	391	1.130e-02
4579	4.117e+02	452	1.306e-02
4580	4.117e+02	422	1.220e-02
4581	4.118e+02	401	1.159e-02
4582	4.119e+02	448	1.295e-02
4583	4.120e+02	422	1.220e-02
4584	4.121e+02	355	1.026e-02
4585	4.122e+02	358	1.035e-02
4586	4.123e+02	324	9.364e-03
4587	4.124e+02	325	9.393e-03
4588	4.125e+02	343	9.913e-03
4589	4.126e+02	341	9.856e-03
4590	4.126e+02	334	9.653e-03
4591	4.127e+02	293	8.468e-03
4592	4.128e+02	329	9.509e-03
4593	4.129e+02	293	8.468e-03
4594	4.130e+02	323	9.335e-03
4595	4.131e+02	315	9.104e-03
4596	4.132e+02	301	8.699e-03
4597	4.133e+02	325	9.393e-03
4598	4.134e+02	308	8.902e-03
4599	4.135e+02	291	8.410e-03
4600	4.135e+02	324	9.364e-03
4601	4.136e+02	328	9.480e-03
4602	4.137e+02	318	9.191e-03
4603	4.138e+02	317	9.162e-03
4604	4.139e+02	320	9.249e-03
4605	4.140e+02	335	9.682e-03
4606	4.141e+02	318	9.191e-03
4607	4.142e+02	319	9.220e-03
4608	4.143e+02	291	8.410e-03
4609	4.144e+02	317	9.162e-03
4610	4.144e+02	363	1.049e-02
4611	4.145e+02	298	8.613e-03
4612	4.146e+02	336	9.711e-03
4613	4.147e+02	327	9.451e-03
4614	4.148e+02	301	8.699e-03
4615	4.149e+02	291	8.410e-03
4616	4.150e+02	346	1.000e-02
4617	4.151e+02	271	7.832e-03
4618	4.152e+02	294	8.497e-03
4619	4.153e+02	331	9.567e-03
4620	4.153e+02	279	8.064e-03
4621	4.154e+02	315	9.104e-03
4622	4.155e+02	269	7.775e-03
4623	4.156e+02	306	8.844e-03
4624	4.157e+02	347	1.003e-02
4625	4.158e+02	317	9.162e-03
4626	4.159e+02	336	9.711e-03
4627	4.160e+02	333	9.624e-03
4628	4.161e+02	291	8.410e-03
4629	4.162e+02	295	8.526e-03
4630	4.162e+02	302	8.728e-03
4631	4.163e+02	301	8.699e-03
4632	4.164e+02	317	9.162e-03
4633	4.165e+02	273	7.890e-03
4634	4.166e+02	329	9.509e-03
4635	4.167e+02	301	8.699e-03
4636	4.168e+02	329	9.509e-03
4637	4.169e+02	344	9.942e-03
4638	4.170e+02	304	8.786e-03
4639	4.170e+02	340	9.827e-03
4640	4.171e+02	308	8.902e-03
4641	4.172e+02	307	8.873e-03
4642	4.173e+02	316	9.133e-03
4643	4.174e+02	314	9.075e-03
4644	4.175e+02	309	8.931e-03
4645	4.176e+02	333	9.624e-03
4646	4.177e+02	317	9.162e-03
4647	4.178e+02	290	8.382e-03
4648	4.179e+02	285	8.237e-03
4649	4.179e+02	307	8.873e-03
4650	4.180e+02	291	8.410e-03
4651	4.181e+02	299	8.642e-03
4652	4.182e+02	295	8.526e-03
4653	4.183e+02	302	8.728e-03
4654	4.184e+02	328	9.480e-03
4655	4.185e+02	296	8.555e-03
4656	4.186e+02	327	9.451e-03
4657	4.187e+02	305	8.815e-03
4658	4.188e+02	258	7.457e-03
4659	4.188e+02	293	8.468e-03
4660	4.189e+02	295	8.526e-03
4661	4.190e+02	343	9.913e-03
4662	4.191e+02	333	9.624e-03
4663	4.192e+02	283	8.179e-03
4664	4.193e+02	297	8.584e-03
4665	4.194e+02	290	8.382e-03
4666	4.195e+02	312	9.017e-03
4667	4.196e+02	290	8.382e-03
4668	4.197e+02	309	8.931e-03
4669	4.197e+02	287	8.295e-03
4670	4.198e+02	295	8.526e-03
4671	4.199e+02	295	8.526e-03
4672	4.200e+02	296	8.555e-03
4673	4.201e+02	283	8.179e-03
4674	4.202e+02	309	8.931e-03
4675	4.203e+02	296	8.555e-03
4676	4.204e+02	327	9.451e-03
4677	4.205e+02	268	7.746e-03
4678	4.206e+02	327	9.451e-03
4679	4.206e+02	290	8.382e-03
4680	4.207e+02	289	8.353e-03
4681	4.208e+02	306	8.844e-03
4682	4.209e+02	297	8.584e-03
4683	4.210e+02	323	9.335e-03
4684	4.211e+02	329	9.509e-03
4685	4.212e+02	310	8.960e-03
4686	4.213e+02	292	8.439e-03
4687	4.214e+02	331	9.567e-03
4688	4.215e+02	287	8.295e-03
4689	4.215e+02	315	9.104e-03
4690	4.216e+02	313	9.046e-03
4691	4.217e+02	312	9.017e-03
4692	4.218e+02	313	9.046e-03
4693	4.219e+02	272	7.861e-03
4694	4.220e+02	299	8.642e-03
4695	4.221e+02	329	9.509e-03
4696	4.222e+02	306	8.844e-03
4697	4.223e+02	292	8.439e-03
4698	4.224e+02	295	8.526e-03
4699	4.224e+02	285	8.237e-03
4700	4.225e+02	308	8.902e-03
4701	4.226e+02	280	8.093e-03
4702	4.227e+02	325	9.393e-03
4703	4.228e+02	318	9.191e-03
4704	4.229e+02	317	9.162e-03
4705	4.230e+02	293	8.468e-03
4706	4.231e+02	331	9.567e-03
4707	4.232e+02	345	9.971e-03
4708	4.233e+02	305	8.815e-03
4709	4.233e+02	301	8.699e-03
4710	4.234e+02	306	8.844e-03
4711	4.235e+02	345	9.971e-03
4712	4.236e+02	310	8.960e-03
4713	4.237e+02	310	8.960e-03
4714	4.238e+02	289	8.353e-03
4715	4.239e+02	302	8.728e-03
4716	4.240e+02	274	7.919e-03
4717	4.241e+02	301	8.699e-03
4718	4.242e+02	302	8.728e-03
4719	4.242e+02	286	8.266e-03
4720	4.243e+02	313	9.046e-03
4721	4.244e+02	288	8.324e-03
4722	4.245e+02	337	9.740e-03
4723	4.246e+02	300	8.671e-03
4724	4.247e+02	290	8.382e-03
4725	4.248e+02	333	9.624e-03
4726	4.249e+02	267	7.717e-03
4727	4.250e+02	301	8.699e-03
4728	4.251e+02	324	9.364e-03
4729	4.251e+02	284	8.208e-03
4730	4.252e+02	288	8.324e-03
4731	4.253e+02	286	8.266e-03
4732	4.254e+02	318	9.191e-03
4733	4.255e+02	282	8.150e-03
4734	4.256e+02	312	9.017e-03
4735	4.257e+02	288	8.324e-03
4736	4.258e+02	320	9.249e-03
4737	4.259e+02	319	9.220e-03
4738	4.260e+02	291	8.410e-03
4739	4.260e+02	297	8.584e-03
4740	4.261e+02	305	8.815e-03
4741	4.262e+02	315	9.104e-03
4742	4.263e+02	281	8.121e-03
4743	4.264e+02	289	8.353e-03
4744	4.265e+02	288	8.324e-03
4745	4.266e+02	265	7.659e-03
4746	4.267e+02	285	8.237e-03
4747	4.268e+02	319	9.220e-03
4748	4.269e+02	323	9.335e-03
4749	4.269e+02	292	8.439e-03
4750	4.270e+02	302	8.728e-03
4751	4.271e+02	283	8.179e-03
4752	4.272e+02	307	8.873e-03
4753	4.273e+02	306	8.844e-03
4754	4.274e+02	307	8.873e-03
4755	4.275e+02	288	8.324e-03
4756	4.276e+02	299	8.642e-03
4757	4.277e+02	299	8.642e-03
4758	4.277e+02	305	8.815e-03
4759	4.278e+02	276	7.977e-03
4760	4.279e+02	316	9.133e-03
4761	4.280e+02	296	8.555e-03
4762	4.281e+02	310	8.960e-03
4763	4.282e+02	318	9.191e-03
4764	4.283e+02	303	8.757e-03
4765	4.284e+02	317	9.162e-03
4766	4.285e+02	322	9.306e-03
4767	4.286e+02	340	9.827e-03
4768	4.286e+02	304	8.786e-03
4769	4.287e+02	307	8.873e-03
4770	4.288e+02	296	8.555e-03
4771	4.289e+02	317	9.162e-03
4772	4.290e+02	280	8.093e-03
4773	4.291e+02	297	8.584e-03
4774	4.292e+02	293	8.468e-03
4775	4.293e+02	318	9.191e-03
4776	4.294e+02	321	9.278e-03
4777	4.295e+02	311	8.988e-03
4778	4.295e+02	302	8.728e-03
4779	4.296e+02	311	8.988e-03
4780	4.297e+02	290	8.382e-03
4781	4.298e+02	309	8.931e-03
4782	4.299e+02	282	8.150e-03
4783	4.300e+02	262	7.572e-03
4784	4.301e+02	300	8.671e-03
4785	4.302e+02	322	9.306e-03
4786	4.303e+02	317	9.162e-03
4787	4.304e+02	296	8.555e-03
4788	4.304e+02	313	9.046e-03
4789	4.305e+02	292	8.439e-03
4790	4.306e+02	277	8.006e-03
4791	4.307e+02	320	9.249e-03
4792	4.308e+02	318	9.191e-03
4793	4.309e+02	284	8.208e-03
4794	4.310e+02	289	8.353e-03
4795	4.311e+02	298	8.613e-03
4796	4.312e+02	327	9.451e-03
4797	4.313e+02	291	8.410e-03
4798	4.313e+02	343	9.913e-03
4799	4.314e+02	269	7.775e-03
4800	4.315e+02	313	9.046e-03
4801	4.316e+02	313	9.046e-03
4802	4.317e+02	319	9.220e-03
4803	4.318e+02	298	8.613e-03
4804	4.319e+02	330	9.538e-03
4805	4.320e+02	276	7.977e-03
4806	4.321e+02	313	9.046e-03
4807	4.322e+02	288	8.324e-03
4808	4.322e+02	325	9.393e-03
4809	4.323e+02	335	9.682e-03
4810	4.324e+02	294	8.497e-03
4811	4.325e+02	285	8.237e-03
4812	4.326e+02	274	7.919e-03
4813	4.327e+02	278	8.035e-03
4814	4.328e+02	300	8.671e-03
4815	4.329e+02	276	7.977e-03
4816	4.330e+02	326	9.422e-03
4817	4.331e+02	324	9.364e-03
4818	4.331e+02	301	8.699e-03
4819	4.332e+02	272	7.861e-03
4820	4.333e+02	319	9.220e-03
4821	4.334e+02	280	8.093e-03
4822	4.335e+02	299	8.642e-03
4823	4.336e+02	303	8.757e-03
4824	4.337e+02	294	8.497e-03
4825	4.338e+02	305	8.815e-03
4826	4.339e+02	308	8.902e-03
4827	4.340e+02	312	9.017e-03
4828	4.340e+02	288	8.324e-03
4829	4.341e+02	312	9.017e-03
4830	4.342e+02	307	8.873e-03
4831	4.343e+02	285	8.237e-03
4832	4.344e+02	264	7.630e-03
4833	4.345e+02	312	9.017e-03
4834	4.346e+02	266	7.688e-03
4835	4.347e+02	278	8.035e-03
4836	4.348e+02	290	8.382e-03
4837	4.349e+02	287	8.295e-03
4838	4.349e+02	276	7.977e-03
4839	4.350e+02	302	8.728e-03
4840	4.351e+02	291	8.410e-03
4841	4.352e+02	309	8.931e-03
4842	4.353e+02	323	9.335e-03
4843	4.354e+02	280	8.093e-03
4844	4.355e+02	262	7.572e-03
4845	4.356e+02	290	8.382e-03
4846	4.357e+02	282	8.150e-03
4847	4.358e+02	298	8.613e-03
4848	4.358e+02	314	9.075e-03
4849	4.359e+02	320	9.249e-03
4850	4.360e+02	298	8.613e-03
4851	4.361e+02	286	8.266e-03
4852	4.362e+02	301	8.699e-03
4853	4.363e+02	300	8.671e-03
4854	4.364e+02	344	9.942e-03
4855	4.365e+02	291	8.410e-03
4856	4.366e+02	263	7.601e-03
4857	4.367e+02	284	8.208e-03
4858	4.367e+02	302	8.728e-03
4859	4.368e+02	293	8.468e-03
4860	4.369e+02	270	7.804e-03
4861	4.370e+02	293	8.468e-03
4862	4.371e+02	288	8.324e-03
4863	4.372e+02	302	8.728e-03
4864	4.373e+02	273	7.890e-03
4865	4.374e+02	318	9.191e-03
4866	4.375e+02	342	9.884e-03
4867	4.376e+02	306	8.844e-03
4868	4.376e+02	297	8.584e-03
4869	4.377e+02	287	8.295e-03
4870	4.378e+02	285	8.237e-03
4871	4.379e+02	294	8.497e-03
4872	4.380e+02	298	8.613e-03
4873	4.381e+02	294	8.497e-03
4874	4.382e+02	295	8.526e-03
4875	4.383e+02	266	7.688e-03
4876	4.384e+02	287	8.295e-03
4877	4.385e+02	310	8.960e-03
4878	4.385e+02	305	8.815e-03
4879	4.386e+02	274	7.919e-03
4880	4.387e+02	318	9.191e-03
4881	4.388e+02	303	8.757e-03
4882	4.389e+02	327	9.451e-03
4883	4.390e+02	291	8.410e-03
4884	4.391e+02	323	9.335e-03
4885	4.392e+02	269	7.775e-03
4886	4.393e+02	316	9.133e-03
4887	4.393e+02	313	9.046e-03
4888	4.394e+02	301	8.699e-03
4889	4.395e+02	330	9.538e-03
4890	4.396e+02	310	8.960e-03
4891	4.397e+02	319	9.220e-03
4892	4.398e+02	320	9.249e-03
4893	4.399e+02	292	8.439e-03
4894	4.400e+02	315	9.104e-03
4895	4.401e+02	304	8.786e-03
4896	4.402e+02	294	8.497e-03
4897	4.402e+02	272	7.861e-03
4898	4.403e+02	288	8.324e-03
4899	4.404e+02	288	8.324e-03
4900	4.405e+02	276	7.977e-03
4901	4.406e+02	289	8.353e-03
4902	4.407e+02	309	8.931e-03
4903	4.408e+02	301	8.699e-03
4904	4.409e+02	317	9.162e-03
4905	4.410e+02	307	8.873e-03
4906	4.411e+02	315	9.104e-03
4907	4.411e+02	307	8.873e-03
4908	4.412e+02	314	9.075e-03
4909	4.413e+02	275	7.948e-03
4910	4.414e+02	263	7.601e-03
4911	4.415e+02	303	8.757e-03
4912	4.416e+02	337	9.740e-03
4913	4.417e+02	284	8.208e-03
4914	4.418e+02	270	7.804e-03
4915	4.419e+02	285	8.237e-03
4916	4.420e+02	295	8.526e-03
4917	4.420e+02	275	7.948e-03
4918	4.421e+02	310	8.960e-03
4919	4.422e+02	299	8.642e-03
4920	4.423e+02	274	7.919e-03
4921	4.424e+02	304	8.786e-03
4922	4.425e+02	307	8.873e-03
4923	4.426e+02	284	8.208e-03
4924	4.427e+02	331	9.567e-03
4925	4.428e+02	305	8.815e-03
4926	4.429e+02	344	9.942e-03
4927	4.429e+02	304	8.786e-03
4928	4.430e+02	331	9.567e-03
4929	4.431e+02	354	1.023e-02
4930	4.432e+02	345	9.971e-03
4931	4.433e+02	382	1.104e-02
4932	4.434e+02	423	1.223e-02
4933	4.435e+02	387	1.119e-02
4934	4.436e+02	435	1.257e-02
4935	4.437e+02	466	1.347e-02
4936	4.438e+02	530	1.532e-02
4937	4.438e+02	533	1.540e-02
4938	4.439e+02	631	1.824e-02
4939	4.440e+02	616	1.780e-02
4940	4.441e+02	642	1.856e-02
4941	4.442e+02	649	1.876e-02
4942	4.443e+02	688	1.988e-02
4943	4.444e+02	714	2.064e-02
4944	4.445e+02	798	2.306e-02
4945	4.446e+02	752	2.173e-02
4946	4.447e+02	744	2.150e-02
4947	4.447e+02	749	2.165e-02
4948	4.448e+02	737	2.130e-02
4949	4.449e+02	694	2.006e-02
4950	4.450e+02	690	1.994e-02
4951	4.451e+02	672	1.942e-02
4952	4.452e+02	645	1.864e-02
4953	4.453e+02	596	1.723e-02
4954	4.454e+02	545	1.575e-02
4955	4.455e+02	532	1.538e-02
4956	4.456e+02	475	1.373e-02
4957	4.456e+02	468	1.353e-02
4958	4.457e+02	410	1.185e-02
4959	4.458e+02	426	1.231e-02
4960	4.459e+02	396	1.145e-02
4961	4.460e+02	341	9.856e-03
4962	4.461e+02	342	9.884e-03
4963	4.462e+02	358	1.035e-02
4964	4.463e+02	345	9.971e-03
4965	4.464e+02	335	9.682e-03
4966	4.465e+02	325	9.393e-03
4967	4.465e+02	304	8.786e-03
4968	4.466e+02	279	8.064e-03
4969	4.467e+02	297	8.584e-03
4970	4.468e+02	270	7.804e-03
4971	4.469e+02	289	8.353e-03
4972	4.470e+02	288	8.324e-03
4973	4.471e+02	285	8.237e-03
4974	4.472e+02	295	8.526e-03
4975	4.473e+02	306	8.844e-03
4976	4.474e+02	325	9.393e-03
4977	4.474e+02	280	8.093e-03
4978	4.475e+02	315	9.104e-03
4979	4.476e+02	298	8.613e-03
4980	4.477e+02	260	7.514e-03
4981	4.478e+02	290	8.382e-03
4982	4.479e+02	288	8.324e-03
4983	4.480e+02	306	8.844e-03
4984	4.481e+02	304	8.786e-03
4985	4.482e+02	271	7.832e-03
4986	4.483e+02	265	7.659e-03
4987	4.483e+02	295	8.526e-03
4988	4.484e+02	320	9.249e-03
4989	4.485e+02	329	9.509e-03
4990	4.486e+02	296	8.555e-03
4991	4.487e+02	289	8.353e-03
4992	4.488e+02	330	9.538e-03
4993	4.489e+02	329	9.509e-03
4994	4.490e+02	292	8.439e-03
4995	4.491e+02	279	8.064e-03
4996	4.492e+02	305	8.815e-03
4997	4.492e+02	284	8.208e-03
4998	4.493e+02	314	9.075e-03
4999	4.494e+02	281	8.121e-03
5000	4.495e+02	294	8.497e-03
5001	4.496e+02	283	8.179e-03
5002	4.497e+02	278	8.035e-03
5003	4.498e+02	271	7.832e-03
5004	4.499e+02	296	8.555e-03
5005	4.500e+02	280	8.093e-03
5006	4.500e+02	318	9.191e-03
5007	4.501e+02	308	8.902e-03
5008	4.502e+02	285	8.237e-03
5009	4.503e+02	272	7.861e-03
5010	4.504e+02	308	8.902e-03
5011	4.505e+02	305	8.815e-03
5012	4.506e+02	290	8.382e-03
5013	4.507e+02	314	9.075e-03
5014	4.508e+02	269	7.775e-03
5015	4.509e+02	311	8.988e-03
5016	4.509e+02	260	7.514e-03
5017	4.510e+02	299	8.642e-03
5018	4.511e+02	304	8.786e-03
5019	4.512e+02	297	8.584e-03
5020	4.513e+02	326	9.422e-03
5021	4.514e+02	307	8.873e-03
5022	4.515e+02	305	8.815e-03
5023	4.516e+02	280	8.093e-03
5024	4.517e+02	306	8.844e-03
5025	4.518e+02	271	7.832e-03
5026	4.518e+02	331	9.567e-03
5027	4.519e+02	274	7.919e-03
5028	4.520e+02	257	7.428e-03
5029	4.521e+02	334	9.653e-03
5030	4.522e+02	275	7.948e-03
5031	4.523e+02	272	7.861e-03
5032	4.524e+02	270	7.804e-03
5033	4.525e+02	263	7.601e-03
5034	4.526e+02	310	8.960e-03
5035	4.527e+02	336	9.711e-03
5036	4.527e+02	310	8.960e-03
5037	4.528e+02	295	8.526e-03
5038	4.529e+02	312	9.017e-03
5039	4.530e+02	319	9.220e-03
5040	4.531e+02	273	7.890e-03
5041	4.532e+02	307	8.873e-03
5042	4.533e+02	269	7.775e-03
5043	4.534e+02	275	7.948e-03
5044	4.535e+02	263	7.601e-03
5045	4.536e+02	318	9.191e-03
5046	4.536e+02	302	8.728e-03
5047	4.537e+02	318	9.191e-03
5048	4.538e+02	298	8.613e-03
5049	4.539e+02	290	8.382e-03
5050	4.540e+02	278	8.035e-03
5051	4.541e+02	291	8.410e-03
5052	4.542e+02	251	7.254e-03
5053	4.543e+02	287	8.295e-03
5054	4.544e+02	298	8.613e-03
5055	4.545e+02	288	8.324e-03
5056	4.545e+02	291	8.410e-03
5057	4.546e+02	293	8.468e-03
5058	4.547e+02	331	9.567e-03
5059	4.548e+02	296	8.555e-03
5060	4.549e+02	320	9.249e-03
5061	4.550e+02	309	8.931e-03
5062	4.551e+02	272	7.861e-03
5063	4.552e+02	274	7.919e-03
5064	4.553e+02	280	8.093e-03
5065	4.554e+02	326	9.422e-03
5066	4.554e+02	284	8.208e-03
5067	4.555e+02	286	8.266e-03
5068	4.556e+02	285	8.237e-03
5069	4.557e+02	289	8.353e-03
5070	4.558e+02	310	8.960e-03
5071	4.559e+02	312	9.017e-03
5072	4.560e+02	241	6.965e-03
5073	4.561e+02	303	8.757e-03
5074	4.562e+02	315	9.104e-03
5075	4.563e+02	307	8.873e-03
5076	4.563e+02	289	8.353e-03
5077	4.564e+02	295	8.526e-03
5078	4.565e+02	277	8.006e-03
5079	4.566e+02	279	8.064e-03
5080	4.567e+02	292	8.439e-03
5081	4.568e+02	292	8.439e-03
5082	4.569e+02	313	9.046e-03
5083	4.570e+02	294	8.497e-03
5084	4.571e+02	285	8.237e-03
5085	4.572e+02	296	8.555e-03
5086	4.572e+02	288	8.324e-03
5087	4.573e+02	335	9.682e-03
5088	4.574e+02	274	7.919e-03
5089	4.575e+02	280	8.093e-03
5090	4.576e+02	302	8.728e-03
5091	4.577e+02	277	8.006e-03
5092	4.578e+02	279	8.064e-03
5093	4.579e+02	292	8.439e-03
5094	4.580e+02	303	8.757e-03
5095	4.581e+02	297	8.584e-03
5096	4.581e+02	302	8.728e-03
5097	4.582e+02	346	1.000e-02
5098	4.583e+02	309	8.931e-03
5099	4.584e+02	275	7.948e-03
5100	4.585e+02	290	8.382e-03
5101	4.586e+02	261	7.543e-03
5102	4.587e+02	311	8.988e-03
5103	4.588e+02	315	9.104e-03
5104	4.589e+02	278	8.035e-03
5105	4.590e+02	301	8.699e-03
5106	4.590e+02	314	9.075e-03
5107	4.591e+02	284	8.208e-03
5108	4.592e+02	313	9.046e-03
5109	4.593e+02	259	7.486e-03
5110	4.594e+02	286	8.266e-03
5111	4.595e+02	276	7.977e-03
5112	4.596e+02	276	7.977e-03
5113	4.597e+02	296	8.555e-03
5114	4.598e+02	304	8.786e-03
5115	4.599e+02	326	9.422e-03
5116	4.599e+02	272	7.861e-03
5117	4.600e+02	275	7.948e-03
5118	4.601e+02	270	7.804e-03
5119	4.602e+02	300	8.671e-03
5120	4.603e+02	296	8.555e-03
5121	4.604e+02	304	8.786e-03
5122	4.605e+02	278	8.035e-03
5123	4.606e+02	281	8.121e-03
5124	4.607e+02	269	7.775e-03
5125	4.608e+02	312	9.017e-03
5126	4.608e+02	323	9.335e-03
5127	4.609e+02	309	8.931e-03
5128	4.610e+02	243	7.023e-03
5129	4.611e+02	304	8.786e-03
5130	4.612e+02	325	9.393e-03
5131	4.613e+02	283	8.179e-03
5132	4.614e+02	286	8.266e-03
5133	4.615e+02	308	8.902e-03
5134	4.616e+02	291	8.410e-03
5135	4.616e+02	287	8.295e-03
5136	4.617e+02	333	9.624e-03
5137	4.618e+02	310	8.960e-03
5138	4.619e+02	275	7.948e-03
5139	4.620e+02	295	8.526e-03
5140	4.621e+02	255	7.370e-03
5141	4.622e+02	318	9.191e-03
5142	4.623e+02	307	8.873e-03
5143	4.624e+02	284	8.208e-03
5144	4.625e+02	292	8.439e-03
5145	4.625e+02	270	7.804e-03
5146	4.626e+02	258	7.457e-03
5147	4.627e+02	284	8.208e-03
5148	4.628e+02	290	8.382e-03
5149	4.629e+02	281	8.121e-03
5150	4.630e+02	303	8.757e-03
5151	4.631e+02	298	8.613e-03
5152	4.632e+02	296	8.555e-03
5153	4.633e+02	283	8.179e-03
5154	4.634e+02	301	8.699e-03
5155	4.634e+02	294	8.497e-03
5156	4.635e+02	308	8.902e-03
5157	4.636e+02	261	7.543e-03
5158	4.637e+02	281	8.121e-03
5159	4.638e+02	261	7.543e-03
5160	4.639e+02	313	9.046e-03
5161	4.640e+02	269	7.775e-03
5162	4.641e+02	314	9.075e-03
5163	4.642e+02	329	9.509e-03
5164	4.643e+02	314	9.075e-03
5165	4.643e+02	309	8.931e-03
5166	4.644e+02	281	8.121e-03
5167	4.645e+02	279	8.064e-03
5168	4.646e+02	249	7.197e-03
5169	4.647e+02	312	9.017e-03
5170	4.648e+02	307	8.873e-03
5171	4.649e+02	306	8.844e-03
5172	4.650e+02	318	9.191e-03
5173	4.651e+02	301	8.699e-03
5174	4.652e+02	282	8.150e-03
5175	4.652e+02	240	6.936e-03
5176	4.653e+02	321	9.278e-03
5177	4.654e+02	310	8.960e-03
5178	4.655e+02	270	7.804e-03
5179	4.656e+02	291	8.410e-03
5180	4.657e+02	256	7.399e-03
5181	4.658e+02	299	8.642e-03
5182	4.659e+02	297	8.584e-03
5183	4.660e+02	282	8.150e-03
5184	4.661e+02	305	8.815e-03
5185	4.661e+02	314	9.075e-03
5186	4.662e+02	319	9.220e-03
5187	4.663e+02	261	7.543e-03
5188	4.664e+02	303	8.757e-03
5189	4.665e+02	288	8.324e-03
5190	4.666e+02	328	9.480e-03
5191	4.667e+02	304	8.786e-03
5192	4.668e+02	277	8.006e-03
5193	4.669e+02	282	8.150e-03
5194	4.670e+02	290	8.382e-03
5195	4.670e+02	296	8.555e-03
5196	4.671e+02	324	9.364e-03
5197	4.672e+02	327	9.451e-03
5198	4.673e+02	294	8.497e-03
5199	4.674e+02	313	9.046e-03
5200	4.675e+02	312	9.017e-03
5201	4.676e+02	338	9.769e-03
5202	4.677e+02	341	9.856e-03
5203	4.678e+02	277	8.006e-03
5204	4.679e+02	316	9.133e-03
5205	4.679e+02	306	8.844e-03
5206	4.680e+02	310	8.960e-03
5207	4.681e+02	314	9.075e-03
5208	4.682e+02	294	8.497e-03
5209	4.683e+02	299	8.642e-03
5210	4.684e+02	304	8.786e-03
5211	4.685e+02	312	9.017e-03
5212	4.686e+02	327	9.451e-03
5213	4.687e+02	341	9.856e-03
5214	4.688e+02	318	9.191e-03
5215	4.688e+02	291	8.410e-03
5216	4.689e+02	287	8.295e-03
5217	4.690e+02	305	8.815e-03
5218	4.691e+02	325	9.393e-03
5219	4.692e+02	329	9.509e-03
5220	4.693e+02	285	8.237e-03
5221	4.694e+02	294	8.497e-03
5222	4.695e+02	287	8.295e-03
5223	4.696e+02	299	8.642e-03
5224	4.697e+02	308	8.902e-03
5225	4.697e+02	267	7.717e-03
5226	4.698e+02	262	7.572e-03
5227	4.699e+02	291	8.410e-03
5228	4.700e+02	247	7.139e-03
5229	4.701e+02	288	8.324e-03
5230	4.702e+02	292	8.439e-03
5231	4.703e+02	331	9.567e-03
5232	4.704e+02	288	8.324e-03
5233	4.705e+02	305	8.815e-03
5234	4.706e+02	276	7.977e-03
5235	4.706e+02	261	7.543e-03
5236	4.707e+02	327	9.451e-03
5237	4.708e+02	302	8.728e-03
5238	4.709e+02	278	8.035e-03
5239	4.710e+02	316	9.133e-03
5240	4.711e+02	263	7.601e-03
5241	4.712e+02	282	8.150e-03
5242	4.713e+02	324	9.364e-03
5243	4.714e+02	312	9.017e-03
5244	4.715e+02	309	8.931e-03
5245	4.715e+02	298	8.613e-03
5246	4.716e+02	305	8.815e-03
5247	4.717e+02	288	8.324e-03
5248	4.718e+02	302	8.728e-03
5249	4.719e+02	291	8.410e-03
5250	4.720e+02	276	7.977e-03
5251	4.721e+02	303	8.757e-03
5252	4.722e+02	268	7.746e-03
5253	4.723e+02	296	8.555e-03
5254	4.724e+02	295	8.526e-03
5255	4.724e+02	288	8.324e-03
5256	4.725e+02	304	8.786e-03
5257	4.726e+02	290	8.382e-03
5258	4.727e+02	284	8.208e-03
5259	4.728e+02	292	8.439e-03
5260	4.729e+02	303	8.757e-03
5261	4.730e+02	302	8.728e-03
5262	4.731e+02	298	8.613e-03
5263	4.732e+02	308	8.902e-03
5264	4.732e+02	314	9.075e-03
5265	4.733e+02	292	8.439e-03
5266	4.734e+02	316	9.133e-03
5267	4.735e+02	284	8.208e-03
5268	4.736e+02	284	8.208e-03
5269	4.737e+02	263	7.601e-03
5270	4.738e+02	278	8.035e-03
5271	4.739e+02	329	9.509e-03
5272	4.740e+02	292	8.439e-03
5273	4.741e+02	297	8.584e-03
5274	4.741e+02	260	7.514e-03
5275	4.742e+02	317	9.162e-03
5276	4.743e+02	301	8.699e-03
5277	4.744e+02	308	8.902e-03
5278	4.745e+02	309	8.931e-03
5279	4.746e+02	288	8.324e-03
5280	4.747e+02	265	7.659e-03
5281	4.748e+02	254	7.341e-03
5282	4.749e+02	309	8.931e-03
5283	4.750e+02	277	8.006e-03
5284	4.750e+02	322	9.306e-03
5285	4.751e+02	301	8.699e-03
5286	4.752e+02	264	7.630e-03
5287	4.753e+02	301	8.699e-03
5288	4.754e+02	295	8.526e-03
5289	4.755e+02	289	8.353e-03
5290	4.756e+02	336	9.711e-03
5291	4.757e+02	314	9.075e-03
5292	4.758e+02	283	8.179e-03
5293	4.759e+02	290	8.382e-03
5294	4.759e+02	285	8.237e-03
5295	4.760e+02	283	8.179e-03
5296	4.761e+02	314	9.075e-03
5297	4.762e+02	266	7.688e-03
5298	4.763e+02	284	8.208e-03
5299	4.764e+02	282	8.150e-03
5300	4.765e+02	270	7.804e-03
5301	4.766e+02	305	8.815e-03
5302	4.767e+02	304	8.786e-03
5303	4.768e+02	296	8.555e-03
5304	4.768e+02	316	9.133e-03
5305	4.769e+02	317	9.162e-03
5306	4.770e+02	311	8.988e-03
5307	4.771e+02	285	8.237e-03
5308	4.772e+02	326	9.422e-03
5309	4.773e+02	279	8.064e-03
5310	4.774e+02	281	8.121e-03
5311	4.775e+02	317	9.162e-03
5312	4.776e+02	337	9.740e-03
5313	4.777e+02	325	9.393e-03
5314	4.777e+02	378	1.092e-02
5315	4.778e+02	361	1.043e-02
5316	4.779e+02	376	1.087e-02
5317	4.780e+02	385	1.113e-02
5318	4.781e+02	374	1.081e-02
5319	4.782e+02	409	1.182e-02
5320	4.783e+02	388	1.121e-02
5321	4.784e+02	435	1.257e-02
5322	4.785e+02	378	1.092e-02
5323	4.786e+02	422	1.220e-02
5324	4.786e+02	429	1.240e-02
5325	4.787e+02	393	1.136e-02
5326	4.788e+02	421	1.217e-02
5327	4.789e+02	380	1.098e-02
5328	4.790e+02	415	1.199e-02
5329	4.791e+02	394	1.139e-02
5330	4.792e+02	354	1.023e-02
5331	4.793e+02	347	1.003e-02
5332	4.794e+02	381	1.101e-02
5333	4.795e+02	332	9.595e-03
5334	4.795e+02	320	9.249e-03
5335	4.796e+02	344	9.942e-03
5336	4.797e+02	330	9.538e-03
5337	4.798e+02	297	8.584e-03
5338	4.799e+02	335	9.682e-03
5339	4.800e+02	349	1.009e-02
5340	4.801e+02	309	8.931e-03
5341	4.802e+02	303	8.757e-03
5342	4.803e+02	308	8.902e-03
5343	4.804e+02	314	9.075e-03
5344	4.804e+02	285	8.237e-03
5345	4.805e+02	292	8.439e-03
5346	4.806e+02	291	8.410e-03
5347	4.807e+02	307	8.873e-03
5348	4.808e+02	316	9.133e-03
5349	4.809e+02	301	8.699e-03
5350	4.810e+02	290	8.382e-03
5351	4.811e+02	264	7.630e-03
5352	4.812e+02	270	7.804e-03
5353	4.813e+02	334	9.653e-03
5354	4.813e+02	245	7.081e-03
5355	4.814e+02	318	9.191e-03
5356	4.815e+02	307	8.873e-03
5357	4.816e+02	304	8.786e-03
5358	4.817e+02	278	8.035e-03
5359	4.818e+02	285	8.237e-03
5360	4.819e+02	285	8.237e-03
5361	4.820e+02	286	8.266e-03
5362	4.821e+02	307	8.873e-03
5363	4.822e+02	278	8.035e-03
5364	4.822e+02	279	8.064e-03
5365	4.823e+02	284	8.208e-03
5366	4.824e+02	279	8.064e-03
5367	4.825e+02	316	9.133e-03
5368	4.826e+02	323	9.335e-03
5369	4.827e+02	275	7.948e-03
5370	4.828e+02	279	8.064e-03
5371	4.829e+02	314	9.075e-03
5372	4.830e+02	284	8.208e-03
5373	4.831e+02	302	8.728e-03
5374	4.831e+02	294	8.497e-03
5375	4.832e+02	281	8.121e-03
5376	4.833e+02	296	8.555e-03
5377	4.834e+02	276	7.977e-03
5378	4.835e+02	277	8.006e-03
5379	4.836e+02	353	1.020e-02
5380	4.837e+02	335	9.682e-03
5381	4.838e+02	289	8.353e-03
5382	4.839e+02	309	8.931e-03
5383	4.839e+02	289	8.353e-03
5384	4.840e+02	301	8.699e-03
5385	4.841e+02	299	8.642e-03
5386	4.842e+02	306	8.844e-03
5387	4.843e+02	305	8.815e-03
5388	4.844e+02	302	8.728e-03
5389	4.845e+02	295	8.526e-03
5390	4.846e+02	303	8.757e-03
5391	4.847e+02	300	8.671e-03
5392	4.848e+02	270	7.804e-03
5393	4.848e+02	298	8.613e-03
5394	4.849e+02	311	8.988e-03
5395	4.850e+02	322	9.306e-03
5396	4.851e+02	302	8.728e-03
5397	4.852e+02	278	8.035e-03
5398	4.853e+02	301	8.699e-03
5399	4.854e+02	294	8.497e-03
5400	4.855e+02	284	8.208e-03
5401	4.856e+02	304	8.786e-03
5402	4.857e+02	280	8.093e-03
5403	4.857e+02	295	8.526e-03
5404	4.858e+02	273	7.890e-03
5405	4.859e+02	297	8.584e-03
5406	4.860e+02	290	8.382e-03
5407	4.861e+02	275	7.948e-03
5408	4.862e+02	308	8.902e-03
5409	4.863e+02	284	8.208e-03
5410	4.864e+02	290	8.382e-03
5411	4.865e+02	312	9.017e-03
5412	4.866e+02	302	8.728e-03
5413	4.866e+02	298	8.613e-03
5414	4.867e+02	297	8.584e-03
5415	4.868e+02	295	8.526e-03
5416	4.869e+02	325	9.393e-03
5417	4.870e+02	290	8.382e-03
5418	4.871e+02	274	7.919e-03
5419	4.872e+02	267	7.717e-03
5420	4.873e+02	315	9.104e-03
5421	4.874e+02	325	9.393e-03
5422	4.875e+02	280	8.093e-03
5423	4.875e+02	318	9.191e-03
5424	4.876e+02	272	7.861e-03
5425	4.877e+02	268	7.746e-03
5426	4.878e+02	302	8.728e-03
5427	4.879e+02	311	8.988e-03
5428	4.880e+02	250	7.225e-03
5429	4.881e+02	328	9.480e-03
5430	4.882e+02	310	8.960e-03
5431	4.883e+02	295	8.526e-03
5432	4.884e+02	306	8.844e-03
5433	4.884e+02	299	8.642e-03
5434	4.885e+02	331	9.567e-03
5435	4.886e+02	334	9.653e-03
5436	4.887e+02	319	9.220e-03
5437	4.888e+02	321	9.278e-03
5438	4.889e+02	295	8.526e-03
5439	4.890e+02	304	8.786e-03
5440	4.891e+02	310	8.960e-03
5441	4.892e+02	301	8.699e-03
5442	4.893e+02	352	1.017e-02
5443	4.893e+02	301	8.699e-03
5444	4.894e+02	311	8.988e-03
5445	4.895e+02	338	9.769e-03
5446	4.896e+02	267	7.717e-03
5447	4.897e+02	287	8.295e-03
5448	4.898e+02	293	8.468e-03
5449	4.899e+02	302	8.728e-03
5450	4.900e+02	293	8.468e-03
5451	4.901e+02	289	8.353e-03
5452	4.902e+02	306	8.844e-03
5453	4.902e+02	290	8.382e-03
5454	4.903e+02	275	7.948e-03
5455	4.904e+02	303	8.757e-03
5456	4.905e+02	323	9.335e-03
5457	4.906e+02	306	8.844e-03
5458	4.907e+02	307	8.873e-03
5459	4.908e+02	289	8.353e-03
5460	4.909e+02	327	9.451e-03
5461	4.910e+02	298	8.613e-03
5462	4.911e+02	291	8.410e-03
5463	4.911e+02	304	8.786e-03
5464	4.912e+02	293	8.468e-03
5465	4.913e+02	277	8.006e-03
5466	4.914e+02	312	9.017e-03
5467	4.915e+02	288	8.324e-03
5468	4.916e+02	323	9.335e-03
5469	4.917e+02	298	8.613e-03
5470	4.918e+02	295	8.526e-03
5471	4.919e+02	287	8.295e-03
5472	4.920e+02	273	7.890e-03
5473	4.920e+02	289	8.353e-03
5474	4.921e+02	316	9.133e-03
5475	4.922e+02	278	8.035e-03
5476	4.923e+02	309	8.931e-03
5477	4.924e+02	260	7.514e-03
5478	4.925e+02	322	9.306e-03
5479	4.926e+02	339	9.798e-03
5480	4.927e+02	288	8.324e-03
5481	4.928e+02	315	9.104e-03
5482	4.929e+02	290	8.382e-03
5483	4.929e+02	285	8.237e-03
5484	4.930e+02	277	8.006e-03
5485	4.931e+02	323	9.335e-03
5486	4.932e+02	283	8.179e-03
5487	4.933e+02	284	8.208e-03
5488	4.934e+02	279	8.064e-03
5489	4.935e+02	296	8.555e-03
5490	4.936e+02	338	9.769e-03
5491	4.937e+02	319	9.220e-03
5492	4.938e+02	278	8.035e-03
5493	4.938e+02	313	9.046e-03
5494	4.939e+02	296	8.555e-03
5495	4.940e+02	294	8.497e-03
5496	4.941e+02	300	8.671e-03
5497	4.942e+02	340	9.827e-03
5498	4.943e+02	305	8.815e-03
5499	4.944e+02	329	9.509e-03
5500	4.945e+02	299	8.642e-03
5501	4.946e+02	291	8.410e-03
5502	4.947e+02	269	7.775e-03
5503	4.947e+02	303	8.757e-03
5504	4.948e+02	321	9.278e-03
5505	4.949e+02	304	8.786e-03
5506	4.950e+02	277	8.006e-03
5507	4.951e+02	327	9.451e-03
5508	4.952e+02	341	9.856e-03
5509	4.953e+02	304	8.786e-03
5510	4.954e+02	325	9.393e-03
5511	4.955e+02	319	9.220e-03
5512	4.955e+02	283	8.179e-03
5513	4.956e+02	282	8.150e-03
5514	4.957e+02	256	7.399e-03
5515	4.958e+02	320	9.249e-03
5516	4.959e+02	296	8.555e-03
5517	4.960e+02	302	8.728e-03
5518	4.961e+02	307	8.873e-03
5519	4.962e+02	288	8.324e-03
5520	4.963e+02	291	8.410e-03
5521	4.964e+02	317	9.162e-03
5522	4.964e+02	311	8.988e-03
5523	4.965e+02	327	9.451e-03
5524	4.966e+02	271	7.832e-03
5525	4.967e+02	321	9.278e-03
5526	4.968e+02	294	8.497e-03
5527	4.969e+02	298	8.613e-03
5528	4.970e+02	268	7.746e-03
5529	4.971e+02	308	8.902e-03
5530	4.972e+02	326	9.422e-03
5531	4.973e+02	324	9.364e-03
5532	4.973e+02	263	7.601e-03
5533	4.974e+02	302	8.728e-03
5534	4.975e+02	333	9.624e-03
5535	4.976e+02	297	8.584e-03
5536	4.977e+02	308	8.902e-03
5537	4.978e+02	293	8.468e-03
5538	4.979e+02	294	8.497e-03
5539	4.980e+02	292	8.439e-03
5540	4.981e+02	296	8.555e-03
5541	4.982e+02	307	8.873e-03
5542	4.982e+02	328	9.480e-03
5543	4.983e+02	252	7.283e-03
5544	4.984e+02	287	8.295e-03
5545	4.985e+02	313	9.046e-03
5546	4.986e+02	335	9.682e-03
5547	4.987e+02	302	8.728e-03
5548	4.988e+02	322	9.306e-03
5549	4.989e+02	297	8.584e-03
5550	4.990e+02	283	8.179e-03
5551	4.991e+02	283	8.179e-03
5552	4.991e+02	297	8.584e-03
5553	4.992e+02	283	8.179e-03
5554	4.993e+02	306	8.844e-03
5555	4.994e+02	275	7.948e-03
5556	4.995e+02	273	7.890e-03
5557	4.996e+02	286	8.266e-03
5558	4.997e+02	316	9.133e-03
5559	4.998e+02	281	8.121e-03
5560	4.999e+02	303	8.757e-03
5561	5.000e+02	264	7.630e-03
5562	5.000e+02	296	8.555e-03
5563	5.001e+02	303	8.757e-03
5564	5.002e+02	288	8.324e-03
5565	5.003e+02	287	8.295e-03
5566	5.004e+02	292	8.439e-03
5567	5.005e+02	340	9.827e-03
5568	5.006e+02	327	9.451e-03
5569	5.007e+02	287	8.295e-03
5570	5.008e+02	287	8.295e-03
5571	5.009e+02	261	7.543e-03
5572	5.009e+02	296	8.555e-03
5573	5.010e+02	309	8.931e-03
5574	5.011e+02	285	8.237e-03
5575	5.012e+02	329	9.509e-03
5576	5.013e+02	309	8.931e-03
5577	5.014e+02	307	8.873e-03
5578	5.015e+02	301	8.699e-03
5579	5.016e+02	280	8.093e-03
5580	5.017e+02	296	8.555e-03
5581	5.018e+02	337	9.740e-03
5582	5.018e+02	312	9.017e-03
5583	5.019e+02	279	8.064e-03
5584	5.020e+02	314	9.075e-03
5585	5.021e+02	296	8.555e-03
5586	5.022e+02	302	8.728e-03
5587	5.023e+02	304	8.786e-03
5588	5.024e+02	270	7.804e-03
5589	5.025e+02	320	9.249e-03
5590	5.026e+02	246	7.110e-03
5591	5.027e+02	297	8.584e-03
5592	5.027e+02	301	8.699e-03
5593	5.028e+02	303	8.757e-03
5594	5.029e+02	323	9.335e-03
5595	5.030e+02	294	8.497e-03
5596	5.031e+02	302	8.728e-03
5597	5.032e+02	299	8.642e-03
5598	5.033e+02	276	7.977e-03
5599	5.034e+02	306	8.844e-03
5600	5.035e+02	343	9.913e-03
5601	5.036e+02	305	8.815e-03
5602	5.036e+02	335	9.682e-03
5603	5.037e+02	303	8.757e-03
5604	5.038e+02	323	9.335e-03
5605	5.039e+02	295	8.526e-03
5606	5.040e+02	282	8.150e-03
5607	5.041e+02	304	8.786e-03
5608	5.042e+02	340	9.827e-03
5609	5.043e+02	278	8.035e-03
5610	5.044e+02	258	7.457e-03
5611	5.045e+02	300	8.671e-03
5612	5.045e+02	324	9.364e-03
5613	5.046e+02	297	8.584e-03
5614	5.047e+02	297	8.584e-03
5615	5.048e+02	324	9.364e-03
5616	5.049e+02	320	9.249e-03
5617	5.050e+02	281	8.121e-03
5618	5.051e+02	277	8.006e-03
5619	5.052e+02	275	7.948e-03
5620	5.053e+02	287	8.295e-03
5621	5.054e+02	288	8.324e-03
5622	5.054e+02	310	8.960e-03
5623	5.055e+02	322	9.306e-03
5624	5.056e+02	295	8.526e-03
5625	5.057e+02	316	9.133e-03
5626	5.058e+02	326	9.422e-03
5627	5.059e+02	320	9.249e-03
5628	5.060e+02	329	9.509e-03
5629	5.061e+02	296	8.555e-03
5630	5.062e+02	309	8.931e-03
5631	5.062e+02	288	8.324e-03
5632	5.063e+02	316	9.133e-03
5633	5.064e+02	299	8.642e-03
5634	5.065e+02	328	9.480e-03
5635	5.066e+02	324	9.364e-03
5636	5.067e+02	326	9.422e-03
5637	5.068e+02	303	8.757e-03
5638	5.069e+02	292	8.439e-03
5639	5.070e+02	294	8.497e-03
5640	5.071e+02	307	8.873e-03
5641	5.071e+02	284	8.208e-03
5642	5.072e+02	327	9.451e-03
5643	5.073e+02	265	7.659e-03
5644	5.074e+02	311	8.988e-03
5645	5.075e+02	307	8.873e-03
5646	5.076e+02	249	7.197e-03
5647	5.077e+02	291	8.410e-03
5648	5.078e+02	341	9.856e-03
5649	5.079e+02	316	9.133e-03
5650	5.080e+02	272	7.861e-03
5651	5.080e+02	299	8.642e-03
5652	5.081e+02	294	8.497e-03
5653	5.082e+02	293	8.468e-03
5654	5.083e+02	315	9.104e-03
5655	5.084e+02	292	8.439e-03
5656	5.085e+02	317	9.162e-03
5657	5.086e+02	304	8.786e-03
5658	5.087e+02	319	9.220e-03
5659	5.088e+02	288	8.324e-03
5660	5.089e+02	282	8.150e-03
5661	5.089e+02	294	8.497e-03
5662	5.090e+02	294	8.497e-03
5663	5.091e+02	314	9.075e-03
5664	5.092e+02	283	8.179e-03
5665	5.093e+02	332	9.595e-03
5666	5.094e+02	245	7.081e-03
5667	5.095e+02	273	7.890e-03
5668	5.096e+02	254	7.341e-03
5669	5.097e+02	308	8.902e-03
5670	5.098e+02	252	7.283e-03
5671	5.098e+02	266	7.688e-03
5672	5.099e+02	260	7.514e-03
5673	5.100e+02	265	7.659e-03
5674	5.101e+02	263	7.601e-03
5675	5.102e+02	221	6.387e-03
5676	5.103e+02	264	7.630e-03
5677	5.104e+02	288	8.324e-03
5678	5.105e+02	254	7.341e-03
5679	5.106e+02	288	8.324e-03
5680	5.107e+02	225	6.503e-03
5681	5.107e+02	284	8.208e-03
5682	5.108e+02	300	8.671e-03
5683	5.109e+02	246	7.110e-03
5684	5.110e+02	247	7.139e-03
5685	5.111e+02	281	8.121e-03
5686	5.112e+02	257	7.428e-03
5687	5.113e+02	262	7.572e-03
5688	5.114e+02	281	8.121e-03
5689	5.115e+02	266	7.688e-03
5690	5.116e+02	288	8.324e-03
5691	5.116e+02	236	6.821e-03
5692	5.117e+02	277	8.006e-03
5693	5.118e+02	257	7.428e-03
5694	5.119e+02	224	6.474e-03
5695	5.120e+02	277	8.006e-03
5696	5.121e+02	323	9.335e-03
5697	5.122e+02	307	8.873e-03
5698	5.123e+02	291	8.410e-03
5699	5.124e+02	307	8.873e-03
5700	5.125e+02	254	7.341e-03
5701	5.125e+02	290	8.382e-03
5702	5.126e+02	314	9.075e-03
5703	5.127e+02	274	7.919e-03
5704	5.128e+02	287	8.295e-03
5705	5.129e+02	314	9.075e-03
5706	5.130e+02	295	8.526e-03
5707	5.131e+02	300	8.671e-03
5708	5.132e+02	280	8.093e-03
5709	5.133e+02	290	8.382e-03
5710	5.134e+02	270	7.804e-03
5711	5.134e+02	314	9.075e-03
5712	5.135e+02	325	9.393e-03
5713	5.136e+02	303	8.757e-03
5714	5.137e+02	302	8.728e-03
5715	5.138e+02	312	9.017e-03
5716	5.139e+02	293	8.468e-03
5717	5.140e+02	293	8.468e-03
5718	5.141e+02	309	8.931e-03
5719	5.142e+02	308	8.902e-03
5720	5.143e+02	307	8.873e-03
5721	5.143e+02	314	9.075e-03
5722	5.144e+02	330	9.538e-03
5723	5.145e+02	288	8.324e-03
5724	5.146e+02	324	9.364e-03
5725	5.147e+02	302	8.728e-03
5726	5.148e+02	321	9.278e-03
5727	5.149e+02	296	8.555e-03
5728	5.150e+02	314	9.075e-03
5729	5.151e+02	295	8.526e-03
5730	5.152e+02	312	9.017e-03
5731	5.152e+02	299	8.642e-03
5732	5.153e+02	288	8.324e-03
5733	5.154e+02	301	8.699e-03
5734	5.155e+02	317	9.162e-03
5735	5.156e+02	308	8.902e-03
5736	5.157e+02	276	7.977e-03
5737	5.158e+02	307	8.873e-03
5738	5.159e+02	260	7.514e-03
5739	5.160e+02	294	8.497e-03
5740	5.161e+02	314	9.075e-03
5741	5.161e+02	273	7.890e-03
5742	5.162e+02	302	8.728e-03
5743	5.163e+02	308	8.902e-03
5744	5.164e+02	310	8.960e-03
5745	5.165e+02	316	9.133e-03
5746	5.166e+02	329	9.509e-03
5747	5.167e+02	318	9.191e-03
5748	5.168e+02	298	8.613e-03
5749	5.169e+02	286	8.266e-03
5750	5.170e+02	358	1.035e-02
5751	5.170e+02	309	8.931e-03
5752	5.171e+02	279	8.064e-03
5753	5.172e+02	322	9.306e-03
5754	5.173e+02	324	9.364e-03
5755	5.174e+02	297	8.584e-03
5756	5.175e+02	345	9.971e-03
5757	5.176e+02	320	9.249e-03
5758	5.177e+02	304	8.786e-03
5759	5.178e+02	318	9.191e-03
5760	5.178e+02	339	9.798e-03
5761	5.179e+02	313	9.046e-03
5762	5.180e+02	319	9.220e-03
5763	5.181e+02	341	9.856e-03
5764	5.182e+02	336	9.711e-03
5765	5.183e+02	329	9.509e-03
5766	5.184e+02	320	9.249e-03
5767	5.185e+02	337	9.740e-03
5768	5.186e+02	282	8.150e-03
5769	5.187e+02	331	9.567e-03
5770	5.187e+02	348	1.006e-02
5771	5.188e+02	343	9.913e-03
5772	5.189e+02	275	7.948e-03
5773	5.190e+02	285	8.237e-03
5774	5.191e+02	321	9.278e-03
5775	5.192e+02	326	9.422e-03
5776	5.193e+02	272	7.861e-03
5777	5.194e+02	293	8.468e-03
5778	5.195e+02	284	8.208e-03
5779	5.196e+02	305	8.815e-03
5780	5.196e+02	321	9.278e-03
5781	5.197e+02	334	9.653e-03
5782	5.198e+02	312	9.017e-03
5783	5.199e+02	350	1.012e-02
5784	5.200e+02	320	9.249e-03
5785	5.201e+02	317	9.162e-03
5786	5.202e+02	348	1.006e-02
5787	5.203e+02	312	9.017e-03
5788	5.204e+02	295	8.526e-03
5789	5.205e+02	291	8.410e-03
5790	5.205e+02	273	7.890e-03
5791	5.206e+02	290	8.382e-03
5792	5.207e+02	309	8.931e-03
5793	5.208e+02	272	7.861e-03
5794	5.209e+02	296	8.555e-03
5795	5.210e+02	321	9.278e-03
5796	5.211e+02	270	7.804e-03
5797	5.212e+02	316	9.133e-03
5798	5.213e+02	322	9.306e-03
5799	5.214e+02	315	9.104e-03
5800	5.214e+02	289	8.353e-03
5801	5.215e+02	316	9.133e-03
5802	5.216e+02	270	7.804e-03
5803	5.217e+02	304	8.786e-03
5804	5.218e+02	318	9.191e-03
5805	5.219e+02	281	8.121e-03
5806	5.220e+02	291	8.410e-03
5807	5.221e+02	289	8.353e-03
5808	5.222e+02	337	9.740e-03
5809	5.223e+02	328	9.480e-03
5810	5.223e+02	281	8.121e-03
5811	5.224e+02	310	8.960e-03
5812	5.225e+02	308	8.902e-03
5813	5.226e+02	330	9.538e-03
5814	5.227e+02	309	8.931e-03
5815	5.228e+02	283	8.179e-03
5816	5.229e+02	281	8.121e-03
5817	5.230e+02	305	8.815e-03
5818	5.231e+02	302	8.728e-03
5819	5.232e+02	288	8.324e-03
5820	5.232e+02	299	8.642e-03
5821	5.233e+02	284	8.208e-03
5822	5.234e+02	304	8.786e-03
5823	5.235e+02	324	9.364e-03
5824	5.236e+02	303	8.757e-03
5825	5.237e+02	261	7.543e-03
5826	5.238e+02	305	8.815e-03
5827	5.239e+02	312	9.017e-03
5828	5.240e+02	311	8.988e-03
5829	5.241e+02	322	9.306e-03
5830	5.241e+02	273	7.890e-03
5831	5.242e+02	327	9.451e-03
5832	5.243e+02	269	7.775e-03
5833	5.244e+02	290	8.382e-03
5834	5.245e+02	314	9.075e-03
5835	5.246e+02	337	9.740e-03
5836	5.247e+02	307	8.873e-03
5837	5.248e+02	309	8.931e-03
5838	5.249e+02	298	8.613e-03
5839	5.250e+02	292	8.439e-03
5840	5.250e+02	278	8.035e-03
5841	5.251e+02	324	9.364e-03
5842	5.252e+02	286	8.266e-03
5843	5.253e+02	347	1.003e-02
5844	5.254e+02	306	8.844e-03
5845	5.255e+02	321	9.278e-03
5846	5.256e+02	329	9.509e-03
5847	5.257e+02	315	9.104e-03
5848	5.258e+02	291	8.410e-03
5849	5.259e+02	280	8.093e-03
5850	5.259e+02	298	8.613e-03
5851	5.260e+02	326	9.422e-03
5852	5.261e+02	310	8.960e-03
5853	5.262e+02	289	8.353e-03
5854	5.263e+02	334	9.653e-03
5855	5.264e+02	301	8.699e-03
5856	5.265e+02	318	9.191e-03
5857	5.266e+02	310	8.960e-03
5858	5.267e+02	257	7.428e-03
5859	5.268e+02	307	8.873e-03
5860	5.268e+02	320	9.249e-03
5861	5.269e+02	320	9.249e-03
5862	5.270e+02	296	8.555e-03
5863	5.271e+02	336	9.711e-03
5864	5.272e+02	311	8.988e-03
5865	5.273e+02	344	9.942e-03
5866	5.274e+02	276	7.977e-03
5867	5.275e+02	299	8.642e-03
5868	5.276e+02	310	8.960e-03
5869	5.277e+02	329	9.509e-03
5870	5.277e+02	301	8.699e-03
5871	5.278e+02	315	9.104e-03
5872	5.279e+02	289	8.353e-03
5873	5.280e+02	313	9.046e-03
5874	5.281e+02	284	8.208e-03
5875	5.282e+02	295	8.526e-03
5876	5.283e+02	311	8.988e-03
5877	5.284e+02	290	8.382e-03
5878	5.285e+02	291	8.410e-03
5879	5.286e+02	328	9.480e-03
5880	5.286e+02	285	8.237e-03
5881	5.287e+02	292	8.439e-03
5882	5.288e+02	308	8.902e-03
5883	5.289e+02	286	8.266e-03
5884	5.290e+02	324	9.364e-03
5885	5.291e+02	303	8.757e-03
5886	5.292e+02	266	7.688e-03
5887	5.293e+02	296	8.555e-03
5888	5.294e+02	283	8.179e-03
5889	5.294e+02	308	8.902e-03
5890	5.295e+02	292	8.439e-03
5891	5.296e+02	294	8.497e-03
5892	5.297e+02	322	9.306e-03
5893	5.298e+02	291	8.410e-03
5894	5.299e+02	286	8.266e-03
5895	5.300e+02	311	8.988e-03
5896	5.301e+02	304	8.786e-03
5897	5.302e+02	317	9.162e-03
5898	5.303e+02	306	8.844e-03
5899	5.303e+02	329	9.509e-03
5900	5.304e+02	284	8.208e-03
5901	5.305e+02	294	8.497e-03
5902	5.306e+02	341	9.856e-03
5903	5.307e+02	286	8.266e-03
5904	5.308e+02	296	8.555e-03
5905	5.309e+02	290	8.382e-03
5906	5.310e+02	302	8.728e-03
5907	5.311e+02	303	8.757e-03
5908	5.312e+02	282	8.150e-03
5909	5.312e+02	341	9.856e-03
5910	5.313e+02	282	8.150e-03
5911	5.314e+02	299	8.642e-03
5912	5.315e+02	288	8.324e-03
5913	5.316e+02	291	8.410e-03
5914	5.317e+02	294	8.497e-03
5915	5.318e+02	332	9.595e-03
5916	5.319e+02	294	8.497e-03
5917	5.320e+02	341	9.856e-03
5918	5.321e+02	294	8.497e-03
5919	5.321e+02	299	8.642e-03
5920	5.322e+02	310	8.960e-03
5921	5.323e+02	318	9.191e-03
5922	5.324e+02	291	8.410e-03
5923	5.325e+02	304	8.786e-03
5924	5.326e+02	318	9.191e-03
5925	5.327e+02	287	8.295e-03
5926	5.328e+02	322	9.306e-03
5927	5.329e+02	301	8.699e-03
5928	5.330e+02	285	8.237e-03
5929	5.330e+02	275	7.948e-03
5930	5.331e+02	277	8.006e-03
5931	5.332e+02	307	8.873e-03
5932	5.333e+02	299	8.642e-03
5933	5.334e+02	279	8.064e-03
5934	5.335e+02	286	8.266e-03
5935	5.336e+02	312	9.017e-03
5936	5.337e+02	281	8.121e-03
5937	5.338e+02	327	9.451e-03
5938	5.339e+02	317	9.162e-03
5939	5.339e+02	302	8.728e-03
5940	5.340e+02	293	8.468e-03
5941	5.341e+02	323	9.335e-03
5942	5.342e+02	292	8.439e-03
5943	5.343e+02	298	8.613e-03
5944	5.344e+02	306	8.844e-03
5945	5.345e+02	295	8.526e-03
5946	5.346e+02	325	9.393e-03
5947	5.347e+02	293	8.468e-03
5948	5.348e+02	296	8.555e-03
5949	5.348e+02	287	8.295e-03
5950	5.349e+02	309	8.931e-03
5951	5.350e+02	306	8.844e-03
5952	5.351e+02	283	8.179e-03
5953	5.352e+02	249	7.197e-03
5954	5.353e+02	328	9.480e-03
5955	5.354e+02	273	7.890e-03
5956	5.355e+02	304	8.786e-03
5957	5.356e+02	302	8.728e-03
5958	5.357e+02	307	8.873e-03
5959	5.357e+02	284	8.208e-03
5960	5.358e+02	277	8.006e-03
5961	5.359e+02	324	9.364e-03
5962	5.360e+02	271	7.832e-03
5963	5.361e+02	280	8.093e-03
5964	5.362e+02	311	8.988e-03
5965	5.363e+02	280	8.093e-03
5966	5.364e+02	292	8.439e-03
5967	5.365e+02	287	8.295e-03
5968	5.366e+02	276	7.977e-03
5969	5.366e+02	248	7.168e-03
5970	5.367e+02	249	7.197e-03
5971	5.368e+02	291	8.410e-03
5972	5.369e+02	271	7.832e-03
5973	5.370e+02	254	7.341e-03
5974	5.371e+02	282	8.150e-03
5975	5.372e+02	253	7.312e-03
5976	5.373e+02	275	7.948e-03
5977	5.374e+02	280	8.093e-03
5978	5.375e+02	250	7.225e-03
5979	5.375e+02	262	7.572e-03
5980	5.376e+02	282	8.150e-03
5981	5.377e+02	275	7.948e-03
5982	5.378e+02	267	7.717e-03
5983	5.379e+02	284	8.208e-03
5984	5.380e+02	257	7.428e-03
5985	5.381e+02	273	7.890e-03
5986	5.382e+02	299	8.642e-03
5987	5.383e+02	255	7.370e-03
5988	5.384e+02	249	7.197e-03
5989	5.384e+02	289	8.353e-03
5990	5.385e+02	285	8.237e-03
5991	5.386e+02	265	7.659e-03
5992	5.387e+02	244	7.052e-03
5993	5.388e+02	262	7.572e-03
5994	5.389e+02	244	7.052e-03
5995	5.390e+02	268	7.746e-03
5996	5.391e+02	281	8.121e-03
5997	5.392e+02	246	7.110e-03
5998	5.393e+02	266	7.688e-03
5999	5.393e+02	296	8.555e-03
6000	5.394e+02	257	7.428e-03
6001	5.395e+02	256	7.399e-03
6002	5.396e+02	278	8.035e-03
6003	5.397e+02	265	7.659e-03
6004	5.398e+02	235	6.792e-03
6005	5.399e+02	270	7.804e-03
6006	5.400e+02	271	7.832e-03
6007	5.401e+02	279	8.064e-03
6008	5.401e+02	271	7.832e-03
6009	5.402e+02	272	7.861e-03
6010	5.403e+02	265	7.659e-03
6011	5.404e+02	265	7.659e-03
6012	5.405e+02	275	7.948e-03
6013	5.406e+02	245	7.081e-03
6014	5.407e+02	259	7.486e-03
6015	5.408e+02	274	7.919e-03
6016	5.409e+02	268	7.746e-03
6017	5.410e+02	236	6.821e-03
6018	5.410e+02	263	7.601e-03
6019	5.411e+02	260	7.514e-03
6020	5.412e+02	277	8.006e-03
6021	5.413e+02	255	7.370e-03
6022	5.414e+02	259	7.486e-03
6023	5.415e+02	263	7.601e-03
6024	5.416e+02	252	7.283e-03
6025	5.417e+02	255	7.370e-03
6026	5.418e+02	261	7.543e-03
6027	5.419e+02	263	7.601e-03
6028	5.419e+02	258	7.457e-03
6029	5.420e+02	250	7.225e-03
6030	5.421e+02	262	7.572e-03
6031	5.422e+02	243	7.023e-03
6032	5.423e+02	273	7.890e-03
6033	5.424e+02	257	7.428e-03
6034	5.425e+02	283	8.179e-03
6035	5.426e+02	243	7.023e-03
6036	5.427e+02	275	7.948e-03
6037	5.428e+02	276	7.977e-03
6038	5.428e+02	239	6.908e-03
6039	5.429e+02	285	8.237e-03
6040	5.430e+02	258	7.457e-03
6041	5.431e+02	277	8.006e-03
6042	5.432e+02	267	7.717e-03
6043	5.433e+02	269	7.775e-03
6044	5.434e+02	259	7.486e-03
6045	5.435e+02	242	6.994e-03
6046	5.436e+02	259	7.486e-03
6047	5.437e+02	243	7.023e-03
6048	5.437e+02	262	7.572e-03
6049	5.438e+02	222	6.416e-03
6050	5.439e+02	281	8.121e-03
6051	5.440e+02	274	7.919e-03
6052	5.441e+02	256	7.399e-03
6053	5.442e+02	251	7.254e-03
6054	5.443e+02	241	6.965e-03
6055	5.444e+02	258	7.457e-03
6056	5.445e+02	283	8.179e-03
6057	5.446e+02	249	7.197e-03
6058	5.446e+02	278	8.035e-03
6059	5.447e+02	251	7.254e-03
6060	5.448e+02	246	7.110e-03
6061	5.449e+02	243	7.023e-03
6062	5.450e+02	280	8.093e-03
6063	5.451e+02	262	7.572e-03
6064	5.452e+02	263	7.601e-03
6065	5.453e+02	240	6.936e-03
6066	5.454e+02	230	6.647e-03
6067	5.455e+02	254	7.341e-03
6068	5.455e+02	247	7.139e-03
6069	5.456e+02	239	6.908e-03
6070	5.457e+02	244	7.052e-03
6071	5.458e+02	286	8.266e-03
6072	5.459e+02	265	7.659e-03
6073	5.460e+02	269	7.775e-03
6074	5.461e+02	285	8.237e-03
6075	5.462e+02	255	7.370e-03
6076	5.463e+02	243	7.023e-03
6077	5.464e+02	268	7.746e-03
6078	5.464e+02	249	7.197e-03
6079	5.465e+02	247	7.139e-03
6080	5.466e+02	274	7.919e-03
6081	5.467e+02	276	7.977e-03
6082	5.468e+02	265	7.659e-03
6083	5.469e+02	266	7.688e-03
6084	5.470e+02	248	7.168e-03
6085	5.471e+02	269	7.775e-03
6086	5.472e+02	282	8.150e-03
6087	5.473e+02	244	7.052e-03
6088	5.473e+02	261	7.543e-03
6089	5.474e+02	237	6.850e-03
6090	5.475e+02	261	7.543e-03
6091	5.476e+02	263	7.601e-03
6092	5.477e+02	250	7.225e-03
6093	5.478e+02	276	7.977e-03
6094	5.479e+02	235	6.792e-03
6095	5.480e+02	278	8.035e-03
6096	5.481e+02	271	7.832e-03
6097	5.482e+02	237	6.850e-03
6098	5.482e+02	263	7.601e-03
6099	5.483e+02	261	7.543e-03
6100	5.484e+02	279	8.064e-03
6101	5.485e+02	250	7.225e-03
6102	5.486e+02	269	7.775e-03
6103	5.487e+02	245	7.081e-03
6104	5.488e+02	281	8.121e-03
6105	5.489e+02	252	7.283e-03
6106	5.490e+02	261	7.543e-03
6107	5.491e+02	231	6.676e-03
6108	5.491e+02	282	8.150e-03
6109	5.492e+02	241	6.965e-03
6110	5.493e+02	253	7.312e-03
6111	5.494e+02	265	7.659e-03
6112	5.495e+02	277	8.006e-03
6113	5.496e+02	245	7.081e-03
6114	5.497e+02	242	6.994e-03
6115	5.498e+02	224	6.474e-03
6116	5.499e+02	228	6.590e-03
6117	5.500e+02	237	6.850e-03
6118	5.500e+02	264	7.630e-03
6119	5.501e+02	250	7.225e-03
6120	5.502e+02	257	7.428e-03
6121	5.503e+02	254	7.341e-03
6122	5.504e+02	249	7.197e-03
6123	5.505e+02	268	7.746e-03
6124	5.506e+02	258	7.457e-03
6125	5.507e+02	266	7.688e-03
6126	5.508e+02	264	7.630e-03
6127	5.509e+02	253	7.312e-03
6128	5.509e+02	244	7.052e-03
6129	5.510e+02	251	7.254e-03
6130	5.511e+02	299	8.642e-03
6131	5.512e+02	272	7.861e-03
6132	5.513e+02	278	8.035e-03
6133	5.514e+02	275	7.948e-03
6134	5.515e+02	232	6.705e-03
6135	5.516e+02	264	7.630e-03
6136	5.517e+02	256	7.399e-03
6137	5.517e+02	277	8.006e-03
6138	5.518e+02	257	7.428e-03
6139	5.519e+02	261	7.543e-03
6140	5.520e+02	264	7.630e-03
6141	5.521e+02	268	7.746e-03
6142	5.522e+02	238	6.879e-03
6143	5.523e+02	242	6.994e-03
6144	5.524e+02	251	7.254e-03
6145	5.525e+02	249	7.197e-03
6146	5.526e+02	239	6.908e-03
6147	5.526e+02	244	7.052e-03
6148	5.527e+02	267	7.717e-03
6149	5.528e+02	262	7.572e-03
6150	5.529e+02	265	7.659e-03
6151	5.530e+02	227	6.561e-03
6152	5.531e+02	276	7.977e-03
6153	5.532e+02	242	6.994e-03
6154	5.533e+02	197	5.694e-03
6155	5.534e+02	237	6.850e-03
6156	5.535e+02	265	7.659e-03
6157	5.535e+02	268	7.746e-03
6158	5.536e+02	268	7.746e-03
6159	5.537e+02	267	7.717e-03
6160	5.538e+02	266	7.688e-03
6161	5.539e+02	256	7.399e-03
6162	5.540e+02	252	7.283e-03
6163	5.541e+02	260	7.514e-03
6164	5.542e+02	239	6.908e-03
6165	5.543e+02	266	7.688e-03
6166	5.544e+02	257	7.428e-03
6167	5.544e+02	239	6.908e-03
6168	5.545e+02	248	7.168e-03
6169	5.546e+02	232	6.705e-03
6170	5.547e+02	242	6.994e-03
6171	5.548e+02	225	6.503e-03
6172	5.549e+02	280	8.093e-03
6173	5.550e+02	246	7.110e-03
6174	5.551e+02	234	6.763e-03
6175	5.552e+02	232	6.705e-03
6176	5.553e+02	277	8.006e-03
6177	5.553e+02	236	6.821e-03
6178	5.554e+02	245	7.081e-03
6179	5.555e+02	220	6.358e-03
6180	5.556e+02	255	7.370e-03
6181	5.557e+02	235	6.792e-03
6182	5.558e+02	259	7.486e-03
6183	5.559e+02	225	6.503e-03
6184	5.560e+02	231	6.676e-03
6185	5.561e+02	232	6.705e-03
6186	5.562e+02	265	7.659e-03
6187	5.562e+02	235	6.792e-03
6188	5.563e+02	306	8.844e-03
6189	5.564e+02	289	8.353e-03
6190	5.565e+02	276	7.977e-03
6191	5.566e+02	255	7.370e-03
6192	5.567e+02	296	8.555e-03
6193	5.568e+02	283	8.179e-03
6194	5.569e+02	299	8.642e-03
6195	5.570e+02	246	7.110e-03
6196	5.571e+02	315	9.104e-03
6197	5.571e+02	280	8.093e-03
6198	5.572e+02	286	8.266e-03
6199	5.573e+02	323	9.335e-03
6200	5.574e+02	340	9.827e-03
6201	5.575e+02	307	8.873e-03
6202	5.576e+02	363	1.049e-02
6203	5.577e+02	327	9.451e-03
6204	5.578e+02	413	1.194e-02
6205	5.579e+02	378	1.092e-02
6206	5.580e+02	358	1.035e-02
6207	5.580e+02	320	9.249e-03
6208	5.581e+02	371	1.072e-02
6209	5.582e+02	385	1.113e-02
6210	5.583e+02	366	1.058e-02
6211	5.584e+02	345	9.971e-03
6212	5.585e+02	316	9.133e-03
6213	5.586e+02	323	9.335e-03
6214	5.587e+02	309	8.931e-03
6215	5.588e+02	307	8.873e-03
6216	5.589e+02	286	8.266e-03
6217	5.589e+02	305	8.815e-03
6218	5.590e+02	298	8.613e-03
6219	5.591e+02	294	8.497e-03
6220	5.592e+02	260	7.514e-03
6221	5.593e+02	263	7.601e-03
6222	5.594e+02	290	8.382e-03
6223	5.595e+02	275	7.948e-03
6224	5.596e+02	282	8.150e-03
6225	5.597e+02	237	6.850e-03
6226	5.598e+02	248	7.168e-03
6227	5.598e+02	240	6.936e-03
6228	5.599e+02	222	6.416e-03
6229	5.600e+02	275	7.948e-03
6230	5.601e+02	267	7.717e-03
6231	5.602e+02	250	7.225e-03
6232	5.603e+02	255	7.370e-03
6233	5.604e+02	225	6.503e-03
6234	5.605e+02	269	7.775e-03
6235	5.606e+02	221	6.387e-03
6236	5.607e+02	250	7.225e-03
6237	5.607e+02	236	6.821e-03
6238	5.608e+02	252	7.283e-03
6239	5.609e+02	238	6.879e-03
6240	5.610e+02	235	6.792e-03
6241	5.611e+02	253	7.312e-03
6242	5.612e+02	252	7.283e-03
6243	5.613e+02	249	7.197e-03
6244	5.614e+02	237	6.850e-03
6245	5.615e+02	264	7.630e-03
6246	5.616e+02	248	7.168e-03
6247	5.616e+02	216	6.243e-03
6248	5.617e+02	277	8.006e-03
6249	5.618e+02	242	6.994e-03
6250	5.619e+02	267	7.717e-03
6251	5.620e+02	223	6.445e-03
6252	5.621e+02	225	6.503e-03
6253	5.622e+02	270	7.804e-03
6254	5.623e+02	243	7.023e-03
6255	5.624e+02	247	7.139e-03
6256	5.624e+02	256	7.399e-03
6257	5.625e+02	272	7.861e-03
6258	5.626e+02	255	7.370e-03
6259	5.627e+02	230	6.647e-03
6260	5.628e+02	228	6.590e-03
6261	5.629e+02	254	7.341e-03
6262	5.630e+02	254	7.341e-03
6263	5.631e+02	234	6.763e-03
6264	5.632e+02	266	7.688e-03
6265	5.633e+02	268	7.746e-03
6266	5.633e+02	265	7.659e-03
6267	5.634e+02	235	6.792e-03
6268	5.635e+02	248	7.168e-03
6269	5.636e+02	244	7.052e-03
6270	5.637e+02	256	7.399e-03
6271	5.638e+02	253	7.312e-03
6272	5.639e+02	260	7.514e-03
6273	5.640e+02	253	7.312e-03
6274	5.641e+02	243	7.023e-03
6275	5.642e+02	263	7.601e-03
6276	5.642e+02	240	6.936e-03
6277	5.643e+02	259	7.486e-03
6278	5.644e+02	276	7.977e-03
6279	5.645e+02	247	7.139e-03
6280	5.646e+02	246	7.110e-03
6281	5.647e+02	265	7.659e-03
6282	5.648e+02	249	7.197e-03
6283	5.649e+02	260	7.514e-03
6284	5.650e+02	246	7.110e-03
6285	5.651e+02	291	8.410e-03
6286	5.651e+02	267	7.717e-03
6287	5.652e+02	241	6.965e-03
6288	5.653e+02	224	6.474e-03
6289	5.654e+02	247	7.139e-03
6290	5.655e+02	261	7.543e-03
6291	5.656e+02	242	6.994e-03
6292	5.657e+02	232	6.705e-03
6293	5.658e+02	244	7.052e-03
6294	5.659e+02	236	6.821e-03
6295	5.660e+02	223	6.445e-03
6296	5.660e+02	265	7.659e-03
6297	5.661e+02	220	6.358e-03
6298	5.662e+02	239	6.908e-03
6299	5.663e+02	266	7.688e-03
6300	5.664e+02	249	7.197e-03
6301	5.665e+02	255	7.370e-03
6302	5.666e+02	293	8.468e-03
6303	5.667e+02	243	7.023e-03
6304	5.668e+02	208	6.012e-03
6305	5.669e+02	257	7.428e-03
6306	5.669e+02	251	7.254e-03
6307	5.670e+02	254	7.341e-03
6308	5.671e+02	240	6.936e-03
6309	5.672e+02	242	6.994e-03
6310	5.673e+02	239	6.908e-03
6311	5.674e+02	256	7.399e-03
6312	5.675e+02	200	5.780e-03
6313	5.676e+02	258	7.457e-03
6314	5.677e+02	227	6.561e-03
6315	5.678e+02	241	6.965e-03
6316	5.678e+02	239	6.908e-03
6317	5.679e+02	245	7.081e-03
6318	5.680e+02	216	6.243e-03
6319	5.681e+02	233	6.734e-03
6320	5.682e+02	239	6.908e-03
6321	5.683e+02	263	7.601e-03
6322	5.684e+02	245	7.081e-03
6323	5.685e+02	277	8.006e-03
6324	5.686e+02	202	5.838e-03
6325	5.687e+02	231	6.676e-03
6326	5.687e+02	217	6.272e-03
6327	5.688e+02	231	6.676e-03
6328	5.689e+02	259	7.486e-03
6329	5.690e+02	247	7.139e-03
6330	5.691e+02	242	6.994e-03
6331	5.692e+02	231	6.676e-03
6332	5.693e+02	239	6.908e-03
6333	5.694e+02	232	6.705e-03
6334	5.695e+02	255	7.370e-03
6335	5.696e+02	218	6.301e-03
6336	5.696e+02	238	6.879e-03
6337	5.697e+02	235	6.792e-03
6338	5.698e+02	256	7.399e-03
6339	5.699e+02	227	6.561e-03
6340	5.700e+02	247	7.139e-03
6341	5.701e+02	238	6.879e-03
6342	5.702e+02	243	7.023e-03
6343	5.703e+02	208	6.012e-03
6344	5.704e+02	198	5.723e-03
6345	5.705e+02	236	6.821e-03
6346	5.705e+02	220	6.358e-03
6347	5.706e+02	240	6.936e-03
6348	5.707e+02	219	6.330e-03
6349	5.708e+02	226	6.532e-03
6350	5.709e+02	224	6.474e-03
6351	5.710e+02	235	6.792e-03
6352	5.711e+02	238	6.879e-03
6353	5.712e+02	218	6.301e-03
6354	5.713e+02	240	6.936e-03
6355	5.714e+02	238	6.879e-03
6356	5.714e+02	241	6.965e-03
6357	5.715e+02	246	7.110e-03
6358	5.716e+02	229	6.619e-03
6359	5.717e+02	228	6.590e-03
6360	5.718e+02	250	7.225e-03
6361	5.719e+02	201	5.809e-03
6362	5.720e+02	226	6.532e-03
6363	5.721e+02	255	7.370e-03
6364	5.722e+02	261	7.543e-03
6365	5.723e+02	240	6.936e-03
6366	5.723e+02	231	6.676e-03
6367	5.724e+02	219	6.330e-03
6368	5.725e+02	215	6.214e-03
6369	5.726e+02	242	6.994e-03
6370	5.727e+02	225	6.503e-03
6371	5.728e+02	208	6.012e-03
6372	5.729e+02	259	7.486e-03
6373	5.730e+02	228	6.590e-03
6374	5.731e+02	210	6.069e-03
6375	5.732e+02	226	6.532e-03
6376	5.732e+02	256	7.399e-03
6377	5.733e+02	265	7.659e-03
6378	5.734e+02	219	6.330e-03
6379	5.735e+02	219	6.330e-03
6380	5.736e+02	198	5.723e-03
6381	5.737e+02	216	6.243e-03
6382	5.738e+02	221	6.387e-03
6383	5.739e+02	234	6.763e-03
6384	5.740e+02	222	6.416e-03
6385	5.740e+02	261	7.543e-03
6386	5.741e+02	233	6.734e-03
6387	5.742e+02	249	7.197e-03
6388	5.743e+02	251	7.254e-03
6389	5.744e+02	243	7.023e-03
6390	5.745e+02	233	6.734e-03
6391	5.746e+02	255	7.370e-03
6392	5.747e+02	219	6.330e-03
6393	5.748e+02	224	6.474e-03
6394	5.749e+02	245	7.081e-03
6395	5.749e+02	254	7.341e-03
6396	5.750e+02	220	6.358e-03
6397	5.751e+02	229	6.619e-03
6398	5.752e+02	224	6.474e-03
6399	5.753e+02	245	7.081e-03
6400	5.754e+02	260	7.514e-03
6401	5.755e+02	244	7.052e-03
6402	5.756e+02	237	6.850e-03
6403	5.757e+02	214	6.185e-03
6404	5.758e+02	217	6.272e-03
6405	5.758e+02	230	6.647e-03
6406	5.759e+02	249	7.197e-03
6407	5.760e+02	259	7.486e-03
6408	5.761e+02	217	6.272e-03
6409	5.762e+02	253	7.312e-03
6410	5.763e+02	231	6.676e-03
6411	5.764e+02	230	6.647e-03
6412	5.765e+02	238	6.879e-03
6413	5.766e+02	232	6.705e-03
6414	5.767e+02	246	7.110e-03
6415	5.767e+02	246	7.110e-03
6416	5.768e+02	197	5.694e-03
6417	5.769e+02	240	6.936e-03
6418	5.770e+02	235	6.792e-03
6419	5.771e+02	227	6.561e-03
6420	5.772e+02	220	6.358e-03
6421	5.773e+02	236	6.821e-03
6422	5.774e+02	232	6.705e-03
6423	5.775e+02	235	6.792e-03
6424	5.776e+02	279	8.064e-03
6425	5.776e+02	228	6.590e-03
6426	5.777e+02	248	7.168e-03
6427	5.778e+02	261	7.543e-03
6428	5.779e+02	217	6.272e-03
6429	5.780e+02	222	6.416e-03
6430	5.781e+02	211	6.098e-03
6431	5.782e+02	232	6.705e-03
6432	5.783e+02	236	6.821e-03
6433	5.784e+02	255	7.370e-03
6434	5.785e+02	248	7.168e-03
6435	5.785e+02	237	6.850e-03
6436	5.786e+02	247	7.139e-03
6437	5.787e+02	214	6.185e-03
6438	5.788e+02	209	6.040e-03
6439	5.789e+02	234	6.763e-03
6440	5.790e+02	229	6.619e-03
6441	5.791e+02	215	6.214e-03
6442	5.792e+02	225	6.503e-03
6443	5.793e+02	217	6.272e-03
6444	5.794e+02	215	6.214e-03
6445	5.794e+02	225	6.503e-03
6446	5.795e+02	232	6.705e-03
6447	5.796e+02	202	5.838e-03
6448	5.797e+02	225	6.503e-03
6449	5.798e+02	222	6.416e-03
6450	5.799e+02	184	5.318e-03
6451	5.800e+02	225	6.503e-03
6452	5.801e+02	256	7.399e-03
6453	5.802e+02	234	6.763e-03
6454	5.803e+02	219	6.330e-03
6455	5.803e+02	237	6.850e-03
6456	5.804e+02	246	7.110e-03
6457	5.805e+02	240	6.936e-03
6458	5.806e+02	249	7.197e-03
6459	5.807e+02	238	6.879e-03
6460	5.808e+02	233	6.734e-03
6461	5.809e+02	289	8.353e-03
6462	5.810e+02	280	8.093e-03
6463	5.811e+02	299	8.642e-03
6464	5.812e+02	312	9.017e-03
6465	5.812e+02	329	9.509e-03
6466	5.813e+02	398	1.150e-02
6467	5.814e+02	357	1.032e-02
6468	5.815e+02	416	1.202e-02
6469	5.816e+02	423	1.223e-02
6470	5.817e+02	466	1.347e-02
6471	5.818e+02	470	1.358e-02
6472	5.819e+02	535	1.546e-02
6473	5.820e+02	538	1.555e-02
6474	5.821e+02	599	1.731e-02
6475	5.821e+02	627	1.812e-02
6476	5.822e+02	564	1.630e-02
6477	5.823e+02	613	1.772e-02
6478	5.824e+02	612	1.769e-02
6479	5.825e+02	660	1.908e-02
6480	5.826e+02	633	1.829e-02
6481	5.827e+02	593	1.714e-02
6482	5.828e+02	577	1.668e-02
6483	5.829e+02	564	1.630e-02
6484	5.830e+02	502	1.451e-02
6485	5.830e+02	474	1.370e-02
6486	5.831e+02	503	1.454e-02
6487	5.832e+02	444	1.283e-02
6488	5.833e+02	362	1.046e-02
6489	5.834e+02	355	1.026e-02
6490	5.835e+02	287	8.295e-03
6491	5.836e+02	281	8.121e-03
6492	5.837e+02	271	7.832e-03
6493	5.838e+02	301	8.699e-03
6494	5.839e+02	240	6.936e-03
6495	5.839e+02	219	6.330e-03
6496	5.840e+02	239	6.908e-03
6497	5.841e+02	232	6.705e-03
6498	5.842e+02	196	5.665e-03
6499	5.843e+02	248	7.168e-03
6500	5.844e+02	232	6.705e-03
6501	5.845e+02	221	6.387e-03
6502	5.846e+02	220	6.358e-03
6503	5.847e+02	221	6.387e-03
6504	5.848e+02	199	5.751e-03
6505	5.848e+02	200	5.780e-03
6506	5.849e+02	191	5.520e-03
6507	5.850e+02	240	6.936e-03
6508	5.851e+02	203	5.867e-03
6509	5.852e+02	229	6.619e-03
6510	5.853e+02	241	6.965e-03
6511	5.854e+02	230	6.647e-03
6512	5.855e+02	217	6.272e-03
6513	5.856e+02	210	6.069e-03
6514	5.856e+02	229	6.619e-03
6515	5.857e+02	240	6.936e-03
6516	5.858e+02	236	6.821e-03
6517	5.859e+02	228	6.590e-03
6518	5.860e+02	207	5.983e-03
6519	5.861e+02	214	6.185e-03
6520	5.862e+02	245	7.081e-03
6521	5.863e+02	228	6.590e-03
6522	5.864e+02	226	6.532e-03
6523	5.865e+02	231	6.676e-03
6524	5.865e+02	225	6.503e-03
6525	5.866e+02	242	6.994e-03
6526	5.867e+02	244	7.052e-03
6527	5.868e+02	256	7.399e-03
6528	5.869e+02	222	6.416e-03
6529	5.870e+02	278	8.035e-03
6530	5.871e+02	223	6.445e-03
6531	5.872e+02	231	6.676e-03
6532	5.873e+02	181	5.231e-03
6533	5.874e+02	245	7.081e-03
6534	5.874e+02	205	5.925e-03
6535	5.875e+02	223	6.445e-03
6536	5.876e+02	205	5.925e-03
6537	5.877e+02	247	7.139e-03
6538	5.878e+02	215	6.214e-03
6539	5.879e+02	209	6.040e-03
6540	5.880e+02	224	6.474e-03
6541	5.881e+02	186	5.376e-03
6542	5.882e+02	216	6.243e-03
6543	5.883e+02	229	6.619e-03
6544	5.883e+02	234	6.763e-03
6545	5.884e+02	205	5.925e-03
6546	5.885e+02	214	6.185e-03
6547	5.886e+02	195	5.636e-03
6548	5.887e+02	200	5.780e-03
6549	5.888e+02	216	6.243e-03
6550	5.889e+02	225	6.503e-03
6551	5.890e+02	212	6.127e-03
6552	5.891e+02	210	6.069e-03
6553	5.892e+02	207	5.983e-03
6554	5.892e+02	205	5.925e-03
6555	5.893e+02	229	6.619e-03
6556	5.894e+02	223	6.445e-03
6557	5.895e+02	249	7.197e-03
6558	5.896e+02	220	6.358e-03
6559	5.897e+02	210	6.069e-03
6560	5.898e+02	223	6.445e-03
6561	5.899e+02	219	6.330e-03
6562	5.900e+02	249	7.197e-03
6563	5.901e+02	234	6.763e-03
6564	5.901e+02	288	8.324e-03
6565	5.902e+02	264	7.630e-03
6566	5.903e+02	309	8.931e-03
6567	5.904e+02	305	8.815e-03
6568	5.905e+02	358	1.035e-02
6569	5.906e+02	431	1.246e-02
6570	5.907e+02	433	1.251e-02
6571	5.908e+02	547	1.581e-02
6572	5.909e+02	586	1.694e-02
6573	5.910e+02	746	2.156e-02
6574	5.910e+02	886	2.561e-02
6575	5.911e+02	956	2.763e-02
6576	5.912e+02	1078	3.116e-02
6577	5.913e+02	1274	3.682e-02
6578	5.914e+02	1532	4.428e-02
6579	5.915e+02	1697	4.905e-02
6580	5.916e+02	1761	5.090e-02
6581	5.917e+02	1933	5.587e-02
6582	5.918e+02	2058	5.948e-02
6583	5.919e+02	2182	6.306e-02
6584	5.919e+02	2292	6.624e-02
6585	5.920e+02	2480	7.168e-02
6586	5.921e+02	2390	6.908e-02
6587	5.922e+02	2387	6.899e-02
6588	5.923e+02	2466	7.127e-02
6589	5.924e+02	2323	6.714e-02
6590	5.925e+02	2231	6.448e-02
6591	5.926e+02	2028	5.861e-02
6592	5.927e+02	1978	5.717e-02
6593	5.928e+02	1869	5.402e-02
6594	5.928e+02	1572	4.543e-02
6595	5.929e+02	1374	3.971e-02
6596	5.930e+02	1202	3.474e-02
6597	5.931e+02	1098	3.173e-02
6598	5.932e+02	870	2.514e-02
6599	5.933e+02	776	2.243e-02
6600	5.934e+02	636	1.838e-02
6601	5.935e+02	608	1.757e-02
6602	5.936e+02	505	1.460e-02
6603	5.937e+02	433	1.251e-02
6604	5.937e+02	428	1.237e-02
6605	5.938e+02	370	1.069e-02
6606	5.939e+02	279	8.064e-03
6607	5.940e+02	263	7.601e-03
6608	5.941e+02	249	7.197e-03
6609	5.942e+02	230	6.647e-03
6610	5.943e+02	237	6.850e-03
6611	5.944e+02	243	7.023e-03
6612	5.945e+02	228	6.590e-03
6613	5.946e+02	173	5.000e-03
6614	5.946e+02	222	6.416e-03
6615	5.947e+02	227	6.561e-03
6616	5.948e+02	203	5.867e-03
6617	5.949e+02	228	6.590e-03
6618	5.950e+02	212	6.127e-03
6619	5.951e+02	223	6.445e-03
6620	5.952e+02	225	6.503e-03
6621	5.953e+02	249	7.197e-03
6622	5.954e+02	196	5.665e-03
6623	5.955e+02	226	6.532e-03
6624	5.955e+02	211	6.098e-03
6625	5.956e+02	196	5.665e-03
6626	5.957e+02	218	6.301e-03
6627	5.958e+02	206	5.954e-03
6628	5.959e+02	229	6.619e-03
6629	5.960e+02	217	6.272e-03
6630	5.961e+02	220	6.358e-03
6631	5.962e+02	182	5.260e-03
6632	5.963e+02	225	6.503e-03
6633	5.963e+02	183	5.289e-03
6634	5.964e+02	216	6.243e-03
6635	5.965e+02	210	6.069e-03
6636	5.966e+02	197	5.694e-03
6637	5.967e+02	217	6.272e-03
6638	5.968e+02	244	7.052e-03
6639	5.969e+02	200	5.780e-03
6640	5.970e+02	207	5.983e-03
6641	5.971e+02	203	5.867e-03
6642	5.972e+02	209	6.040e-03
6643	5.972e+02	209	6.040e-03
6644	5.973e+02	200	5.780e-03
6645	5.974e+02	205	5.925e-03
6646	5.975e+02	225	6.503e-03
6647	5.976e+02	210	6.069e-03
6648	5.977e+02	208	6.012e-03
6649	5.978e+02	214	6.185e-03
6650	5.979e+02	248	7.168e-03
6651	5.980e+02	204	5.896e-03
6652	5.981e+02	207	5.983e-03
6653	5.981e+02	195	5.636e-03
6654	5.982e+02	214	6.185e-03
6655	5.983e+02	202	5.838e-03
6656	5.984e+02	206	5.954e-03
6657	5.985e+02	196	5.665e-03
6658	5.986e+02	219	6.330e-03
6659	5.987e+02	211	6.098e-03
6660	5.988e+02	224	6.474e-03
6661	5.989e+02	226	6.532e-03
6662	5.990e+02	180	5.202e-03
6663	5.990e+02	196	5.665e-03
6664	5.991e+02	218	6.301e-03
6665	5.992e+02	194	5.607e-03
6666	5.993e+02	230	6.647e-03
6667	5.994e+02	231	6.676e-03
6668	5.995e+02	224	6.474e-03
6669	5.996e+02	211	6.098e-03
6670	5.997e+02	239	6.908e-03
6671	5.998e+02	206	5.954e-03
6672	5.999e+02	218	6.301e-03
6673	5.999e+02	230	6.647e-03
6674	6.000e+02	187	5.405e-03
6675	6.001e+02	235	6.792e-03
6676	6.002e+02	206	5.954e-03
6677	6.003e+02	213	6.156e-03
6678	6.004e+02	199	5.751e-03
6679	6.005e+02	228	6.590e-03
6680	6.006e+02	202	5.838e-03
6681	6.007e+02	202	5.838e-03
6682	6.008e+02	217	6.272e-03
6683	6.008e+02	203	5.867e-03
6684	6.009e+02	197	5.694e-03
6685	6.010e+02	214	6.185e-03
6686	6.011e+02	211	6.098e-03
6687	6.012e+02	190	5.491e-03
6688	6.013e+02	191	5.520e-03
6689	6.014e+02	214	6.185e-03
6690	6.015e+02	212	6.127e-03
6691	6.016e+02	227	6.561e-03
6692	6.017e+02	186	5.376e-03
6693	6.017e+02	210	6.069e-03
6694	6.018e+02	221	6.387e-03
6695	6.019e+02	197	5.694e-03
6696	6.020e+02	202	5.838e-03
6697	6.021e+02	196	5.665e-03
6698	6.022e+02	219	6.330e-03
6699	6.023e+02	227	6.561e-03
6700	6.024e+02	219	6.330e-03
6701	6.025e+02	209	6.040e-03
6702	6.026e+02	197	5.694e-03
6703	6.026e+02	210	6.069e-03
6704	6.027e+02	223	6.445e-03
6705	6.028e+02	225	6.503e-03
6706	6.029e+02	170	4.913e-03
6707	6.030e+02	205	5.925e-03
6708	6.031e+02	217	6.272e-03
6709	6.032e+02	222	6.416e-03
6710	6.033e+02	236	6.821e-03
6711	6.034e+02	214	6.185e-03
6712	6.035e+02	231	6.676e-03
6713	6.035e+02	200	5.780e-03
6714	6.036e+02	221	6.387e-03
6715	6.037e+02	200	5.780e-03
6716	6.038e+02	230	6.647e-03
6717	6.039e+02	211	6.098e-03
6718	6.040e+02	208	6.012e-03
6719	6.041e+02	211	6.098e-03
6720	6.042e+02	216	6.243e-03
6721	6.043e+02	202	5.838e-03
6722	6.044e+02	189	5.462e-03
6723	6.044e+02	180	5.202e-03
6724	6.045e+02	220	6.358e-03
6725	6.046e+02	222	6.416e-03
6726	6.047e+02	224	6.474e-03
6727	6.048e+02	196	5.665e-03
6728	6.049e+02	209	6.040e-03
6729	6.050e+02	211	6.098e-03
6730	6.051e+02	209	6.040e-03
6731	6.052e+02	192	5.549e-03
6732	6.053e+02	199	5.751e-03
6733	6.053e+02	209	6.040e-03
6734	6.054e+02	206	5.954e-03
6735	6.055e+02	190	5.491e-03
6736	6.056e+02	222	6.416e-03
6737	6.057e+02	202	5.838e-03
6738	6.058e+02	235	6.792e-03
6739	6.059e+02	206	5.954e-03
6740	6.060e+02	214	6.185e-03
6741	6.061e+02	209	6.040e-03
6742	6.062e+02	201	5.809e-03
6743	6.062e+02	233	6.734e-03
6744	6.063e+02	180	5.202e-03
6745	6.064e+02	201	5.809e-03
6746	6.065e+02	196	5.665e-03
6747	6.066e+02	213	6.156e-03
6748	6.067e+02	204	5.896e-03
6749	6.068e+02	201	5.809e-03
6750	6.069e+02	215	6.214e-03
6751	6.070e+02	186	5.376e-03
6752	6.071e+02	187	5.405e-03
6753	6.071e+02	230	6.647e-03
6754	6.072e+02	250	7.225e-03
6755	6.073e+02	191	5.520e-03
6756	6.074e+02	194	5.607e-03
6757	6.075e+02	191	5.520e-03
6758	6.076e+02	207	5.983e-03
6759	6.077e+02	211	6.098e-03
6760	6.078e+02	203	5.867e-03
6761	6.079e+02	203	5.867e-03
6762	6.079e+02	190	5.491e-03
6763	6.080e+02	205	5.925e-03
6764	6.081e+02	192	5.549e-03
6765	6.082e+02	226	6.532e-03
6766	6.083e+02	195	5.636e-03
6767	6.084e+02	211	6.098e-03
6768	6.085e+02	172	4.971e-03
6769	6.086e+02	174	5.029e-03
6770	6.087e+02	175	5.058e-03
6771	6.088e+02	187	5.405e-03
6772	6.088e+02	179	5.173e-03
6773	6.089e+02	201	5.809e-03
6774	6.090e+02	180	5.202e-03
6775	6.091e+02	189	5.462e-03
6776	6.092e+02	193	5.578e-03
6777	6.093e+02	182	5.260e-03
6778	6.094e+02	141	4.075e-03
6779	6.095e+02	162	4.682e-03
6780	6.096e+02	174	5.029e-03
6781	6.097e+02	169	4.884e-03
6782	6.097e+02	198	5.723e-03
6783	6.098e+02	174	5.029e-03
6784	6.099e+02	175	5.058e-03
6785	6.100e+02	178	5.145e-03
6786	6.101e+02	201	5.809e-03
6787	6.102e+02	210	6.069e-03
6788	6.103e+02	191	5.520e-03
6789	6.104e+02	212	6.127e-03
6790	6.105e+02	214	6.185e-03
6791	6.106e+02	183	5.289e-03
6792	6.106e+02	180	5.202e-03
6793	6.107e+02	155	4.480e-03
6794	6.108e+02	189	5.462e-03
6795	6.109e+02	195	5.636e-03
6796	6.110e+02	196	5.665e-03
6797	6.111e+02	216	6.243e-03
6798	6.112e+02	217	6.272e-03
6799	6.113e+02	195	5.636e-03
6800	6.114e+02	238	6.879e-03
6801	6.115e+02	235	6.792e-03
6802	6.115e+02	198	5.723e-03
6803	6.116e+02	211	6.098e-03
6804	6.117e+02	180	5.202e-03
6805	6.118e+02	229	6.619e-03
6806	6.119e+02	199	5.751e-03
6807	6.120e+02	205	5.925e-03
6808	6.121e+02	198	5.723e-03
6809	6.122e+02	227	6.561e-03
6810	6.123e+02	209	6.040e-03
6811	6.124e+02	243	7.023e-03
6812	6.124e+02	212	6.127e-03
6813	6.125e+02	206	5.954e-03
6814	6.126e+02	198	5.723e-03
6815	6.127e+02	237	6.850e-03
6816	6.128e+02	217	6.272e-03
6817	6.129e+02	218	6.301e-03
6818	6.130e+02	228	6.590e-03
6819	6.131e+02	240	6.936e-03
6820	6.132e+02	242	6.994e-03
6821	6.133e+02	244	7.052e-03
6822	6.133e+02	271	7.832e-03
6823	6.134e+02	225	6.503e-03
6824	6.135e+02	248	7.168e-03
6825	6.136e+02	248	7.168e-03
6826	6.137e+02	248	7.168e-03
6827	6.138e+02	255	7.370e-03
6828	6.139e+02	243	7.023e-03
6829	6.140e+02	225	6.503e-03
6830	6.141e+02	220	6.358e-03
6831	6.142e+02	193	5.578e-03
6832	6.142e+02	255	7.370e-03
6833	6.143e+02	221	6.387e-03
6834	6.144e+02	257	7.428e-03
6835	6.145e+02	208	6.012e-03
6836	6.146e+02	222	6.416e-03
6837	6.147e+02	212	6.127e-03
6838	6.148e+02	220	6.358e-03
6839	6.149e+02	192	5.549e-03
6840	6.150e+02	198	5.723e-03
6841	6.151e+02	226	6.532e-03
6842	6.151e+02	218	6.301e-03
6843	6.152e+02	179	5.173e-03
6844	6.153e+02	211	6.098e-03
6845	6.154e+02	179	5.173e-03
6846	6.155e+02	221	6.387e-03
6847	6.156e+02	215	6.214e-03
6848	6.157e+02	216	6.243e-03
6849	6.158e+02	199	5.751e-03
6850	6.159e+02	209	6.040e-03
6851	6.160e+02	177	5.116e-03
6852	6.160e+02	207	5.983e-03
6853	6.161e+02	202	5.838e-03
6854	6.162e+02	188	5.434e-03
6855	6.163e+02	200	5.780e-03
6856	6.164e+02	225	6.503e-03
6857	6.165e+02	197	5.694e-03
6858	6.166e+02	203	5.867e-03
6859	6.167e+02	210	6.069e-03
6860	6.168e+02	225	6.503e-03
6861	6.169e+02	209	6.040e-03
6862	6.169e+02	203	5.867e-03
6863	6.170e+02	201	5.809e-03
6864	6.171e+02	193	5.578e-03
6865	6.172e+02	223	6.445e-03
6866	6.173e+02	177	5.116e-03
6867	6.174e+02	211	6.098e-03
6868	6.175e+02	166	4.798e-03
6869	6.176e+02	192	5.549e-03
6870	6.177e+02	208	6.012e-03
6871	6.178e+02	214	6.185e-03
6872	6.178e+02	222	6.416e-03
6873	6.179e+02	210	6.069e-03
6874	6.180e+02	192	5.549e-03
6875	6.181e+02	236	6.821e-03
6876	6.182e+02	178	5.145e-03
6877	6.183e+02	186	5.376e-03
6878	6.184e+02	195	5.636e-03
6879	6.185e+02	192	5.549e-03
6880	6.186e+02	211	6.098e-03
6881	6.186e+02	208	6.012e-03
6882	6.187e+02	220	6.358e-03
6883	6.188e+02	218	6.301e-03
6884	6.189e+02	196	5.665e-03
6885	6.190e+02	221	6.387e-03
6886	6.191e+02	196	5.665e-03
6887	6.192e+02	187	5.405e-03
6888	6.193e+02	196	5.665e-03
6889	6.194e+02	218	6.301e-03
6890	6.195e+02	216	6.243e-03
6891	6.195e+02	195	5.636e-03
6892	6.196e+02	215	6.214e-03
6893	6.197e+02	219	6.330e-03
6894	6.198e+02	205	5.925e-03
6895	6.199e+02	198	5.723e-03
6896	6.200e+02	194	5.607e-03
6897	6.201e+02	218	6.301e-03
6898	6.202e+02	200	5.780e-03
6899	6.203e+02	184	5.318e-03
6900	6.204e+02	202	5.838e-03
6901	6.204e+02	205	5.925e-03
6902	6.205e+02	223	6.445e-03
6903	6.206e+02	198	5.723e-03
6904	6.207e+02	184	5.318e-03
6905	6.208e+02	241	6.965e-03
6906	6.209e+02	191	5.520e-03
6907	6.210e+02	206	5.954e-03
6908	6.211e+02	175	5.058e-03
6909	6.212e+02	204	5.896e-03
6910	6.213e+02	224	6.474e-03
6911	6.213e+02	197	5.694e-03
6912	6.214e+02	198	5.723e-03
6913	6.215e+02	209	6.040e-03
6914	6.216e+02	204	5.896e-03
6915	6.217e+02	214	6.185e-03
6916	6.218e+02	189	5.462e-03
6917	6.219e+02	197	5.694e-03
6918	6.220e+02	199	5.751e-03
6919	6.221e+02	188	5.434e-03
6920	6.222e+02	195	5.636e-03
6921	6.222e+02	185	5.347e-03
6922	6.223e+02	189	5.462e-03
6923	6.224e+02	183	5.289e-03
6924	6.225e+02	178	5.145e-03
6925	6.226e+02	222	6.416e-03
6926	6.227e+02	206	5.954e-03
6927	6.228e+02	201	5.809e-03
6928	6.229e+02	197	5.694e-03
6929	6.230e+02	199	5.751e-03
6930	6.231e+02	201	5.809e-03
6931	6.231e+02	206	5.954e-03
6932	6.232e+02	231	6.676e-03
6933	6.233e+02	200	5.780e-03
6934	6.234e+02	173	5.000e-03
6935	6.235e+02	211	6.098e-03
6936	6.236e+02	199	5.751e-03
6937	6.237e+02	216	6.243e-03
6938	6.238e+02	210	6.069e-03
6939	6.239e+02	212	6.127e-03
6940	6.240e+02	206	5.954e-03
6941	6.240e+02	187	5.405e-03
6942	6.241e+02	210	6.069e-03
6943	6.242e+02	265	7.659e-03
6944	6.243e+02	219	6.330e-03
6945	6.244e+02	227	6.561e-03
6946	6.245e+02	260	7.514e-03
6947	6.246e+02	239	6.908e-03
6948	6.247e+02	238	6.879e-03
6949	6.248e+02	268	7.746e-03
6950	6.249e+02	275	7.948e-03
6951	6.249e+02	310	8.960e-03
6952	6.250e+02	267	7.717e-03
6953	6.251e+02	302	8.728e-03
6954	6.252e+02	312	9.017e-03
6955	6.253e+02	342	9.884e-03
6956	6.254e+02	324	9.364e-03
6957	6.255e+02	342	9.884e-03
6958	6.256e+02	372	1.075e-02
6959	6.257e+02	335	9.682e-03
6960	6.258e+02	350	1.012e-02
6961	6.258e+02	323	9.335e-03
6962	6.259e+02	322	9.306e-03
6963	6.260e+02	307	8.873e-03
6964	6.261e+02	314	9.075e-03
6965	6.262e+02	302	8.728e-03
6966	6.263e+02	286	8.266e-03
6967	6.264e+02	319	9.220e-03
6968	6.265e+02	252	7.283e-03
6969	6.266e+02	231	6.676e-03
6970	6.267e+02	279	8.064e-03
6971	6.267e+02	249	7.197e-03
6972	6.268e+02	250	7.225e-03
6973	6.269e+02	240	6.936e-03
6974	6.270e+02	226	6.532e-03
6975	6.271e+02	206	5.954e-03
6976	6.272e+02	205	5.925e-03
6977	6.273e+02	195	5.636e-03
6978	6.274e+02	194	5.607e-03
6979	6.275e+02	193	5.578e-03
6980	6.276e+02	230	6.647e-03
6981	6.276e+02	196	5.665e-03
6982	6.277e+02	213	6.156e-03
6983	6.278e+02	205	5.925e-03
6984	6.279e+02	193	5.578e-03
6985	6.280e+02	206	5.954e-03
6986	6.281e+02	208	6.012e-03
6987	6.282e+02	183	5.289e-03
6988	6.283e+02	186	5.376e-03
6989	6.284e+02	192	5.549e-03
6990	6.285e+02	189	5.462e-03
6991	6.285e+02	165	4.769e-03
6992	6.286e+02	192	5.549e-03
6993	6.287e+02	211	6.098e-03
6994	6.288e+02	220	6.358e-03
6995	6.289e+02	180	5.202e-03
6996	6.290e+02	228	6.590e-03
6997	6.291e+02	177	5.116e-03
6998	6.292e+02	210	6.069e-03
6999	6.293e+02	203	5.867e-03
7000	6.294e+02	191	5.520e-03
7001	6.294e+02	188	5.434e-03
7002	6.295e+02	189	5.462e-03
7003	6.296e+02	220	6.358e-03
7004	6.297e+02	203	5.867e-03
7005	6.298e+02	183	5.289e-03
7006	6.299e+02	197	5.694e-03
7007	6.300e+02	201	5.809e-03
7008	6.301e+02	216	6.243e-03
7009	6.302e+02	199	5.751e-03
7010	6.302e+02	215	6.214e-03
7011	6.303e+02	196	5.665e-03
7012	6.304e+02	191	5.520e-03
7013	6.305e+02	226	6.532e-03
7014	6.306e+02	208	6.012e-03
7015	6.307e+02	207	5.983e-03
7016	6.308e+02	183	5.289e-03
7017	6.309e+02	210	6.069e-03
7018	6.310e+02	203	5.867e-03
7019	6.311e+02	190	5.491e-03
7020	6.311e+02	176	5.087e-03
7021	6.312e+02	229	6.619e-03
7022	6.313e+02	230	6.647e-03
7023	6.314e+02	198	5.723e-03
7024	6.315e+02	194	5.607e-03
7025	6.316e+02	190	5.491e-03
7026	6.317e+02	219	6.330e-03
7027	6.318e+02	197	5.694e-03
7028	6.319e+02	187	5.405e-03
7029	6.320e+02	191	5.520e-03
7030	6.320e+02	178	5.145e-03
7031	6.321e+02	192	5.549e-03
7032	6.322e+02	207	5.983e-03
7033	6.323e+02	211	6.098e-03
7034	6.324e+02	241	6.965e-03
7035	6.325e+02	223	6.445e-03
7036	6.326e+02	203	5.867e-03
7037	6.327e+02	220	6.358e-03
7038	6.328e+02	192	5.549e-03
7039	6.329e+02	223	6.445e-03
7040	6.329e+02	191	5.520e-03
7041	6.330e+02	220	6.358e-03
7042	6.331e+02	188	5.434e-03
7043	6.332e+02	209	6.040e-03
7044	6.333e+02	186	5.376e-03
7045	6.334e+02	221	6.387e-03
7046	6.335e+02	202	5.838e-03
7047	6.336e+02	212	6.127e-03
7048	6.337e+02	220	6.358e-03
7049	6.338e+02	186	5.376e-03
7050	6.338e+02	199	5.751e-03
7051	6.339e+02	211	6.098e-03
7052	6.340e+02	194	5.607e-03
7053	6.341e+02	184	5.318e-03
7054	6.342e+02	187	5.405e-03
7055	6.343e+02	192	5.549e-03
7056	6.344e+02	192	5.549e-03
7057	6.345e+02	208	6.012e-03
7058	6.346e+02	189	5.462e-03
7059	6.347e+02	193	5.578e-03
7060	6.347e+02	236	6.821e-03
7061	6.348e+02	214	6.185e-03
7062	6.349e+02	204	5.896e-03
7063	6.350e+02	198	5.723e-03
7064	6.351e+02	172	4.971e-03
7065	6.352e+02	227	6.561e-03
7066	6.353e+02	206	5.954e-03
7067	6.354e+02	205	5.925e-03
7068	6.355e+02	185	5.347e-03
7069	6.356e+02	212	6.127e-03
7070	6.356e+02	230	6.647e-03
7071	6.357e+02	185	5.347e-03
7072	6.358e+02	204	5.896e-03
7073	6.359e+02	204	5.896e-03
7074	6.360e+02	197	5.694e-03
7075	6.361e+02	184	5.318e-03
7076	6.362e+02	205	5.925e-03
7077	6.363e+02	213	6.156e-03
7078	6.364e+02	189	5.462e-03
7079	6.365e+02	178	5.145e-03
7080	6.365e+02	196	5.665e-03
7081	6.366e+02	191	5.520e-03
7082	6.367e+02	216	6.243e-03
7083	6.368e+02	232	6.705e-03
7084	6.369e+02	201	5.809e-03
7085	6.370e+02	182	5.260e-03
7086	6.371e+02	178	5.145e-03
7087	6.372e+02	183	5.289e-03
7088	6.373e+02	186	5.376e-03
7089	6.374e+02	203	5.867e-03
7090	6.374e+02	192	5.549e-03
7091	6.375e+02	176	5.087e-03
7092	6.376e+02	177	5.116e-03
7093	6.377e+02	207	5.983e-03
7094	6.378e+02	196	5.665e-03
7095	6.379e+02	208	6.012e-03
7096	6.380e+02	194	5.607e-03
7097	6.381e+02	194	5.607e-03
7098	6.382e+02	203	5.867e-03
7099	6.383e+02	222	6.416e-03
7100	6.383e+02	198	5.723e-03
7101	6.384e+02	213	6.156e-03
7102	6.385e+02	186	5.376e-03
7103	6.386e+02	203	5.867e-03
7104	6.387e+02	227	6.561e-03
7105	6.388e+02	189	5.462e-03
7106	6.389e+02	197	5.694e-03
7107	6.390e+02	211	6.098e-03
7108	6.391e+02	215	6.214e-03
7109	6.392e+02	183	5.289e-03
7110	6.392e+02	185	5.347e-03
7111	6.393e+02	165	4.769e-03
7112	6.394e+02	187	5.405e-03
7113	6.395e+02	215	6.214e-03
7114	6.396e+02	211	6.098e-03
7115	6.397e+02	163	4.711e-03
7116	6.398e+02	217	6.272e-03
7117	6.399e+02	207	5.983e-03
7118	6.400e+02	231	6.676e-03
7119	6.401e+02	204	5.896e-03
7120	6.401e+02	204	5.896e-03
7121	6.402e+02	217	6.272e-03
7122	6.403e+02	217	6.272e-03
7123	6.404e+02	200	5.780e-03
7124	6.405e+02	182	5.260e-03
7125	6.406e+02	222	6.416e-03
7126	6.407e+02	213	6.156e-03
7127	6.408e+02	194	5.607e-03
7128	6.409e+02	227	6.561e-03
7129	6.410e+02	225	6.503e-03
7130	6.410e+02	219	6.330e-03
7131	6.411e+02	201	5.809e-03
7132	6.412e+02	198	5.723e-03
7133	6.413e+02	200	5.780e-03
7134	6.414e+02	201	5.809e-03
7135	6.415e+02	193	5.578e-03
7136	6.416e+02	202	5.838e-03
7137	6.417e+02	179	5.173e-03
7138	6.418e+02	199	5.751e-03
7139	6.418e+02	213	6.156e-03
7140	6.419e+02	201	5.809e-03
7141	6.420e+02	166	4.798e-03
7142	6.421e+02	207	5.983e-03
7143	6.422e+02	198	5.723e-03
7144	6.423e+02	189	5.462e-03
7145	6.424e+02	187	5.405e-03
7146	6.425e+02	195	5.636e-03
7147	6.426e+02	215	6.214e-03
7148	6.427e+02	196	5.665e-03
7149	6.427e+02	191	5.520e-03
7150	6.428e+02	224	6.474e-03
7151	6.429e+02	221	6.387e-03
7152	6.430e+02	244	7.052e-03
7153	6.431e+02	173	5.000e-03
7154	6.432e+02	197	5.694e-03
7155	6.433e+02	202	5.838e-03
7156	6.434e+02	198	5.723e-03
7157	6.435e+02	177	5.116e-03
7158	6.436e+02	196	5.665e-03
7159	6.436e+02	194	5.607e-03
7160	6.437e+02	209	6.040e-03
7161	6.438e+02	198	5.723e-03
7162	6.439e+02	173	5.000e-03
7163	6.440e+02	180	5.202e-03
7164	6.441e+02	212	6.127e-03
7165	6.442e+02	188	5.434e-03
7166	6.443e+02	200	5.780e-03
7167	6.444e+02	224	6.474e-03
7168	6.445e+02	219	6.330e-03
7169	6.445e+02	202	5.838e-03
7170	6.446e+02	207	5.983e-03
7171	6.447e+02	241	6.965e-03
7172	6.448e+02	224	6.474e-03
7173	6.449e+02	193	5.578e-03
7174	6.450e+02	228	6.590e-03
7175	6.451e+02	226	6.532e-03
7176	6.452e+02	190	5.491e-03
7177	6.453e+02	215	6.214e-03
7178	6.454e+02	193	5.578e-03
7179	6.454e+02	223	6.445e-03
7180	6.455e+02	211	6.098e-03
7181	6.456e+02	213	6.156e-03
7182	6.457e+02	215	6.214e-03
7183	6.458e+02	205	5.925e-03
7184	6.459e+02	191	5.520e-03
7185	6.460e+02	219	6.330e-03
7186	6.461e+02	195	5.636e-03
7187	6.462e+02	220	6.358e-03
7188	6.463e+02	192	5.549e-03
7189	6.463e+02	206	5.954e-03
7190	6.464e+02	221	6.387e-03
7191	6.465e+02	214	6.185e-03
7192	6.466e+02	230	6.647e-03
7193	6.467e+02	199	5.751e-03
7194	6.468e+02	207	5.983e-03
7195	6.469e+02	197	5.694e-03
7196	6.470e+02	219	6.330e-03
7197	6.471e+02	188	5.434e-03
7198	6.472e+02	202	5.838e-03
7199	6.472e+02	176	5.087e-03
7200	6.473e+02	212	6.127e-03
7201	6.474e+02	233	6.734e-03
7202	6.475e+02	207	5.983e-03
7203	6.476e+02	196	5.665e-03
7204	6.477e+02	176	5.087e-03
7205	6.478e+02	199	5.751e-03
7206	6.479e+02	215	6.214e-03
7207	6.480e+02	205	5.925e-03
7208	6.481e+02	186	5.376e-03
7209	6.481e+02	206	5.954e-03
7210	6.482e+02	191	5.520e-03
7211	6.483e+02	214	6.185e-03
7212	6.484e+02	215	6.214e-03
7213	6.485e+02	188	5.434e-03
7214	6.486e+02	221	6.387e-03
7215	6.487e+02	183	5.289e-03
7216	6.488e+02	197	5.694e-03
7217	6.489e+02	216	6.243e-03
7218	6.490e+02	226	6.532e-03
7219	6.490e+02	236	6.821e-03
7220	6.491e+02	203	5.867e-03
7221	6.492e+02	239	6.908e-03
7222	6.493e+02	205	5.925e-03
7223	6.494e+02	214	6.185e-03
7224	6.495e+02	195	5.636e-03
7225	6.496e+02	222	6.416e-03
7226	6.497e+02	225	6.503e-03
7227	6.498e+02	234	6.763e-03
7228	6.499e+02	233	6.734e-03
7229	6.499e+02	247	7.139e-03
7230	6.500e+02	231	6.676e-03
7231	6.501e+02	261	7.543e-03
7232	6.502e+02	235	6.792e-03
7233	6.503e+02	226	6.532e-03
7234	6.504e+02	224	6.474e-03
7235	6.505e+02	231	6.676e-03
7236	6.506e+02	251	7.254e-03
7237	6.507e+02	182	5.260e-03
7238	6.508e+02	224	6.474e-03
7239	6.508e+02	250	7.225e-03
7240	6.509e+02	216	6.243e-03
7241	6.510e+02	216	6.243e-03
7242	6.511e+02	219	6.330e-03
7243	6.512e+02	212	6.127e-03
7244	6.513e+02	170	4.913e-03
7245	6.514e+02	194	5.607e-03
7246	6.515e+02	227	6.561e-03
7247	6.516e+02	184	5.318e-03
7248	6.517e+02	206	5.954e-03
7249	6.517e+02	192	5.549e-03
7250	6.518e+02	189	5.462e-03
7251	6.519e+02	185	5.347e-03
7252	6.520e+02	203	5.867e-03
7253	6.521e+02	219	6.330e-03
7254	6.522e+02	197	5.694e-03
7255	6.523e+02	198	5.723e-03
7256	6.524e+02	198	5.723e-03
7257	6.525e+02	189	5.462e-03
7258	6.525e+02	197	5.694e-03
7259	6.526e+02	198	5.723e-03
7260	6.527e+02	224	6.474e-03
7261	6.528e+02	179	5.173e-03
7262	6.529e+02	184	5.318e-03
7263	6.530e+02	235	6.792e-03
7264	6.531e+02	215	6.214e-03
7265	6.532e+02	163	4.711e-03
7266	6.533e+02	203	5.867e-03
7267	6.534e+02	219	6.330e-03
7268	6.534e+02	179	5.173e-03
7269	6.535e+02	224	6.474e-03
7270	6.536e+02	209	6.040e-03
7271	6.537e+02	188	5.434e-03
7272	6.538e+02	210	6.069e-03
7273	6.539e+02	226	6.532e-03
7274	6.540e+02	178	5.145e-03
7275	6.541e+02	194	5.607e-03
7276	6.542e+02	226	6.532e-03
7277	6.543e+02	228	6.590e-03
7278	6.543e+02	200	5.780e-03
7279	6.544e+02	189	5.462e-03
7280	6.545e+02	196	5.665e-03
7281	6.546e+02	203	5.867e-03
7282	6.547e+02	201	5.809e-03
7283	6.548e+02	206	5.954e-03
7284	6.549e+02	201	5.809e-03
7285	6.550e+02	209	6.040e-03
7286	6.551e+02	234	6.763e-03
7287	6.552e+02	211	6.098e-03
7288	6.552e+02	199	5.751e-03
7289	6.553e+02	211	6.098e-03
7290	6.554e+02	184	5.318e-03
7291	6.555e+02	222	6.416e-03
7292	6.556e+02	222	6.416e-03
7293	6.557e+02	226	6.532e-03
7294	6.558e+02	187	5.405e-03
7295	6.559e+02	178	5.145e-03
7296	6.560e+02	200	5.780e-03
7297	6.561e+02	192	5.549e-03
7298	6.561e+02	186	5.376e-03
7299	6.562e+02	225	6.503e-03
7300	6.563e+02	201	5.809e-03
7301	6.564e+02	232	6.705e-03
7302	6.565e+02	195	5.636e-03
7303	6.566e+02	216	6.243e-03
7304	6.567e+02	221	6.387e-03
7305	6.568e+02	191	5.520e-03
7306	6.569e+02	214	6.185e-03
7307	6.570e+02	186	5.376e-03
7308	6.570e+02	207	5.983e-03
7309	6.571e+02	197	5.694e-03
7310	6.572e+02	209	6.040e-03
7311	6.573e+02	195	5.636e-03
7312	6.574e+02	222	6.416e-03
7313	6.575e+02	204	5.896e-03
7314	6.576e+02	228	6.590e-03
7315	6.577e+02	201	5.809e-03
7316	6.578e+02	202	5.838e-03
7317	6.579e+02	171	4.942e-03
7318	6.579e+02	194	5.607e-03
7319	6.580e+02	205	5.925e-03
7320	6.581e+02	213	6.156e-03
7321	6.582e+02	191	5.520e-03
7322	6.583e+02	216	6.243e-03
7323	6.584e+02	190	5.491e-03
7324	6.585e+02	211	6.098e-03
7325	6.586e+02	210	6.069e-03
7326	6.587e+02	197	5.694e-03
7327	6.588e+02	204	5.896e-03
7328	6.588e+02	199	5.751e-03
7329	6.589e+02	201	5.809e-03
7330	6.590e+02	217	6.272e-03
7331	6.591e+02	214	6.185e-03
7332	6.592e+02	199	5.751e-03
7333	6.593e+02	236	6.821e-03
7334	6.594e+02	205	5.925e-03
7335	6.595e+02	196	5.665e-03
7336	6.596e+02	175	5.058e-03
7337	6.597e+02	203	5.867e-03
7338	6.597e+02	199	5.751e-03
7339	6.598e+02	185	5.347e-03
7340	6.599e+02	211	6.098e-03
7341	6.600e+02	214	6.185e-03
7342	6.601e+02	204	5.896e-03
7343	6.602e+02	180	5.202e-03
7344	6.603e+02	217	6.272e-03
7345	6.604e+02	209	6.040e-03
7346	6.605e+02	196	5.665e-03
7347	6.606e+02	222	6.416e-03
7348	6.606e+02	204	5.896e-03
7349	6.607e+02	220	6.358e-03
7350	6.608e+02	185	5.347e-03
7351	6.609e+02	188	5.434e-03
7352	6.610e+02	215	6.214e-03
7353	6.611e+02	185	5.347e-03
7354	6.612e+02	198	5.723e-03
7355	6.613e+02	211	6.098e-03
7356	6.614e+02	188	5.434e-03
7357	6.615e+02	199	5.751e-03
7358	6.615e+02	233	6.734e-03
7359	6.616e+02	210	6.069e-03
7360	6.617e+02	211	6.098e-03
7361	6.618e+02	196	5.665e-03
7362	6.619e+02	207	5.983e-03
7363	6.620e+02	191	5.520e-03
7364	6.621e+02	210	6.069e-03
7365	6.622e+02	202	5.838e-03
7366	6.623e+02	204	5.896e-03
7367	6.624e+02	191	5.520e-03
7368	6.624e+02	206	5.954e-03
7369	6.625e+02	199	5.751e-03
7370	6.626e+02	230	6.647e-03
7371	6.627e+02	195	5.636e-03
7372	6.628e+02	197	5.694e-03
7373	6.629e+02	221	6.387e-03
7374	6.630e+02	210	6.069e-03
7375	6.631e+02	196	5.665e-03
7376	6.632e+02	208	6.012e-03
7377	6.633e+02	224	6.474e-03
7378	6.633e+02	192	5.549e-03
7379	6.634e+02	214	6.185e-03
7380	6.635e+02	221	6.387e-03
7381	6.636e+02	190	5.491e-03
7382	6.637e+02	189	5.462e-03
7383	6.638e+02	201	5.809e-03
7384	6.639e+02	195	5.636e-03
7385	6.640e+02	229	6.619e-03
7386	6.641e+02	199	5.751e-03
7387	6.641e+02	203	5.867e-03
7388	6.642e+02	209	6.040e-03
7389	6.643e+02	233	6.734e-03
7390	6.644e+02	226	6.532e-03
7391	6.645e+02	207	5.983e-03
7392	6.646e+02	201	5.809e-03
7393	6.647e+02	217	6.272e-03
7394	6.648e+02	206	5.954e-03
7395	6.649e+02	199	5.751e-03
7396	6.650e+02	213	6.156e-03
7397	6.650e+02	209	6.040e-03
7398	6.651e+02	192	5.549e-03
7399	6.652e+02	231	6.676e-03
7400	6.653e+02	210	6.069e-03
7401	6.654e+02	204	5.896e-03
7402	6.655e+02	209	6.040e-03
7403	6.656e+02	215	6.214e-03
7404	6.657e+02	207	5.983e-03
7405	6.658e+02	198	5.723e-03
7406	6.659e+02	184	5.318e-03
7407	6.659e+02	229	6.619e-03
7408	6.660e+02	234	6.763e-03
7409	6.661e+02	204	5.896e-03
7410	6.662e+02	181	5.231e-03
7411	6.663e+02	190	5.491e-03
7412	6.664e+02	216	6.243e-03
7413	6.665e+02	228	6.590e-03
7414	6.666e+02	199	5.751e-03
7415	6.667e+02	206	5.954e-03
7416	6.668e+02	194	5.607e-03
7417	6.668e+02	216	6.243e-03
7418	6.669e+02	185	5.347e-03
7419	6.670e+02	218	6.301e-03
7420	6.671e+02	183	5.289e-03
7421	6.672e+02	197	5.694e-03
7422	6.673e+02	221	6.387e-03
7423	6.674e+02	229	6.619e-03
7424	6.675e+02	187	5.405e-03
7425	6.676e+02	194	5.607e-03
7426	6.677e+02	217	6.272e-03
7427	6.677e+02	193	5.578e-03
7428	6.678e+02	218	6.301e-03
7429	6.679e+02	225	6.503e-03
7430	6.680e+02	226	6.532e-03
7431	6.681e+02	195	5.636e-03
7432	6.682e+02	211	6.098e-03
7433	6.683e+02	212	6.127e-03
7434	6.684e+02	217	6.272e-03
7435	6.685e+02	213	6.156e-03
7436	6.686e+02	220	6.358e-03
7437	6.686e+02	209	6.040e-03
7438	6.687e+02	204	5.896e-03
7439	6.688e+02	207	5.983e-03
7440	6.689e+02	213	6.156e-03
7441	6.690e+02	203	5.867e-03
7442	6.691e+02	188	5.434e-03
7443	6.692e+02	220	6.358e-03
7444	6.693e+02	217	6.272e-03
7445	6.694e+02	231	6.676e-03
7446	6.695e+02	227	6.561e-03
7447	6.695e+02	204	5.896e-03
7448	6.696e+02	197	5.694e-03
7449	6.697e+02	199	5.751e-03
7450	6.698e+02	198	5.723e-03
7451	6.699e+02	218	6.301e-03
7452	6.700e+02	211	6.098e-03
7453	6.701e+02	217	6.272e-03
7454	6.702e+02	218	6.301e-03
7455	6.703e+02	213	6.156e-03
7456	6.704e+02	225	6.503e-03
7457	6.704e+02	226	6.532e-03
7458	6.705e+02	204	5.896e-03
7459	6.706e+02	215	6.214e-03
7460	6.707e+02	203	5.867e-03
7461	6.708e+02	223	6.445e-03
7462	6.709e+02	219	6.330e-03
7463	6.710e+02	214	6.185e-03
7464	6.711e+02	215	6.214e-03
7465	6.712e+02	208	6.012e-03
7466	6.713e+02	197	5.694e-03
7467	6.713e+02	198	5.723e-03
7468	6.714e+02	211	6.098e-03
7469	6.715e+02	206	5.954e-03
7470	6.716e+02	236	6.821e-03
7471	6.717e+02	215	6.214e-03
7472	6.718e+02	237	6.850e-03
7473	6.719e+02	207	5.983e-03
7474	6.720e+02	223	6.445e-03
7475	6.721e+02	244	7.052e-03
7476	6.722e+02	222	6.416e-03
7477	6.722e+02	217	6.272e-03
7478	6.723e+02	241	6.965e-03
7479	6.724e+02	193	5.578e-03
7480	6.725e+02	177	5.116e-03
7481	6.726e+02	172	4.971e-03
7482	6.727e+02	206	5.954e-03
7483	6.728e+02	195	5.636e-03
7484	6.729e+02	220	6.358e-03
7485	6.730e+02	202	5.838e-03
7486	6.731e+02	198	5.723e-03
7487	6.731e+02	182	5.260e-03
7488	6.732e+02	177	5.116e-03
7489	6.733e+02	193	5.578e-03
7490	6.734e+02	219	6.330e-03
7491	6.735e+02	203	5.867e-03
7492	6.736e+02	189	5.462e-03
7493	6.737e+02	207	5.983e-03
7494	6.738e+02	177	5.116e-03
7495	6.739e+02	185	5.347e-03
7496	6.740e+02	194	5.607e-03
7497	6.740e+02	227	6.561e-03
7498	6.741e+02	205	5.925e-03
7499	6.742e+02	191	5.520e-03
7500	6.743e+02	224	6.474e-03
7501	6.744e+02	219	6.330e-03
7502	6.745e+02	203	5.867e-03
7503	6.746e+02	198	5.723e-03
7504	6.747e+02	204	5.896e-03
7505	6.748e+02	203	5.867e-03
7506	6.748e+02	201	5.809e-03
7507	6.749e+02	209	6.040e-03
7508	6.750e+02	193	5.578e-03
7509	6.751e+02	190	5.491e-03
7510	6.752e+02	217	6.272e-03
7511	6.753e+02	189	5.462e-03
7512	6.754e+02	176	5.087e-03
7513	6.755e+02	217	6.272e-03
7514	6.756e+02	191	5.520e-03
7515	6.757e+02	211	6.098e-03
7516	6.757e+02	215	6.214e-03
7517	6.758e+02	203	5.867e-03
7518	6.759e+02	216	6.243e-03
7519	6.760e+02	197	5.694e-03
7520	6.761e+02	222	6.416e-03
7521	6.762e+02	232	6.705e-03
7522	6.763e+02	267	7.717e-03
7523	6.764e+02	229	6.619e-03
7524	6.765e+02	221	6.387e-03
7525	6.766e+02	249	7.197e-03
7526	6.766e+02	237	6.850e-03
7527	6.767e+02	247	7.139e-03
7528	6.768e+02	259	7.486e-03
7529	6.769e+02	286	8.266e-03
7530	6.770e+02	262	7.572e-03
7531	6.771e+02	273	7.890e-03
7532	6.772e+02	269	7.775e-03
7533	6.773e+02	235	6.792e-03
7534	6.774e+02	250	7.225e-03
7535	6.775e+02	249	7.197e-03
7536	6.775e+02	284	8.208e-03
7537	6.776e+02	224	6.474e-03
7538	6.777e+02	263	7.601e-03
7539	6.778e+02	254	7.341e-03
7540	6.779e+02	229	6.619e-03
7541	6.780e+02	221	6.387e-03
7542	6.781e+02	220	6.358e-03
7543	6.782e+02	216	6.243e-03
7544	6.783e+02	201	5.809e-03
7545	6.784e+02	209	6.040e-03
7546	6.784e+02	209	6.040e-03
7547	6.785e+02	205	5.925e-03
7548	6.786e+02	208	6.012e-03
7549	6.787e+02	198	5.723e-03
7550	6.788e+02	228	6.590e-03
7551	6.789e+02	206	5.954e-03
7552	6.790e+02	180	5.202e-03
7553	6.791e+02	195	5.636e-03
7554	6.792e+02	212	6.127e-03
7555	6.793e+02	196	5.665e-03
7556	6.793e+02	189	5.462e-03
7557	6.794e+02	190	5.491e-03
7558	6.795e+02	183	5.289e-03
7559	6.796e+02	207	5.983e-03
7560	6.797e+02	197	5.694e-03
7561	6.798e+02	194	5.607e-03
7562	6.799e+02	202	5.838e-03
7563	6.800e+02	193	5.578e-03
7564	6.801e+02	191	5.520e-03
7565	6.802e+02	176	5.087e-03
7566	6.802e+02	180	5.202e-03
7567	6.803e+02	199	5.751e-03
7568	6.804e+02	139	4.017e-03
7569	6.805e+02	228	6.590e-03
7570	6.806e+02	177	5.116e-03
7571	6.807e+02	176	5.087e-03
7572	6.808e+02	189	5.462e-03
7573	6.809e+02	182	5.260e-03
7574	6.810e+02	197	5.694e-03
7575	6.811e+02	197	5.694e-03
7576	6.811e+02	143	4.133e-03
7577	6.812e+02	213	6.156e-03
7578	6.813e+02	164	4.740e-03
7579	6.814e+02	195	5.636e-03
7580	6.815e+02	184	5.318e-03
7581	6.816e+02	179	5.173e-03
7582	6.817e+02	170	4.913e-03
7583	6.818e+02	161	4.653e-03
7584	6.819e+02	196	5.665e-03
7585	6.820e+02	191	5.520e-03
7586	6.820e+02	174	5.029e-03
7587	6.821e+02	171	4.942e-03
7588	6.822e+02	181	5.231e-03
7589	6.823e+02	188	5.434e-03
7590	6.824e+02	185	5.347e-03
7591	6.825e+02	208	6.012e-03
7592	6.826e+02	198	5.723e-03
7593	6.827e+02	185	5.347e-03
7594	6.828e+02	174	5.029e-03
7595	6.829e+02	186	5.376e-03
7596	6.829e+02	168	4.856e-03
7597	6.830e+02	169	4.884e-03
7598	6.831e+02	184	5.318e-03
7599	6.832e+02	207	5.983e-03
7600	6.833e+02	183	5.289e-03
7601	6.834e+02	190	5.491e-03
7602	6.835e+02	199	5.751e-03
7603	6.836e+02	190	5.491e-03
7604	6.837e+02	213	6.156e-03
7605	6.838e+02	202	5.838e-03
7606	6.838e+02	201	5.809e-03
7607	6.839e+02	193	5.578e-03
7608	6.840e+02	179	5.173e-03
7609	6.841e+02	182	5.260e-03
7610	6.842e+02	182	5.260e-03
7611	6.843e+02	186	5.376e-03
7612	6.844e+02	197	5.694e-03
7613	6.845e+02	183	5.289e-03
7614	6.846e+02	168	4.856e-03
7615	6.847e+02	194	5.607e-03
7616	6.847e+02	176	5.087e-03
7617	6.848e+02	190	5.491e-03
7618	6.849e+02	191	5.520e-03
7619	6.850e+02	180	5.202e-03
7620	6.851e+02	151	4.364e-03
7621	6.852e+02	184	5.318e-03
7622	6.853e+02	197	5.694e-03
7623	6.854e+02	182	5.260e-03
7624	6.855e+02	190	5.491e-03
7625	6.856e+02	192	5.549e-03
7626	6.856e+02	182	5.260e-03
7627	6.857e+02	205	5.925e-03
7628	6.858e+02	156	4.509e-03
7629	6.859e+02	175	5.058e-03
7630	6.860e+02	195	5.636e-03
7631	6.861e+02	202	5.838e-03
7632	6.862e+02	189	5.462e-03
7633	6.863e+02	179	5.173e-03
7634	6.864e+02	169	4.884e-03
7635	6.864e+02	169	4.884e-03
7636	6.865e+02	192	5.549e-03
7637	6.866e+02	169	4.884e-03
7638	6.867e+02	190	5.491e-03
7639	6.868e+02	177	5.116e-03
7640	6.869e+02	182	5.260e-03
7641	6.870e+02	198	5.723e-03
7642	6.871e+02	139	4.017e-03
7643	6.872e+02	186	5.376e-03
7644	6.873e+02	205	5.925e-03
7645	6.873e+02	186	5.376e-03
7646	6.874e+02	186	5.376e-03
7647	6.875e+02	194	5.607e-03
7648	6.876e+02	168	4.856e-03
7649	6.877e+02	200	5.780e-03
7650	6.878e+02	189	5.462e-03
7651	6.879e+02	197	5.694e-03
7652	6.880e+02	178	5.145e-03
7653	6.881e+02	187	5.405e-03
7654	6.882e+02	195	5.636e-03
7655	6.882e+02	174	5.029e-03
7656	6.883e+02	215	6.214e-03
7657	6.884e+02	189	5.462e-03
7658	6.885e+02	174	5.029e-03
7659	6.886e+02	217	6.272e-03
7660	6.887e+02	190	5.491e-03
7661	6.888e+02	236	6.821e-03
7662	6.889e+02	228	6.590e-03
7663	6.890e+02	214	6.185e-03
7664	6.891e+02	202	5.838e-03
7665	6.891e+02	197	5.694e-03
7666	6.892e+02	203	5.867e-03
7667	6.893e+02	200	5.780e-03
7668	6.894e+02	213	6.156e-03
7669	6.895e+02	208	6.012e-03
7670	6.896e+02	210	6.069e-03
7671	6.897e+02	220	6.358e-03
7672	6.898e+02	198	5.723e-03
7673	6.899e+02	195	5.636e-03
7674	6.900e+02	190	5.491e-03
7675	6.900e+02	202	5.838e-03
7676	6.901e+02	202	5.838e-03
7677	6.902e+02	186	5.376e-03
7678	6.903e+02	172	4.971e-03
7679	6.904e+02	190	5.491e-03
7680	6.905e+02	189	5.462e-03
7681	6.906e+02	210	6.069e-03
7682	6.907e+02	175	5.058e-03
7683	6.908e+02	212	6.127e-03
7684	6.909e+02	201	5.809e-03
7685	6.909e+02	212	6.127e-03
7686	6.910e+02	219	6.330e-03
7687	6.911e+02	239	6.908e-03
7688	6.912e+02	214	6.185e-03
7689	6.913e+02	224	6.474e-03
7690	6.914e+02	245	7.081e-03
7691	6.915e+02	291	8.410e-03
7692	6.916e+02	322	9.306e-03
7693	6.917e+02	342	9.884e-03
7694	6.918e+02	376	1.087e-02
7695	6.918e+02	407	1.176e-02
7696	6.919e+02	412	1.191e-02
7697	6.920e+02	490	1.416e-02
7698	6.921e+02	505	1.460e-02
7699	6.922e+02	614	1.775e-02
7700	6.923e+02	688	1.988e-02
7701	6.924e+02	685	1.980e-02
7702	6.925e+02	773	2.234e-02
7703	6.926e+02	838	2.422e-02
7704	6.927e+02	832	2.405e-02
7705	6.927e+02	867	2.506e-02
7706	6.928e+02	836	2.416e-02
7707	6.929e+02	889	2.569e-02
7708	6.930e+02	835	2.413e-02
7709	6.931e+02	807	2.332e-02
7710	6.932e+02	817	2.361e-02
7711	6.933e+02	774	2.237e-02
7712	6.934e+02	737	2.130e-02
7713	6.935e+02	697	2.014e-02
7714	6.936e+02	649	1.876e-02
7715	6.936e+02	538	1.555e-02
7716	6.937e+02	554	1.601e-02
7717	6.938e+02	508	1.468e-02
7718	6.939e+02	425	1.228e-02
7719	6.940e+02	412	1.191e-02
7720	6.941e+02	339	9.798e-03
7721	6.942e+02	326	9.422e-03
7722	6.943e+02	287	8.295e-03
7723	6.944e+02	274	7.919e-03
7724	6.945e+02	256	7.399e-03
7725	6.945e+02	259	7.486e-03
7726	6.946e+02	186	5.376e-03
7727	6.947e+02	194	5.607e-03
7728	6.948e+02	200	5.780e-03
7729	6.949e+02	233	6.734e-03
7730	6.950e+02	222	6.416e-03
7731	6.951e+02	182	5.260e-03
7732	6.952e+02	196	5.665e-03
7733	6.953e+02	197	5.694e-03
7734	6.954e+02	189	5.462e-03
7735	6.954e+02	205	5.925e-03
7736	6.955e+02	175	5.058e-03
7737	6.956e+02	180	5.202e-03
7738	6.957e+02	151	4.364e-03
7739	6.958e+02	181	5.231e-03
7740	6.959e+02	191	5.520e-03
7741	6.960e+02	169	4.884e-03
7742	6.961e+02	171	4.942e-03
7743	6.962e+02	185	5.347e-03
7744	6.963e+02	155	4.480e-03
7745	6.963e+02	149	4.306e-03
7746	6.964e+02	161	4.653e-03
7747	6.965e+02	175	5.058e-03
7748	6.966e+02	166	4.798e-03
7749	6.967e+02	177	5.116e-03
7750	6.968e+02	158	4.566e-03
7751	6.969e+02	185	5.347e-03
7752	6.970e+02	164	4.740e-03
7753	6.971e+02	175	5.058e-03
7754	6.972e+02	170	4.913e-03
7755	6.972e+02	192	5.549e-03
7756	6.973e+02	198	5.723e-03
7757	6.974e+02	192	5.549e-03
7758	6.975e+02	173	5.000e-03
7759	6.976e+02	195	5.636e-03
7760	6.977e+02	201	5.809e-03
7761	6.978e+02	180	5.202e-03
7762	6.979e+02	181	5.231e-03
7763	6.980e+02	156	4.509e-03
7764	6.980e+02	189	5.462e-03
7765	6.981e+02	167	4.827e-03
7766	6.982e+02	179	5.173e-03
7767	6.983e+02	185	5.347e-03
7768	6.984e+02	184	5.318e-03
7769	6.985e+02	169	4.884e-03
7770	6.986e+02	175	5.058e-03
7771	6.987e+02	177	5.116e-03
7772	6.988e+02	198	5.723e-03
7773	6.989e+02	177	5.116e-03
7774	6.989e+02	168	4.856e-03
7775	6.990e+02	183	5.289e-03
7776	6.991e+02	153	4.422e-03
7777	6.992e+02	180	5.202e-03
7778	6.993e+02	168	4.856e-03
7779	6.994e+02	200	5.780e-03
7780	6.995e+02	182	5.260e-03
7781	6.996e+02	170	4.913e-03
7782	6.997e+02	183	5.289e-03
7783	6.998e+02	197	5.694e-03
7784	6.998e+02	172	4.971e-03
7785	6.999e+02	178	5.145e-03
7786	7.000e+02	185	5.347e-03
7787	7.001e+02	184	5.318e-03
7788	7.002e+02	187	5.405e-03
7789	7.003e+02	189	5.462e-03
7790	7.004e+02	183	5.289e-03
7791	7.005e+02	177	5.116e-03
7792	7.006e+02	159	4.595e-03
7793	7.007e+02	170	4.913e-03
7794	7.007e+02	170	4.913e-03
7795	7.008e+02	197	5.694e-03
7796	7.009e+02	180	5.202e-03
7797	7.010e+02	194	5.607e-03
7798	7.011e+02	193	5.578e-03
7799	7.012e+02	178	5.145e-03
7800	7.013e+02	183	5.289e-03
7801	7.014e+02	178	5.145e-03
7802	7.015e+02	178	5.145e-03
7803	7.016e+02	209	6.040e-03
7804	7.016e+02	197	5.694e-03
7805	7.017e+02	169	4.884e-03
7806	7.018e+02	182	5.260e-03
7807	7.019e+02	190	5.491e-03
7808	7.020e+02	187	5.405e-03
7809	7.021e+02	192	5.549e-03
7810	7.022e+02	186	5.376e-03
7811	7.023e+02	175	5.058e-03
7812	7.024e+02	169	4.884e-03
7813	7.025e+02	197	5.694e-03
7814	7.025e+02	175	5.058e-03
7815	7.026e+02	163	4.711e-03
7816	7.027e+02	192	5.549e-03
7817	7.028e+02	186	5.376e-03
7818	7.029e+02	178	5.145e-03
7819	7.030e+02	187	5.405e-03
7820	7.031e+02	180	5.202e-03
7821	7.032e+02	195	5.636e-03
7822	7.033e+02	187	5.405e-03
7823	7.034e+02	182	5.260e-03
7824	7.034e+02	217	6.272e-03
7825	7.035e+02	161	4.653e-03
7826	7.036e+02	171	4.942e-03
7827	7.037e+02	135	3.902e-03
7828	7.038e+02	168	4.856e-03
7829	7.039e+02	193	5.578e-03
7830	7.040e+02	161	4.653e-03
7831	7.041e+02	183	5.289e-03
7832	7.042e+02	148	4.277e-03
7833	7.043e+02	185	5.347e-03
7834	7.043e+02	174	5.029e-03
7835	7.044e+02	189	5.462e-03
7836	7.045e+02	160	4.624e-03
7837	7.046e+02	159	4.595e-03
7838	7.047e+02	196	5.665e-03
7839	7.048e+02	186	5.376e-03
7840	7.049e+02	160	4.624e-03
7841	7.050e+02	193	5.578e-03
7842	7.051e+02	222	6.416e-03
7843	7.052e+02	198	5.723e-03
7844	7.052e+02	193	5.578e-03
7845	7.053e+02	167	4.827e-03
7846	7.054e+02	161	4.653e-03
7847	7.055e+02	177	5.116e-03
7848	7.056e+02	205	5.925e-03
7849	7.057e+02	162	4.682e-03
7850	7.058e+02	178	5.145e-03
7851	7.059e+02	187	5.405e-03
7852	7.060e+02	168	4.856e-03
7853	7.061e+02	193	5.578e-03
7854	7.061e+02	183	5.289e-03
7855	7.062e+02	191	5.520e-03
7856	7.063e+02	177	5.116e-03
7857	7.064e+02	162	4.682e-03
7858	7.065e+02	194	5.607e-03
7859	7.066e+02	154	4.451e-03
7860	7.067e+02	175	5.058e-03
7861	7.068e+02	191	5.520e-03
7862	7.069e+02	166	4.798e-03
7863	7.070e+02	178	5.145e-03
7864	7.070e+02	157	4.538e-03
7865	7.071e+02	153	4.422e-03
7866	7.072e+02	197	5.694e-03
7867	7.073e+02	175	5.058e-03
7868	7.074e+02	184	5.318e-03
7869	7.075e+02	193	5.578e-03
7870	7.076e+02	177	5.116e-03
7871	7.077e+02	196	5.665e-03
7872	7.078e+02	167	4.827e-03
7873	7.079e+02	173	5.000e-03
7874	7.079e+02	161	4.653e-03
7875	7.080e+02	195	5.636e-03
7876	7.081e+02	175	5.058e-03
7877	7.082e+02	170	4.913e-03
7878	7.083e+02	167	4.827e-03
7879	7.084e+02	187	5.405e-03
7880	7.085e+02	150	4.335e-03
7881	7.086e+02	168	4.856e-03
7882	7.087e+02	205	5.925e-03
7883	7.087e+02	159	4.595e-03
7884	7.088e+02	207	5.983e-03
7885	7.089e+02	153	4.422e-03
7886	7.090e+02	169	4.884e-03
7887	7.091e+02	185	5.347e-03
7888	7.092e+02	160	4.624e-03
7889	7.093e+02	190	5.491e-03
7890	7.094e+02	161	4.653e-03
7891	7.095e+02	179	5.173e-03
7892	7.096e+02	168	4.856e-03
7893	7.096e+02	177	5.116e-03
7894	7.097e+02	167	4.827e-03
7895	7.098e+02	182	5.260e-03
7896	7.099e+02	167	4.827e-03
7897	7.100e+02	164	4.740e-03
7898	7.101e+02	171	4.942e-03
7899	7.102e+02	159	4.595e-03
7900	7.103e+02	156	4.509e-03
7901	7.104e+02	170	4.913e-03
7902	7.105e+02	202	5.838e-03
7903	7.105e+02	192	5.549e-03
7904	7.106e+02	175	5.058e-03
7905	7.107e+02	181	5.231e-03
7906	7.108e+02	170	4.913e-03
7907	7.109e+02	158	4.566e-03
7908	7.110e+02	194	5.607e-03
7909	7.111e+02	176	5.087e-03
7910	7.112e+02	175	5.058e-03
7911	7.113e+02	183	5.289e-03
7912	7.114e+02	178	5.145e-03
7913	7.114e+02	175	5.058e-03
7914	7.115e+02	157	4.538e-03
7915	7.116e+02	174	5.029e-03
7916	7.117e+02	201	5.809e-03
7917	7.118e+02	179	5.173e-03
7918	7.119e+02	161	4.653e-03
7919	7.120e+02	162	4.682e-03
7920	7.121e+02	170	4.913e-03
7921	7.122e+02	168	4.856e-03
7922	7.123e+02	182	5.260e-03
7923	7.123e+02	182	5.260e-03
7924	7.124e+02	171	4.942e-03
7925	7.125e+02	193	5.578e-03
7926	7.126e+02	181	5.231e-03
7927	7.127e+02	154	4.451e-03
7928	7.128e+02	187	5.405e-03
7929	7.129e+02	167	4.827e-03
7930	7.130e+02	184	5.318e-03
7931	7.131e+02	203	5.867e-03
7932	7.132e+02	174	5.029e-03
7933	7.132e+02	182	5.260e-03
7934	7.133e+02	201	5.809e-03
7935	7.134e+02	181	5.231e-03
7936	7.135e+02	203	5.867e-03
7937	7.136e+02	185	5.347e-03
7938	7.137e+02	189	5.462e-03
7939	7.138e+02	180	5.202e-03
7940	7.139e+02	159	4.595e-03
7941	7.140e+02	169	4.884e-03
7942	7.141e+02	191	5.520e-03
7943	7.141e+02	182	5.260e-03
7944	7.142e+02	174	5.029e-03
7945	7.143e+02	187	5.405e-03
7946	7.144e+02	172	4.971e-03
7947	7.145e+02	191	5.520e-03
7948	7.146e+02	177	5.116e-03
7949	7.147e+02	173	5.000e-03
7950	7.148e+02	208	6.012e-03
7951	7.149e+02	193	5.578e-03
7952	7.150e+02	228	6.590e-03
7953	7.150e+02	184	5.318e-03
7954	7.151e+02	164	4.740e-03
7955	7.152e+02	196	5.665e-03
7956	7.153e+02	240	6.936e-03
7957	7.154e+02	211	6.098e-03
7958	7.155e+02	205	5.925e-03
7959	7.156e+02	202	5.838e-03
7960	7.157e+02	231	6.676e-03
7961	7.158e+02	236	6.821e-03
7962	7.159e+02	270	7.804e-03
7963	7.159e+02	205	5.925e-03
7964	7.160e+02	264	7.630e-03
7965	7.161e+02	234	6.763e-03
7966	7.162e+02	278	8.035e-03
7967	7.163e+02	251	7.254e-03
7968	7.164e+02	283	8.179e-03
7969	7.165e+02	252	7.283e-03
7970	7.166e+02	246	7.110e-03
7971	7.167e+02	271	7.832e-03
7972	7.168e+02	270	7.804e-03
7973	7.168e+02	216	6.243e-03
7974	7.169e+02	251	7.254e-03
7975	7.170e+02	230	6.647e-03
7976	7.171e+02	241	6.965e-03
7977	7.172e+02	192	5.549e-03
7978	7.173e+02	204	5.896e-03
7979	7.174e+02	199	5.751e-03
7980	7.175e+02	206	5.954e-03
7981	7.176e+02	190	5.491e-03
7982	7.177e+02	197	5.694e-03
7983	7.177e+02	200	5.780e-03
7984	7.178e+02	192	5.549e-03
7985	7.179e+02	190	5.491e-03
7986	7.180e+02	199	5.751e-03
7987	7.181e+02	168	4.856e-03
7988	7.182e+02	191	5.520e-03
7989	7.183e+02	196	5.665e-03
7990	7.184e+02	195	5.636e-03
7991	7.185e+02	193	5.578e-03
7992	7.186e+02	174	5.029e-03
7993	7.186e+02	172	4.971e-03
7994	7.187e+02	186	5.376e-03
7995	7.188e+02	209	6.040e-03
7996	7.189e+02	199	5.751e-03
7997	7.190e+02	201	5.809e-03
7998	7.191e+02	192	5.549e-03
7999	7.192e+02	196	5.665e-03
8000	7.193e+02	188	5.434e-03
8001	7.194e+02	200	5.780e-03
8002	7.195e+02	190	5.491e-03
8003	7.195e+02	204	5.896e-03
8004	7.196e+02	179	5.173e-03
8005	7.197e+02	198	5.723e-03
8006	7.198e+02	193	5.578e-03
8007	7.199e+02	217	6.272e-03
8008	7.200e+02	200	5.780e-03
8009	7.201e+02	190	5.491e-03
8010	7.202e+02	189	5.462e-03
8011	7.203e+02	192	5.549e-03
8012	7.203e+02	194	5.607e-03
8013	7.204e+02	189	5.462e-03
8014	7.205e+02	209	6.040e-03
8015	7.206e+02	202	5.838e-03
8016	7.207e+02	213	6.156e-03
8017	7.208e+02	203	5.867e-03
8018	7.209e+02	201	5.809e-03
8019	7.210e+02	226	6.532e-03
8020	7.211e+02	232	6.705e-03
8021	7.212e+02	197	5.694e-03
8022	7.212e+02	259	7.486e-03
8023	7.213e+02	207	5.983e-03
8024	7.214e+02	228	6.590e-03
8025	7.215e+02	267	7.717e-03
8026	7.216e+02	264	7.630e-03
8027	7.217e+02	303	8.757e-03
8028	7.218e+02	329	9.509e-03
8029	7.219e+02	407	1.176e-02
8030	7.220e+02	471	1.361e-02
8031	7.221e+02	516	1.491e-02
8032	7.221e+02	730	2.110e-02
8033	7.222e+02	866	2.503e-02
8034	7.223e+02	1077	3.113e-02
8035	7.224e+02	1290	3.728e-02
8036	7.225e+02	1652	4.775e-02
8037	7.226e+02	1998	5.775e-02
8038	7.227e+02	2386	6.896e-02
8039	7.228e+02	2807	8.113e-02
8040	7.229e+02	3279	9.477e-02
8041	7.230e+02	3868	1.118e-01
8042	7.230e+02	4462	1.290e-01
8043	7.231e+02	4860	1.405e-01
8044	7.232e+02	5380	1.555e-01
8045	7.233e+02	5969	1.725e-01
8046	7.234e+02	6449	1.864e-01
8047	7.235e+02	6863	1.984e-01
8048	7.236e+02	7264	2.099e-01
8049	7.237e+02	7359	2.127e-01
8050	7.238e+02	7606	2.198e-01
8051	7.239e+02	7607	2.199e-01
8052	7.239e+02	7458	2.156e-01
8053	7.240e+02	7307	2.112e-01
8054	7.241e+02	7011	2.026e-01
8055	7.242e+02	6618	1.913e-01
8056	7.243e+02	5918	1.710e-01
8057	7.244e+02	5769	1.667e-01
8058	7.245e+02	4952	1.431e-01
8059	7.246e+02	4448	1.286e-01
8060	7.247e+02	3893	1.125e-01
8061	7.248e+02	3419	9.882e-02
8062	7.248e+02	2916	8.428e-02
8063	7.249e+02	2348	6.786e-02
8064	7.250e+02	2055	5.939e-02
8065	7.251e+02	1665	4.812e-02
8066	7.252e+02	1334	3.856e-02
8067	7.253e+02	1116	3.225e-02
8068	7.254e+02	856	2.474e-02
8069	7.255e+02	766	2.214e-02
8070	7.256e+02	611	1.766e-02
8071	7.257e+02	475	1.373e-02
8072	7.257e+02	359	1.038e-02
8073	7.258e+02	362	1.046e-02
8074	7.259e+02	298	8.613e-03
8075	7.260e+02	231	6.676e-03
8076	7.261e+02	245	7.081e-03
8077	7.262e+02	230	6.647e-03
8078	7.263e+02	205	5.925e-03
8079	7.264e+02	209	6.040e-03
8080	7.265e+02	204	5.896e-03
8081	7.266e+02	145	4.191e-03
8082	7.266e+02	167	4.827e-03
8083	7.267e+02	177	5.116e-03
8084	7.268e+02	188	5.434e-03
8085	7.269e+02	161	4.653e-03
8086	7.270e+02	191	5.520e-03
8087	7.271e+02	138	3.988e-03
8088	7.272e+02	182	5.260e-03
8089	7.273e+02	183	5.289e-03
8090	7.274e+02	158	4.566e-03
8091	7.275e+02	163	4.711e-03
8092	7.275e+02	140	4.046e-03
8093	7.276e+02	166	4.798e-03
8094	7.277e+02	163	4.711e-03
8095	7.278e+02	159	4.595e-03
8096	7.279e+02	161	4.653e-03
8097	7.280e+02	177	5.116e-03
8098	7.281e+02	181	5.231e-03
8099	7.282e+02	155	4.480e-03
8100	7.283e+02	187	5.405e-03
8101	7.284e+02	178	5.145e-03
8102	7.284e+02	161	4.653e-03
8103	7.285e+02	164	4.740e-03
8104	7.286e+02	183	5.289e-03
8105	7.287e+02	170	4.913e-03
8106	7.288e+02	157	4.538e-03
8107	7.289e+02	180	5.202e-03
8108	7.290e+02	185	5.347e-03
8109	7.291e+02	188	5.434e-03
8110	7.292e+02	167	4.827e-03
8111	7.293e+02	153	4.422e-03
8112	7.293e+02	180	5.202e-03
8113	7.294e+02	183	5.289e-03
8114	7.295e+02	180	5.202e-03
8115	7.296e+02	164	4.740e-03
8116	7.297e+02	191	5.520e-03
8117	7.298e+02	171	4.942e-03
8118	7.299e+02	170	4.913e-03
8119	7.300e+02	183	5.289e-03
8120	7.301e+02	181	5.231e-03
8121	7.302e+02	157	4.538e-03
8122	7.302e+02	157	4.538e-03
8123	7.303e+02	170	4.913e-03
8124	7.304e+02	183	5.289e-03
8125	7.305e+02	176	5.087e-03
8126	7.306e+02	146	4.220e-03
8127	7.307e+02	191	5.520e-03
8128	7.308e+02	172	4.971e-03
8129	7.309e+02	160	4.624e-03
8130	7.310e+02	160	4.624e-03
8131	7.310e+02	149	4.306e-03
8132	7.311e+02	164	4.740e-03
8133	7.312e+02	190	5.491e-03
8134	7.313e+02	173	5.000e-03
8135	7.314e+02	165	4.769e-03
8136	7.315e+02	147	4.249e-03
8137	7.316e+02	184	5.318e-03
8138	7.317e+02	170	4.913e-03
8139	7.318e+02	187	5.405e-03
8140	7.319e+02	172	4.971e-03
8141	7.319e+02	191	5.520e-03
8142	7.320e+02	165	4.769e-03
8143	7.321e+02	183	5.289e-03
8144	7.322e+02	160	4.624e-03
8145	7.323e+02	176	5.087e-03
8146	7.324e+02	177	5.116e-03
8147	7.325e+02	206	5.954e-03
8148	7.326e+02	198	5.723e-03
8149	7.327e+02	174	5.029e-03
8150	7.328e+02	202	5.838e-03
8151	7.328e+02	177	5.116e-03
8152	7.329e+02	148	4.277e-03
8153	7.330e+02	172	4.971e-03
8154	7.331e+02	160	4.624e-03
8155	7.332e+02	144	4.162e-03
8156	7.333e+02	174	5.029e-03
8157	7.334e+02	174	5.029e-03
8158	7.335e+02	171	4.942e-03
8159	7.336e+02	204	5.896e-03
8160	7.337e+02	183	5.289e-03
8161	7.337e+02	197	5.694e-03
8162	7.338e+02	185	5.347e-03
8163	7.339e+02	177	5.116e-03
8164	7.340e+02	179	5.173e-03
8165	7.341e+02	169	4.884e-03
8166	7.342e+02	175	5.058e-03
8167	7.343e+02	195	5.636e-03
8168	7.344e+02	182	5.260e-03
8169	7.345e+02	167	4.827e-03
8170	7.346e+02	162	4.682e-03
8171	7.346e+02	164	4.740e-03
8172	7.347e+02	195	5.636e-03
8173	7.348e+02	165	4.769e-03
8174	7.349e+02	164	4.740e-03
8175	7.350e+02	172	4.971e-03
8176	7.351e+02	152	4.393e-03
8177	7.352e+02	195	5.636e-03
8178	7.353e+02	171	4.942e-03
8179	7.354e+02	168	4.856e-03
8180	7.355e+02	151	4.364e-03
8181	7.355e+02	166	4.798e-03
8182	7.356e+02	187	5.405e-03
8183	7.357e+02	162	4.682e-03
8184	7.358e+02	193	5.578e-03
8185	7.359e+02	184	5.318e-03
8186	7.360e+02	160	4.624e-03
8187	7.361e+02	206	5.954e-03
8188	7.362e+02	171	4.942e-03
8189	7.363e+02	170	4.913e-03
8190	7.364e+02	171	4.942e-03
8191	7.364e+02	174	5.029e-03
8192	7.365e+02	178	5.145e-03
8193	7.366e+02	146	4.220e-03
8194	7.367e+02	173	5.000e-03
8195	7.368e+02	148	4.277e-03
8196	7.369e+02	164	4.740e-03
8197	7.370e+02	174	5.029e-03
8198	7.371e+02	186	5.376e-03
8199	7.372e+02	162	4.682e-03
8200	7.373e+02	186	5.376e-03
8201	7.373e+02	172	4.971e-03
8202	7.374e+02	190	5.491e-03
8203	7.375e+02	196	5.665e-03
8204	7.376e+02	184	5.318e-03
8205	7.377e+02	178	5.145e-03
8206	7.378e+02	167	4.827e-03
8207	7.379e+02	158	4.566e-03
8208	7.380e+02	143	4.133e-03
8209	7.381e+02	182	5.260e-03
8210	7.382e+02	173	5.000e-03
8211	7.382e+02	164	4.740e-03
8212	7.383e+02	197	5.694e-03
8213	7.384e+02	168	4.856e-03
8214	7.385e+02	168	4.856e-03
8215	7.386e+02	161	4.653e-03
8216	7.387e+02	185	5.347e-03
8217	7.388e+02	166	4.798e-03
8218	7.389e+02	187	5.405e-03
8219	7.390e+02	177	5.116e-03
8220	7.391e+02	177	5.116e-03
8221	7.391e+02	166	4.798e-03
8222	7.392e+02	179	5.173e-03
8223	7.393e+02	165	4.769e-03
8224	7.394e+02	178	5.145e-03
8225	7.395e+02	178	5.145e-03
8226	7.396e+02	171	4.942e-03
8227	7.397e+02	174	5.029e-03
8228	7.398e+02	180	5.202e-03
8229	7.399e+02	152	4.393e-03
8230	7.400e+02	171	4.942e-03
8231	7.400e+02	159	4.595e-03
8232	7.401e+02	183	5.289e-03
8233	7.402e+02	183	5.289e-03
8234	7.403e+02	152	4.393e-03
8235	7.404e+02	173	5.000e-03
8236	7.405e+02	157	4.538e-03
8237	7.406e+02	174	5.029e-03
8238	7.407e+02	174	5.029e-03
8239	7.408e+02	171	4.942e-03
8240	7.409e+02	144	4.162e-03
8241	7.409e+02	162	4.682e-03
8242	7.410e+02	192	5.549e-03
8243	7.411e+02	192	5.549e-03
8244	7.412e+02	155	4.480e-03
8245	7.413e+02	166	4.798e-03
8246	7.414e+02	151	4.364e-03
8247	7.415e+02	163	4.711e-03
8248	7.416e+02	175	5.058e-03
8249	7.417e+02	168	4.856e-03
8250	7.418e+02	175	5.058e-03
8251	7.418e+02	184	5.318e-03
8252	7.419e+02	168	4.856e-03
8253	7.420e+02	180	5.202e-03
8254	7.421e+02	159	4.595e-03
8255	7.422e+02	185	5.347e-03
8256	7.423e+02	193	5.578e-03
8257	7.424e+02	184	5.318e-03
8258	7.425e+02	198	5.723e-03
8259	7.426e+02	197	5.694e-03
8260	7.426e+02	184	5.318e-03
8261	7.427e+02	171	4.942e-03
8262	7.428e+02	181	5.231e-03
8263	7.429e+02	166	4.798e-03
8264	7.430e+02	157	4.538e-03
8265	7.431e+02	158	4.566e-03
8266	7.432e+02	200	5.780e-03
8267	7.433e+02	159	4.595e-03
8268	7.434e+02	177	5.116e-03
8269	7.435e+02	180	5.202e-03
8270	7.435e+02	182	5.260e-03
8271	7.436e+02	178	5.145e-03
8272	7.437e+02	162	4.682e-03
8273	7.438e+02	192	5.549e-03
8274	7.439e+02	146	4.220e-03
8275	7.440e+02	178	5.145e-03
8276	7.441e+02	168	4.856e-03
8277	7.442e+02	188	5.434e-03
8278	7.443e+02	187	5.405e-03
8279	7.444e+02	174	5.029e-03
8280	7.444e+02	177	5.116e-03
8281	7.445e+02	137	3.960e-03
8282	7.446e+02	156	4.509e-03
8283	7.447e+02	192	5.549e-03
8284	7.448e+02	154	4.451e-03
8285	7.449e+02	166	4.798e-03
8286	7.450e+02	191	5.520e-03
8287	7.451e+02	167	4.827e-03
8288	7.452e+02	172	4.971e-03
8289	7.453e+02	174	5.029e-03
8290	7.453e+02	192	5.549e-03
8291	7.454e+02	162	4.682e-03
8292	7.455e+02	186	5.376e-03
8293	7.456e+02	148	4.277e-03
8294	7.457e+02	177	5.116e-03
8295	7.458e+02	181	5.231e-03
8296	7.459e+02	152	4.393e-03
8297	7.460e+02	173	5.000e-03
8298	7.461e+02	164	4.740e-03
8299	7.462e+02	153	4.422e-03
8300	7.462e+02	172	4.971e-03
8301	7.463e+02	166	4.798e-03
8302	7.464e+02	164	4.740e-03
8303	7.465e+02	167	4.827e-03
8304	7.466e+02	154	4.451e-03
8305	7.467e+02	172	4.971e-03
8306	7.468e+02	198	5.723e-03
8307	7.469e+02	167	4.827e-03
8308	7.470e+02	183	5.289e-03
8309	7.471e+02	184	5.318e-03
8310	7.471e+02	181	5.231e-03
8311	7.472e+02	173	5.000e-03
8312	7.473e+02	177	5.116e-03
8313	7.474e+02	172	4.971e-03
8314	7.475e+02	180	5.202e-03
8315	7.476e+02	181	5.231e-03
8316	7.477e+02	183	5.289e-03
8317	7.478e+02	193	5.578e-03
8318	7.479e+02	151	4.364e-03
8319	7.480e+02	165	4.769e-03
8320	7.480e+02	163	4.711e-03
8321	7.481e+02	175	5.058e-03
8322	7.482e+02	183	5.289e-03
8323	7.483e+02	168	4.856e-03
8324	7.484e+02	200	5.780e-03
8325	7.485e+02	177	5.116e-03
8326	7.486e+02	190	5.491e-03
8327	7.487e+02	205	5.925e-03
8328	7.488e+02	192	5.549e-03
8329	7.489e+02	184	5.318e-03
8330	7.489e+02	180	5.202e-03
8331	7.490e+02	186	5.376e-03
8332	7.491e+02	187	5.405e-03
8333	7.492e+02	184	5.318e-03
8334	7.493e+02	158	4.566e-03
8335	7.494e+02	182	5.260e-03
8336	7.495e+02	191	5.520e-03
8337	7.496e+02	158	4.566e-03
8338	7.497e+02	179	5.173e-03
8339	7.498e+02	175	5.058e-03
8340	7.498e+02	161	4.653e-03
8341	7.499e+02	167	4.827e-03
8342	7.500e+02	198	5.723e-03
8343	7.501e+02	205	5.925e-03
8344	7.502e+02	205	5.925e-03
8345	7.503e+02	183	5.289e-03
8346	7.504e+02	160	4.624e-03
8347	7.505e+02	173	5.000e-03
8348	7.506e+02	166	4.798e-03
8349	7.507e+02	165	4.769e-03
8350	7.507e+02	189	5.462e-03
8351	7.508e+02	189	5.462e-03
8352	7.509e+02	186	5.376e-03
8353	7.510e+02	186	5.376e-03
8354	7.511e+02	192	5.549e-03
8355	7.512e+02	177	5.116e-03
8356	7.513e+02	197	5.694e-03
8357	7.514e+02	179	5.173e-03
8358	7.515e+02	145	4.191e-03
8359	7.516e+02	163	4.711e-03
8360	7.516e+02	187	5.405e-03
8361	7.517e+02	173	5.000e-03
8362	7.518e+02	204	5.896e-03
8363	7.519e+02	166	4.798e-03
8364	7.520e+02	178	5.145e-03
8365	7.521e+02	201	5.809e-03
8366	7.522e+02	188	5.434e-03
8367	7.523e+02	199	5.751e-03
8368	7.524e+02	176	5.087e-03
8369	7.525e+02	175	5.058e-03
8370	7.525e+02	180	5.202e-03
8371	7.526e+02	171	4.942e-03
8372	7.527e+02	181	5.231e-03
8373	7.528e+02	168	4.856e-03
8374	7.529e+02	175	5.058e-03
8375	7.530e+02	190	5.491e-03
8376	7.531e+02	164	4.740e-03
8377	7.532e+02	178	5.145e-03
8378	7.533e+02	190	5.491e-03
8379	7.534e+02	164	4.740e-03
8380	7.534e+02	160	4.624e-03
8381	7.535e+02	193	5.578e-03
8382	7.536e+02	209	6.040e-03
8383	7.537e+02	196	5.665e-03
8384	7.538e+02	185	5.347e-03
8385	7.539e+02	166	4.798e-03
8386	7.540e+02	174	5.029e-03
8387	7.541e+02	189	5.462e-03
8388	7.542e+02	199	5.751e-03
8389	7.542e+02	179	5.173e-03
8390	7.543e+02	174	5.029e-03
8391	7.544e+02	163	4.711e-03
8392	7.545e+02	168	4.856e-03
8393	7.546e+02	177	5.116e-03
8394	7.547e+02	171	4.942e-03
8395	7.548e+02	190	5.491e-03
8396	7.549e+02	189	5.462e-03
8397	7.550e+02	193	5.578e-03
8398	7.551e+02	202	5.838e-03
8399	7.551e+02	216	6.243e-03
8400	7.552e+02	222	6.416e-03
8401	7.553e+02	191	5.520e-03
8402	7.554e+02	223	6.445e-03
8403	7.555e+02	235	6.792e-03
8404	7.556e+02	266	7.688e-03
8405	7.557e+02	320	9.249e-03
8406	7.558e+02	332	9.595e-03
8407	7.559e+02	416	1.202e-02
8408	7.560e+02	462	1.335e-02
8409	7.560e+02	484	1.399e-02
8410	7.561e+02	586	1.694e-02
8411	7.562e+02	666	1.925e-02
8412	7.563e+02	756	2.185e-02
8413	7.564e+02	875	2.529e-02
8414	7.565e+02	979	2.829e-02
8415	7.566e+02	1170	3.382e-02
8416	7.567e+02	1309	3.783e-02
8417	7.568e+02	1377	3.980e-02
8418	7.569e+02	1468	4.243e-02
8419	7.569e+02	1541	4.454e-02
8420	7.570e+02	1630	4.711e-02
8421	7.571e+02	1653	4.777e-02
8422	7.572e+02	1727	4.991e-02
8423	7.573e+02	1774	5.127e-02
8424	7.574e+02	1871	5.408e-02
8425	7.575e+02	1817	5.251e-02
8426	7.576e+02	1689	4.882e-02
8427	7.577e+02	1682	4.861e-02
8428	7.578e+02	1530	4.422e-02
8429	7.578e+02	1501	4.338e-02
8430	7.579e+02	1306	3.775e-02
8431	7.580e+02	1217	3.517e-02
8432	7.581e+02	1117	3.228e-02
8433	7.582e+02	950	2.746e-02
8434	7.583e+02	831	2.402e-02
8435	7.584e+02	724	2.092e-02
8436	7.585e+02	643	1.858e-02
8437	7.586e+02	581	1.679e-02
8438	7.587e+02	505	1.460e-02
8439	7.587e+02	420	1.214e-02
8440	7.588e+02	377	1.090e-02
8441	7.589e+02	337	9.740e-03
8442	7.590e+02	304	8.786e-03
8443	7.591e+02	279	8.064e-03
8444	7.592e+02	230	6.647e-03
8445	7.593e+02	233	6.734e-03
8446	7.594e+02	192	5.549e-03
8447	7.595e+02	189	5.462e-03
8448	7.596e+02	189	5.462e-03
8449	7.596e+02	161	4.653e-03
8450	7.597e+02	185	5.347e-03
8451	7.598e+02	179	5.173e-03
8452	7.599e+02	184	5.318e-03
8453	7.600e+02	162	4.682e-03
8454	7.601e+02	182	5.260e-03
8455	7.602e+02	185	5.347e-03
8456	7.603e+02	190	5.491e-03
8457	7.604e+02	164	4.740e-03
8458	7.605e+02	178	5.145e-03
8459	7.605e+02	192	5.549e-03
8460	7.606e+02	170	4.913e-03
8461	7.607e+02	152	4.393e-03
8462	7.608e+02	179	5.173e-03
8463	7.609e+02	168	4.856e-03
8464	7.610e+02	170	4.913e-03
8465	7.611e+02	165	4.769e-03
8466	7.612e+02	193	5.578e-03
8467	7.613e+02	194	5.607e-03
8468	7.614e+02	165	4.769e-03
8469	7.614e+02	195	5.636e-03
8470	7.615e+02	161	4.653e-03
8471	7.616e+02	175	5.058e-03
8472	7.617e+02	165	4.769e-03
8473	7.618e+02	175	5.058e-03
8474	7.619e+02	191	5.520e-03
8475	7.620e+02	163	4.711e-03
8476	7.621e+02	178	5.145e-03
8477	7.622e+02	183	5.289e-03
8478	7.623e+02	149	4.306e-03
8479	7.623e+02	172	4.971e-03
8480	7.624e+02	182	5.260e-03
8481	7.625e+02	221	6.387e-03
8482	7.626e+02	188	5.434e-03
8483	7.627e+02	199	5.751e-03
8484	7.628e+02	198	5.723e-03
8485	7.629e+02	220	6.358e-03
8486	7.630e+02	191	5.520e-03
8487	7.631e+02	183	5.289e-03
8488	7.632e+02	181	5.231e-03
8489	7.632e+02	183	5.289e-03
8490	7.633e+02	196	5.665e-03
8491	7.634e+02	180	5.202e-03
8492	7.635e+02	178	5.145e-03
8493	7.636e+02	176	5.087e-03
8494	7.637e+02	219	6.330e-03
8495	7.638e+02	192	5.549e-03
8496	7.639e+02	185	5.347e-03
8497	7.640e+02	151	4.364e-03
8498	7.641e+02	193	5.578e-03
8499	7.641e+02	202	5.838e-03
8500	7.642e+02	179	5.173e-03
8501	7.643e+02	162	4.682e-03
8502	7.644e+02	205	5.925e-03
8503	7.645e+02	177	5.116e-03
8504	7.646e+02	157	4.538e-03
8505	7.647e+02	201	5.809e-03
8506	7.648e+02	185	5.347e-03
8507	7.649e+02	160	4.624e-03
8508	7.649e+02	185	5.347e-03
8509	7.650e+02	211	6.098e-03
8510	7.651e+02	170	4.913e-03
8511	7.652e+02	185	5.347e-03
8512	7.653e+02	172	4.971e-03
8513	7.654e+02	180	5.202e-03
8514	7.655e+02	191	5.520e-03
8515	7.656e+02	194	5.607e-03
8516	7.657e+02	216	6.243e-03
8517	7.658e+02	185	5.347e-03
8518	7.658e+02	193	5.578e-03
8519	7.659e+02	169	4.884e-03
8520	7.660e+02	209	6.040e-03
8521	7.661e+02	192	5.549e-03
8522	7.662e+02	198	5.723e-03
8523	7.663e+02	172	4.971e-03
8524	7.664e+02	157	4.538e-03
8525	7.665e+02	185	5.347e-03
8526	7.666e+02	187	5.405e-03
8527	7.667e+02	180	5.202e-03
8528	7.667e+02	165	4.769e-03
8529	7.668e+02	173	5.000e-03
8530	7.669e+02	183	5.289e-03
8531	7.670e+02	175	5.058e-03
8532	7.671e+02	181	5.231e-03
8533	7.672e+02	199	5.751e-03
8534	7.673e+02	178	5.145e-03
8535	7.674e+02	165	4.769e-03
8536	7.675e+02	186	5.376e-03
8537	7.676e+02	174	5.029e-03
8538	7.676e+02	135	3.902e-03
8539	7.677e+02	170	4.913e-03
8540	7.678e+02	169	4.884e-03
8541	7.679e+02	148	4.277e-03
8542	7.680e+02	175	5.058e-03
8543	7.681e+02	179	5.173e-03
8544	7.682e+02	190	5.491e-03
8545	7.683e+02	169	4.884e-03
8546	7.684e+02	193	5.578e-03
8547	7.685e+02	202	5.838e-03
8548	7.685e+02	170	4.913e-03
8549	7.686e+02	172	4.971e-03
8550	7.687e+02	181	5.231e-03
8551	7.688e+02	166	4.798e-03
8552	7.689e+02	173	5.000e-03
8553	7.690e+02	161	4.653e-03
8554	7.691e+02	159	4.595e-03
8555	7.692e+02	175	5.058e-03
8556	7.693e+02	199	5.751e-03
8557	7.694e+02	182	5.260e-03
8558	7.694e+02	163	4.711e-03
8559	7.695e+02	150	4.335e-03
8560	7.696e+02	155	4.480e-03
8561	7.697e+02	184	5.318e-03
8562	7.698e+02	212	6.127e-03
8563	7.699e+02	201	5.809e-03
8564	7.700e+02	189	5.462e-03
8565	7.701e+02	186	5.376e-03
8566	7.702e+02	184	5.318e-03
8567	7.703e+02	171	4.942e-03
8568	7.703e+02	186	5.376e-03
8569	7.704e+02	194	5.607e-03
8570	7.705e+02	174	5.029e-03
8571	7.706e+02	213	6.156e-03
8572	7.707e+02	154	4.451e-03
8573	7.708e+02	141	4.075e-03
8574	7.709e+02	180	5.202e-03
8575	7.710e+02	164	4.740e-03
8576	7.711e+02	195	5.636e-03
8577	7.712e+02	196	5.665e-03
8578	7.712e+02	201	5.809e-03
8579	7.713e+02	191	5.520e-03
8580	7.714e+02	181	5.231e-03
8581	7.715e+02	168	4.856e-03
8582	7.716e+02	170	4.913e-03
8583	7.717e+02	186	5.376e-03
8584	7.718e+02	181	5.231e-03
8585	7.719e+02	180	5.202e-03
8586	7.720e+02	156	4.509e-03
8587	7.721e+02	190	5.491e-03
8588	7.721e+02	196	5.665e-03
8589	7.722e+02	197	5.694e-03
8590	7.723e+02	162	4.682e-03
8591	7.724e+02	185	5.347e-03
8592	7.725e+02	185	5.347e-03
8593	7.726e+02	173	5.000e-03
8594	7.727e+02	186	5.376e-03
8595	7.728e+02	198	5.723e-03
8596	7.729e+02	158	4.566e-03
8597	7.730e+02	176	5.087e-03
8598	7.730e+02	177	5.116e-03
8599	7.731e+02	179	5.173e-03
8600	7.732e+02	158	4.566e-03
8601	7.733e+02	169	4.884e-03
8602	7.734e+02	191	5.520e-03
8603	7.735e+02	191	5.520e-03
8604	7.736e+02	181	5.231e-03
8605	7.737e+02	199	5.751e-03
8606	7.738e+02	165	4.769e-03
8607	7.739e+02	178	5.145e-03
8608	7.739e+02	193	5.578e-03
8609	7.740e+02	150	4.335e-03
8610	7.741e+02	198	5.723e-03
8611	7.742e+02	156	4.509e-03
8612	7.743e+02	172	4.971e-03
8613	7.744e+02	177	5.116e-03
8614	7.745e+02	176	5.087e-03
8615	7.746e+02	168	4.856e-03
8616	7.747e+02	170	4.913e-03
8617	7.748e+02	214	6.185e-03
8618	7.748e+02	174	5.029e-03
8619	7.749e+02	193	5.578e-03
8620	7.750e+02	193	5.578e-03
8621	7.751e+02	180	5.202e-03
8622	7.752e+02	201	5.809e-03
8623	7.753e+02	182	5.260e-03
8624	7.754e+02	190	5.491e-03
8625	7.755e+02	150	4.335e-03
8626	7.756e+02	177	5.116e-03
8627	7.757e+02	209	6.040e-03
8628	7.757e+02	179	5.173e-03
8629	7.758e+02	181	5.231e-03
8630	7.759e+02	193	5.578e-03
8631	7.760e+02	174	5.029e-03
8632	7.761e+02	177	5.116e-03
8633	7.762e+02	185	5.347e-03
8634	7.763e+02	191	5.520e-03
8635	7.764e+02	170	4.913e-03
8636	7.765e+02	188	5.434e-03
8637	7.765e+02	182	5.260e-03
8638	7.766e+02	184	5.318e-03
8639	7.767e+02	202	5.838e-03
8640	7.768e+02	170	4.913e-03
8641	7.769e+02	181	5.231e-03
8642	7.770e+02	185	5.347e-03
8643	7.771e+02	186	5.376e-03
8644	7.772e+02	189	5.462e-03
8645	7.773e+02	189	5.462e-03
8646	7.774e+02	177	5.116e-03
8647	7.774e+02	158	4.566e-03
8648	7.775e+02	173	5.000e-03
8649	7.776e+02	193	5.578e-03
8650	7.777e+02	214	6.185e-03
8651	7.778e+02	226	6.532e-03
8652	7.779e+02	214	6.185e-03
8653	7.780e+02	200	5.780e-03
8654	7.781e+02	239	6.908e-03
8655	7.782e+02	248	7.168e-03
8656	7.783e+02	265	7.659e-03
8657	7.783e+02	265	7.659e-03
8658	7.784e+02	293	8.468e-03
8659	7.785e+02	343	9.913e-03
8660	7.786e+02	358	1.035e-02
8661	7.787e+02	431	1.246e-02
8662	7.788e+02	431	1.246e-02
8663	7.789e+02	427	1.234e-02
8664	7.790e+02	489	1.413e-02
8665	7.791e+02	499	1.442e-02
8666	7.792e+02	518	1.497e-02
8667	7.792e+02	537	1.552e-02
8668	7.793e+02	536	1.549e-02
8669	7.794e+02	534	1.543e-02
8670	7.795e+02	530	1.532e-02
8671	7.796e+02	569	1.645e-02
8672	7.797e+02	519	1.500e-02
8673	7.798e+02	502	1.451e-02
8674	7.799e+02	473	1.367e-02
8675	7.800e+02	488	1.410e-02
8676	7.801e+02	464	1.341e-02
8677	7.801e+02	432	1.249e-02
8678	7.802e+02	402	1.162e-02
8679	7.803e+02	378	1.092e-02
8680	7.804e+02	338	9.769e-03
8681	7.805e+02	301	8.699e-03
8682	7.806e+02	265	7.659e-03
8683	7.807e+02	267	7.717e-03
8684	7.808e+02	253	7.312e-03
8685	7.809e+02	242	6.994e-03
8686	7.810e+02	233	6.734e-03
8687	7.810e+02	237	6.850e-03
8688	7.811e+02	201	5.809e-03
8689	7.812e+02	185	5.347e-03
8690	7.813e+02	179	5.173e-03
8691	7.814e+02	185	5.347e-03
8692	7.815e+02	187	5.405e-03
8693	7.816e+02	166	4.798e-03
8694	7.817e+02	174	5.029e-03
8695	7.818e+02	209	6.040e-03
8696	7.819e+02	181	5.231e-03
8697	7.819e+02	178	5.145e-03
8698	7.820e+02	162	4.682e-03
8699	7.821e+02	201	5.809e-03
8700	7.822e+02	173	5.000e-03
8701	7.823e+02	182	5.260e-03
8702	7.824e+02	201	5.809e-03
8703	7.825e+02	189	5.462e-03
8704	7.826e+02	184	5.318e-03
8705	7.827e+02	192	5.549e-03
8706	7.828e+02	158	4.566e-03
8707	7.828e+02	186	5.376e-03
8708	7.829e+02	195	5.636e-03
8709	7.830e+02	174	5.029e-03
8710	7.831e+02	177	5.116e-03
8711	7.832e+02	181	5.231e-03
8712	7.833e+02	179	5.173e-03
8713	7.834e+02	161	4.653e-03
8714	7.835e+02	164	4.740e-03
8715	7.836e+02	195	5.636e-03
8716	7.837e+02	173	5.000e-03
8717	7.837e+02	197	5.694e-03
8718	7.838e+02	170	4.913e-03
8719	7.839e+02	177	5.116e-03
8720	7.840e+02	182	5.260e-03
8721	7.841e+02	189	5.462e-03
8722	7.842e+02	181	5.231e-03
8723	7.843e+02	183	5.289e-03
8724	7.844e+02	173	5.000e-03
8725	7.845e+02	191	5.520e-03
8726	7.846e+02	169	4.884e-03
8727	7.846e+02	166	4.798e-03
8728	7.847e+02	179	5.173e-03
8729	7.848e+02	184	5.318e-03
8730	7.849e+02	180	5.202e-03
8731	7.850e+02	190	5.491e-03
8732	7.851e+02	200	5.780e-03
8733	7.852e+02	181	5.231e-03
8734	7.853e+02	183	5.289e-03
8735	7.854e+02	186	5.376e-03
8736	7.855e+02	209	6.040e-03
8737	7.855e+02	173	5.000e-03
8738	7.856e+02	154	4.451e-03
8739	7.857e+02	160	4.624e-03
8740	7.858e+02	208	6.012e-03
8741	7.859e+02	198	5.723e-03
8742	7.860e+02	183	5.289e-03
8743	7.861e+02	193	5.578e-03
8744	7.862e+02	175	5.058e-03
8745	7.863e+02	194	5.607e-03
8746	7.864e+02	199	5.751e-03
8747	7.864e+02	186	5.376e-03
8748	7.865e+02	187	5.405e-03
8749	7.866e+02	188	5.434e-03
8750	7.867e+02	168	4.856e-03
8751	7.868e+02	194	5.607e-03
8752	7.869e+02	181	5.231e-03
8753	7.870e+02	167	4.827e-03
8754	7.871e+02	178	5.145e-03
8755	7.872e+02	167	4.827e-03
8756	7.872e+02	197	5.694e-03
8757	7.873e+02	188	5.434e-03
8758	7.874e+02	176	5.087e-03
8759	7.875e+02	162	4.682e-03
8760	7.876e+02	186	5.376e-03
8761	7.877e+02	185	5.347e-03
8762	7.878e+02	151	4.364e-03
8763	7.879e+02	162	4.682e-03
8764	7.880e+02	180	5.202e-03
8765	7.881e+02	196	5.665e-03
8766	7.881e+02	172	4.971e-03
8767	7.882e+02	183	5.289e-03
8768	7.883e+02	171	4.942e-03
8769	7.884e+02	189	5.462e-03
8770	7.885e+02	174	5.029e-03
8771	7.886e+02	154	4.451e-03
8772	7.887e+02	149	4.306e-03
8773	7.888e+02	195	5.636e-03
8774	7.889e+02	174	5.029e-03
8775	7.890e+02	164	4.740e-03
8776	7.890e+02	164	4.740e-03
8777	7.891e+02	178	5.145e-03
8778	7.892e+02	161	4.653e-03
8779	7.893e+02	216	6.243e-03
8780	7.894e+02	174	5.029e-03
8781	7.895e+02	191	5.520e-03
8782	7.896e+02	164	4.740e-03
8783	7.897e+02	179	5.173e-03
8784	7.898e+02	192	5.549e-03
8785	7.899e+02	187	5.405e-03
8786	7.899e+02	173	5.000e-03
8787	7.900e+02	156	4.509e-03
8788	7.901e+02	173	5.000e-03
8789	7.902e+02	159	4.595e-03
8790	7.903e+02	186	5.376e-03
8791	7.904e+02	166	4.798e-03
8792	7.905e+02	172	4.971e-03
8793	7.906e+02	192	5.549e-03
8794	7.907e+02	148	4.277e-03
8795	7.908e+02	190	5.491e-03
8796	7.908e+02	154	4.451e-03
8797	7.909e+02	183	5.289e-03
8798	7.910e+02	180	5.202e-03
8799	7.911e+02	202	5.838e-03
8800	7.912e+02	156	4.509e-03
8801	7.913e+02	160	4.624e-03
8802	7.914e+02	165	4.769e-03
8803	7.915e+02	199	5.751e-03
8804	7.916e+02	165	4.769e-03
8805	7.917e+02	203	5.867e-03
8806	7.917e+02	169	4.884e-03
8807	7.918e+02	166	4.798e-03
8808	7.919e+02	181	5.231e-03
8809	7.920e+02	194	5.607e-03
8810	7.921e+02	178	5.145e-03
8811	7.922e+02	192	5.549e-03
8812	7.923e+02	174	5.029e-03
8813	7.924e+02	168	4.856e-03
8814	7.925e+02	172	4.971e-03
8815	7.926e+02	178	5.145e-03
8816	7.926e+02	187	5.405e-03
8817	7.927e+02	202	5.838e-03
8818	7.928e+02	177	5.116e-03
8819	7.929e+02	182	5.260e-03
8820	7.930e+02	165	4.769e-03
8821	7.931e+02	184	5.318e-03
8822	7.932e+02	177	5.116e-03
8823	7.933e+02	172	4.971e-03
8824	7.934e+02	182	5.260e-03
8825	7.935e+02	182	5.260e-03
8826	7.935e+02	180	5.202e-03
8827	7.936e+02	170	4.913e-03
8828	7.937e+02	163	4.711e-03
8829	7.938e+02	164	4.740e-03
8830	7.939e+02	166	4.798e-03
8831	7.940e+02	178	5.145e-03
8832	7.941e+02	172	4.971e-03
8833	7.942e+02	180	5.202e-03
8834	7.943e+02	163	4.711e-03
8835	7.944e+02	181	5.231e-03
8836	7.944e+02	155	4.480e-03
8837	7.945e+02	180	5.202e-03
8838	7.946e+02	160	4.624e-03
8839	7.947e+02	174	5.029e-03
8840	7.948e+02	181	5.231e-03
8841	7.949e+02	164	4.740e-03
8842	7.950e+02	138	3.988e-03
8843	7.951e+02	173	5.000e-03
8844	7.952e+02	153	4.422e-03
8845	7.953e+02	159	4.595e-03
8846	7.953e+02	198	5.723e-03
8847	7.954e+02	166	4.798e-03
8848	7.955e+02	179	5.173e-03
8849	7.956e+02	161	4.653e-03
8850	7.957e+02	157	4.538e-03
8851	7.958e+02	173	5.000e-03
8852	7.959e+02	172	4.971e-03
8853	7.960e+02	160	4.624e-03
8854	7.961e+02	184	5.318e-03
8855	7.962e+02	193	5.578e-03
8856	7.962e+02	169	4.884e-03
8857	7.963e+02	153	4.422e-03
8858	7.964e+02	166	4.798e-03
8859	7.965e+02	157	4.538e-03
8860	7.966e+02	160	4.624e-03
8861	7.967e+02	168	4.856e-03
8862	7.968e+02	158	4.566e-03
8863	7.969e+02	173	5.000e-03
8864	7.970e+02	158	4.566e-03
8865	7.971e+02	160	4.624e-03
8866	7.971e+02	149	4.306e-03
8867	7.972e+02	167	4.827e-03
8868	7.973e+02	164	4.740e-03
8869	7.974e+02	177	5.116e-03
8870	7.975e+02	176	5.087e-03
8871	7.976e+02	184	5.318e-03
8872	7.977e+02	131	3.786e-03
8873	7.978e+02	162	4.682e-03
8874	7.979e+02	153	4.422e-03
8875	7.980e+02	144	4.162e-03
8876	7.980e+02	151	4.364e-03
8877	7.981e+02	142	4.104e-03
8878	7.982e+02	150	4.335e-03
8879	7.983e+02	185	5.347e-03
8880	7.984e+02	146	4.220e-03
8881	7.985e+02	150	4.335e-03
8882	7.986e+02	165	4.769e-03
8883	7.987e+02	184	5.318e-03
8884	7.988e+02	135	3.902e-03
8885	7.988e+02	165	4.769e-03
8886	7.989e+02	161	4.653e-03
8887	7.990e+02	142	4.104e-03
8888	7.991e+02	150	4.335e-03
8889	7.992e+02	158	4.566e-03
8890	7.993e+02	186	5.376e-03
8891	7.994e+02	168	4.856e-03
8892	7.995e+02	164	4.740e-03
8893	7.996e+02	127	3.671e-03
8894	7.997e+02	168	4.856e-03
8895	7.997e+02	167	4.827e-03
8896	7.998e+02	142	4.104e-03
8897	7.999e+02	169	4.884e-03
8898	8.000e+02	163	4.711e-03
8899	8.001e+02	148	4.277e-03
8900	8.002e+02	144	4.162e-03
8901	8.003e+02	141	4.075e-03
8902	8.004e+02	149	4.306e-03
8903	8.005e+02	162	4.682e-03
8904	8.006e+02	156	4.509e-03
8905	8.006e+02	162	4.682e-03
8906	8.007e+02	185	5.347e-03
8907	8.008e+02	139	4.017e-03
8908	8.009e+02	162	4.682e-03
8909	8.010e+02	165	4.769e-03
8910	8.011e+02	159	4.595e-03
8911	8.012e+02	168	4.856e-03
8912	8.013e+02	164	4.740e-03
8913	8.014e+02	155	4.480e-03
8914	8.015e+02	152	4.393e-03
8915	8.015e+02	160	4.624e-03
8916	8.016e+02	159	4.595e-03
8917	8.017e+02	165	4.769e-03
8918	8.018e+02	150	4.335e-03
8919	8.019e+02	156	4.509e-03
8920	8.020e+02	168	4.856e-03
8921	8.021e+02	144	4.162e-03
8922	8.022e+02	163	4.711e-03
8923	8.023e+02	131	3.786e-03
8924	8.024e+02	158	4.566e-03
8925	8.024e+02	130	3.757e-03
8926	8.025e+02	136	3.931e-03
8927	8.026e+02	160	4.624e-03
8928	8.027e+02	148	4.277e-03
8929	8.028e+02	128	3.699e-03
8930	8.029e+02	154	4.451e-03
8931	8.030e+02	161	4.653e-03
8932	8.031e+02	135	3.902e-03
8933	8.032e+02	152	4.393e-03
8934	8.033e+02	138	3.988e-03
8935	8.033e+02	162	4.682e-03
8936	8.034e+02	143	4.133e-03
8937	8.035e+02	135	3.902e-03
8938	8.036e+02	147	4.249e-03
8939	8.037e+02	133	3.844e-03
8940	8.038e+02	143	4.133e-03
8941	8.039e+02	134	3.873e-03
8942	8.040e+02	146	4.220e-03
8943	8.041e+02	147	4.249e-03
8944	8.042e+02	122	3.526e-03
8945	8.042e+02	147	4.249e-03
8946	8.043e+02	120	3.468e-03
8947	8.044e+02	154	4.451e-03
8948	8.045e+02	149	4.306e-03
8949	8.046e+02	108	3.121e-03
8950	8.047e+02	139	4.017e-03
8951	8.048e+02	156	4.509e-03
8952	8.049e+02	144	4.162e-03
8953	8.050e+02	134	3.873e-03
8954	8.051e+02	111	3.208e-03
8955	8.051e+02	141	4.075e-03
8956	8.052e+02	142	4.104e-03
8957	8.053e+02	125	3.613e-03
8958	8.054e+02	138	3.988e-03
8959	8.055e+02	142	4.104e-03
8960	8.056e+02	138	3.988e-03
8961	8.057e+02	162	4.682e-03
8962	8.058e+02	146	4.220e-03
8963	8.059e+02	147	4.249e-03
8964	8.060e+02	148	4.277e-03
8965	8.060e+02	134	3.873e-03
8966	8.061e+02	142	4.104e-03
8967	8.062e+02	120	3.468e-03
8968	8.063e+02	126	3.642e-03
8969	8.064e+02	127	3.671e-03
8970	8.065e+02	152	4.393e-03
8971	8.066e+02	143	4.133e-03
8972	8.067e+02	136	3.931e-03
8973	8.068e+02	120	3.468e-03
8974	8.069e+02	166	4.798e-03
8975	8.069e+02	133	3.844e-03
8976	8.070e+02	148	4.277e-03
8977	8.071e+02	149	4.306e-03
8978	8.072e+02	127	3.671e-03
8979	8.073e+02	150	4.335e-03
8980	8.074e+02	143	4.133e-03
8981	8.075e+02	143	4.133e-03
8982	8.076e+02	132	3.815e-03
8983	8.077e+02	133	3.844e-03
8984	8.078e+02	147	4.249e-03
8985	8.078e+02	144	4.162e-03
8986	8.079e+02	118	3.410e-03
8987	8.080e+02	137	3.960e-03
8988	8.081e+02	147	4.249e-03
8989	8.082e+02	140	4.046e-03
8990	8.083e+02	136	3.931e-03
8991	8.084e+02	128	3.699e-03
8992	8.085e+02	132	3.815e-03
8993	8.086e+02	119	3.439e-03
8994	8.087e+02	142	4.104e-03
8995	8.087e+02	151	4.364e-03
8996	8.088e+02	106	3.064e-03
8997	8.089e+02	130	3.757e-03
8998	8.090e+02	145	4.191e-03
8999	8.091e+02	141	4.075e-03
9000	8.092e+02	128	3.699e-03
9001	8.093e+02	137	3.960e-03
9002	8.094e+02	150	4.335e-03
9003	8.095e+02	121	3.497e-03
9004	8.096e+02	148	4.277e-03
9005	8.096e+02	139	4.017e-03
9006	8.097e+02	117	3.382e-03
9007	8.098e+02	148	4.277e-03
9008	8.099e+02	169	4.884e-03
9009	8.100e+02	132	3.815e-03
9010	8.101e+02	122	3.526e-03
9011	8.102e+02	139	4.017e-03
9012	8.103e+02	141	4.075e-03
9013	8.104e+02	136	3.931e-03
9014	8.104e+02	138	3.988e-03
9015	8.105e+02	128	3.699e-03
9016	8.106e+02	134	3.873e-03
9017	8.107e+02	136	3.931e-03
9018	8.108e+02	138	3.988e-03
9019	8.109e+02	122	3.526e-03
9020	8.110e+02	143	4.133e-03
9021	8.111e+02	148	4.277e-03
9022	8.112e+02	153	4.422e-03
9023	8.113e+02	135	3.902e-03
9024	8.113e+02	143	4.133e-03
9025	8.114e+02	133	3.844e-03
9026	8.115e+02	137	3.960e-03
9027	8.116e+02	136	3.931e-03
9028	8.117e+02	140	4.046e-03
9029	8.118e+02	134	3.873e-03
9030	8.119e+02	170	4.913e-03
9031	8.120e+02	127	3.671e-03
9032	8.121e+02	124	3.584e-03
9033	8.122e+02	128	3.699e-03
9034	8.122e+02	131	3.786e-03
9035	8.123e+02	132	3.815e-03
9036	8.124e+02	126	3.642e-03
9037	8.125e+02	130	3.757e-03
9038	8.126e+02	131	3.786e-03
9039	8.127e+02	114	3.295e-03
9040	8.128e+02	119	3.439e-03
9041	8.129e+02	142	4.104e-03
9042	8.130e+02	141	4.075e-03
9043	8.131e+02	122	3.526e-03
9044	8.131e+02	124	3.584e-03
9045	8.132e+02	131	3.786e-03
9046	8.133e+02	137	3.960e-03
9047	8.134e+02	133	3.844e-03
9048	8.135e+02	123	3.555e-03
9049	8.136e+02	121	3.497e-03
9050	8.137e+02	111	3.208e-03
9051	8.138e+02	115	3.324e-03
9052	8.139e+02	139	4.017e-03
9053	8.140e+02	141	4.075e-03
9054	8.140e+02	158	4.566e-03
9055	8.141e+02	135	3.902e-03
9056	8.142e+02	143	4.133e-03
9057	8.143e+02	146	4.220e-03
9058	8.144e+02	129	3.728e-03
9059	8.145e+02	151	4.364e-03
9060	8.146e+02	151	4.364e-03
9061	8.147e+02	156	4.509e-03
9062	8.148e+02	164	4.740e-03
9063	8.149e+02	162	4.682e-03
9064	8.149e+02	170	4.913e-03
9065	8.150e+02	191	5.520e-03
9066	8.151e+02	215	6.214e-03
9067	8.152e+02	212	6.127e-03
9068	8.153e+02	240	6.936e-03
9069	8.154e+02	222	6.416e-03
9070	8.155e+02	264	7.630e-03
9071	8.156e+02	273	7.890e-03
9072	8.157e+02	276	7.977e-03
9073	8.158e+02	319	9.220e-03
9074	8.158e+02	331	9.567e-03
9075	8.159e+02	301	8.699e-03
9076	8.160e+02	281	8.121e-03
9077	8.161e+02	285	8.237e-03
9078	8.162e+02	297	8.584e-03
9079	8.163e+02	270	7.804e-03
9080	8.164e+02	297	8.584e-03
9081	8.165e+02	271	7.832e-03
9082	8.166e+02	274	7.919e-03
9083	8.167e+02	243	7.023e-03
9084	8.167e+02	249	7.197e-03
9085	8.168e+02	221	6.387e-03
9086	8.169e+02	221	6.387e-03
9087	8.170e+02	204	5.896e-03
9088	8.171e+02	186	5.376e-03
9089	8.172e+02	186	5.376e-03
9090	8.173e+02	163	4.711e-03
9091	8.174e+02	169	4.884e-03
9092	8.175e+02	142	4.104e-03
9093	8.176e+02	131	3.786e-03
9094	8.176e+02	131	3.786e-03
9095	8.177e+02	143	4.133e-03
9096	8.178e+02	139	4.017e-03
9097	8.179e+02	134	3.873e-03
9098	8.180e+02	115	3.324e-03
9099	8.181e+02	107	3.093e-03
9100	8.182e+02	121	3.497e-03
9101	8.183e+02	125	3.613e-03
9102	8.184e+02	118	3.410e-03
9103	8.185e+02	126	3.642e-03
9104	8.185e+02	130	3.757e-03
9105	8.186e+02	150	4.335e-03
9106	8.187e+02	116	3.353e-03
9107	8.188e+02	112	3.237e-03
9108	8.189e+02	110	3.179e-03
9109	8.190e+02	114	3.295e-03
9110	8.191e+02	140	4.046e-03
9111	8.192e+02	138	3.988e-03
9112	8.193e+02	115	3.324e-03
9113	8.194e+02	130	3.757e-03
9114	8.194e+02	141	4.075e-03
9115	8.195e+02	126	3.642e-03
9116	8.196e+02	127	3.671e-03
9117	8.197e+02	117	3.382e-03
9118	8.198e+02	141	4.075e-03
9119	8.199e+02	96	2.775e-03
9120	8.200e+02	126	3.642e-03
9121	8.201e+02	123	3.555e-03
9122	8.202e+02	144	4.162e-03
9123	8.203e+02	130	3.757e-03
9124	8.203e+02	128	3.699e-03
9125	8.204e+02	133	3.844e-03
9126	8.205e+02	130	3.757e-03
9127	8.206e+02	128	3.699e-03
9128	8.207e+02	148	4.277e-03
9129	8.208e+02	106	3.064e-03
9130	8.209e+02	129	3.728e-03
9131	8.210e+02	103	2.977e-03
9132	8.211e+02	131	3.786e-03
9133	8.211e+02	133	3.844e-03
9134	8.212e+02	128	3.699e-03
9135	8.213e+02	123	3.555e-03
9136	8.214e+02	120	3.468e-03
9137	8.215e+02	122	3.526e-03
9138	8.216e+02	108	3.121e-03
9139	8.217e+02	143	4.133e-03
9140	8.218e+02	135	3.902e-03
9141	8.219e+02	105	3.035e-03
9142	8.220e+02	112	3.237e-03
9143	8.220e+02	89	2.572e-03
9144	8.221e+02	130	3.757e-03
9145	8.222e+02	104	3.006e-03
9146	8.223e+02	110	3.179e-03
9147	8.224e+02	122	3.526e-03
9148	8.225e+02	130	3.757e-03
9149	8.226e+02	107	3.093e-03
9150	8.227e+02	125	3.613e-03
9151	8.228e+02	149	4.306e-03
9152	8.229e+02	151	4.364e-03
9153	8.229e+02	119	3.439e-03
9154	8.230e+02	121	3.497e-03
9155	8.231e+02	107	3.093e-03
9156	8.232e+02	118	3.410e-03
9157	8.233e+02	111	3.208e-03
9158	8.234e+02	111	3.208e-03
9159	8.235e+02	139	4.017e-03
9160	8.236e+02	117	3.382e-03
9161	8.237e+02	134	3.873e-03
9162	8.238e+02	113	3.266e-03
9163	8.238e+02	114	3.295e-03
9164	8.239e+02	136	3.931e-03
9165	8.240e+02	119	3.439e-03
9166	8.241e+02	115	3.324e-03
9167	8.242e+02	137	3.960e-03
9168	8.243e+02	135	3.902e-03
9169	8.244e+02	116	3.353e-03
9170	8.245e+02	123	3.555e-03
9171	8.246e+02	108	3.121e-03
9172	8.247e+02	122	3.526e-03
9173	8.247e+02	126	3.642e-03
9174	8.248e+02	100	2.890e-03
9175	8.249e+02	119	3.439e-03
9176	8.250e+02	131	3.786e-03
9177	8.251e+02	129	3.728e-03
9178	8.252e+02	128	3.699e-03
9179	8.253e+02	124	3.584e-03
9180	8.254e+02	113	3.266e-03
9181	8.255e+02	119	3.439e-03
9182	8.256e+02	114	3.295e-03
9183	8.256e+02	114	3.295e-03
9184	8.257e+02	123	3.555e-03
9185	8.258e+02	132	3.815e-03
9186	8.259e+02	118	3.410e-03
9187	8.260e+02	132	3.815e-03
9188	8.261e+02	127	3.671e-03
9189	8.262e+02	153	4.422e-03
9190	8.263e+02	145	4.191e-03
9191	8.264e+02	114	3.295e-03
9192	8.265e+02	119	3.439e-03
9193	8.265e+02	107	3.093e-03
9194	8.266e+02	112	3.237e-03
9195	8.267e+02	134	3.873e-03
9196	8.268e+02	142	4.104e-03
9197	8.269e+02	133	3.844e-03
9198	8.270e+02	99	2.861e-03
9199	8.271e+02	122	3.526e-03
9200	8.272e+02	135	3.902e-03
9201	8.273e+02	131	3.786e-03
9202	8.274e+02	110	3.179e-03
9203	8.274e+02	127	3.671e-03
9204	8.275e+02	101	2.919e-03
9205	8.276e+02	108	3.121e-03
9206	8.277e+02	127	3.671e-03
9207	8.278e+02	128	3.699e-03
9208	8.279e+02	134	3.873e-03
9209	8.280e+02	109	3.150e-03
9210	8.281e+02	117	3.382e-03
9211	8.282e+02	126	3.642e-03
9212	8.283e+02	103	2.977e-03
9213	8.283e+02	116	3.353e-03
9214	8.284e+02	118	3.410e-03
9215	8.285e+02	123	3.555e-03
9216	8.286e+02	134	3.873e-03
9217	8.287e+02	117	3.382e-03
9218	8.288e+02	134	3.873e-03
9219	8.289e+02	132	3.815e-03
9220	8.290e+02	109	3.150e-03
9221	8.291e+02	121	3.497e-03
9222	8.292e+02	105	3.035e-03
9223	8.292e+02	111	3.208e-03
9224	8.293e+02	117	3.382e-03
9225	8.294e+02	120	3.468e-03
9226	8.295e+02	134	3.873e-03
9227	8.296e+02	108	3.121e-03
9228	8.297e+02	134	3.873e-03
9229	8.298e+02	118	3.410e-03
9230	8.299e+02	109	3.150e-03
9231	8.300e+02	124	3.584e-03
9232	8.301e+02	113	3.266e-03
9233	8.301e+02	137	3.960e-03
9234	8.302e+02	108	3.121e-03
9235	8.303e+02	146	4.220e-03
9236	8.304e+02	118	3.410e-03
9237	8.305e+02	108	3.121e-03
9238	8.306e+02	120	3.468e-03
9239	8.307e+02	116	3.353e-03
9240	8.308e+02	120	3.468e-03
9241	8.309e+02	121	3.497e-03
9242	8.310e+02	134	3.873e-03
9243	8.310e+02	110	3.179e-03
9244	8.311e+02	116	3.353e-03
9245	8.312e+02	106	3.064e-03
9246	8.313e+02	111	3.208e-03
9247	8.314e+02	114	3.295e-03
9248	8.315e+02	141	4.075e-03
9249	8.316e+02	121	3.497e-03
9250	8.317e+02	122	3.526e-03
9251	8.318e+02	125	3.613e-03
9252	8.319e+02	116	3.353e-03
9253	8.319e+02	120	3.468e-03
9254	8.320e+02	105	3.035e-03
9255	8.321e+02	121	3.497e-03
9256	8.322e+02	129	3.728e-03
9257	8.323e+02	125	3.613e-03
9258	8.324e+02	103	2.977e-03
9259	8.325e+02	99	2.861e-03
9260	8.326e+02	110	3.179e-03
9261	8.327e+02	124	3.584e-03
9262	8.327e+02	107	3.093e-03
9263	8.328e+02	130	3.757e-03
9264	8.329e+02	122	3.526e-03
9265	8.330e+02	91	2.630e-03
9266	8.331e+02	113	3.266e-03
9267	8.332e+02	100	2.890e-03
9268	8.333e+02	97	2.803e-03
9269	8.334e+02	104	3.006e-03
9270	8.335e+02	116	3.353e-03
9271	8.336e+02	120	3.468e-03
9272	8.336e+02	128	3.699e-03
9273	8.337e+02	138	3.988e-03
9274	8.338e+02	97	2.803e-03
9275	8.339e+02	134	3.873e-03
9276	8.340e+02	129	3.728e-03
9277	8.341e+02	119	3.439e-03
9278	8.342e+02	100	2.890e-03
9279	8.343e+02	125	3.613e-03
9280	8.344e+02	140	4.046e-03
9281	8.345e+02	112	3.237e-03
9282	8.345e+02	123	3.555e-03
9283	8.346e+02	95	2.746e-03
9284	8.347e+02	118	3.410e-03
9285	8.348e+02	139	4.017e-03
9286	8.349e+02	134	3.873e-03
9287	8.350e+02	117	3.382e-03
9288	8.351e+02	122	3.526e-03
9289	8.352e+02	109	3.150e-03
9290	8.353e+02	105	3.035e-03
9291	8.354e+02	111	3.208e-03
9292	8.354e+02	120	3.468e-03
9293	8.355e+02	121	3.497e-03
9294	8.356e+02	124	3.584e-03
9295	8.357e+02	106	3.064e-03
9296	8.358e+02	131	3.786e-03
9297	8.359e+02	101	2.919e-03
9298	8.360e+02	102	2.948e-03
9299	8.361e+02	133	3.844e-03
9300	8.362e+02	121	3.497e-03
9301	8.363e+02	110	3.179e-03
9302	8.363e+02	119	3.439e-03
9303	8.364e+02	106	3.064e-03
9304	8.365e+02	95	2.746e-03
9305	8.366e+02	140	4.046e-03
9306	8.367e+02	101	2.919e-03
9307	8.368e+02	120	3.468e-03
9308	8.369e+02	117	3.382e-03
9309	8.370e+02	136	3.931e-03
9310	8.371e+02	122	3.526e-03
9311	8.372e+02	114	3.295e-03
9312	8.372e+02	109	3.150e-03
9313	8.373e+02	117	3.382e-03
9314	8.374e+02	113	3.266e-03
9315	8.375e+02	95	2.746e-03
9316	8.376e+02	109	3.150e-03
9317	8.377e+02	117	3.382e-03
9318	8.378e+02	114	3.295e-03
9319	8.379e+02	122	3.526e-03
9320	8.380e+02	126	3.642e-03
9321	8.381e+02	105	3.035e-03
9322	8.381e+02	117	3.382e-03
9323	8.382e+02	109	3.150e-03
9324	8.383e+02	109	3.150e-03
9325	8.384e+02	96	2.775e-03
9326	8.385e+02	135	3.902e-03
9327	8.386e+02	126	3.642e-03
9328	8.387e+02	123	3.555e-03
9329	8.388e+02	95	2.746e-03
9330	8.389e+02	122	3.526e-03
9331	8.390e+02	116	3.353e-03
9332	8.390e+02	111	3.208e-03
9333	8.391e+02	96	2.775e-03
9334	8.392e+02	118	3.410e-03
9335	8.393e+02	125	3.613e-03
9336	8.394e+02	120	3.468e-03
9337	8.395e+02	104	3.006e-03
9338	8.396e+02	119	3.439e-03
9339	8.397e+02	103	2.977e-03
9340	8.398e+02	104	3.006e-03
9341	8.399e+02	141	4.075e-03
9342	8.399e+02	121	3.497e-03
9343	8.400e+02	107	3.093e-03
9344	8.401e+02	127	3.671e-03
9345	8.402e+02	120	3.468e-03
9346	8.403e+02	95	2.746e-03
9347	8.404e+02	89	2.572e-03
9348	8.405e+02	113	3.266e-03
9349	8.406e+02	130	3.757e-03
9350	8.407e+02	116	3.353e-03
9351	8.408e+02	101	2.919e-03
9352	8.408e+02	146	4.220e-03
9353	8.409e+02	124	3.584e-03
9354	8.410e+02	125	3.613e-03
9355	8.411e+02	127	3.671e-03
9356	8.412e+02	110	3.179e-03
9357	8.413e+02	115	3.324e-03
9358	8.414e+02	123	3.555e-03
9359	8.415e+02	119	3.439e-03
9360	8.416e+02	110	3.179e-03
9361	8.417e+02	86	2.486e-03
9362	8.417e+02	119	3.439e-03
9363	8.418e+02	142	4.104e-03
9364	8.419e+02	119	3.439e-03
9365	8.420e+02	121	3.497e-03
9366	8.421e+02	132	3.815e-03
9367	8.422e+02	107	3.093e-03
9368	8.423e+02	114	3.295e-03
9369	8.424e+02	106	3.064e-03
9370	8.425e+02	110	3.179e-03
9371	8.426e+02	106	3.064e-03
9372	8.426e+02	128	3.699e-03
9373	8.427e+02	130	3.757e-03
9374	8.428e+02	102	2.948e-03
9375	8.429e+02	127	3.671e-03
9376	8.430e+02	109	3.150e-03
9377	8.431e+02	109	3.150e-03
9378	8.432e+02	115	3.324e-03
9379	8.433e+02	104	3.006e-03
9380	8.434e+02	129	3.728e-03
9381	8.434e+02	106	3.064e-03
9382	8.435e+02	123	3.555e-03
9383	8.436e+02	109	3.150e-03
9384	8.437e+02	104	3.006e-03
9385	8.438e+02	129	3.728e-03
9386	8.439e+02	125	3.613e-03
9387	8.440e+02	121	3.497e-03
9388	8.441e+02	122	3.526e-03
9389	8.442e+02	127	3.671e-03
9390	8.443e+02	112	3.237e-03
9391	8.443e+02	139	4.017e-03
9392	8.444e+02	152	4.393e-03
9393	8.445e+02	130	3.757e-03
9394	8.446e+02	129	3.728e-03
9395	8.447e+02	137	3.960e-03
9396	8.448e+02	147	4.249e-03
9397	8.449e+02	172	4.971e-03
9398	8.450e+02	181	5.231e-03
9399	8.451e+02	224	6.474e-03
9400	8.452e+02	215	6.214e-03
9401	8.452e+02	234	6.763e-03
9402	8.453e+02	230	6.647e-03
9403	8.454e+02	290	8.382e-03
9404	8.455e+02	250	7.225e-03
9405	8.456e+02	291	8.410e-03
9406	8.457e+02	300	8.671e-03
9407	8.458e+02	307	8.873e-03
9408	8.459e+02	299	8.642e-03
9409	8.460e+02	288	8.324e-03
9410	8.461e+02	300	8.671e-03
9411	8.461e+02	300	8.671e-03
9412	8.462e+02	322	9.306e-03
9413	8.463e+02	297	8.584e-03
9414	8.464e+02	255	7.370e-03
9415	8.465e+02	263	7.601e-03
9416	8.466e+02	262	7.572e-03
9417	8.467e+02	220	6.358e-03
9418	8.468e+02	214	6.185e-03
9419	8.469e+02	178	5.145e-03
9420	8.470e+02	178	5.145e-03
9421	8.470e+02	183	5.289e-03
9422	8.471e+02	173	5.000e-03
9423	8.472e+02	167	4.827e-03
9424	8.473e+02	160	4.624e-03
9425	8.474e+02	145	4.191e-03
9426	8.475e+02	130	3.757e-03
9427	8.476e+02	135	3.902e-03
9428	8.477e+02	120	3.468e-03
9429	8.478e+02	111	3.208e-03
9430	8.479e+02	127	3.671e-03
9431	8.479e+02	99	2.861e-03
9432	8.480e+02	119	3.439e-03
9433	8.481e+02	115	3.324e-03
9434	8.482e+02	113	3.266e-03
9435	8.483e+02	119	3.439e-03
9436	8.484e+02	126	3.642e-03
9437	8.485e+02	123	3.555e-03
9438	8.486e+02	114	3.295e-03
9439	8.487e+02	109	3.150e-03
9440	8.488e+02	117	3.382e-03
9441	8.488e+02	126	3.642e-03
9442	8.489e+02	106	3.064e-03
9443	8.490e+02	83	2.399e-03
9444	8.491e+02	128	3.699e-03
9445	8.492e+02	119	3.439e-03
9446	8.493e+02	104	3.006e-03
9447	8.494e+02	111	3.208e-03
9448	8.495e+02	118	3.410e-03
9449	8.496e+02	117	3.382e-03
9450	8.497e+02	110	3.179e-03
9451	8.497e+02	147	4.249e-03
9452	8.498e+02	126	3.642e-03
9453	8.499e+02	135	3.902e-03
9454	8.500e+02	124	3.584e-03
9455	8.501e+02	132	3.815e-03
9456	8.502e+02	137	3.960e-03
9457	8.503e+02	155	4.480e-03
9458	8.504e+02	148	4.277e-03
9459	8.505e+02	151	4.364e-03
9460	8.506e+02	149	4.306e-03
9461	8.506e+02	148	4.277e-03
9462	8.507e+02	169	4.884e-03
9463	8.508e+02	192	5.549e-03
9464	8.509e+02	191	5.520e-03
9465	8.510e+02	168	4.856e-03
9466	8.511e+02	170	4.913e-03
9467	8.512e+02	212	6.127e-03
9468	8.513e+02	169	4.884e-03
9469	8.514e+02	189	5.462e-03
9470	8.515e+02	187	5.405e-03
9471	8.515e+02	210	6.069e-03
9472	8.516e+02	177	5.116e-03
9473	8.517e+02	164	4.740e-03
9474	8.518e+02	159	4.595e-03
9475	8.519e+02	168	4.856e-03
9476	8.520e+02	145	4.191e-03
9477	8.521e+02	161	4.653e-03
9478	8.522e+02	147	4.249e-03
9479	8.523e+02	127	3.671e-03
9480	8.524e+02	115	3.324e-03
9481	8.524e+02	152	4.393e-03
9482	8.525e+02	118	3.410e-03
9483	8.526e+02	139	4.017e-03
9484	8.527e+02	124	3.584e-03
9485	8.528e+02	123	3.555e-03
9486	8.529e+02	113	3.266e-03
9487	8.530e+02	111	3.208e-03
9488	8.531e+02	106	3.064e-03
9489	8.532e+02	129	3.728e-03
9490	8.533e+02	105	3.035e-03
9491	8.533e+02	107	3.093e-03
9492	8.534e+02	125	3.613e-03
9493	8.535e+02	132	3.815e-03
9494	8.536e+02	104	3.006e-03
9495	8.537e+02	111	3.208e-03
9496	8.538e+02	115	3.324e-03
9497	8.539e+02	106	3.064e-03
9498	8.540e+02	97	2.803e-03
9499	8.541e+02	100	2.890e-03
9500	8.542e+02	105	3.035e-03
9501	8.542e+02	95	2.746e-03
9502	8.543e+02	102	2.948e-03
9503	8.544e+02	109	3.150e-03
9504	8.545e+02	120	3.468e-03
9505	8.546e+02	126	3.642e-03
9506	8.547e+02	115	3.324e-03
9507	8.548e+02	113	3.266e-03
9508	8.549e+02	91	2.630e-03
9509	8.550e+02	100	2.890e-03
9510	8.550e+02	111	3.208e-03
9511	8.551e+02	95	2.746e-03
9512	8.552e+02	106	3.064e-03
9513	8.553e+02	96	2.775e-03
9514	8.554e+02	121	3.497e-03
9515	8.555e+02	109	3.150e-03
9516	8.556e+02	98	2.832e-03
9517	8.557e+02	96	2.775e-03
9518	8.558e+02	108	3.121e-03
9519	8.559e+02	94	2.717e-03
9520	8.559e+02	100	2.890e-03
9521	8.560e+02	116	3.353e-03
9522	8.561e+02	108	3.121e-03
9523	8.562e+02	117	3.382e-03
9524	8.563e+02	103	2.977e-03
9525	8.564e+02	89	2.572e-03
9526	8.565e+02	110	3.179e-03
9527	8.566e+02	116	3.353e-03
9528	8.567e+02	90	2.601e-03
9529	8.568e+02	107	3.093e-03
9530	8.568e+02	102	2.948e-03
9531	8.569e+02	95	2.746e-03
9532	8.570e+02	145	4.191e-03
9533	8.571e+02	98	2.832e-03
9534	8.572e+02	133	3.844e-03
9535	8.573e+02	110	3.179e-03
9536	8.574e+02	101	2.919e-03
9537	8.575e+02	136	3.931e-03
9538	8.576e+02	111	3.208e-03
9539	8.577e+02	103	2.977e-03
9540	8.577e+02	112	3.237e-03
9541	8.578e+02	99	2.861e-03
9542	8.579e+02	120	3.468e-03
9543	8.580e+02	115	3.324e-03
9544	8.581e+02	83	2.399e-03
9545	8.582e+02	119	3.439e-03
9546	8.583e+02	92	2.659e-03
9547	8.584e+02	99	2.861e-03
9548	8.585e+02	114	3.295e-03
9549	8.586e+02	106	3.064e-03
9550	8.586e+02	99	2.861e-03
9551	8.587e+02	113	3.266e-03
9552	8.588e+02	131	3.786e-03
9553	8.589e+02	124	3.584e-03
9554	8.590e+02	106	3.064e-03
9555	8.591e+02	91	2.630e-03
9556	8.592e+02	84	2.428e-03
9557	8.593e+02	82	2.370e-03
9558	8.594e+02	113	3.266e-03
9559	8.595e+02	86	2.486e-03
9560	8.595e+02	109	3.150e-03
9561	8.596e+02	109	3.150e-03
9562	8.597e+02	117	3.382e-03
9563	8.598e+02	107	3.093e-03
9564	8.599e+02	98	2.832e-03
9565	8.600e+02	95	2.746e-03
9566	8.601e+02	111	3.208e-03
9567	8.602e+02	109	3.150e-03
9568	8.603e+02	88	2.543e-03
9569	8.604e+02	98	2.832e-03
9570	8.604e+02	113	3.266e-03
9571	8.605e+02	105	3.035e-03
9572	8.606e+02	109	3.150e-03
9573	8.607e+02	90	2.601e-03
9574	8.608e+02	117	3.382e-03
9575	8.609e+02	109	3.150e-03
9576	8.610e+02	116	3.353e-03
9577	8.611e+02	103	2.977e-03
9578	8.612e+02	122	3.526e-03
9579	8.613e+02	94	2.717e-03
9580	8.613e+02	90	2.601e-03
9581	8.614e+02	103	2.977e-03
9582	8.615e+02	92	2.659e-03
9583	8.616e+02	105	3.035e-03
9584	8.617e+02	93	2.688e-03
9585	8.618e+02	90	2.601e-03
9586	8.619e+02	116	3.353e-03
9587	8.620e+02	98	2.832e-03
9588	8.621e+02	102	2.948e-03
9589	8.622e+02	99	2.861e-03
9590	8.622e+02	98	2.832e-03
9591	8.623e+02	96	2.775e-03
9592	8.624e+02	102	2.948e-03
9593	8.625e+02	84	2.428e-03
9594	8.626e+02	95	2.746e-03
9595	8.627e+02	104	3.006e-03
9596	8.628e+02	98	2.832e-03
9597	8.629e+02	114	3.295e-03
9598	8.630e+02	105	3.035e-03
9599	8.631e+02	111	3.208e-03
9600	8.631e+02	110	3.179e-03
9601	8.632e+02	115	3.324e-03
9602	8.633e+02	105	3.035e-03
9603	8.634e+02	105	3.035e-03
9604	8.635e+02	95	2.746e-03
9605	8.636e+02	97	2.803e-03
9606	8.637e+02	102	2.948e-03
9607	8.638e+02	99	2.861e-03
9608	8.639e+02	87	2.514e-03
9609	8.640e+02	119	3.439e-03
9610	8.640e+02	109	3.150e-03
9611	8.641e+02	107	3.093e-03
9612	8.642e+02	99	2.861e-03
9613	8.643e+02	121	3.497e-03
9614	8.644e+02	104	3.006e-03
9615	8.645e+02	92	2.659e-03
9616	8.646e+02	98	2.832e-03
9617	8.647e+02	99	2.861e-03
9618	8.648e+02	89	2.572e-03
9619	8.649e+02	87	2.514e-03
9620	8.649e+02	99	2.861e-03
9621	8.650e+02	101	2.919e-03
9622	8.651e+02	102	2.948e-03
9623	8.652e+02	108	3.121e-03
9624	8.653e+02	128	3.699e-03
9625	8.654e+02	100	2.890e-03
9626	8.655e+02	94	2.717e-03
9627	8.656e+02	98	2.832e-03
9628	8.657e+02	96	2.775e-03
9629	8.658e+02	121	3.497e-03
9630	8.658e+02	99	2.861e-03
9631	8.659e+02	98	2.832e-03
9632	8.660e+02	106	3.064e-03
9633	8.661e+02	97	2.803e-03
9634	8.662e+02	102	2.948e-03
9635	8.663e+02	123	3.555e-03
9636	8.664e+02	123	3.555e-03
9637	8.665e+02	133	3.844e-03
9638	8.666e+02	141	4.075e-03
9639	8.666e+02	141	4.075e-03
9640	8.667e+02	134	3.873e-03
9641	8.668e+02	167	4.827e-03
9642	8.669e+02	136	3.931e-03
9643	8.670e+02	145	4.191e-03
9644	8.671e+02	151	4.364e-03
9645	8.672e+02	176	5.087e-03
9646	8.673e+02	194	5.607e-03
9647	8.674e+02	178	5.145e-03
9648	8.675e+02	167	4.827e-03
9649	8.675e+02	197	5.694e-03
9650	8.676e+02	195	5.636e-03
9651	8.677e+02	205	5.925e-03
9652	8.678e+02	199	5.751e-03
9653	8.679e+02	199	5.751e-03
9654	8.680e+02	232	6.705e-03
9655	8.681e+02	228	6.590e-03
9656	8.682e+02	204	5.896e-03
9657	8.683e+02	219	6.330e-03
9658	8.684e+02	195	5.636e-03
9659	8.684e+02	196	5.665e-03
9660	8.685e+02	183	5.289e-03
9661	8.686e+02	185	5.347e-03
9662	8.687e+02	155	4.480e-03
9663	8.688e+02	157	4.538e-03
9664	8.689e+02	124	3.584e-03
9665	8.690e+02	121	3.497e-03
9666	8.691e+02	149	4.306e-03
9667	8.692e+02	123	3.555e-03
9668	8.693e+02	106	3.064e-03
9669	8.693e+02	135	3.902e-03
9670	8.694e+02	104	3.006e-03
9671	8.695e+02	109	3.150e-03
9672	8.696e+02	114	3.295e-03
9673	8.697e+02	115	3.324e-03
9674	8.698e+02	114	3.295e-03
9675	8.699e+02	93	2.688e-03
9676	8.700e+02	115	3.324e-03
9677	8.701e+02	103	2.977e-03
9678	8.702e+02	86	2.486e-03
9679	8.702e+02	96	2.775e-03
9680	8.703e+02	112	3.237e-03
9681	8.704e+02	93	2.688e-03
9682	8.705e+02	110	3.179e-03
9683	8.706e+02	121	3.497e-03
9684	8.707e+02	112	3.237e-03
9685	8.708e+02	104	3.006e-03
9686	8.709e+02	114	3.295e-03
9687	8.710e+02	94	2.717e-03
9688	8.711e+02	129	3.728e-03
9689	8.711e+02	120	3.468e-03
9690	8.712e+02	113	3.266e-03
9691	8.713e+02	129	3.728e-03
9692	8.714e+02	154	4.451e-03
9693	8.715e+02	145	4.191e-03
9694	8.716e+02	177	5.116e-03
9695	8.717e+02	210	6.069e-03
9696	8.718e+02	235	6.792e-03
9697	8.719e+02	270	7.804e-03
9698	8.720e+02	311	8.988e-03
9699	8.720e+02	391	1.130e-02
9700	8.721e+02	460	1.329e-02
9701	8.722e+02	540	1.561e-02
9702	8.723e+02	682	1.971e-02
9703	8.724e+02	790	2.283e-02
9704	8.725e+02	996	2.879e-02
9705	8.726e+02	1141	3.298e-02
9706	8.727e+02	1332	3.850e-02
9707	8.728e+02	1600	4.624e-02
9708	8.729e+02	1914	5.532e-02
9709	8.729e+02	2111	6.101e-02
9710	8.730e+02	2455	7.095e-02
9711	8.731e+02	2733	7.899e-02
9712	8.732e+02	2914	8.422e-02
9713	8.733e+02	3099	8.957e-02
9714	8.734e+02	3282	9.486e-02
9715	8.735e+02	3509	1.014e-01
9716	8.736e+02	3687	1.066e-01
9717	8.737e+02	3692	1.067e-01
9718	8.738e+02	3861	1.116e-01
9719	8.738e+02	3849	1.112e-01
9720	8.739e+02	3759	1.086e-01
9721	8.740e+02	3677	1.063e-01
9722	8.741e+02	3540	1.023e-01
9723	8.742e+02	3284	9.491e-02
9724	8.743e+02	3128	9.041e-02
9725	8.744e+02	2850	8.237e-02
9726	8.745e+02	2499	7.223e-02
9727	8.746e+02	2281	6.593e-02
9728	8.747e+02	2022	5.844e-02
9729	8.747e+02	1668	4.821e-02
9730	8.748e+02	1578	4.561e-02
9731	8.749e+02	1297	3.749e-02
9732	8.750e+02	1077	3.113e-02
9733	8.751e+02	927	2.679e-02
9734	8.752e+02	722	2.087e-02
9735	8.753e+02	530	1.532e-02
9736	8.754e+02	493	1.425e-02
9737	8.755e+02	386	1.116e-02
9738	8.756e+02	328	9.480e-03
9739	8.756e+02	295	8.526e-03
9740	8.757e+02	244	7.052e-03
9741	8.758e+02	180	5.202e-03
9742	8.759e+02	190	5.491e-03
9743	8.760e+02	144	4.162e-03
9744	8.761e+02	130	3.757e-03
9745	8.762e+02	125	3.613e-03
9746	8.763e+02	123	3.555e-03
9747	8.764e+02	104	3.006e-03
9748	8.765e+02	87	2.514e-03
9749	8.765e+02	97	2.803e-03
9750	8.766e+02	88	2.543e-03
9751	8.767e+02	103	2.977e-03
9752	8.768e+02	102	2.948e-03
9753	8.769e+02	88	2.543e-03
9754	8.770e+02	87	2.514e-03
9755	8.771e+02	76	2.197e-03
9756	8.772e+02	107	3.093e-03
9757	8.773e+02	89	2.572e-03
9758	8.773e+02	84	2.428e-03
9759	8.774e+02	101	2.919e-03
9760	8.775e+02	101	2.919e-03
9761	8.776e+02	69	1.994e-03
9762	8.777e+02	110	3.179e-03
9763	8.778e+02	113	3.266e-03
9764	8.779e+02	88	2.543e-03
9765	8.780e+02	94	2.717e-03
9766	8.781e+02	98	2.832e-03
9767	8.782e+02	81	2.341e-03
9768	8.782e+02	101	2.919e-03
9769	8.783e+02	85	2.457e-03
9770	8.784e+02	97	2.803e-03
9771	8.785e+02	86	2.486e-03
9772	8.786e+02	90	2.601e-03
9773	8.787e+02	108	3.121e-03
9774	8.788e+02	103	2.977e-03
9775	8.789e+02	79	2.283e-03
9776	8.790e+02	96	2.775e-03
9777	8.791e+02	98	2.832e-03
9778	8.791e+02	111	3.208e-03
9779	8.792e+02	102	2.948e-03
9780	8.793e+02	94	2.717e-03
9781	8.794e+02	98	2.832e-03
9782	8.795e+02	90	2.601e-03
9783	8.796e+02	101	2.919e-03
9784	8.797e+02	78	2.254e-03
9785	8.798e+02	99	2.861e-03
9786	8.799e+02	81	2.341e-03
9787	8.800e+02	94	2.717e-03
9788	8.800e+02	77	2.225e-03
9789	8.801e+02	101	2.919e-03
9790	8.802e+02	93	2.688e-03
9791	8.803e+02	110	3.179e-03
9792	8.804e+02	101	2.919e-03
9793	8.805e+02	111	3.208e-03
9794	8.806e+02	119	3.439e-03
9795	8.807e+02	125	3.613e-03
9796	8.808e+02	120	3.468e-03
9797	8.809e+02	104	3.006e-03
9798	8.809e+02	117	3.382e-03
9799	8.810e+02	126	3.642e-03
9800	8.811e+02	131	3.786e-03
9801	8.812e+02	118	3.410e-03
9802	8.813e+02	125	3.613e-03
9803	8.814e+02	114	3.295e-03
9804	8.815e+02	146	4.220e-03
9805	8.816e+02	136	3.931e-03
9806	8.817e+02	118	3.410e-03
9807	8.818e+02	114	3.295e-03
9808	8.818e+02	98	2.832e-03
9809	8.819e+02	121	3.497e-03
9810	8.820e+02	105	3.035e-03
9811	8.821e+02	97	2.803e-03
9812	8.822e+02	109	3.150e-03
9813	8.823e+02	108	3.121e-03
9814	8.824e+02	100	2.890e-03
9815	8.825e+02	106	3.064e-03
9816	8.826e+02	100	2.890e-03
9817	8.827e+02	89	2.572e-03
9818	8.827e+02	97	2.803e-03
9819	8.828e+02	87	2.514e-03
9820	8.829e+02	105	3.035e-03
9821	8.830e+02	80	2.312e-03
9822	8.831e+02	77	2.225e-03
9823	8.832e+02	92	2.659e-03
9824	8.833e+02	107	3.093e-03
9825	8.834e+02	84	2.428e-03
9826	8.835e+02	77	2.225e-03
9827	8.836e+02	94	2.717e-03
9828	8.836e+02	98	2.832e-03
9829	8.837e+02	97	2.803e-03
9830	8.838e+02	85	2.457e-03
9831	8.839e+02	85	2.457e-03
9832	8.840e+02	91	2.630e-03
9833	8.841e+02	95	2.746e-03
9834	8.842e+02	94	2.717e-03
9835	8.843e+02	68	1.965e-03
9836	8.844e+02	78	2.254e-03
9837	8.845e+02	88	2.543e-03
9838	8.845e+02	76	2.197e-03
9839	8.846e+02	86	2.486e-03
9840	8.847e+02	71	2.052e-03
9841	8.848e+02	92	2.659e-03
9842	8.849e+02	91	2.630e-03
9843	8.850e+02	98	2.832e-03
9844	8.851e+02	109	3.150e-03
9845	8.852e+02	95	2.746e-03
9846	8.853e+02	90	2.601e-03
9847	8.854e+02	87	2.514e-03
9848	8.854e+02	87	2.514e-03
9849	8.855e+02	85	2.457e-03
9850	8.856e+02	86	2.486e-03
9851	8.857e+02	105	3.035e-03
9852	8.858e+02	83	2.399e-03
9853	8.859e+02	109	3.150e-03
9854	8.860e+02	82	2.370e-03
9855	8.861e+02	94	2.717e-03
9856	8.862e+02	85	2.457e-03
9857	8.863e+02	93	2.688e-03
9858	8.863e+02	93	2.688e-03
9859	8.864e+02	112	3.237e-03
9860	8.865e+02	97	2.803e-03
9861	8.866e+02	87	2.514e-03
9862	8.867e+02	80	2.312e-03
9863	8.868e+02	86	2.486e-03
9864	8.869e+02	97	2.803e-03
9865	8.870e+02	80	2.312e-03
9866	8.871e+02	109	3.150e-03
9867	8.872e+02	87	2.514e-03
9868	8.872e+02	82	2.370e-03
9869	8.873e+02	92	2.659e-03
9870	8.874e+02	80	2.312e-03
9871	8.875e+02	70	2.023e-03
9872	8.876e+02	93	2.688e-03
9873	8.877e+02	88	2.543e-03
9874	8.878e+02	96	2.775e-03
9875	8.879e+02	81	2.341e-03
9876	8.880e+02	97	2.803e-03
9877	8.881e+02	121	3.497e-03
9878	8.881e+02	80	2.312e-03
9879	8.882e+02	83	2.399e-03
9880	8.883e+02	105	3.035e-03
9881	8.884e+02	91	2.630e-03
9882	8.885e+02	90	2.601e-03
9883	8.886e+02	88	2.543e-03
9884	8.887e+02	89	2.572e-03
9885	8.888e+02	107	3.093e-03
9886	8.889e+02	92	2.659e-03
9887	8.889e+02	79	2.283e-03
9888	8.890e+02	102	2.948e-03
9889	8.891e+02	76	2.197e-03
9890	8.892e+02	92	2.659e-03
9891	8.893e+02	90	2.601e-03
9892	8.894e+02	84	2.428e-03
9893	8.895e+02	78	2.254e-03
9894	8.896e+02	110	3.179e-03
9895	8.897e+02	106	3.064e-03
9896	8.898e+02	98	2.832e-03
9897	8.898e+02	79	2.283e-03
9898	8.899e+02	87	2.514e-03
9899	8.900e+02	94	2.717e-03
9900	8.901e+02	95	2.746e-03
9901	8.902e+02	104	3.006e-03
9902	8.903e+02	103	2.977e-03
9903	8.904e+02	92	2.659e-03
9904	8.905e+02	88	2.543e-03
9905	8.906e+02	100	2.890e-03
9906	8.907e+02	83	2.399e-03
9907	8.907e+02	104	3.006e-03
9908	8.908e+02	103	2.977e-03
9909	8.909e+02	85	2.457e-03
9910	8.910e+02	105	3.035e-03
9911	8.911e+02	85	2.457e-03
9912	8.912e+02	82	2.370e-03
9913	8.913e+02	104	3.006e-03
9914	8.914e+02	103	2.977e-03
9915	8.915e+02	98	2.832e-03
9916	8.916e+02	81	2.341e-03
9917	8.916e+02	114	3.295e-03
9918	8.917e+02	99	2.861e-03
9919	8.918e+02	108	3.121e-03
9920	8.919e+02	126	3.642e-03
9921	8.920e+02	134	3.873e-03
9922	8.921e+02	130	3.757e-03
9923	8.922e+02	115	3.324e-03
9924	8.923e+02	117	3.382e-03
9925	8.924e+02	140	4.046e-03
9926	8.925e+02	147	4.249e-03
9927	8.925e+02	162	4.682e-03
9928	8.926e+02	192	5.549e-03
9929	8.927e+02	190	5.491e-03
9930	8.928e+02	200	5.780e-03
9931	8.929e+02	216	6.243e-03
9932	8.930e+02	213	6.156e-03
9933	8.931e+02	230	6.647e-03
9934	8.932e+02	216	6.243e-03
9935	8.933e+02	240	6.936e-03
9936	8.934e+02	232	6.705e-03
9937	8.934e+02	266	7.688e-03
9938	8.935e+02	228	6.590e-03
9939	8.936e+02	216	6.243e-03
9940	8.937e+02	208	6.012e-03
9941	8.938e+02	202	5.838e-03
9942	8.939e+02	216	6.243e-03
9943	8.940e+02	187	5.405e-03
9944	8.941e+02	179	5.173e-03
9945	8.942e+02	176	5.087e-03
9946	8.943e+02	173	5.000e-03
9947	8.943e+02	161	4.653e-03
9948	8.944e+02	155	4.480e-03
9949	8.945e+02	130	3.757e-03
9950	8.946e+02	122	3.526e-03
9951	8.947e+02	138	3.988e-03
9952	8.948e+02	83	2.399e-03
9953	8.949e+02	94	2.717e-03
9954	8.950e+02	99	2.861e-03
9955	8.951e+02	124	3.584e-03
9956	8.952e+02	92	2.659e-03
9957	8.952e+02	96	2.775e-03
9958	8.953e+02	104	3.006e-03
9959	8.954e+02	83	2.399e-03
9960	8.955e+02	86	2.486e-03
9961	8.956e+02	79	2.283e-03
9962	8.957e+02	87	2.514e-03
9963	8.958e+02	90	2.601e-03
9964	8.959e+02	61	1.763e-03
9965	8.960e+02	101	2.919e-03
9966	8.961e+02	85	2.457e-03
9967	8.961e+02	72	2.081e-03
9968	8.962e+02	92	2.659e-03
9969	8.963e+02	80	2.312e-03
9970	8.964e+02	81	2.341e-03
9971	8.965e+02	81	2.341e-03
9972	8.966e+02	68	1.965e-03
9973	8.967e+02	87	2.514e-03
9974	8.968e+02	87	2.514e-03
9975	8.969e+02	85	2.457e-03
9976	8.970e+02	75	2.168e-03
9977	8.970e+02	81	2.341e-03
9978	8.971e+02	106	3.064e-03
9979	8.972e+02	106	3.064e-03
9980	8.973e+02	85	2.457e-03
9981	8.974e+02	83	2.399e-03
9982	8.975e+02	79	2.283e-03
9983	8.976e+02	89	2.572e-03
9984	8.977e+02	102	2.948e-03
9985	8.978e+02	87	2.514e-03
9986	8.979e+02	70	2.023e-03
9987	8.979e+02	104	3.006e-03
9988	8.980e+02	91	2.630e-03
9989	8.981e+02	76	2.197e-03
9990	8.982e+02	73	2.110e-03
9991	8.983e+02	109	3.150e-03
9992	8.984e+02	80	2.312e-03
9993	8.985e+02	91	2.630e-03
9994	8.986e+02	111	3.208e-03
9995	8.987e+02	81	2.341e-03
9996	8.988e+02	93	2.688e-03
9997	8.988e+02	75	2.168e-03
9998	8.989e+02	91	2.630e-03
9999	8.990e+02	81	2.341e-03
10000	8.991e+02	80	2.312e-03
10001	8.992e+02	83	2.399e-03
10002	8.993e+02	91	2.630e-03
10003	8.994e+02	90	2.601e-03
10004	8.995e+02	101	2.919e-03
10005	8.996e+02	74	2.139e-03
10006	8.996e+02	104	3.006e-03
10007	8.997e+02	100	2.890e-03
10008	8.998e+02	81	2.341e-03
10009	8.999e+02	89	2.572e-03
10010	9.000e+02	86	2.486e-03
10011	9.001e+02	77	2.225e-03
10012	9.002e+02	84	2.428e-03
10013	9.003e+02	78	2.254e-03
10014	9.004e+02	92	2.659e-03
10015	9.005e+02	83	2.399e-03
10016	9.005e+02	98	2.832e-03
10017	9.006e+02	93	2.688e-03
10018	9.007e+02	90	2.601e-03
10019	9.008e+02	103	2.977e-03
10020	9.009e+02	93	2.688e-03
10021	9.010e+02	83	2.399e-03
10022	9.011e+02	92	2.659e-03
10023	9.012e+02	87	2.514e-03
10024	9.013e+02	81	2.341e-03
10025	9.014e+02	73	2.110e-03
10026	9.014e+02	88	2.543e-03
10027	9.015e+02	91	2.630e-03
10028	9.016e+02	87	2.514e-03
10029	9.017e+02	99	2.861e-03
10030	9.018e+02	86	2.486e-03
10031	9.019e+02	70	2.023e-03
10032	9.020e+02	89	2.572e-03
10033	9.021e+02	76	2.197e-03
10034	9.022e+02	98	2.832e-03
10035	9.023e+02	88	2.543e-03
10036	9.023e+02	93	2.688e-03
10037	9.024e+02	92	2.659e-03
10038	9.025e+02	99	2.861e-03
10039	9.026e+02	84	2.428e-03
10040	9.027e+02	89	2.572e-03
10041	9.028e+02	103	2.977e-03
10042	9.029e+02	103	2.977e-03
10043	9.030e+02	83	2.399e-03
10044	9.031e+02	110	3.179e-03
10045	9.032e+02	121	3.497e-03
10046	9.032e+02	123	3.555e-03
10047	9.033e+02	139	4.017e-03
10048	9.034e+02	153	4.422e-03
10049	9.035e+02	159	4.595e-03
10050	9.036e+02	167	4.827e-03
10051	9.037e+02	216	6.243e-03
10052	9.038e+02	222	6.416e-03
10053	9.039e+02	250	7.225e-03
10054	9.040e+02	266	7.688e-03
10055	9.041e+02	273	7.890e-03
10056	9.041e+02	266	7.688e-03
10057	9.042e+02	306	8.844e-03
10058	9.043e+02	331	9.567e-03
10059	9.044e+02	332	9.595e-03
10060	9.045e+02	335	9.682e-03
10061	9.046e+02	375	1.084e-02
10062	9.047e+02	345	9.971e-03
10063	9.048e+02	369	1.066e-02
10064	9.049e+02	326	9.422e-03
10065	9.050e+02	315	9.104e-03
10066	9.050e+02	309	8.931e-03
10067	9.051e+02	285	8.237e-03
10068	9.052e+02	299	8.642e-03
10069	9.053e+02	274	7.919e-03
10070	9.054e+02	275	7.948e-03
10071	9.055e+02	243	7.023e-03
10072	9.056e+02	216	6.243e-03
10073	9.057e+02	214	6.185e-03
10074	9.058e+02	192	5.549e-03
10075	9.059e+02	169	4.884e-03
10076	9.059e+02	161	4.653e-03
10077	9.060e+02	128	3.699e-03
10078	9.061e+02	125	3.613e-03
10079	9.062e+02	114	3.295e-03
10080	9.063e+02	114	3.295e-03
10081	9.064e+02	77	2.225e-03
10082	9.065e+02	106	3.064e-03
10083	9.066e+02	94	2.717e-03
10084	9.067e+02	76	2.197e-03
10085	9.068e+02	96	2.775e-03
10086	9.068e+02	75	2.168e-03
10087	9.069e+02	94	2.717e-03
10088	9.070e+02	100	2.890e-03
10089	9.071e+02	87	2.514e-03
10090	9.072e+02	104	3.006e-03
10091	9.073e+02	79	2.283e-03
10092	9.074e+02	89	2.572e-03
10093	9.075e+02	99	2.861e-03
10094	9.076e+02	78	2.254e-03
10095	9.077e+02	77	2.225e-03
10096	9.077e+02	84	2.428e-03
10097	9.078e+02	69	1.994e-03
10098	9.079e+02	60	1.734e-03
10099	9.080e+02	90	2.601e-03
10100	9.081e+02	97	2.803e-03
10101	9.082e+02	78	2.254e-03
10102	9.083e+02	82	2.370e-03
10103	9.084e+02	80	2.312e-03
10104	9.085e+02	101	2.919e-03
10105	9.086e+02	75	2.168e-03
10106	9.086e+02	98	2.832e-03
10107	9.087e+02	87	2.514e-03
10108	9.088e+02	78	2.254e-03
10109	9.089e+02	65	1.879e-03
10110	9.090e+02	78	2.254e-03
10111	9.091e+02	75	2.168e-03
10112	9.092e+02	82	2.370e-03
10113	9.093e+02	86	2.486e-03
10114	9.094e+02	75	2.168e-03
10115	9.095e+02	91	2.630e-03
10116	9.095e+02	58	1.676e-03
10117	9.096e+02	67	1.936e-03
10118	9.097e+02	71	2.052e-03
10119	9.098e+02	81	2.341e-03
10120	9.099e+02	85	2.457e-03
10121	9.100e+02	89	2.572e-03
10122	9.101e+02	65	1.879e-03
10123	9.102e+02	98	2.832e-03
10124	9.103e+02	63	1.821e-03
10125	9.104e+02	79	2.283e-03
10126	9.104e+02	77	2.225e-03
10127	9.105e+02	88	2.543e-03
10128	9.106e+02	84	2.428e-03
10129	9.107e+02	88	2.543e-03
10130	9.108e+02	72	2.081e-03
10131	9.109e+02	87	2.514e-03
10132	9.110e+02	89	2.572e-03
10133	9.111e+02	82	2.370e-03
10134	9.112e+02	80	2.312e-03
10135	9.112e+02	95	2.746e-03
10136	9.113e+02	81	2.341e-03
10137	9.114e+02	70	2.023e-03
10138	9.115e+02	70	2.023e-03
10139	9.116e+02	83	2.399e-03
10140	9.117e+02	69	1.994e-03
10141	9.118e+02	68	1.965e-03
10142	9.119e+02	82	2.370e-03
10143	9.120e+02	72	2.081e-03
10144	9.121e+02	86	2.486e-03
10145	9.121e+02	75	2.168e-03
10146	9.122e+02	76	2.197e-03
10147	9.123e+02	82	2.370e-03
10148	9.124e+02	79	2.283e-03
10149	9.125e+02	85	2.457e-03
10150	9.126e+02	87	2.514e-03
10151	9.127e+02	77	2.225e-03
10152	9.128e+02	69	1.994e-03
10153	9.129e+02	77	2.225e-03
10154	9.130e+02	72	2.081e-03
10155	9.130e+02	84	2.428e-03
10156	9.131e+02	95	2.746e-03
10157	9.132e+02	75	2.168e-03
10158	9.133e+02	79	2.283e-03
10159	9.134e+02	78	2.254e-03
10160	9.135e+02	76	2.197e-03
10161	9.136e+02	71	2.052e-03
10162	9.137e+02	82	2.370e-03
10163	9.138e+02	78	2.254e-03
10164	9.139e+02	93	2.688e-03
10165	9.139e+02	103	2.977e-03
10166	9.140e+02	81	2.341e-03
10167	9.141e+02	83	2.399e-03
10168	9.142e+02	71	2.052e-03
10169	9.143e+02	77	2.225e-03
10170	9.144e+02	90	2.601e-03
10171	9.145e+02	83	2.399e-03
10172	9.146e+02	70	2.023e-03
10173	9.147e+02	84	2.428e-03
10174	9.148e+02	93	2.688e-03
10175	9.148e+02	85	2.457e-03
10176	9.149e+02	70	2.023e-03
10177	9.150e+02	78	2.254e-03
10178	9.151e+02	94	2.717e-03
10179	9.152e+02	82	2.370e-03
10180	9.153e+02	81	2.341e-03
10181	9.154e+02	84	2.428e-03
10182	9.155e+02	75	2.168e-03
10183	9.156e+02	92	2.659e-03
10184	9.157e+02	55	1.590e-03
10185	9.157e+02	71	2.052e-03
10186	9.158e+02	76	2.197e-03
10187	9.159e+02	89	2.572e-03
10188	9.160e+02	90	2.601e-03
10189	9.161e+02	72	2.081e-03
10190	9.162e+02	74	2.139e-03
10191	9.163e+02	88	2.543e-03
10192	9.164e+02	86	2.486e-03
10193	9.165e+02	102	2.948e-03
10194	9.166e+02	86	2.486e-03
10195	9.166e+02	70	2.023e-03
10196	9.167e+02	96	2.775e-03
10197	9.168e+02	95	2.746e-03
10198	9.169e+02	75	2.168e-03
10199	9.170e+02	91	2.630e-03
10200	9.171e+02	87	2.514e-03
10201	9.172e+02	87	2.514e-03
10202	9.173e+02	95	2.746e-03
10203	9.174e+02	84	2.428e-03
10204	9.175e+02	88	2.543e-03
10205	9.175e+02	81	2.341e-03
10206	9.176e+02	73	2.110e-03
10207	9.177e+02	89	2.572e-03
10208	9.178e+02	67	1.936e-03
10209	9.179e+02	87	2.514e-03
10210	9.180e+02	87	2.514e-03
10211	9.181e+02	85	2.457e-03
10212	9.182e+02	88	2.543e-03
10213	9.183e+02	106	3.064e-03
10214	9.184e+02	86	2.486e-03
10215	9.184e+02	98	2.832e-03
10216	9.185e+02	84	2.428e-03
10217	9.186e+02	70	2.023e-03
10218	9.187e+02	62	1.792e-03
10219	9.188e+02	88	2.543e-03
10220	9.189e+02	82	2.370e-03
10221	9.190e+02	94	2.717e-03
10222	9.191e+02	73	2.110e-03
10223	9.192e+02	99	2.861e-03
10224	9.193e+02	71	2.052e-03
10225	9.193e+02	92	2.659e-03
10226	9.194e+02	99	2.861e-03
10227	9.195e+02	109	3.150e-03
10228	9.196e+02	90	2.601e-03
10229	9.197e+02	91	2.630e-03
10230	9.198e+02	90	2.601e-03
10231	9.199e+02	102	2.948e-03
10232	9.200e+02	76	2.197e-03
10233	9.201e+02	109	3.150e-03
10234	9.202e+02	87	2.514e-03
10235	9.202e+02	74	2.139e-03
10236	9.203e+02	99	2.861e-03
10237	9.204e+02	87	2.514e-03
10238	9.205e+02	85	2.457e-03
10239	9.206e+02	82	2.370e-03
10240	9.207e+02	92	2.659e-03
10241	9.208e+02	73	2.110e-03
10242	9.209e+02	63	1.821e-03
10243	9.210e+02	86	2.486e-03
10244	9.211e+02	77	2.225e-03
10245	9.211e+02	79	2.283e-03
10246	9.212e+02	89	2.572e-03
10247	9.213e+02	80	2.312e-03
10248	9.214e+02	66	1.908e-03
10249	9.215e+02	60	1.734e-03
10250	9.216e+02	97	2.803e-03
10251	9.217e+02	82	2.370e-03
10252	9.218e+02	110	3.179e-03
10253	9.219e+02	76	2.197e-03
10254	9.220e+02	67	1.936e-03
10255	9.220e+02	86	2.486e-03
10256	9.221e+02	62	1.792e-03
10257	9.222e+02	83	2.399e-03
10258	9.223e+02	70	2.023e-03
10259	9.224e+02	81	2.341e-03
10260	9.225e+02	109	3.150e-03
10261	9.226e+02	89	2.572e-03
10262	9.227e+02	79	2.283e-03
10263	9.228e+02	74	2.139e-03
10264	9.228e+02	96	2.775e-03
10265	9.229e+02	79	2.283e-03
10266	9.230e+02	95	2.746e-03
10267	9.231e+02	89	2.572e-03
10268	9.232e+02	93	2.688e-03
10269	9.233e+02	83	2.399e-03
10270	9.234e+02	90	2.601e-03
10271	9.235e+02	86	2.486e-03
10272	9.236e+02	80	2.312e-03
10273	9.237e+02	103	2.977e-03
10274	9.237e+02	75	2.168e-03
10275	9.238e+02	76	2.197e-03
10276	9.239e+02	72	2.081e-03
10277	9.240e+02	75	2.168e-03
10278	9.241e+02	75	2.168e-03
10279	9.242e+02	93	2.688e-03
10280	9.243e+02	100	2.890e-03
10281	9.244e+02	92	2.659e-03
10282	9.245e+02	93	2.688e-03
10283	9.246e+02	101	2.919e-03
10284	9.246e+02	99	2.861e-03
10285	9.247e+02	88	2.543e-03
10286	9.248e+02	92	2.659e-03
10287	9.249e+02	103	2.977e-03
10288	9.250e+02	100	2.890e-03
10289	9.251e+02	101	2.919e-03
10290	9.252e+02	100	2.890e-03
10291	9.253e+02	96	2.775e-03
10292	9.254e+02	99	2.861e-03
10293	9.255e+02	102	2.948e-03
10294	9.255e+02	110	3.179e-03
10295	9.256e+02	90	2.601e-03
10296	9.257e+02	99	2.861e-03
10297	9.258e+02	109	3.150e-03
10298	9.259e+02	96	2.775e-03
10299	9.260e+02	101	2.919e-03
10300	9.261e+02	82	2.370e-03
10301	9.262e+02	104	3.006e-03
10302	9.263e+02	111	3.208e-03
10303	9.264e+02	91	2.630e-03
10304	9.264e+02	81	2.341e-03
10305	9.265e+02	88	2.543e-03
10306	9.266e+02	98	2.832e-03
10307	9.267e+02	85	2.457e-03
10308	9.268e+02	86	2.486e-03
10309	9.269e+02	90	2.601e-03
10310	9.270e+02	76	2.197e-03
10311	9.271e+02	113	3.266e-03
10312	9.272e+02	113	3.266e-03
10313	9.273e+02	96	2.775e-03
10314	9.273e+02	81	2.341e-03
10315	9.274e+02	109	3.150e-03
10316	9.275e+02	89	2.572e-03
10317	9.276e+02	92	2.659e-03
10318	9.277e+02	88	2.543e-03
10319	9.278e+02	83	2.399e-03
10320	9.279e+02	85	2.457e-03
10321	9.280e+02	74	2.139e-03
10322	9.281e+02	96	2.775e-03
10323	9.282e+02	81	2.341e-03
10324	9.282e+02	73	2.110e-03
10325	9.283e+02	97	2.803e-03
10326	9.284e+02	81	2.341e-03
10327	9.285e+02	73	2.110e-03
10328	9.286e+02	87	2.514e-03
10329	9.287e+02	88	2.543e-03
10330	9.288e+02	74	2.139e-03
10331	9.289e+02	84	2.428e-03
10332	9.290e+02	69	1.994e-03
10333	9.291e+02	83	2.399e-03
10334	9.291e+02	94	2.717e-03
10335	9.292e+02	82	2.370e-03
10336	9.293e+02	81	2.341e-03
10337	9.294e+02	101	2.919e-03
10338	9.295e+02	79	2.283e-03
10339	9.296e+02	81	2.341e-03
10340	9.297e+02	91	2.630e-03
10341	9.298e+02	85	2.457e-03
10342	9.299e+02	83	2.399e-03
10343	9.300e+02	72	2.081e-03
10344	9.300e+02	90	2.601e-03
10345	9.301e+02	87	2.514e-03
10346	9.302e+02	81	2.341e-03
10347	9.303e+02	80	2.312e-03
10348	9.304e+02	103	2.977e-03
10349	9.305e+02	87	2.514e-03
10350	9.306e+02	88	2.543e-03
10351	9.307e+02	82	2.370e-03
10352	9.308e+02	95	2.746e-03
10353	9.309e+02	90	2.601e-03
10354	9.309e+02	87	2.514e-03
10355	9.310e+02	77	2.225e-03
10356	9.311e+02	85	2.457e-03
10357	9.312e+02	77	2.225e-03
10358	9.313e+02	109	3.150e-03
10359	9.314e+02	80	2.312e-03
10360	9.315e+02	89	2.572e-03
10361	9.316e+02	97	2.803e-03
10362	9.317e+02	103	2.977e-03
10363	9.318e+02	82	2.370e-03
10364	9.318e+02	91	2.630e-03
10365	9.319e+02	82	2.370e-03
10366	9.320e+02	84	2.428e-03
10367	9.321e+02	81	2.341e-03
10368	9.322e+02	81	2.341e-03
10369	9.323e+02	84	2.428e-03
10370	9.324e+02	92	2.659e-03
10371	9.325e+02	73	2.110e-03
10372	9.326e+02	82	2.370e-03
10373	9.327e+02	86	2.486e-03
10374	9.327e+02	80	2.312e-03
10375	9.328e+02	80	2.312e-03
10376	9.329e+02	93	2.688e-03
10377	9.330e+02	76	2.197e-03
10378	9.331e+02	116	3.353e-03
10379	9.332e+02	106	3.064e-03
10380	9.333e+02	79	2.283e-03
10381	9.334e+02	72	2.081e-03
10382	9.335e+02	75	2.168e-03
10383	9.335e+02	81	2.341e-03
10384	9.336e+02	80	2.312e-03
10385	9.337e+02	89	2.572e-03
10386	9.338e+02	75	2.168e-03
10387	9.339e+02	98	2.832e-03
10388	9.340e+02	103	2.977e-03
10389	9.341e+02	90	2.601e-03
10390	9.342e+02	71	2.052e-03
10391	9.343e+02	87	2.514e-03
10392	9.344e+02	77	2.225e-03
10393	9.344e+02	82	2.370e-03
10394	9.345e+02	89	2.572e-03
10395	9.346e+02	84	2.428e-03
10396	9.347e+02	95	2.746e-03
10397	9.348e+02	104	3.006e-03
10398	9.349e+02	100	2.890e-03
10399	9.350e+02	88	2.543e-03
10400	9.351e+02	87	2.514e-03
10401	9.352e+02	78	2.254e-03
10402	9.353e+02	69	1.994e-03
10403	9.353e+02	99	2.861e-03
10404	9.354e+02	90	2.601e-03
10405	9.355e+02	99	2.861e-03
10406	9.356e+02	87	2.514e-03
10407	9.357e+02	95	2.746e-03
10408	9.358e+02	91	2.630e-03
10409	9.359e+02	81	2.341e-03
10410	9.360e+02	91	2.630e-03
10411	9.361e+02	75	2.168e-03
10412	9.362e+02	71	2.052e-03
10413	9.362e+02	89	2.572e-03
10414	9.363e+02	71	2.052e-03
10415	9.364e+02	90	2.601e-03
10416	9.365e+02	93	2.688e-03
10417	9.366e+02	78	2.254e-03
10418	9.367e+02	75	2.168e-03
10419	9.368e+02	80	2.312e-03
10420	9.369e+02	90	2.601e-03
10421	9.370e+02	87	2.514e-03
10422	9.371e+02	68	1.965e-03
10423	9.371e+02	93	2.688e-03
10424	9.372e+02	98	2.832e-03
10425	9.373e+02	67	1.936e-03
10426	9.374e+02	77	2.225e-03
10427	9.375e+02	99	2.861e-03
10428	9.376e+02	105	3.035e-03
10429	9.377e+02	90	2.601e-03
10430	9.378e+02	70	2.023e-03
10431	9.379e+02	82	2.370e-03
10432	9.380e+02	79	2.283e-03
10433	9.380e+02	75	2.168e-03
10434	9.381e+02	82	2.370e-03
10435	9.382e+02	88	2.543e-03
10436	9.383e+02	109	3.150e-03
10437	9.384e+02	69	1.994e-03
10438	9.385e+02	73	2.110e-03
10439	9.386e+02	71	2.052e-03
10440	9.387e+02	108	3.121e-03
10441	9.388e+02	103	2.977e-03
10442	9.389e+02	104	3.006e-03
10443	9.389e+02	78	2.254e-03
10444	9.390e+02	86	2.486e-03
10445	9.391e+02	89	2.572e-03
10446	9.392e+02	89	2.572e-03
10447	9.393e+02	89	2.572e-03
10448	9.394e+02	93	2.688e-03
10449	9.395e+02	97	2.803e-03
10450	9.396e+02	81	2.341e-03
10451	9.397e+02	80	2.312e-03
10452	9.398e+02	96	2.775e-03
10453	9.398e+02	97	2.803e-03
10454	9.399e+02	113	3.266e-03
10455	9.400e+02	78	2.254e-03
10456	9.401e+02	99	2.861e-03
10457	9.402e+02	111	3.208e-03
10458	9.403e+02	68	1.965e-03
10459	9.404e+02	65	1.879e-03
10460	9.405e+02	75	2.168e-03
10461	9.406e+02	82	2.370e-03
10462	9.407e+02	80	2.312e-03
10463	9.407e+02	103	2.977e-03
10464	9.408e+02	78	2.254e-03
10465	9.409e+02	84	2.428e-03
10466	9.410e+02	77	2.225e-03
10467	9.411e+02	95	2.746e-03
10468	9.412e+02	82	2.370e-03
10469	9.413e+02	83	2.399e-03
10470	9.414e+02	92	2.659e-03
10471	9.415e+02	59	1.705e-03
10472	9.416e+02	94	2.717e-03
10473	9.416e+02	74	2.139e-03
10474	9.417e+02	88	2.543e-03
10475	9.418e+02	101	2.919e-03
10476	9.419e+02	74	2.139e-03
10477	9.420e+02	93	2.688e-03
10478	9.421e+02	79	2.283e-03
10479	9.422e+02	84	2.428e-03
10480	9.423e+02	80	2.312e-03
10481	9.424e+02	99	2.861e-03
10482	9.425e+02	97	2.803e-03
10483	9.425e+02	77	2.225e-03
10484	9.426e+02	85	2.457e-03
10485	9.427e+02	83	2.399e-03
10486	9.428e+02	95	2.746e-03
10487	9.429e+02	108	3.121e-03
10488	9.430e+02	88	2.543e-03
10489	9.431e+02	97	2.803e-03
10490	9.432e+02	88	2.543e-03
10491	9.433e+02	93	2.688e-03
10492	9.434e+02	99	2.861e-03
10493	9.434e+02	90	2.601e-03
10494	9.435e+02	66	1.908e-03
10495	9.436e+02	91	2.630e-03
10496	9.437e+02	83	2.399e-03
10497	9.438e+02	74	2.139e-03
10498	9.439e+02	78	2.254e-03
10499	9.440e+02	72	2.081e-03
10500	9.441e+02	70	2.023e-03
10501	9.442e+02	82	2.370e-03
10502	9.443e+02	69	1.994e-03
10503	9.443e+02	74	2.139e-03
10504	9.444e+02	90	2.601e-03
10505	9.445e+02	92	2.659e-03
10506	9.446e+02	91	2.630e-03
10507	9.447e+02	94	2.717e-03
10508	9.448e+02	89	2.572e-03
10509	9.449e+02	78	2.254e-03
10510	9.450e+02	92	2.659e-03
10511	9.451e+02	88	2.543e-03
10512	9.451e+02	80	2.312e-03
10513	9.452e+02	103	2.977e-03
10514	9.453e+02	78	2.254e-03
10515	9.454e+02	88	2.543e-03
10516	9.455e+02	93	2.688e-03
10517	9.456e+02	95	2.746e-03
10518	9.457e+02	73	2.110e-03
10519	9.458e+02	79	2.283e-03
10520	9.459e+02	66	1.908e-03
10521	9.460e+02	71	2.052e-03
10522	9.460e+02	85	2.457e-03
10523	9.461e+02	75	2.168e-03
10524	9.462e+02	73	2.110e-03
10525	9.463e+02	93	2.688e-03
10526	9.464e+02	84	2.428e-03
10527	9.465e+02	109	3.150e-03
10528	9.466e+02	91	2.630e-03
10529	9.467e+02	95	2.746e-03
10530	9.468e+02	96	2.775e-03
10531	9.469e+02	83	2.399e-03
10532	9.469e+02	94	2.717e-03
10533	9.470e+02	81	2.341e-03
10534	9.471e+02	75	2.168e-03
10535	9.472e+02	101	2.919e-03
10536	9.473e+02	77	2.225e-03
10537	9.474e+02	100	2.890e-03
10538	9.475e+02	84	2.428e-03
10539	9.476e+02	99	2.861e-03
10540	9.477e+02	83	2.399e-03
10541	9.478e+02	73	2.110e-03
10542	9.478e+02	83	2.399e-03
10543	9.479e+02	89	2.572e-03
10544	9.480e+02	85	2.457e-03
10545	9.481e+02	89	2.572e-03
10546	9.482e+02	93	2.688e-03
10547	9.483e+02	95	2.746e-03
10548	9.484e+02	87	2.514e-03
10549	9.485e+02	88	2.543e-03
10550	9.486e+02	77	2.225e-03
10551	9.487e+02	103	2.977e-03
10552	9.487e+02	82	2.370e-03
10553	9.488e+02	93	2.688e-03
10554	9.489e+02	84	2.428e-03
10555	9.490e+02	78	2.254e-03
10556	9.491e+02	86	2.486e-03
10557	9.492e+02	95	2.746e-03
10558	9.493e+02	80	2.312e-03
10559	9.494e+02	104	3.006e-03
10560	9.495e+02	105	3.035e-03
10561	9.496e+02	113	3.266e-03
10562	9.496e+02	89	2.572e-03
10563	9.497e+02	79	2.283e-03
10564	9.498e+02	93	2.688e-03
10565	9.499e+02	109	3.150e-03
10566	9.500e+02	84	2.428e-03
10567	9.501e+02	83	2.399e-03
10568	9.502e+02	90	2.601e-03
10569	9.503e+02	91	2.630e-03
10570	9.504e+02	86	2.486e-03
10571	9.505e+02	86	2.486e-03
10572	9.505e+02	76	2.197e-03
10573	9.506e+02	76	2.197e-03
10574	9.507e+02	91	2.630e-03
10575	9.508e+02	102	2.948e-03
10576	9.509e+02	102	2.948e-03
10577	9.510e+02	74	2.139e-03
10578	9.511e+02	87	2.514e-03
10579	9.512e+02	85	2.457e-03
10580	9.513e+02	72	2.081e-03
10581	9.514e+02	89	2.572e-03
10582	9.514e+02	91	2.630e-03
10583	9.515e+02	94	2.717e-03
10584	9.516e+02	96	2.775e-03
10585	9.517e+02	79	2.283e-03
10586	9.518e+02	81	2.341e-03
10587	9.519e+02	100	2.890e-03
10588	9.520e+02	81	2.341e-03
10589	9.521e+02	98	2.832e-03
10590	9.522e+02	93	2.688e-03
10591	9.523e+02	91	2.630e-03
10592	9.523e+02	59	1.705e-03
10593	9.524e+02	93	2.688e-03
10594	9.525e+02	99	2.861e-03
10595	9.526e+02	87	2.514e-03
10596	9.527e+02	100	2.890e-03
10597	9.528e+02	55	1.590e-03
10598	9.529e+02	81	2.341e-03
10599	9.530e+02	87	2.514e-03
10600	9.531e+02	93	2.688e-03
10601	9.532e+02	71	2.052e-03
10602	9.532e+02	84	2.428e-03
10603	9.533e+02	89	2.572e-03
10604	9.534e+02	100	2.890e-03
10605	9.535e+02	89	2.572e-03
10606	9.536e+02	102	2.948e-03
10607	9.537e+02	106	3.064e-03
10608	9.538e+02	96	2.775e-03
10609	9.539e+02	67	1.936e-03
10610	9.540e+02	106	3.064e-03
10611	9.541e+02	91	2.630e-03
10612	9.541e+02	92	2.659e-03
10613	9.542e+02	98	2.832e-03
10614	9.543e+02	100	2.890e-03
10615	9.544e+02	91	2.630e-03
10616	9.545e+02	88	2.543e-03
10617	9.546e+02	90	2.601e-03
10618	9.547e+02	74	2.139e-03
10619	9.548e+02	91	2.630e-03
10620	9.549e+02	100	2.890e-03
10621	9.550e+02	98	2.832e-03
10622	9.550e+02	91	2.630e-03
10623	9.551e+02	83	2.399e-03
10624	9.552e+02	73	2.110e-03
10625	9.553e+02	97	2.803e-03
10626	9.554e+02	92	2.659e-03
10627	9.555e+02	93	2.688e-03
10628	9.556e+02	72	2.081e-03
10629	9.557e+02	93	2.688e-03
10630	9.558e+02	85	2.457e-03
10631	9.558e+02	80	2.312e-03
10632	9.559e+02	78	2.254e-03
10633	9.560e+02	102	2.948e-03
10634	9.561e+02	77	2.225e-03
10635	9.562e+02	88	2.543e-03
10636	9.563e+02	80	2.312e-03
10637	9.564e+02	86	2.486e-03
10638	9.565e+02	81	2.341e-03
10639	9.566e+02	84	2.428e-03
10640	9.567e+02	106	3.064e-03
10641	9.567e+02	102	2.948e-03
10642	9.568e+02	75	2.168e-03
10643	9.569e+02	84	2.428e-03
10644	9.570e+02	91	2.630e-03
10645	9.571e+02	89	2.572e-03
10646	9.572e+02	84	2.428e-03
10647	9.573e+02	89	2.572e-03
10648	9.574e+02	92	2.659e-03
10649	9.575e+02	97	2.803e-03
10650	9.576e+02	107	3.093e-03
10651	9.576e+02	79	2.283e-03
10652	9.577e+02	98	2.832e-03
10653	9.578e+02	63	1.821e-03
10654	9.579e+02	87	2.514e-03
10655	9.580e+02	78	2.254e-03
10656	9.581e+02	75	2.168e-03
10657	9.582e+02	78	2.254e-03
10658	9.583e+02	90	2.601e-03
10659	9.584e+02	89	2.572e-03
10660	9.585e+02	75	2.168e-03
10661	9.585e+02	92	2.659e-03
10662	9.586e+02	90	2.601e-03
10663	9.587e+02	89	2.572e-03
10664	9.588e+02	90	2.601e-03
10665	9.589e+02	100	2.890e-03
10666	9.590e+02	91	2.630e-03
10667	9.591e+02	100	2.890e-03
10668	9.592e+02	89	2.572e-03
10669	9.593e+02	92	2.659e-03
10670	9.594e+02	91	2.630e-03
10671	9.594e+02	108	3.121e-03
10672	9.595e+02	85	2.457e-03
10673	9.596e+02	78	2.254e-03
10674	9.597e+02	87	2.514e-03
10675	9.598e+02	78	2.254e-03
10676	9.599e+02	85	2.457e-03
10677	9.600e+02	77	2.225e-03
10678	9.601e+02	80	2.312e-03
10679	9.602e+02	101	2.919e-03
10680	9.603e+02	96	2.775e-03
10681	9.603e+02	84	2.428e-03
10682	9.604e+02	91	2.630e-03
10683	9.605e+02	96	2.775e-03
10684	9.606e+02	79	2.283e-03
10685	9.607e+02	90	2.601e-03
10686	9.608e+02	59	1.705e-03
10687	9.609e+02	80	2.312e-03
10688	9.610e+02	100	2.890e-03
10689	9.611e+02	103	2.977e-03
10690	9.612e+02	97	2.803e-03
10691	9.612e+02	86	2.486e-03
10692	9.613e+02	86	2.486e-03
10693	9.614e+02	109	3.150e-03
10694	9.615e+02	110	3.179e-03
10695	9.616e+02	94	2.717e-03
10696	9.617e+02	99	2.861e-03
10697	9.618e+02	100	2.890e-03
10698	9.619e+02	106	3.064e-03
10699	9.620e+02	84	2.428e-03
10700	9.621e+02	90	2.601e-03
10701	9.621e+02	68	1.965e-03
10702	9.622e+02	98	2.832e-03
10703	9.623e+02	93	2.688e-03
10704	9.624e+02	85	2.457e-03
10705	9.625e+02	82	2.370e-03
10706	9.626e+02	103	2.977e-03
10707	9.627e+02	95	2.746e-03
10708	9.628e+02	106	3.064e-03
10709	9.629e+02	104	3.006e-03
10710	9.630e+02	122	3.526e-03
10711	9.630e+02	113	3.266e-03
10712	9.631e+02	120	3.468e-03
10713	9.632e+02	135	3.902e-03
10714	9.633e+02	150	4.335e-03
10715	9.634e+02	171	4.942e-03
10716	9.635e+02	190	5.491e-03
10717	9.636e+02	213	6.156e-03
10718	9.637e+02	208	6.012e-03
10719	9.638e+02	247	7.139e-03
10720	9.639e+02	220	6.358e-03
10721	9.639e+02	290	8.382e-03
10722	9.640e+02	303	8.757e-03
10723	9.641e+02	324	9.364e-03
10724	9.642e+02	381	1.101e-02
10725	9.643e+02	366	1.058e-02
10726	9.644e+02	384	1.110e-02
10727	9.645e+02	435	1.257e-02
10728	9.646e+02	388	1.121e-02
10729	9.647e+02	402	1.162e-02
10730	9.648e+02	393	1.136e-02
10731	9.648e+02	423	1.223e-02
10732	9.649e+02	381	1.101e-02
10733	9.650e+02	396	1.145e-02
10734	9.651e+02	383	1.107e-02
10735	9.652e+02	362	1.046e-02
10736	9.653e+02	321	9.278e-03
10737	9.654e+02	307	8.873e-03
10738	9.655e+02	259	7.486e-03
10739	9.656e+02	240	6.936e-03
10740	9.657e+02	262	7.572e-03
10741	9.657e+02	233	6.734e-03
10742	9.658e+02	215	6.214e-03
10743	9.659e+02	185	5.347e-03
10744	9.660e+02	160	4.624e-03
10745	9.661e+02	180	5.202e-03
10746	9.662e+02	131	3.786e-03
10747	9.663e+02	136	3.931e-03
10748	9.664e+02	133	3.844e-03
10749	9.665e+02	112	3.237e-03
10750	9.666e+02	100	2.890e-03
10751	9.666e+02	111	3.208e-03
10752	9.667e+02	95	2.746e-03
10753	9.668e+02	90	2.601e-03
10754	9.669e+02	106	3.064e-03
10755	9.670e+02	90	2.601e-03
10756	9.671e+02	91	2.630e-03
10757	9.672e+02	92	2.659e-03
10758	9.673e+02	93	2.688e-03
10759	9.674e+02	90	2.601e-03
10760	9.674e+02	90	2.601e-03
10761	9.675e+02	107	3.093e-03
10762	9.676e+02	88	2.543e-03
10763	9.677e+02	71	2.052e-03
10764	9.678e+02	111	3.208e-03
10765	9.679e+02	90	2.601e-03
10766	9.680e+02	89	2.572e-03
10767	9.681e+02	110	3.179e-03
10768	9.682e+02	85	2.457e-03
10769	9.683e+02	104	3.006e-03
10770	9.683e+02	85	2.457e-03
10771	9.684e+02	93	2.688e-03
10772	9.685e+02	77	2.225e-03
10773	9.686e+02	67	1.936e-03
10774	9.687e+02	104	3.006e-03
10775	9.688e+02	104	3.006e-03
10776	9.689e+02	95	2.746e-03
10777	9.690e+02	85	2.457e-03
10778	9.691e+02	98	2.832e-03
10779	9.692e+02	115	3.324e-03
10780	9.692e+02	86	2.486e-03
10781	9.693e+02	84	2.428e-03
10782	9.694e+02	83	2.399e-03
10783	9.695e+02	102	2.948e-03
10784	9.696e+02	83	2.399e-03
10785	9.697e+02	83	2.399e-03
10786	9.698e+02	103	2.977e-03
10787	9.699e+02	89	2.572e-03
10788	9.700e+02	98	2.832e-03
10789	9.701e+02	101	2.919e-03
10790	9.701e+02	71	2.052e-03
10791	9.702e+02	98	2.832e-03
10792	9.703e+02	95	2.746e-03
10793	9.704e+02	83	2.399e-03
10794	9.705e+02	77	2.225e-03
10795	9.706e+02	85	2.457e-03
10796	9.707e+02	79	2.283e-03
10797	9.708e+02	92	2.659e-03
10798	9.709e+02	93	2.688e-03
10799	9.710e+02	86	2.486e-03
10800	9.710e+02	65	1.879e-03
10801	9.711e+02	99	2.861e-03
10802	9.712e+02	105	3.035e-03
10803	9.713e+02	84	2.428e-03
10804	9.714e+02	87	2.514e-03
10805	9.715e+02	106	3.064e-03
10806	9.716e+02	91	2.630e-03
10807	9.717e+02	100	2.890e-03
10808	9.718e+02	77	2.225e-03
10809	9.719e+02	72	2.081e-03
10810	9.719e+02	114	3.295e-03
10811	9.720e+02	114	3.295e-03
10812	9.721e+02	101	2.919e-03
10813	9.722e+02	87	2.514e-03
10814	9.723e+02	92	2.659e-03
10815	9.724e+02	104	3.006e-03
10816	9.725e+02	75	2.168e-03
10817	9.726e+02	85	2.457e-03
10818	9.727e+02	104	3.006e-03
10819	9.728e+02	97	2.803e-03
10820	9.728e+02	93	2.688e-03
10821	9.729e+02	92	2.659e-03
10822	9.730e+02	93	2.688e-03
10823	9.731e+02	92	2.659e-03
10824	9.732e+02	79	2.283e-03
10825	9.733e+02	90	2.601e-03
10826	9.734e+02	96	2.775e-03
10827	9.735e+02	98	2.832e-03
10828	9.736e+02	99	2.861e-03
10829	9.737e+02	73	2.110e-03
10830	9.737e+02	96	2.775e-03
10831	9.738e+02	102	2.948e-03
10832	9.739e+02	100	2.890e-03
10833	9.740e+02	99	2.861e-03
10834	9.741e+02	89	2.572e-03
10835	9.742e+02	96	2.775e-03
10836	9.743e+02	104	3.006e-03
10837	9.744e+02	119	3.439e-03
10838	9.745e+02	94	2.717e-03
10839	9.746e+02	88	2.543e-03
10840	9.746e+02	68	1.965e-03
10841	9.747e+02	87	2.514e-03
10842	9.748e+02	91	2.630e-03
10843	9.749e+02	92	2.659e-03
10844	9.750e+02	115	3.324e-03
10845	9.751e+02	90	2.601e-03
10846	9.752e+02	76	2.197e-03
10847	9.753e+02	98	2.832e-03
10848	9.754e+02	96	2.775e-03
10849	9.755e+02	94	2.717e-03
10850	9.755e+02	117	3.382e-03
10851	9.756e+02	99	2.861e-03
10852	9.757e+02	110	3.179e-03
10853	9.758e+02	81	2.341e-03
10854	9.759e+02	92	2.659e-03
10855	9.760e+02	73	2.110e-03
10856	9.761e+02	93	2.688e-03
10857	9.762e+02	84	2.428e-03
10858	9.763e+02	106	3.064e-03
10859	9.764e+02	105	3.035e-03
10860	9.764e+02	82	2.370e-03
10861	9.765e+02	60	1.734e-03
10862	9.766e+02	91	2.630e-03
10863	9.767e+02	98	2.832e-03
10864	9.768e+02	100	2.890e-03
10865	9.769e+02	88	2.543e-03
10866	9.770e+02	82	2.370e-03
10867	9.771e+02	102	2.948e-03
10868	9.772e+02	78	2.254e-03
10869	9.773e+02	110	3.179e-03
10870	9.773e+02	91	2.630e-03
10871	9.774e+02	111	3.208e-03
10872	9.775e+02	109	3.150e-03
10873	9.776e+02	88	2.543e-03
10874	9.777e+02	96	2.775e-03
10875	9.778e+02	96	2.775e-03
10876	9.779e+02	97	2.803e-03
10877	9.780e+02	98	2.832e-03
10878	9.781e+02	104	3.006e-03
10879	9.782e+02	92	2.659e-03
10880	9.782e+02	110	3.179e-03
10881	9.783e+02	94	2.717e-03
10882	9.784e+02	103	2.977e-03
10883	9.785e+02	93	2.688e-03
10884	9.786e+02	116	3.353e-03
10885	9.787e+02	113	3.266e-03
10886	9.788e+02	92	2.659e-03
10887	9.789e+02	100	2.890e-03
10888	9.790e+02	109	3.150e-03
10889	9.790e+02	87	2.514e-03
10890	9.791e+02	81	2.341e-03
10891	9.792e+02	84	2.428e-03
10892	9.793e+02	112	3.237e-03
10893	9.794e+02	92	2.659e-03
10894	9.795e+02	92	2.659e-03
10895	9.796e+02	105	3.035e-03
10896	9.797e+02	93	2.688e-03
10897	9.798e+02	87	2.514e-03
10898	9.799e+02	97	2.803e-03
10899	9.799e+02	94	2.717e-03
10900	9.800e+02	77	2.225e-03
10901	9.801e+02	87	2.514e-03
10902	9.802e+02	108	3.121e-03
10903	9.803e+02	96	2.775e-03
10904	9.804e+02	90	2.601e-03
10905	9.805e+02	113	3.266e-03
10906	9.806e+02	87	2.514e-03
10907	9.807e+02	100	2.890e-03
10908	9.808e+02	102	2.948e-03
10909	9.808e+02	108	3.121e-03
10910	9.809e+02	97	2.803e-03
10911	9.810e+02	87	2.514e-03
10912	9.811e+02	104	3.006e-03
10913	9.812e+02	111	3.208e-03
10914	9.813e+02	100	2.890e-03
10915	9.814e+02	100	2.890e-03
10916	9.815e+02	100	2.890e-03
10917	9.816e+02	96	2.775e-03
10918	9.817e+02	108	3.121e-03
10919	9.817e+02	114	3.295e-03
10920	9.818e+02	112	3.237e-03
10921	9.819e+02	106	3.064e-03
10922	9.820e+02	102	2.948e-03
10923	9.821e+02	99	2.861e-03
10924	9.822e+02	106	3.064e-03
10925	9.823e+02	121	3.497e-03
10926	9.824e+02	118	3.410e-03
10927	9.825e+02	99	2.861e-03
10928	9.826e+02	87	2.514e-03
10929	9.826e+02	67	1.936e-03
10930	9.827e+02	91	2.630e-03
10931	9.828e+02	95	2.746e-03
10932	9.829e+02	112	3.237e-03
10933	9.830e+02	91	2.630e-03
10934	9.831e+02	89	2.572e-03
10935	9.832e+02	92	2.659e-03
10936	9.833e+02	86	2.486e-03
10937	9.834e+02	95	2.746e-03
10938	9.835e+02	109	3.150e-03
10939	9.835e+02	96	2.775e-03
10940	9.836e+02	101	2.919e-03
10941	9.837e+02	91	2.630e-03
10942	9.838e+02	104	3.006e-03
10943	9.839e+02	102	2.948e-03
10944	9.840e+02	80	2.312e-03
10945	9.841e+02	83	2.399e-03
10946	9.842e+02	99	2.861e-03
10947	9.843e+02	102	2.948e-03
10948	9.844e+02	96	2.775e-03
10949	9.844e+02	76	2.197e-03
10950	9.845e+02	110	3.179e-03
10951	9.846e+02	110	3.179e-03
10952	9.847e+02	80	2.312e-03
10953	9.848e+02	106	3.064e-03
10954	9.849e+02	96	2.775e-03
10955	9.850e+02	124	3.584e-03
10956	9.851e+02	96	2.775e-03
10957	9.852e+02	101	2.919e-03
10958	9.853e+02	96	2.775e-03
10959	9.853e+02	98	2.832e-03
10960	9.854e+02	96	2.775e-03
10961	9.855e+02	85	2.457e-03
10962	9.856e+02	109	3.150e-03
10963	9.857e+02	85	2.457e-03
10964	9.858e+02	95	2.746e-03
10965	9.859e+02	107	3.093e-03
10966	9.860e+02	81	2.341e-03
10967	9.861e+02	91	2.630e-03
10968	9.862e+02	127	3.671e-03
10969	9.862e+02	90	2.601e-03
10970	9.863e+02	102	2.948e-03
10971	9.864e+02	98	2.832e-03
10972	9.865e+02	91	2.630e-03
10973	9.866e+02	93	2.688e-03
10974	9.867e+02	103	2.977e-03
10975	9.868e+02	105	3.035e-03
10976	9.869e+02	96	2.775e-03
10977	9.870e+02	90	2.601e-03
10978	9.871e+02	112	3.237e-03
10979	9.871e+02	84	2.428e-03
10980	9.872e+02	99	2.861e-03
10981	9.873e+02	86	2.486e-03
10982	9.874e+02	112	3.237e-03
10983	9.875e+02	88	2.543e-03
10984	9.876e+02	112	3.237e-03
10985	9.877e+02	111	3.208e-03
10986	9.878e+02	112	3.237e-03
10987	9.879e+02	98	2.832e-03
10988	9.880e+02	87	2.514e-03
10989	9.880e+02	99	2.861e-03
10990	9.881e+02	109	3.150e-03
10991	9.882e+02	124	3.584e-03
10992	9.883e+02	104	3.006e-03
10993	9.884e+02	119	3.439e-03
10994	9.885e+02	115	3.324e-03
10995	9.886e+02	120	3.468e-03
10996	9.887e+02	100	2.890e-03
10997	9.888e+02	88	2.543e-03
10998	9.889e+02	96	2.775e-03
10999	9.889e+02	93	2.688e-03
11000	9.890e+02	79	2.283e-03
11001	9.891e+02	104	3.006e-03
11002	9.892e+02	89	2.572e-03
11003	9.893e+02	107	3.093e-03
11004	9.894e+02	97	2.803e-03
11005	9.895e+02	110	3.179e-03
11006	9.896e+02	95	2.746e-03
11007	9.897e+02	98	2.832e-03
11008	9.897e+02	112	3.237e-03
11009	9.898e+02	97	2.803e-03
11010	9.899e+02	83	2.399e-03
11011	9.900e+02	105	3.035e-03
11012	9.901e+02	100	2.890e-03
11013	9.902e+02	102	2.948e-03
11014	9.903e+02	94	2.717e-03
11015	9.904e+02	100	2.890e-03
11016	9.905e+02	91	2.630e-03
11017	9.906e+02	110	3.179e-03
11018	9.906e+02	97	2.803e-03
11019	9.907e+02	87	2.514e-03
11020	9.908e+02	92	2.659e-03
11021	9.909e+02	99	2.861e-03
11022	9.910e+02	118	3.410e-03
11023	9.911e+02	75	2.168e-03
11024	9.912e+02	92	2.659e-03
11025	9.913e+02	114	3.295e-03
11026	9.914e+02	100	2.890e-03
11027	9.915e+02	106	3.064e-03
11028	9.915e+02	91	2.630e-03
11029	9.916e+02	116	3.353e-03
11030	9.917e+02	113	3.266e-03
11031	9.918e+02	101	2.919e-03
11032	9.919e+02	118	3.410e-03
11033	9.920e+02	106	3.064e-03
11034	9.921e+02	99	2.861e-03
11035	9.922e+02	104	3.006e-03
11036	9.923e+02	119	3.439e-03
11037	9.924e+02	106	3.064e-03
11038	9.924e+02	90	2.601e-03
11039	9.925e+02	103	2.977e-03
11040	9.926e+02	120	3.468e-03
11041	9.927e+02	87	2.514e-03
11042	9.928e+02	109	3.150e-03
11043	9.929e+02	98	2.832e-03
11044	9.930e+02	93	2.688e-03
11045	9.931e+02	99	2.861e-03
11046	9.932e+02	100	2.890e-03
11047	9.933e+02	111	3.208e-03
11048	9.933e+02	114	3.295e-03
11049	9.934e+02	100	2.890e-03
11050	9.935e+02	121	3.497e-03
11051	9.936e+02	103	2.977e-03
11052	9.937e+02	86	2.486e-03
11053	9.938e+02	105	3.035e-03
11054	9.939e+02	112	3.237e-03
11055	9.940e+02	103	2.977e-03
11056	9.941e+02	108	3.121e-03
11057	9.942e+02	119	3.439e-03
11058	9.942e+02	124	3.584e-03
11059	9.943e+02	113	3.266e-03
11060	9.944e+02	114	3.295e-03
11061	9.945e+02	145	4.191e-03
11062	9.946e+02	140	4.046e-03
11063	9.947e+02	165	4.769e-03
11064	9.948e+02	196	5.665e-03
11065	9.949e+02	208	6.012e-03
11066	9.950e+02	206	5.954e-03
11067	9.951e+02	243	7.023e-03
11068	9.951e+02	304	8.786e-03
11069	9.952e+02	349	1.009e-02
11070	9.953e+02	451	1.303e-02
11071	9.954e+02	509	1.471e-02
11072	9.955e+02	610	1.763e-02
11073	9.956e+02	680	1.965e-02
11074	9.957e+02	858	2.480e-02
11075	9.958e+02	1053	3.043e-02
11076	9.959e+02	1168	3.376e-02
11077	9.960e+02	1356	3.919e-02
11078	9.960e+02	1609	4.650e-02
11079	9.961e+02	1744	5.040e-02
11080	9.962e+02	1930	5.578e-02
11081	9.963e+02	2044	5.908e-02
11082	9.964e+02	2349	6.789e-02
11083	9.965e+02	2501	7.228e-02
11084	9.966e+02	2670	7.717e-02
11085	9.967e+02	2719	7.858e-02
11086	9.968e+02	2826	8.168e-02
11087	9.969e+02	2892	8.358e-02
11088	9.969e+02	2762	7.983e-02
11089	9.970e+02	2929	8.465e-02
11090	9.971e+02	2908	8.405e-02
11091	9.972e+02	2758	7.971e-02
11092	9.973e+02	2680	7.746e-02
11093	9.974e+02	2543	7.350e-02
11094	9.975e+02	2331	6.737e-02
11095	9.976e+02	2119	6.124e-02
11096	9.977e+02	1948	5.630e-02
11097	9.978e+02	1761	5.090e-02
11098	9.978e+02	1586	4.584e-02
11099	9.979e+02	1333	3.853e-02
11100	9.980e+02	1221	3.529e-02
11101	9.981e+02	1090	3.150e-02
11102	9.982e+02	859	2.483e-02
11103	9.983e+02	717	2.072e-02
11104	9.984e+02	603	1.743e-02
11105	9.985e+02	524	1.514e-02
11106	9.986e+02	437	1.263e-02
11107	9.987e+02	363	1.049e-02
11108	9.987e+02	324	9.364e-03
11109	9.988e+02	289	8.353e-03
11110	9.989e+02	237	6.850e-03
11111	9.990e+02	181	5.231e-03
11112	9.991e+02	150	4.335e-03
11113	9.992e+02	157	4.538e-03
11114	9.993e+02	144	4.162e-03
11115	9.994e+02	142	4.104e-03
11116	9.995e+02	112	3.237e-03
11117	9.996e+02	112	3.237e-03
11118	9.996e+02	106	3.064e-03
11119	9.997e+02	124	3.584e-03
11120	9.998e+02	101	2.919e-03
11121	9.999e+02	96	2.775e-03
11122	1.000e+03	92	2.659e-03
11123	1.000e+03	119	3.439e-03
11124	1.000e+03	102	2.948e-03
11125	1.000e+03	97	2.803e-03
11126	1.000e+03	97	2.803e-03
11127	1.000e+03	119	3.439e-03
11128	1.001e+03	103	2.977e-03
11129	1.001e+03	103	2.977e-03
11130	1.001e+03	116	3.353e-03
11131	1.001e+03	100	2.890e-03
11132	1.001e+03	116	3.353e-03
11133	1.001e+03	88	2.543e-03
11134	1.001e+03	110	3.179e-03
11135	1.001e+03	100	2.890e-03
11136	1.001e+03	80	2.312e-03
11137	1.001e+03	103	2.977e-03
11138	1.001e+03	102	2.948e-03
11139	1.002e+03	105	3.035e-03
11140	1.002e+03	112	3.237e-03
11141	1.002e+03	89	2.572e-03
11142	1.002e+03	102	2.948e-03
11143	1.002e+03	82	2.370e-03
11144	1.002e+03	110	3.179e-03
11145	1.002e+03	106	3.064e-03
11146	1.002e+03	118	3.410e-03
11147	1.002e+03	97	2.803e-03
11148	1.002e+03	110	3.179e-03
11149	1.002e+03	95	2.746e-03
11150	1.003e+03	128	3.699e-03
11151	1.003e+03	126	3.642e-03
11152	1.003e+03	117	3.382e-03
11153	1.003e+03	119	3.439e-03
11154	1.003e+03	142	4.104e-03
11155	1.003e+03	135	3.902e-03
11156	1.003e+03	173	5.000e-03
11157	1.003e+03	204	5.896e-03
11158	1.003e+03	207	5.983e-03
11159	1.003e+03	257	7.428e-03
11160	1.003e+03	324	9.364e-03
11161	1.004e+03	355	1.026e-02
11162	1.004e+03	426	1.231e-02
11163	1.004e+03	516	1.491e-02
11164	1.004e+03	620	1.792e-02
11165	1.004e+03	791	2.286e-02
11166	1.004e+03	910	2.630e-02
11167	1.004e+03	1130	3.266e-02
11168	1.004e+03	1344	3.884e-02
11169	1.004e+03	1584	4.578e-02
11170	1.004e+03	1838	5.312e-02
11171	1.004e+03	2196	6.347e-02
11172	1.004e+03	2511	7.257e-02
11173	1.005e+03	2796	8.081e-02
11174	1.005e+03	3152	9.110e-02
11175	1.005e+03	3604	1.042e-01
11176	1.005e+03	3782	1.093e-01
11177	1.005e+03	4118	1.190e-01
11178	1.005e+03	4302	1.243e-01
11179	1.005e+03	4513	1.304e-01
11180	1.005e+03	4829	1.396e-01
11181	1.005e+03	4992	1.443e-01
11182	1.005e+03	4782	1.382e-01
11183	1.005e+03	4854	1.403e-01
11184	1.006e+03	4824	1.394e-01
11185	1.006e+03	4670	1.350e-01
11186	1.006e+03	4531	1.310e-01
11187	1.006e+03	4254	1.229e-01
11188	1.006e+03	4064	1.175e-01
11189	1.006e+03	3741	1.081e-01
11190	1.006e+03	3430	9.913e-02
11191	1.006e+03	3175	9.176e-02
11192	1.006e+03	2748	7.942e-02
11193	1.006e+03	2374	6.861e-02
11194	1.006e+03	2080	6.012e-02
11195	1.007e+03	1721	4.974e-02
11196	1.007e+03	1546	4.468e-02
11197	1.007e+03	1285	3.714e-02
11198	1.007e+03	1023	2.957e-02
11199	1.007e+03	893	2.581e-02
11200	1.007e+03	723	2.090e-02
11201	1.007e+03	579	1.673e-02
11202	1.007e+03	490	1.416e-02
11203	1.007e+03	395	1.142e-02
11204	1.007e+03	318	9.191e-03
11205	1.007e+03	240	6.936e-03
11206	1.008e+03	224	6.474e-03
11207	1.008e+03	222	6.416e-03
11208	1.008e+03	165	4.769e-03
11209	1.008e+03	145	4.191e-03
11210	1.008e+03	149	4.306e-03
11211	1.008e+03	121	3.497e-03
11212	1.008e+03	142	4.104e-03
11213	1.008e+03	119	3.439e-03
11214	1.008e+03	100	2.890e-03
11215	1.008e+03	126	3.642e-03
11216	1.008e+03	117	3.382e-03
11217	1.009e+03	100	2.890e-03
11218	1.009e+03	113	3.266e-03
11219	1.009e+03	101	2.919e-03
11220	1.009e+03	109	3.150e-03
11221	1.009e+03	98	2.832e-03
11222	1.009e+03	97	2.803e-03
11223	1.009e+03	96	2.775e-03
11224	1.009e+03	92	2.659e-03
11225	1.009e+03	102	2.948e-03
11226	1.009e+03	104	3.006e-03
11227	1.009e+03	99	2.861e-03
11228	1.010e+03	103	2.977e-03
11229	1.010e+03	96	2.775e-03
11230	1.010e+03	84	2.428e-03
11231	1.010e+03	108	3.121e-03
11232	1.010e+03	100	2.890e-03
11233	1.010e+03	105	3.035e-03
11234	1.010e+03	109	3.150e-03
11235	1.010e+03	114	3.295e-03
11236	1.010e+03	94	2.717e-03
11237	1.010e+03	104	3.006e-03
11238	1.010e+03	103	2.977e-03
11239	1.011e+03	104	3.006e-03
11240	1.011e+03	85	2.457e-03
11241	1.011e+03	93	2.688e-03
11242	1.011e+03	104	3.006e-03
11243	1.011e+03	101	2.919e-03
11244	1.011e+03	85	2.457e-03
11245	1.011e+03	92	2.659e-03
11246	1.011e+03	107	3.093e-03
11247	1.011e+03	97	2.803e-03
11248	1.011e+03	103	2.977e-03
11249	1.011e+03	77	2.225e-03
11250	1.012e+03	96	2.775e-03
11251	1.012e+03	100	2.890e-03
11252	1.012e+03	102	2.948e-03
11253	1.012e+03	97	2.803e-03
11254	1.012e+03	91	2.630e-03
11255	1.012e+03	110	3.179e-03
11256	1.012e+03	97	2.803e-03
11257	1.012e+03	110	3.179e-03
11258	1.012e+03	99	2.861e-03
11259	1.012e+03	98	2.832e-03
11260	1.012e+03	115	3.324e-03
11261	1.012e+03	91	2.630e-03
11262	1.013e+03	98	2.832e-03
11263	1.013e+03	122	3.526e-03
11264	1.013e+03	113	3.266e-03
11265	1.013e+03	95	2.746e-03
11266	1.013e+03	98	2.832e-03
11267	1.013e+03	110	3.179e-03
11268	1.013e+03	99	2.861e-03
11269	1.013e+03	123	3.555e-03
11270	1.013e+03	125	3.613e-03
11271	1.013e+03	112	3.237e-03
11272	1.013e+03	92	2.659e-03
11273	1.014e+03	99	2.861e-03
11274	1.014e+03	77	2.225e-03
11275	1.014e+03	107	3.093e-03
11276	1.014e+03	102	2.948e-03
11277	1.014e+03	92	2.659e-03
11278	1.014e+03	124	3.584e-03
11279	1.014e+03	99	2.861e-03
11280	1.014e+03	84	2.428e-03
11281	1.014e+03	94	2.717e-03
11282	1.014e+03	107	3.093e-03
11283	1.014e+03	100	2.890e-03
11284	1.015e+03	94	2.717e-03
11285	1.015e+03	111	3.208e-03
11286	1.015e+03	94	2.717e-03
11287	1.015e+03	94	2.717e-03
11288	1.015e+03	105	3.035e-03
11289	1.015e+03	125	3.613e-03
11290	1.015e+03	119	3.439e-03
11291	1.015e+03	94	2.717e-03
11292	1.015e+03	103	2.977e-03
11293	1.015e+03	105	3.035e-03
11294	1.015e+03	101	2.919e-03
11295	1.016e+03	103	2.977e-03
11296	1.016e+03	126	3.642e-03
11297	1.016e+03	93	2.688e-03
11298	1.016e+03	115	3.324e-03
11299	1.016e+03	124	3.584e-03
11300	1.016e+03	121	3.497e-03
11301	1.016e+03	107	3.093e-03
11302	1.016e+03	115	3.324e-03
11303	1.016e+03	100	2.890e-03
11304	1.016e+03	93	2.688e-03
11305	1.016e+03	116	3.353e-03
11306	1.017e+03	88	2.543e-03
11307	1.017e+03	103	2.977e-03
11308	1.017e+03	85	2.457e-03
11309	1.017e+03	114	3.295e-03
11310	1.017e+03	109	3.150e-03
11311	1.017e+03	100	2.890e-03
11312	1.017e+03	110	3.179e-03
11313	1.017e+03	85	2.457e-03
11314	1.017e+03	94	2.717e-03
11315	1.017e+03	97	2.803e-03
11316	1.017e+03	103	2.977e-03
11317	1.018e+03	96	2.775e-03
11318	1.018e+03	106	3.064e-03
11319	1.018e+03	101	2.919e-03
11320	1.018e+03	104	3.006e-03
11321	1.018e+03	88	2.543e-03
11322	1.018e+03	95	2.746e-03
11323	1.018e+03	96	2.775e-03
11324	1.018e+03	103	2.977e-03
11325	1.018e+03	94	2.717e-03
11326	1.018e+03	101	2.919e-03
11327	1.018e+03	91	2.630e-03
11328	1.019e+03	86	2.486e-03
11329	1.019e+03	106	3.064e-03
11330	1.019e+03	97	2.803e-03
11331	1.019e+03	81	2.341e-03
11332	1.019e+03	117	3.382e-03
11333	1.019e+03	124	3.584e-03
11334	1.019e+03	105	3.035e-03
11335	1.019e+03	114	3.295e-03
11336	1.019e+03	91	2.630e-03
11337	1.019e+03	109	3.150e-03
11338	1.019e+03	109	3.150e-03
11339	1.020e+03	100	2.890e-03
11340	1.020e+03	94	2.717e-03
11341	1.020e+03	98	2.832e-03
11342	1.020e+03	117	3.382e-03
11343	1.020e+03	123	3.555e-03
11344	1.020e+03	99	2.861e-03
11345	1.020e+03	95	2.746e-03
11346	1.020e+03	112	3.237e-03
11347	1.020e+03	103	2.977e-03
11348	1.020e+03	109	3.150e-03
11349	1.020e+03	98	2.832e-03
11350	1.021e+03	79	2.283e-03
11351	1.021e+03	110	3.179e-03
11352	1.021e+03	98	2.832e-03
11353	1.021e+03	96	2.775e-03
11354	1.021e+03	105	3.035e-03
11355	1.021e+03	98	2.832e-03
11356	1.021e+03	106	3.064e-03
11357	1.021e+03	113	3.266e-03
11358	1.021e+03	97	2.803e-03
11359	1.021e+03	102	2.948e-03
11360	1.021e+03	108	3.121e-03
11361	1.021e+03	95	2.746e-03
11362	1.022e+03	106	3.064e-03
11363	1.022e+03	99	2.861e-03
11364	1.022e+03	133	3.844e-03
11365	1.022e+03	106	3.064e-03
11366	1.022e+03	132	3.815e-03
11367	1.022e+03	96	2.775e-03
11368	1.022e+03	107	3.093e-03
11369	1.022e+03	106	3.064e-03
11370	1.022e+03	127	3.671e-03
11371	1.022e+03	104	3.006e-03
11372	1.022e+03	112	3.237e-03
11373	1.023e+03	117	3.382e-03
11374	1.023e+03	101	2.919e-03
11375	1.023e+03	95	2.746e-03
11376	1.023e+03	132	3.815e-03
11377	1.023e+03	117	3.382e-03
11378	1.023e+03	124	3.584e-03
11379	1.023e+03	99	2.861e-03
11380	1.023e+03	112	3.237e-03
11381	1.023e+03	74	2.139e-03
11382	1.023e+03	106	3.064e-03
11383	1.023e+03	107	3.093e-03
11384	1.024e+03	110	3.179e-03
11385	1.024e+03	108	3.121e-03
11386	1.024e+03	117	3.382e-03
11387	1.024e+03	118	3.410e-03
11388	1.024e+03	104	3.006e-03
11389	1.024e+03	112	3.237e-03
11390	1.024e+03	110	3.179e-03
11391	1.024e+03	105	3.035e-03
11392	1.024e+03	121	3.497e-03
11393	1.024e+03	116	3.353e-03
11394	1.024e+03	123	3.555e-03
11395	1.025e+03	116	3.353e-03
11396	1.025e+03	120	3.468e-03
11397	1.025e+03	112	3.237e-03
11398	1.025e+03	105	3.035e-03
11399	1.025e+03	116	3.353e-03
11400	1.025e+03	101	2.919e-03
11401	1.025e+03	104	3.006e-03
11402	1.025e+03	110	3.179e-03
11403	1.025e+03	107	3.093e-03
11404	1.025e+03	110	3.179e-03
11405	1.025e+03	110	3.179e-03
11406	1.026e+03	100	2.890e-03
11407	1.026e+03	117	3.382e-03
11408	1.026e+03	84	2.428e-03
11409	1.026e+03	103	2.977e-03
11410	1.026e+03	108	3.121e-03
11411	1.026e+03	108	3.121e-03
11412	1.026e+03	94	2.717e-03
11413	1.026e+03	115	3.324e-03
11414	1.026e+03	86	2.486e-03
11415	1.026e+03	119	3.439e-03
11416	1.026e+03	111	3.208e-03
11417	1.027e+03	110	3.179e-03
11418	1.027e+03	105	3.035e-03
11419	1.027e+03	101	2.919e-03
11420	1.027e+03	121	3.497e-03
11421	1.027e+03	118	3.410e-03
11422	1.027e+03	108	3.121e-03
11423	1.027e+03	114	3.295e-03
11424	1.027e+03	110	3.179e-03
11425	1.027e+03	104	3.006e-03
11426	1.027e+03	117	3.382e-03
11427	1.027e+03	103	2.977e-03
11428	1.028e+03	118	3.410e-03
11429	1.028e+03	120	3.468e-03
11430	1.028e+03	122	3.526e-03
11431	1.028e+03	111	3.208e-03
11432	1.028e+03	127	3.671e-03
11433	1.028e+03	97	2.803e-03
11434	1.028e+03	121	3.497e-03
11435	1.028e+03	119	3.439e-03
11436	1.028e+03	107	3.093e-03
11437	1.028e+03	104	3.006e-03
11438	1.028e+03	100	2.890e-03
11439	1.029e+03	142	4.104e-03
11440	1.029e+03	103	2.977e-03
11441	1.029e+03	113	3.266e-03
11442	1.029e+03	117	3.382e-03
11443	1.029e+03	101	2.919e-03
11444	1.029e+03	109	3.150e-03
11445	1.029e+03	125	3.613e-03
11446	1.029e+03	95	2.746e-03
11447	1.029e+03	111	3.208e-03
11448	1.029e+03	106	3.064e-03
11449	1.029e+03	97	2.803e-03
11450	1.029e+03	112	3.237e-03
11451	1.030e+03	103	2.977e-03
11452	1.030e+03	100	2.890e-03
11453	1.030e+03	93	2.688e-03
11454	1.030e+03	125	3.613e-03
11455	1.030e+03	128	3.699e-03
11456	1.030e+03	120	3.468e-03
11457	1.030e+03	106	3.064e-03
11458	1.030e+03	107	3.093e-03
11459	1.030e+03	109	3.150e-03
11460	1.030e+03	109	3.150e-03
11461	1.030e+03	90	2.601e-03
11462	1.031e+03	116	3.353e-03
11463	1.031e+03	108	3.121e-03
11464	1.031e+03	118	3.410e-03
11465	1.031e+03	116	3.353e-03
11466	1.031e+03	112	3.237e-03
11467	1.031e+03	97	2.803e-03
11468	1.031e+03	107	3.093e-03
11469	1.031e+03	88	2.543e-03
11470	1.031e+03	87	2.514e-03
11471	1.031e+03	124	3.584e-03
11472	1.031e+03	97	2.803e-03
11473	1.032e+03	114	3.295e-03
11474	1.032e+03	100	2.890e-03
11475	1.032e+03	101	2.919e-03
11476	1.032e+03	115	3.324e-03
11477	1.032e+03	105	3.035e-03
11478	1.032e+03	114	3.295e-03
11479	1.032e+03	108	3.121e-03
11480	1.032e+03	120	3.468e-03
11481	1.032e+03	105	3.035e-03
11482	1.032e+03	102	2.948e-03
11483	1.032e+03	101	2.919e-03
11484	1.033e+03	128	3.699e-03
11485	1.033e+03	109	3.150e-03
11486	1.033e+03	104	3.006e-03
11487	1.033e+03	113	3.266e-03
11488	1.033e+03	118	3.410e-03
11489	1.033e+03	114	3.295e-03
11490	1.033e+03	111	3.208e-03
11491	1.033e+03	122	3.526e-03
11492	1.033e+03	102	2.948e-03
11493	1.033e+03	92	2.659e-03
11494	1.033e+03	103	2.977e-03
11495	1.034e+03	130	3.757e-03
11496	1.034e+03	112	3.237e-03
11497	1.034e+03	106	3.064e-03
11498	1.034e+03	118	3.410e-03
11499	1.034e+03	114	3.295e-03
11500	1.034e+03	129	3.728e-03
11501	1.034e+03	123	3.555e-03
11502	1.034e+03	90	2.601e-03
11503	1.034e+03	112	3.237e-03
11504	1.034e+03	104	3.006e-03
11505	1.034e+03	106	3.064e-03
11506	1.035e+03	116	3.353e-03
11507	1.035e+03	128	3.699e-03
11508	1.035e+03	133	3.844e-03
11509	1.035e+03	129	3.728e-03
11510	1.035e+03	107	3.093e-03
11511	1.035e+03	126	3.642e-03
11512	1.035e+03	116	3.353e-03
11513	1.035e+03	99	2.861e-03
11514	1.035e+03	113	3.266e-03
11515	1.035e+03	110	3.179e-03
11516	1.035e+03	116	3.353e-03
11517	1.036e+03	94	2.717e-03
11518	1.036e+03	110	3.179e-03
11519	1.036e+03	131	3.786e-03
11520	1.036e+03	100	2.890e-03
11521	1.036e+03	108	3.121e-03
11522	1.036e+03	132	3.815e-03
11523	1.036e+03	97	2.803e-03
11524	1.036e+03	102	2.948e-03
11525	1.036e+03	124	3.584e-03
11526	1.036e+03	115	3.324e-03
11527	1.036e+03	105	3.035e-03
11528	1.037e+03	98	2.832e-03
11529	1.037e+03	125	3.613e-03
11530	1.037e+03	91	2.630e-03
11531	1.037e+03	111	3.208e-03
11532	1.037e+03	108	3.121e-03
11533	1.037e+03	115	3.324e-03
11534	1.037e+03	113	3.266e-03
11535	1.037e+03	107	3.093e-03
11536	1.037e+03	126	3.642e-03
11537	1.037e+03	126	3.642e-03
11538	1.037e+03	116	3.353e-03
11539	1.037e+03	121	3.497e-03
11540	1.038e+03	130	3.757e-03
11541	1.038e+03	103	2.977e-03
11542	1.038e+03	123	3.555e-03
11543	1.038e+03	100	2.890e-03
11544	1.038e+03	110	3.179e-03
11545	1.038e+03	113	3.266e-03
11546	1.038e+03	117	3.382e-03
11547	1.038e+03	94	2.717e-03
11548	1.038e+03	97	2.803e-03
11549	1.038e+03	123	3.555e-03
11550	1.038e+03	112	3.237e-03
11551	1.039e+03	125	3.613e-03
11552	1.039e+03	116	3.353e-03
11553	1.039e+03	115	3.324e-03
11554	1.039e+03	83	2.399e-03
11555	1.039e+03	107	3.093e-03
11556	1.039e+03	119	3.439e-03
11557	1.039e+03	124	3.584e-03
11558	1.039e+03	120	3.468e-03
11559	1.039e+03	94	2.717e-03
11560	1.039e+03	106	3.064e-03
11561	1.039e+03	107	3.093e-03
11562	1.040e+03	123	3.555e-03
11563	1.040e+03	110	3.179e-03
11564	1.040e+03	113	3.266e-03
11565	1.040e+03	108	3.121e-03
11566	1.040e+03	102	2.948e-03
11567	1.040e+03	114	3.295e-03
11568	1.040e+03	107	3.093e-03
11569	1.040e+03	112	3.237e-03
11570	1.040e+03	121	3.497e-03
11571	1.040e+03	86	2.486e-03
11572	1.040e+03	114	3.295e-03
11573	1.041e+03	110	3.179e-03
11574	1.041e+03	110	3.179e-03
11575	1.041e+03	125	3.613e-03
11576	1.041e+03	106	3.064e-03
11577	1.041e+03	101	2.919e-03
11578	1.041e+03	137	3.960e-03
11579	1.041e+03	96	2.775e-03
11580	1.041e+03	112	3.237e-03
11581	1.041e+03	99	2.861e-03
11582	1.041e+03	101	2.919e-03
11583	1.041e+03	138	3.988e-03
11584	1.042e+03	114	3.295e-03
11585	1.042e+03	113	3.266e-03
11586	1.042e+03	138	3.988e-03
11587	1.042e+03	120	3.468e-03
11588	1.042e+03	110	3.179e-03
11589	1.042e+03	117	3.382e-03
11590	1.042e+03	110	3.179e-03
11591	1.042e+03	100	2.890e-03
11592	1.042e+03	115	3.324e-03
11593	1.042e+03	98	2.832e-03
11594	1.042e+03	101	2.919e-03
11595	1.043e+03	116	3.353e-03
11596	1.043e+03	114	3.295e-03
11597	1.043e+03	125	3.613e-03
11598	1.043e+03	105	3.035e-03
11599	1.043e+03	110	3.179e-03
11600	1.043e+03	118	3.410e-03
11601	1.043e+03	110	3.179e-03
11602	1.043e+03	116	3.353e-03
11603	1.043e+03	127	3.671e-03
11604	1.043e+03	111	3.208e-03
11605	1.043e+03	114	3.295e-03
11606	1.044e+03	118	3.410e-03
11607	1.044e+03	113	3.266e-03
11608	1.044e+03	123	3.555e-03
11609	1.044e+03	114	3.295e-03
11610	1.044e+03	108	3.121e-03
11611	1.044e+03	124	3.584e-03
11612	1.044e+03	103	2.977e-03
11613	1.044e+03	127	3.671e-03
11614	1.044e+03	111	3.208e-03
11615	1.044e+03	115	3.324e-03
11616	1.044e+03	116	3.353e-03
11617	1.045e+03	124	3.584e-03
11618	1.045e+03	137	3.960e-03
11619	1.045e+03	115	3.324e-03
11620	1.045e+03	124	3.584e-03
11621	1.045e+03	105	3.035e-03
11622	1.045e+03	136	3.931e-03
11623	1.045e+03	115	3.324e-03
11624	1.045e+03	135	3.902e-03
11625	1.045e+03	98	2.832e-03
11626	1.045e+03	101	2.919e-03
11627	1.045e+03	116	3.353e-03
11628	1.046e+03	108	3.121e-03
11629	1.046e+03	109	3.150e-03
11630	1.046e+03	103	2.977e-03
11631	1.046e+03	119	3.439e-03
11632	1.046e+03	95	2.746e-03
11633	1.046e+03	137	3.960e-03
11634	1.046e+03	107	3.093e-03
11635	1.046e+03	116	3.353e-03
11636	1.046e+03	130	3.757e-03
11637	1.046e+03	116	3.353e-03
11638	1.046e+03	122	3.526e-03
11639	1.046e+03	117	3.382e-03
11640	1.047e+03	121	3.497e-03
11641	1.047e+03	134	3.873e-03
11642	1.047e+03	97	2.803e-03
11643	1.047e+03	124	3.584e-03
11644	1.047e+03	118	3.410e-03
11645	1.047e+03	115	3.324e-03
11646	1.047e+03	120	3.468e-03
11647	1.047e+03	123	3.555e-03
11648	1.047e+03	135	3.902e-03
11649	1.047e+03	116	3.353e-03
11650	1.047e+03	134	3.873e-03
11651	1.048e+03	131	3.786e-03
11652	1.048e+03	113	3.266e-03
11653	1.048e+03	132	3.815e-03
11654	1.048e+03	152	4.393e-03
11655	1.048e+03	148	4.277e-03
11656	1.048e+03	120	3.468e-03
11657	1.048e+03	133	3.844e-03
11658	1.048e+03	121	3.497e-03
11659	1.048e+03	106	3.064e-03
11660	1.048e+03	125	3.613e-03
11661	1.048e+03	105	3.035e-03
11662	1.049e+03	128	3.699e-03
11663	1.049e+03	115	3.324e-03
11664	1.049e+03	130	3.757e-03
11665	1.049e+03	133	3.844e-03
11666	1.049e+03	127	3.671e-03
11667	1.049e+03	114	3.295e-03
11668	1.049e+03	121	3.497e-03
11669	1.049e+03	128	3.699e-03
11670	1.049e+03	108	3.121e-03
11671	1.049e+03	112	3.237e-03
11672	1.049e+03	105	3.035e-03
11673	1.050e+03	148	4.277e-03
11674	1.050e+03	128	3.699e-03
11675	1.050e+03	120	3.468e-03
11676	1.050e+03	119	3.439e-03
11677	1.050e+03	127	3.671e-03
11678	1.050e+03	117	3.382e-03
11679	1.050e+03	118	3.410e-03
11680	1.050e+03	100	2.890e-03
11681	1.050e+03	103	2.977e-03
11682	1.050e+03	116	3.353e-03
11683	1.050e+03	103	2.977e-03
11684	1.051e+03	102	2.948e-03
11685	1.051e+03	112	3.237e-03
11686	1.051e+03	119	3.439e-03
11687	1.051e+03	121	3.497e-03
11688	1.051e+03	109	3.150e-03
11689	1.051e+03	110	3.179e-03
11690	1.051e+03	136	3.931e-03
11691	1.051e+03	107	3.093e-03
11692	1.051e+03	125	3.613e-03
11693	1.051e+03	107	3.093e-03
11694	1.051e+03	131	3.786e-03
11695	1.052e+03	127	3.671e-03
11696	1.052e+03	125	3.613e-03
11697	1.052e+03	103	2.977e-03
11698	1.052e+03	104	3.006e-03
11699	1.052e+03	123	3.555e-03
11700	1.052e+03	121	3.497e-03
11701	1.052e+03	130	3.757e-03
11702	1.052e+03	103	2.977e-03
11703	1.052e+03	111	3.208e-03
11704	1.052e+03	123	3.555e-03
11705	1.052e+03	116	3.353e-03
11706	1.053e+03	94	2.717e-03
11707	1.053e+03	139	4.017e-03
11708	1.053e+03	136	3.931e-03
11709	1.053e+03	101	2.919e-03
11710	1.053e+03	100	2.890e-03
11711	1.053e+03	111	3.208e-03
11712	1.053e+03	125	3.613e-03
11713	1.053e+03	113	3.266e-03
11714	1.053e+03	113	3.266e-03
11715	1.053e+03	121	3.497e-03
11716	1.053e+03	103	2.977e-03
11717	1.054e+03	118	3.410e-03
11718	1.054e+03	97	2.803e-03
11719	1.054e+03	120	3.468e-03
11720	1.054e+03	118	3.410e-03
11721	1.054e+03	127	3.671e-03
11722	1.054e+03	113	3.266e-03
11723	1.054e+03	110	3.179e-03
11724	1.054e+03	109	3.150e-03
11725	1.054e+03	106	3.064e-03
11726	1.054e+03	120	3.468e-03
11727	1.054e+03	112	3.237e-03
11728	1.054e+03	100	2.890e-03
11729	1.055e+03	109	3.150e-03
11730	1.055e+03	106	3.064e-03
11731	1.055e+03	106	3.064e-03
11732	1.055e+03	125	3.613e-03
11733	1.055e+03	94	2.717e-03
11734	1.055e+03	117	3.382e-03
11735	1.055e+03	111	3.208e-03
11736	1.055e+03	119	3.439e-03
11737	1.055e+03	110	3.179e-03
11738	1.055e+03	91	2.630e-03
11739	1.055e+03	104	3.006e-03
11740	1.056e+03	119	3.439e-03
11741	1.056e+03	105	3.035e-03
11742	1.056e+03	127	3.671e-03
11743	1.056e+03	106	3.064e-03
11744	1.056e+03	127	3.671e-03
11745	1.056e+03	119	3.439e-03
11746	1.056e+03	109	3.150e-03
11747	1.056e+03	113	3.266e-03
11748	1.056e+03	124	3.584e-03
11749	1.056e+03	123	3.555e-03
11750	1.056e+03	91	2.630e-03
11751	1.057e+03	108	3.121e-03
11752	1.057e+03	115	3.324e-03
11753	1.057e+03	120	3.468e-03
11754	1.057e+03	123	3.555e-03
11755	1.057e+03	102	2.948e-03
11756	1.057e+03	130	3.757e-03
11757	1.057e+03	106	3.064e-03
11758	1.057e+03	114	3.295e-03
11759	1.057e+03	105	3.035e-03
11760	1.057e+03	99	2.861e-03
11761	1.057e+03	116	3.353e-03
11762	1.058e+03	104	3.006e-03
11763	1.058e+03	110	3.179e-03
11764	1.058e+03	103	2.977e-03
11765	1.058e+03	92	2.659e-03
11766	1.058e+03	106	3.064e-03
11767	1.058e+03	98	2.832e-03
11768	1.058e+03	134	3.873e-03
11769	1.058e+03	101	2.919e-03
11770	1.058e+03	118	3.410e-03
11771	1.058e+03	95	2.746e-03
11772	1.058e+03	104	3.006e-03
11773	1.059e+03	121	3.497e-03
11774	1.059e+03	116	3.353e-03
11775	1.059e+03	107	3.093e-03
11776	1.059e+03	92	2.659e-03
11777	1.059e+03	109	3.150e-03
11778	1.059e+03	91	2.630e-03
11779	1.059e+03	106	3.064e-03
11780	1.059e+03	123	3.555e-03
11781	1.059e+03	103	2.977e-03
11782	1.059e+03	109	3.150e-03
11783	1.059e+03	113	3.266e-03
11784	1.060e+03	103	2.977e-03
11785	1.060e+03	111	3.208e-03
11786	1.060e+03	109	3.150e-03
11787	1.060e+03	102	2.948e-03
11788	1.060e+03	116	3.353e-03
11789	1.060e+03	118	3.410e-03
11790	1.060e+03	95	2.746e-03
11791	1.060e+03	95	2.746e-03
11792	1.060e+03	91	2.630e-03
11793	1.060e+03	95	2.746e-03
11794	1.060e+03	100	2.890e-03
11795	1.061e+03	110	3.179e-03
11796	1.061e+03	104	3.006e-03
11797	1.061e+03	94	2.717e-03
11798	1.061e+03	128	3.699e-03
11799	1.061e+03	94	2.717e-03
11800	1.061e+03	102	2.948e-03
11801	1.061e+03	89	2.572e-03
11802	1.061e+03	103	2.977e-03
11803	1.061e+03	107	3.093e-03
11804	1.061e+03	112	3.237e-03
11805	1.061e+03	103	2.977e-03
11806	1.062e+03	100	2.890e-03
11807	1.062e+03	86	2.486e-03
11808	1.062e+03	87	2.514e-03
11809	1.062e+03	108	3.121e-03
11810	1.062e+03	89	2.572e-03
11811	1.062e+03	113	3.266e-03
11812	1.062e+03	106	3.064e-03
11813	1.062e+03	88	2.543e-03
11814	1.062e+03	120	3.468e-03
11815	1.062e+03	102	2.948e-03
11816	1.062e+03	98	2.832e-03
11817	1.062e+03	109	3.150e-03
11818	1.063e+03	108	3.121e-03
11819	1.063e+03	120	3.468e-03
11820	1.063e+03	88	2.543e-03
11821	1.063e+03	76	2.197e-03
11822	1.063e+03	91	2.630e-03
11823	1.063e+03	83	2.399e-03
11824	1.063e+03	90	2.601e-03
11825	1.063e+03	93	2.688e-03
11826	1.063e+03	96	2.775e-03
11827	1.063e+03	88	2.543e-03
11828	1.063e+03	90	2.601e-03
11829	1.064e+03	80	2.312e-03
11830	1.064e+03	83	2.399e-03
11831	1.064e+03	91	2.630e-03
11832	1.064e+03	72	2.081e-03
11833	1.064e+03	92	2.659e-03
11834	1.064e+03	87	2.514e-03
11835	1.064e+03	92	2.659e-03
11836	1.064e+03	93	2.688e-03
11837	1.064e+03	78	2.254e-03
11838	1.064e+03	84	2.428e-03
11839	1.064e+03	73	2.110e-03
11840	1.065e+03	98	2.832e-03
11841	1.065e+03	63	1.821e-03
11842	1.065e+03	79	2.283e-03
11843	1.065e+03	77	2.225e-03
11844	1.065e+03	71	2.052e-03
11845	1.065e+03	68	1.965e-03
11846	1.065e+03	72	2.081e-03
11847	1.065e+03	85	2.457e-03
11848	1.065e+03	92	2.659e-03
11849	1.065e+03	71	2.052e-03
11850	1.065e+03	81	2.341e-03
11851	1.066e+03	73	2.110e-03
11852	1.066e+03	83	2.399e-03
11853	1.066e+03	83	2.399e-03
11854	1.066e+03	72	2.081e-03
11855	1.066e+03	87	2.514e-03
11856	1.066e+03	77	2.225e-03
11857	1.066e+03	77	2.225e-03
11858	1.066e+03	102	2.948e-03
11859	1.066e+03	64	1.850e-03
11860	1.066e+03	88	2.543e-03
11861	1.066e+03	69	1.994e-03
11862	1.067e+03	77	2.225e-03
11863	1.067e+03	93	2.688e-03
11864	1.067e+03	68	1.965e-03
11865	1.067e+03	82	2.370e-03
11866	1.067e+03	69	1.994e-03
11867	1.067e+03	58	1.676e-03
11868	1.067e+03	81	2.341e-03
11869	1.067e+03	76	2.197e-03
11870	1.067e+03	71	2.052e-03
11871	1.067e+03	78	2.254e-03
11872	1.067e+03	62	1.792e-03
11873	1.068e+03	78	2.254e-03
11874	1.068e+03	65	1.879e-03
11875	1.068e+03	85	2.457e-03
11876	1.068e+03	67	1.936e-03
11877	1.068e+03	90	2.601e-03
11878	1.068e+03	74	2.139e-03
11879	1.068e+03	81	2.341e-03
11880	1.068e+03	84	2.428e-03
11881	1.068e+03	76	2.197e-03
11882	1.068e+03	53	1.532e-03
11883	1.068e+03	78	2.254e-03
11884	1.069e+03	67	1.936e-03
11885	1.069e+03	71	2.052e-03
11886	1.069e+03	68	1.965e-03
11887	1.069e+03	91	2.630e-03
11888	1.069e+03	82	2.370e-03
11889	1.069e+03	75	2.168e-03
11890	1.069e+03	70	2.023e-03
11891	1.069e+03	68	1.965e-03
11892	1.069e+03	69	1.994e-03
11893	1.069e+03	62	1.792e-03
11894	1.069e+03	81	2.341e-03
11895	1.070e+03	89	2.572e-03
11896	1.070e+03	79	2.283e-03
11897	1.070e+03	62	1.792e-03
11898	1.070e+03	65	1.879e-03
11899	1.070e+03	71	2.052e-03
11900	1.070e+03	74	2.139e-03
11901	1.070e+03	70	2.023e-03
11902	1.070e+03	77	2.225e-03
11903	1.070e+03	53	1.532e-03
11904	1.070e+03	78	2.254e-03
11905	1.070e+03	62	1.792e-03
11906	1.070e+03	82	2.370e-03
11907	1.071e+03	56	1.619e-03
11908	1.071e+03	74	2.139e-03
11909	1.071e+03	80	2.312e-03
11910	1.071e+03	58	1.676e-03
11911	1.071e+03	76	2.197e-03
11912	1.071e+03	70	2.023e-03
11913	1.071e+03	89	2.572e-03
11914	1.071e+03	70	2.023e-03
11915	1.071e+03	69	1.994e-03
11916	1.071e+03	81	2.341e-03
11917	1.071e+03	57	1.647e-03
11918	1.072e+03	57	1.647e-03
11919	1.072e+03	62	1.792e-03
11920	1.072e+03	72	2.081e-03
11921	1.072e+03	65	1.879e-03
11922	1.072e+03	68	1.965e-03
11923	1.072e+03	81	2.341e-03
11924	1.072e+03	69	1.994e-03
11925	1.072e+03	78	2.254e-03
11926	1.072e+03	80	2.312e-03
11927	1.072e+03	78	2.254e-03
11928	1.072e+03	92	2.659e-03
11929	1.073e+03	66	1.908e-03
11930	1.073e+03	70	2.023e-03
11931	1.073e+03	71	2.052e-03
11932	1.073e+03	63	1.821e-03
11933	1.073e+03	66	1.908e-03
11934	1.073e+03	60	1.734e-03
11935	1.073e+03	71	2.052e-03
11936	1.073e+03	64	1.850e-03
11937	1.073e+03	59	1.705e-03
11938	1.073e+03	66	1.908e-03
11939	1.073e+03	65	1.879e-03
11940	1.074e+03	65	1.879e-03
11941	1.074e+03	75	2.168e-03
11942	1.074e+03	73	2.110e-03
11943	1.074e+03	81	2.341e-03
11944	1.074e+03	58	1.676e-03
11945	1.074e+03	77	2.225e-03
11946	1.074e+03	67	1.936e-03
11947	1.074e+03	70	2.023e-03
11948	1.074e+03	64	1.850e-03
11949	1.074e+03	82	2.370e-03
11950	1.074e+03	68	1.965e-03
11951	1.075e+03	62	1.792e-03
11952	1.075e+03	74	2.139e-03
11953	1.075e+03	53	1.532e-03
11954	1.075e+03	71	2.052e-03
11955	1.075e+03	70	2.023e-03
11956	1.075e+03	90	2.601e-03
11957	1.075e+03	70	2.023e-03
11958	1.075e+03	64	1.850e-03
11959	1.075e+03	68	1.965e-03
11960	1.075e+03	69	1.994e-03
11961	1.075e+03	87	2.514e-03
11962	1.076e+03	64	1.850e-03
11963	1.076e+03	71	2.052e-03
11964	1.076e+03	64	1.850e-03
11965	1.076e+03	78	2.254e-03
11966	1.076e+03	78	2.254e-03
11967	1.076e+03	79	2.283e-03
11968	1.076e+03	64	1.850e-03
11969	1.076e+03	74	2.139e-03
11970	1.076e+03	73	2.110e-03
11971	1.076e+03	56	1.619e-03
11972	1.076e+03	72	2.081e-03
11973	1.077e+03	67	1.936e-03
11974	1.077e+03	69	1.994e-03
11975	1.077e+03	78	2.254e-03
11976	1.077e+03	62	1.792e-03
11977	1.077e+03	66	1.908e-03
11978	1.077e+03	63	1.821e-03
11979	1.077e+03	77	2.225e-03
11980	1.077e+03	70	2.023e-03
11981	1.077e+03	55	1.590e-03
11982	1.077e+03	72	2.081e-03
11983	1.077e+03	58	1.676e-03
11984	1.078e+03	75	2.168e-03
11985	1.078e+03	66	1.908e-03
11986	1.078e+03	81	2.341e-03
11987	1.078e+03	67	1.936e-03
11988	1.078e+03	62	1.792e-03
11989	1.078e+03	46	1.329e-03
11990	1.078e+03	60	1.734e-03
11991	1.078e+03	74	2.139e-03
11992	1.078e+03	73	2.110e-03
11993	1.078e+03	59	1.705e-03
11994	1.078e+03	66	1.908e-03
11995	1.079e+03	71	2.052e-03
11996	1.079e+03	68	1.965e-03
11997	1.079e+03	67	1.936e-03
11998	1.079e+03	58	1.676e-03
11999	1.079e+03	60	1.734e-03
12000	1.079e+03	61	1.763e-03
12001	1.079e+03	61	1.763e-03
12002	1.079e+03	65	1.879e-03
12003	1.079e+03	79	2.283e-03
12004	1.079e+03	55	1.590e-03
12005	1.079e+03	64	1.850e-03
12006	1.079e+03	69	1.994e-03
12007	1.080e+03	76	2.197e-03
12008	1.080e+03	69	1.994e-03
12009	1.080e+03	56	1.619e-03
12010	1.080e+03	60	1.734e-03
12011	1.080e+03	68	1.965e-03
12012	1.080e+03	64	1.850e-03
12013	1.080e+03	63	1.821e-03
12014	1.080e+03	61	1.763e-03
12015	1.080e+03	60	1.734e-03
12016	1.080e+03	75	2.168e-03
12017	1.080e+03	76	2.197e-03
12018	1.081e+03	61	1.763e-03
12019	1.081e+03	79	2.283e-03
12020	1.081e+03	58	1.676e-03
12021	1.081e+03	66	1.908e-03
12022	1.081e+03	76	2.197e-03
12023	1.081e+03	78	2.254e-03
12024	1.081e+03	74	2.139e-03
12025	1.081e+03	52	1.503e-03
12026	1.081e+03	66	1.908e-03
12027	1.081e+03	68	1.965e-03
12028	1.081e+03	66	1.908e-03
12029	1.082e+03	50	1.445e-03
12030	1.082e+03	58	1.676e-03
12031	1.082e+03	69	1.994e-03
12032	1.082e+03	74	2.139e-03
12033	1.082e+03	79	2.283e-03
12034	1.082e+03	62	1.792e-03
12035	1.082e+03	69	1.994e-03
12036	1.082e+03	67	1.936e-03
12037	1.082e+03	69	1.994e-03
12038	1.082e+03	61	1.763e-03
12039	1.082e+03	65	1.879e-03
12040	1.083e+03	70	2.023e-03
12041	1.083e+03	46	1.329e-03
12042	1.083e+03	80	2.312e-03
12043	1.083e+03	58	1.676e-03
12044	1.083e+03	68	1.965e-03
12045	1.083e+03	82	2.370e-03
12046	1.083e+03	56	1.619e-03
12047	1.083e+03	89	2.572e-03
12048	1.083e+03	79	2.283e-03
12049	1.083e+03	58	1.676e-03
12050	1.083e+03	53	1.532e-03
12051	1.084e+03	69	1.994e-03
12052	1.084e+03	42	1.214e-03
12053	1.084e+03	73	2.110e-03
12054	1.084e+03	62	1.792e-03
12055	1.084e+03	67	1.936e-03
12056	1.084e+03	68	1.965e-03
12057	1.084e+03	62	1.792e-03
12058	1.084e+03	71	2.052e-03
12059	1.084e+03	65	1.879e-03
12060	1.084e+03	79	2.283e-03
12061	1.084e+03	78	2.254e-03
12062	1.085e+03	72	2.081e-03
12063	1.085e+03	64	1.850e-03
12064	1.085e+03	66	1.908e-03
12065	1.085e+03	68	1.965e-03
12066	1.085e+03	78	2.254e-03
12067	1.085e+03	100	2.890e-03
12068	1.085e+03	98	2.832e-03
12069	1.085e+03	107	3.093e-03
12070	1.085e+03	121	3.497e-03
12071	1.085e+03	122	3.526e-03
12072	1.085e+03	143	4.133e-03
12073	1.086e+03	154	4.451e-03
12074	1.086e+03	168	4.856e-03
12075	1.086e+03	182	5.260e-03
12076	1.086e+03	188	5.434e-03
12077	1.086e+03	206	5.954e-03
12078	1.086e+03	180	5.202e-03
12079	1.086e+03	240	6.936e-03
12080	1.086e+03	220	6.358e-03
12081	1.086e+03	244	7.052e-03
12082	1.086e+03	284	8.208e-03
12083	1.086e+03	264	7.630e-03
12084	1.087e+03	274	7.919e-03
12085	1.087e+03	305	8.815e-03
12086	1.087e+03	238	6.879e-03
12087	1.087e+03	257	7.428e-03
12088	1.087e+03	273	7.890e-03
12089	1.087e+03	222	6.416e-03
12090	1.087e+03	228	6.590e-03
12091	1.087e+03	204	5.896e-03
12092	1.087e+03	225	6.503e-03
12093	1.087e+03	191	5.520e-03
12094	1.087e+03	192	5.549e-03
12095	1.087e+03	152	4.393e-03
12096	1.088e+03	155	4.480e-03
12097	1.088e+03	133	3.844e-03
12098	1.088e+03	102	2.948e-03
12099	1.088e+03	95	2.746e-03
12100	1.088e+03	95	2.746e-03
12101	1.088e+03	118	3.410e-03
12102	1.088e+03	91	2.630e-03
12103	1.088e+03	106	3.064e-03
12104	1.088e+03	82	2.370e-03
12105	1.088e+03	78	2.254e-03
12106	1.088e+03	67	1.936e-03
12107	1.089e+03	88	2.543e-03
12108	1.089e+03	61	1.763e-03
12109	1.089e+03	84	2.428e-03
12110	1.089e+03	56	1.619e-03
12111	1.089e+03	79	2.283e-03
12112	1.089e+03	64	1.850e-03
12113	1.089e+03	81	2.341e-03
12114	1.089e+03	63	1.821e-03
12115	1.089e+03	67	1.936e-03
12116	1.089e+03	64	1.850e-03
12117	1.089e+03	82	2.370e-03
12118	1.090e+03	81	2.341e-03
12119	1.090e+03	76	2.197e-03
12120	1.090e+03	87	2.514e-03
12121	1.090e+03	94	2.717e-03
12122	1.090e+03	81	2.341e-03
12123	1.090e+03	97	2.803e-03
12124	1.090e+03	87	2.514e-03
12125	1.090e+03	93	2.688e-03
12126	1.090e+03	91	2.630e-03
12127	1.090e+03	96	2.775e-03
12128	1.090e+03	93	2.688e-03
12129	1.091e+03	105	3.035e-03
12130	1.091e+03	90	2.601e-03
12131	1.091e+03	86	2.486e-03
12132	1.091e+03	92	2.659e-03
12133	1.091e+03	77	2.225e-03
12134	1.091e+03	87	2.514e-03
12135	1.091e+03	96	2.775e-03
12136	1.091e+03	77	2.225e-03
12137	1.091e+03	71	2.052e-03
12138	1.091e+03	83	2.399e-03
12139	1.091e+03	62	1.792e-03
12140	1.092e+03	59	1.705e-03
12141	1.092e+03	54	1.561e-03
12142	1.092e+03	63	1.821e-03
12143	1.092e+03	69	1.994e-03
12144	1.092e+03	72	2.081e-03
12145	1.092e+03	71	2.052e-03
12146	1.092e+03	82	2.370e-03
12147	1.092e+03	50	1.445e-03
12148	1.092e+03	75	2.168e-03
12149	1.092e+03	61	1.763e-03
12150	1.092e+03	59	1.705e-03
12151	1.093e+03	49	1.416e-03
12152	1.093e+03	74	2.139e-03
12153	1.093e+03	72	2.081e-03
12154	1.093e+03	68	1.965e-03
12155	1.093e+03	60	1.734e-03
12156	1.093e+03	73	2.110e-03
12157	1.093e+03	51	1.474e-03
12158	1.093e+03	60	1.734e-03
12159	1.093e+03	51	1.474e-03
12160	1.093e+03	58	1.676e-03
12161	1.093e+03	64	1.850e-03
12162	1.094e+03	62	1.792e-03
12163	1.094e+03	62	1.792e-03
12164	1.094e+03	59	1.705e-03
12165	1.094e+03	57	1.647e-03
12166	1.094e+03	64	1.850e-03
12167	1.094e+03	52	1.503e-03
12168	1.094e+03	37	1.069e-03
12169	1.094e+03	57	1.647e-03
12170	1.094e+03	68	1.965e-03
12171	1.094e+03	58	1.676e-03
12172	1.094e+03	60	1.734e-03
12173	1.095e+03	69	1.994e-03
12174	1.095e+03	74	2.139e-03
12175	1.095e+03	63	1.821e-03
12176	1.095e+03	62	1.792e-03
12177	1.095e+03	53	1.532e-03
12178	1.095e+03	46	1.329e-03
12179	1.095e+03	54	1.561e-03
12180	1.095e+03	51	1.474e-03
12181	1.095e+03	46	1.329e-03
12182	1.095e+03	51	1.474e-03
12183	1.095e+03	46	1.329e-03
12184	1.095e+03	67	1.936e-03
12185	1.096e+03	58	1.676e-03
12186	1.096e+03	61	1.763e-03
12187	1.096e+03	63	1.821e-03
12188	1.096e+03	47	1.358e-03
12189	1.096e+03	64	1.850e-03
12190	1.096e+03	64	1.850e-03
12191	1.096e+03	53	1.532e-03
12192	1.096e+03	50	1.445e-03
12193	1.096e+03	45	1.301e-03
12194	1.096e+03	51	1.474e-03
12195	1.096e+03	46	1.329e-03
12196	1.097e+03	65	1.879e-03
12197	1.097e+03	37	1.069e-03
12198	1.097e+03	53	1.532e-03
12199	1.097e+03	61	1.763e-03
12200	1.097e+03	62	1.792e-03
12201	1.097e+03	49	1.416e-03
12202	1.097e+03	67	1.936e-03
12203	1.097e+03	56	1.619e-03
12204	1.097e+03	68	1.965e-03
12205	1.097e+03	60	1.734e-03
12206	1.097e+03	53	1.532e-03
12207	1.098e+03	57	1.647e-03
12208	1.098e+03	51	1.474e-03
12209	1.098e+03	57	1.647e-03
12210	1.098e+03	58	1.676e-03
12211	1.098e+03	62	1.792e-03
12212	1.098e+03	68	1.965e-03
12213	1.098e+03	41	1.185e-03
12214	1.098e+03	43	1.243e-03
12215	1.098e+03	52	1.503e-03
12216	1.098e+03	67	1.936e-03
12217	1.098e+03	68	1.965e-03
12218	1.099e+03	61	1.763e-03
12219	1.099e+03	66	1.908e-03
12220	1.099e+03	56	1.619e-03
12221	1.099e+03	70	2.023e-03
12222	1.099e+03	73	2.110e-03
12223	1.099e+03	55	1.590e-03
12224	1.099e+03	55	1.590e-03
12225	1.099e+03	51	1.474e-03
12226	1.099e+03	56	1.619e-03
12227	1.099e+03	42	1.214e-03
12228	1.099e+03	48	1.387e-03
12229	1.100e+03	49	1.416e-03
12230	1.100e+03	48	1.387e-03
12231	1.100e+03	44	1.272e-03
12232	1.100e+03	39	1.127e-03
12233	1.100e+03	52	1.503e-03
12234	1.100e+03	58	1.676e-03
12235	1.100e+03	62	1.792e-03
12236	1.100e+03	65	1.879e-03
12237	1.100e+03	41	1.185e-03
12238	1.100e+03	51	1.474e-03
12239	1.100e+03	50	1.445e-03
12240	1.101e+03	42	1.214e-03
12241	1.101e+03	62	1.792e-03
12242	1.101e+03	66	1.908e-03
12243	1.101e+03	62	1.792e-03
12244	1.101e+03	69	1.994e-03
12245	1.101e+03	62	1.792e-03
12246	1.101e+03	47	1.358e-03
12247	1.101e+03	52	1.503e-03
12248	1.101e+03	69	1.994e-03
12249	1.101e+03	50	1.445e-03
12250	1.101e+03	53	1.532e-03
12251	1.102e+03	44	1.272e-03
12252	1.102e+03	55	1.590e-03
12253	1.102e+03	61	1.763e-03
12254	1.102e+03	59	1.705e-03
12255	1.102e+03	62	1.792e-03
12256	1.102e+03	55	1.590e-03
12257	1.102e+03	48	1.387e-03
12258	1.102e+03	63	1.821e-03
12259	1.102e+03	63	1.821e-03
12260	1.102e+03	51	1.474e-03
12261	1.102e+03	67	1.936e-03
12262	1.103e+03	43	1.243e-03
12263	1.103e+03	52	1.503e-03
12264	1.103e+03	52	1.503e-03
12265	1.103e+03	56	1.619e-03
12266	1.103e+03	49	1.416e-03
12267	1.103e+03	63	1.821e-03
12268	1.103e+03	35	1.012e-03
12269	1.103e+03	50	1.445e-03
12270	1.103e+03	54	1.561e-03
12271	1.103e+03	54	1.561e-03
12272	1.103e+03	62	1.792e-03
12273	1.103e+03	53	1.532e-03
12274	1.104e+03	43	1.243e-03
12275	1.104e+03	59	1.705e-03
12276	1.104e+03	49	1.416e-03
12277	1.104e+03	57	1.647e-03
12278	1.104e+03	49	1.416e-03
12279	1.104e+03	42	1.214e-03
12280	1.104e+03	52	1.503e-03
12281	1.104e+03	54	1.561e-03
12282	1.104e+03	67	1.936e-03
12283	1.104e+03	65	1.879e-03
12284	1.104e+03	47	1.358e-03
12285	1.105e+03	50	1.445e-03
12286	1.105e+03	56	1.619e-03
12287	1.105e+03	41	1.185e-03
12288	1.105e+03	49	1.416e-03
12289	1.105e+03	44	1.272e-03
12290	1.105e+03	52	1.503e-03
12291	1.105e+03	44	1.272e-03
12292	1.105e+03	57	1.647e-03
12293	1.105e+03	56	1.619e-03
12294	1.105e+03	61	1.763e-03
12295	1.105e+03	55	1.590e-03
12296	1.106e+03	48	1.387e-03
12297	1.106e+03	59	1.705e-03
12298	1.106e+03	61	1.763e-03
12299	1.106e+03	32	9.249e-04
12300	1.106e+03	40	1.156e-03
12301	1.106e+03	59	1.705e-03
12302	1.106e+03	49	1.416e-03
12303	1.106e+03	44	1.272e-03
12304	1.106e+03	45	1.301e-03
12305	1.106e+03	46	1.329e-03
12306	1.106e+03	50	1.445e-03
12307	1.107e+03	42	1.214e-03
12308	1.107e+03	50	1.445e-03
12309	1.107e+03	63	1.821e-03
12310	1.107e+03	53	1.532e-03
12311	1.107e+03	39	1.127e-03
12312	1.107e+03	50	1.445e-03
12313	1.107e+03	43	1.243e-03
12314	1.107e+03	42	1.214e-03
12315	1.107e+03	58	1.676e-03
12316	1.107e+03	42	1.214e-03
12317	1.107e+03	51	1.474e-03
12318	1.108e+03	61	1.763e-03
12319	1.108e+03	43	1.243e-03
12320	1.108e+03	61	1.763e-03
12321	1.108e+03	50	1.445e-03
12322	1.108e+03	54	1.561e-03
12323	1.108e+03	44	1.272e-03
12324	1.108e+03	48	1.387e-03
12325	1.108e+03	56	1.619e-03
12326	1.108e+03	56	1.619e-03
12327	1.108e+03	38	1.098e-03
12328	1.108e+03	44	1.272e-03
12329	1.109e+03	51	1.474e-03
12330	1.109e+03	37	1.069e-03
12331	1.109e+03	58	1.676e-03
12332	1.109e+03	58	1.676e-03
12333	1.109e+03	55	1.590e-03
12334	1.109e+03	59	1.705e-03
12335	1.109e+03	66	1.908e-03
12336	1.109e+03	50	1.445e-03
12337	1.109e+03	53	1.532e-03
12338	1.109e+03	48	1.387e-03
12339	1.109e+03	42	1.214e-03
12340	1.110e+03	57	1.647e-03
12341	1.110e+03	67	1.936e-03
12342	1.110e+03	44	1.272e-03
12343	1.110e+03	41	1.185e-03
12344	1.110e+03	57	1.647e-03
12345	1.110e+03	52	1.503e-03
12346	1.110e+03	48	1.387e-03
12347	1.110e+03	51	1.474e-03
12348	1.110e+03	57	1.647e-03
12349	1.110e+03	49	1.416e-03
12350	1.110e+03	54	1.561e-03
12351	1.111e+03	64	1.850e-03
12352	1.111e+03	85	2.457e-03
12353	1.111e+03	58	1.676e-03
12354	1.111e+03	67	1.936e-03
12355	1.111e+03	71	2.052e-03
12356	1.111e+03	74	2.139e-03
12357	1.111e+03	64	1.850e-03
12358	1.111e+03	79	2.283e-03
12359	1.111e+03	90	2.601e-03
12360	1.111e+03	103	2.977e-03
12361	1.111e+03	86	2.486e-03
12362	1.112e+03	120	3.468e-03
12363	1.112e+03	148	4.277e-03
12364	1.112e+03	140	4.046e-03
12365	1.112e+03	166	4.798e-03
12366	1.112e+03	169	4.884e-03
12367	1.112e+03	206	5.954e-03
12368	1.112e+03	209	6.040e-03
12369	1.112e+03	222	6.416e-03
12370	1.112e+03	258	7.457e-03
12371	1.112e+03	283	8.179e-03
12372	1.112e+03	299	8.642e-03
12373	1.112e+03	292	8.439e-03
12374	1.113e+03	292	8.439e-03
12375	1.113e+03	317	9.162e-03
12376	1.113e+03	313	9.046e-03
12377	1.113e+03	322	9.306e-03
12378	1.113e+03	323	9.335e-03
12379	1.113e+03	311	8.988e-03
12380	1.113e+03	316	9.133e-03
12381	1.113e+03	265	7.659e-03
12382	1.113e+03	294	8.497e-03
12383	1.113e+03	261	7.543e-03
12384	1.113e+03	264	7.630e-03
12385	1.114e+03	208	6.012e-03
12386	1.114e+03	204	5.896e-03
12387	1.114e+03	181	5.231e-03
12388	1.114e+03	168	4.856e-03
12389	1.114e+03	170	4.913e-03
12390	1.114e+03	121	3.497e-03
12391	1.114e+03	109	3.150e-03
12392	1.114e+03	97	2.803e-03
12393	1.114e+03	103	2.977e-03
12394	1.114e+03	74	2.139e-03
12395	1.114e+03	82	2.370e-03
12396	1.115e+03	74	2.139e-03
12397	1.115e+03	81	2.341e-03
12398	1.115e+03	68	1.965e-03
12399	1.115e+03	54	1.561e-03
12400	1.115e+03	33	9.538e-04
12401	1.115e+03	41	1.185e-03
12402	1.115e+03	51	1.474e-03
12403	1.115e+03	68	1.965e-03
12404	1.115e+03	58	1.676e-03
12405	1.115e+03	61	1.763e-03
12406	1.115e+03	48	1.387e-03
12407	1.116e+03	42	1.214e-03
12408	1.116e+03	43	1.243e-03
12409	1.116e+03	66	1.908e-03
12410	1.116e+03	51	1.474e-03
12411	1.116e+03	42	1.214e-03
12412	1.116e+03	42	1.214e-03
12413	1.116e+03	38	1.098e-03
12414	1.116e+03	48	1.387e-03
12415	1.116e+03	47	1.358e-03
12416	1.116e+03	33	9.538e-04
12417	1.116e+03	49	1.416e-03
12418	1.117e+03	67	1.936e-03
12419	1.117e+03	55	1.590e-03
12420	1.117e+03	52	1.503e-03
12421	1.117e+03	40	1.156e-03
12422	1.117e+03	49	1.416e-03
12423	1.117e+03	32	9.249e-04
12424	1.117e+03	72	2.081e-03
12425	1.117e+03	48	1.387e-03
12426	1.117e+03	50	1.445e-03
12427	1.117e+03	50	1.445e-03
12428	1.117e+03	66	1.908e-03
12429	1.118e+03	51	1.474e-03
12430	1.118e+03	41	1.185e-03
12431	1.118e+03	62	1.792e-03
12432	1.118e+03	56	1.619e-03
12433	1.118e+03	67	1.936e-03
12434	1.118e+03	46	1.329e-03
12435	1.118e+03	57	1.647e-03
12436	1.118e+03	62	1.792e-03
12437	1.118e+03	74	2.139e-03
12438	1.118e+03	57	1.647e-03
12439	1.118e+03	49	1.416e-03
12440	1.119e+03	59	1.705e-03
12441	1.119e+03	59	1.705e-03
12442	1.119e+03	76	2.197e-03
12443	1.119e+03	67	1.936e-03
12444	1.119e+03	67	1.936e-03
12445	1.119e+03	83	2.399e-03
12446	1.119e+03	81	2.341e-03
12447	1.119e+03	65	1.879e-03
12448	1.119e+03	58	1.676e-03
12449	1.119e+03	59	1.705e-03
12450	1.119e+03	68	1.965e-03
12451	1.120e+03	59	1.705e-03
12452	1.120e+03	67	1.936e-03
12453	1.120e+03	67	1.936e-03
12454	1.120e+03	55	1.590e-03
12455	1.120e+03	54	1.561e-03
12456	1.120e+03	55	1.590e-03
12457	1.120e+03	46	1.329e-03
12458	1.120e+03	45	1.301e-03
12459	1.120e+03	51	1.474e-03
12460	1.120e+03	43	1.243e-03
12461	1.120e+03	42	1.214e-03
12462	1.120e+03	35	1.012e-03
12463	1.121e+03	47	1.358e-03
12464	1.121e+03	61	1.763e-03
12465	1.121e+03	39	1.127e-03
12466	1.121e+03	40	1.156e-03
12467	1.121e+03	44	1.272e-03
12468	1.121e+03	29	8.382e-04
12469	1.121e+03	53	1.532e-03
12470	1.121e+03	40	1.156e-03
12471	1.121e+03	44	1.272e-03
12472	1.121e+03	61	1.763e-03
12473	1.121e+03	48	1.387e-03
12474	1.122e+03	44	1.272e-03
12475	1.122e+03	34	9.827e-04
12476	1.122e+03	32	9.249e-04
12477	1.122e+03	40	1.156e-03
12478	1.122e+03	35	1.012e-03
12479	1.122e+03	35	1.012e-03
12480	1.122e+03	39	1.127e-03
12481	1.122e+03	58	1.676e-03
12482	1.122e+03	27	7.804e-04
12483	1.122e+03	55	1.590e-03
12484	1.122e+03	43	1.243e-03
12485	1.123e+03	45	1.301e-03
12486	1.123e+03	45	1.301e-03
12487	1.123e+03	50	1.445e-03
12488	1.123e+03	42	1.214e-03
12489	1.123e+03	38	1.098e-03
12490	1.123e+03	40	1.156e-03
12491	1.123e+03	44	1.272e-03
12492	1.123e+03	49	1.416e-03
12493	1.123e+03	47	1.358e-03
12494	1.123e+03	47	1.358e-03
12495	1.123e+03	55	1.590e-03
12496	1.124e+03	49	1.416e-03
12497	1.124e+03	31	8.960e-04
12498	1.124e+03	42	1.214e-03
12499	1.124e+03	40	1.156e-03
12500	1.124e+03	53	1.532e-03
12501	1.124e+03	39	1.127e-03
12502	1.124e+03	47	1.358e-03
12503	1.124e+03	43	1.243e-03
12504	1.124e+03	42	1.214e-03
12505	1.124e+03	29	8.382e-04
12506	1.124e+03	45	1.301e-03
12507	1.125e+03	45	1.301e-03
12508	1.125e+03	38	1.098e-03
12509	1.125e+03	51	1.474e-03
12510	1.125e+03	44	1.272e-03
12511	1.125e+03	27	7.804e-04
12512	1.125e+03	40	1.156e-03
12513	1.125e+03	43	1.243e-03
12514	1.125e+03	37	1.069e-03
12515	1.125e+03	45	1.301e-03
12516	1.125e+03	29	8.382e-04
12517	1.125e+03	54	1.561e-03
12518	1.126e+03	45	1.301e-03
12519	1.126e+03	40	1.156e-03
12520	1.126e+03	41	1.185e-03
12521	1.126e+03	40	1.156e-03
12522	1.126e+03	43	1.243e-03
12523	1.126e+03	55	1.590e-03
12524	1.126e+03	41	1.185e-03
12525	1.126e+03	42	1.214e-03
12526	1.126e+03	36	1.040e-03
12527	1.126e+03	52	1.503e-03
12528	1.126e+03	44	1.272e-03
12529	1.127e+03	37	1.069e-03
12530	1.127e+03	47	1.358e-03
12531	1.127e+03	41	1.185e-03
12532	1.127e+03	44	1.272e-03
12533	1.127e+03	30	8.671e-04
12534	1.127e+03	38	1.098e-03
12535	1.127e+03	44	1.272e-03
12536	1.127e+03	39	1.127e-03
12537	1.127e+03	44	1.272e-03
12538	1.127e+03	43	1.243e-03
12539	1.127e+03	51	1.474e-03
12540	1.128e+03	38	1.098e-03
12541	1.128e+03	58	1.676e-03
12542	1.128e+03	50	1.445e-03
12543	1.128e+03	53	1.532e-03
12544	1.128e+03	54	1.561e-03
12545	1.128e+03	77	2.225e-03
12546	1.128e+03	79	2.283e-03
12547	1.128e+03	79	2.283e-03
12548	1.128e+03	63	1.821e-03
12549	1.128e+03	75	2.168e-03
12550	1.128e+03	82	2.370e-03
12551	1.128e+03	96	2.775e-03
12552	1.129e+03	94	2.717e-03
12553	1.129e+03	100	2.890e-03
12554	1.129e+03	85	2.457e-03
12555	1.129e+03	106	3.064e-03
12556	1.129e+03	116	3.353e-03
12557	1.129e+03	118	3.410e-03
12558	1.129e+03	120	3.468e-03
12559	1.129e+03	126	3.642e-03
12560	1.129e+03	114	3.295e-03
12561	1.129e+03	103	2.977e-03
12562	1.129e+03	88	2.543e-03
12563	1.130e+03	93	2.688e-03
12564	1.130e+03	95	2.746e-03
12565	1.130e+03	109	3.150e-03
12566	1.130e+03	99	2.861e-03
12567	1.130e+03	86	2.486e-03
12568	1.130e+03	88	2.543e-03
12569	1.130e+03	65	1.879e-03
12570	1.130e+03	88	2.543e-03
12571	1.130e+03	64	1.850e-03
12572	1.130e+03	55	1.590e-03
12573	1.130e+03	62	1.792e-03
12574	1.131e+03	51	1.474e-03
12575	1.131e+03	55	1.590e-03
12576	1.131e+03	44	1.272e-03
12577	1.131e+03	59	1.705e-03
12578	1.131e+03	54	1.561e-03
12579	1.131e+03	48	1.387e-03
12580	1.131e+03	51	1.474e-03
12581	1.131e+03	35	1.012e-03
12582	1.131e+03	52	1.503e-03
12583	1.131e+03	44	1.272e-03
12584	1.131e+03	41	1.185e-03
12585	1.132e+03	35	1.012e-03
12586	1.132e+03	34	9.827e-04
12587	1.132e+03	45	1.301e-03
12588	1.132e+03	35	1.012e-03
12589	1.132e+03	33	9.538e-04
12590	1.132e+03	38	1.098e-03
12591	1.132e+03	45	1.301e-03
12592	1.132e+03	30	8.671e-04
12593	1.132e+03	35	1.012e-03
12594	1.132e+03	40	1.156e-03
12595	1.132e+03	29	8.382e-04
12596	1.133e+03	38	1.098e-03
12597	1.133e+03	52	1.503e-03
12598	1.133e+03	29	8.382e-04
12599	1.133e+03	47	1.358e-03
12600	1.133e+03	37	1.069e-03
12601	1.133e+03	32	9.249e-04
12602	1.133e+03	36	1.040e-03
12603	1.133e+03	36	1.040e-03
12604	1.133e+03	45	1.301e-03
12605	1.133e+03	35	1.012e-03
12606	1.133e+03	33	9.538e-04
12607	1.134e+03	47	1.358e-03
12608	1.134e+03	39	1.127e-03
12609	1.134e+03	35	1.012e-03
12610	1.134e+03	37	1.069e-03
12611	1.134e+03	46	1.329e-03
12612	1.134e+03	37	1.069e-03
12613	1.134e+03	43	1.243e-03
12614	1.134e+03	29	8.382e-04
12615	1.134e+03	37	1.069e-03
12616	1.134e+03	45	1.301e-03
12617	1.134e+03	39	1.127e-03
12618	1.135e+03	27	7.804e-04
12619	1.135e+03	30	8.671e-04
12620	1.135e+03	31	8.960e-04
12621	1.135e+03	33	9.538e-04
12622	1.135e+03	31	8.960e-04
12623	1.135e+03	30	8.671e-04
12624	1.135e+03	52	1.503e-03
12625	1.135e+03	25	7.225e-04
12626	1.135e+03	40	1.156e-03
12627	1.135e+03	35	1.012e-03
12628	1.135e+03	33	9.538e-04
12629	1.136e+03	42	1.214e-03
12630	1.136e+03	38	1.098e-03
12631	1.136e+03	33	9.538e-04
12632	1.136e+03	37	1.069e-03
12633	1.136e+03	39	1.127e-03
12634	1.136e+03	43	1.243e-03
12635	1.136e+03	36	1.040e-03
12636	1.136e+03	51	1.474e-03
12637	1.136e+03	39	1.127e-03
12638	1.136e+03	34	9.827e-04
12639	1.136e+03	32	9.249e-04
12640	1.136e+03	33	9.538e-04
12641	1.137e+03	38	1.098e-03
12642	1.137e+03	41	1.185e-03
12643	1.137e+03	35	1.012e-03
12644	1.137e+03	40	1.156e-03
12645	1.137e+03	29	8.382e-04
12646	1.137e+03	30	8.671e-04
12647	1.137e+03	35	1.012e-03
12648	1.137e+03	52	1.503e-03
12649	1.137e+03	38	1.098e-03
12650	1.137e+03	38	1.098e-03
12651	1.137e+03	34	9.827e-04
12652	1.138e+03	33	9.538e-04
12653	1.138e+03	48	1.387e-03
12654	1.138e+03	39	1.127e-03
12655	1.138e+03	31	8.960e-04
12656	1.138e+03	35	1.012e-03
12657	1.138e+03	21	6.069e-04
12658	1.138e+03	39	1.127e-03
12659	1.138e+03	33	9.538e-04
12660	1.138e+03	36	1.040e-03
12661	1.138e+03	32	9.249e-04
12662	1.138e+03	33	9.538e-04
12663	1.139e+03	34	9.827e-04
12664	1.139e+03	41	1.185e-03
12665	1.139e+03	38	1.098e-03
12666	1.139e+03	47	1.358e-03
12667	1.139e+03	47	1.358e-03
12668	1.139e+03	32	9.249e-04
12669	1.139e+03	30	8.671e-04
12670	1.139e+03	36	1.040e-03
12671	1.139e+03	29	8.382e-04
12672	1.139e+03	34	9.827e-04
12673	1.139e+03	39	1.127e-03
12674	1.140e+03	34	9.827e-04
12675	1.140e+03	49	1.416e-03
12676	1.140e+03	34	9.827e-04
12677	1.140e+03	36	1.040e-03
12678	1.140e+03	47	1.358e-03
12679	1.140e+03	42	1.214e-03
12680	1.140e+03	37	1.069e-03
12681	1.140e+03	67	1.936e-03
12682	1.140e+03	46	1.329e-03
12683	1.140e+03	44	1.272e-03
12684	1.140e+03	49	1.416e-03
12685	1.141e+03	75	2.168e-03
12686	1.141e+03	56	1.619e-03
12687	1.141e+03	77	2.225e-03
12688	1.141e+03	81	2.341e-03
12689	1.141e+03	98	2.832e-03
12690	1.141e+03	86	2.486e-03
12691	1.141e+03	75	2.168e-03
12692	1.141e+03	95	2.746e-03
12693	1.141e+03	90	2.601e-03
12694	1.141e+03	91	2.630e-03
12695	1.141e+03	85	2.457e-03
12696	1.142e+03	80	2.312e-03
12697	1.142e+03	90	2.601e-03
12698	1.142e+03	92	2.659e-03
12699	1.142e+03	77	2.225e-03
12700	1.142e+03	72	2.081e-03
12701	1.142e+03	71	2.052e-03
12702	1.142e+03	70	2.023e-03
12703	1.142e+03	86	2.486e-03
12704	1.142e+03	61	1.763e-03
12705	1.142e+03	69	1.994e-03
12706	1.142e+03	69	1.994e-03
12707	1.143e+03	51	1.474e-03
12708	1.143e+03	46	1.329e-03
12709	1.143e+03	51	1.474e-03
12710	1.143e+03	50	1.445e-03
12711	1.143e+03	40	1.156e-03
12712	1.143e+03	49	1.416e-03
12713	1.143e+03	46	1.329e-03
12714	1.143e+03	46	1.329e-03
12715	1.143e+03	35	1.012e-03
12716	1.143e+03	40	1.156e-03
12717	1.143e+03	37	1.069e-03
12718	1.144e+03	47	1.358e-03
12719	1.144e+03	30	8.671e-04
12720	1.144e+03	30	8.671e-04
12721	1.144e+03	36	1.040e-03
12722	1.144e+03	30	8.671e-04
12723	1.144e+03	28	8.093e-04
12724	1.144e+03	29	8.382e-04
12725	1.144e+03	38	1.098e-03
12726	1.144e+03	25	7.225e-04
12727	1.144e+03	27	7.804e-04
12728	1.144e+03	28	8.093e-04
12729	1.145e+03	24	6.936e-04
12730	1.145e+03	31	8.960e-04
12731	1.145e+03	33	9.538e-04
12732	1.145e+03	35	1.012e-03
12733	1.145e+03	38	1.098e-03
12734	1.145e+03	26	7.514e-04
12735	1.145e+03	39	1.127e-03
12736	1.145e+03	36	1.040e-03
12737	1.145e+03	20	5.780e-04
12738	1.145e+03	37	1.069e-03
12739	1.145e+03	24	6.936e-04
12740	1.145e+03	22	6.358e-04
12741	1.146e+03	32	9.249e-04
12742	1.146e+03	31	8.960e-04
12743	1.146e+03	28	8.093e-04
12744	1.146e+03	42	1.214e-03
12745	1.146e+03	42	1.214e-03
12746	1.146e+03	34	9.827e-04
12747	1.146e+03	29	8.382e-04
12748	1.146e+03	28	8.093e-04
12749	1.146e+03	26	7.514e-04
12750	1.146e+03	40	1.156e-03
12751	1.146e+03	35	1.012e-03
12752	1.147e+03	25	7.225e-04
12753	1.147e+03	41	1.185e-03
12754	1.147e+03	18	5.202e-04
12755	1.147e+03	29	8.382e-04
12756	1.147e+03	36	1.040e-03
12757	1.147e+03	33	9.538e-04
12758	1.147e+03	16	4.624e-04
12759	1.147e+03	21	6.069e-04
12760	1.147e+03	24	6.936e-04
12761	1.147e+03	31	8.960e-04
12762	1.147e+03	36	1.040e-03
12763	1.148e+03	24	6.936e-04
12764	1.148e+03	26	7.514e-04
12765	1.148e+03	40	1.156e-03
12766	1.148e+03	27	7.804e-04
12767	1.148e+03	22	6.358e-04
12768	1.148e+03	23	6.647e-04
12769	1.148e+03	37	1.069e-03
12770	1.148e+03	34	9.827e-04
12771	1.148e+03	18	5.202e-04
12772	1.148e+03	32	9.249e-04
12773	1.148e+03	31	8.960e-04
12774	1.149e+03	28	8.093e-04
12775	1.149e+03	37	1.069e-03
12776	1.149e+03	30	8.671e-04
12777	1.149e+03	36	1.040e-03
12778	1.149e+03	28	8.093e-04
12779	1.149e+03	21	6.069e-04
12780	1.149e+03	27	7.804e-04
12781	1.149e+03	25	7.225e-04
12782	1.149e+03	24	6.936e-04
12783	1.149e+03	29	8.382e-04
12784	1.149e+03	21	6.069e-04
12785	1.150e+03	26	7.514e-04
12786	1.150e+03	26	7.514e-04
12787	1.150e+03	39	1.127e-03
12788	1.150e+03	27	7.804e-04
12789	1.150e+03	47	1.358e-03
12790	1.150e+03	37	1.069e-03
12791	1.150e+03	39	1.127e-03
12792	1.150e+03	25	7.225e-04
12793	1.150e+03	36	1.040e-03
12794	1.150e+03	23	6.647e-04
12795	1.150e+03	25	7.225e-04
12796	1.151e+03	28	8.093e-04
12797	1.151e+03	31	8.960e-04
12798	1.151e+03	35	1.012e-03
12799	1.151e+03	25	7.225e-04
12800	1.151e+03	14	4.046e-04
12801	1.151e+03	34	9.827e-04
12802	1.151e+03	23	6.647e-04
12803	1.151e+03	27	7.804e-04
12804	1.151e+03	31	8.960e-04
12805	1.151e+03	30	8.671e-04
12806	1.151e+03	23	6.647e-04
12807	1.152e+03	42	1.214e-03
12808	1.152e+03	16	4.624e-04
12809	1.152e+03	35	1.012e-03
12810	1.152e+03	43	1.243e-03
12811	1.152e+03	40	1.156e-03
12812	1.152e+03	28	8.093e-04
12813	1.152e+03	33	9.538e-04
12814	1.152e+03	35	1.012e-03
12815	1.152e+03	35	1.012e-03
12816	1.152e+03	30	8.671e-04
12817	1.152e+03	38	1.098e-03
12818	1.153e+03	35	1.012e-03
12819	1.153e+03	34	9.827e-04
12820	1.153e+03	36	1.040e-03
12821	1.153e+03	26	7.514e-04
12822	1.153e+03	23	6.647e-04
12823	1.153e+03	33	9.538e-04
12824	1.153e+03	22	6.358e-04
12825	1.153e+03	26	7.514e-04
12826	1.153e+03	34	9.827e-04
12827	1.153e+03	26	7.514e-04
12828	1.153e+03	28	8.093e-04
12829	1.153e+03	25	7.225e-04
12830	1.154e+03	36	1.040e-03
12831	1.154e+03	37	1.069e-03
12832	1.154e+03	22	6.358e-04
12833	1.154e+03	32	9.249e-04
12834	1.154e+03	24	6.936e-04
12835	1.154e+03	19	5.491e-04
12836	1.154e+03	18	5.202e-04
12837	1.154e+03	23	6.647e-04
12838	1.154e+03	21	6.069e-04
12839	1.154e+03	12	3.468e-04
12840	1.154e+03	14	4.046e-04
12841	1.155e+03	7	2.023e-04
12842	1.155e+03	27	7.804e-04
12843	1.155e+03	33	9.538e-04
12844	1.155e+03	30	8.671e-04
12845	1.155e+03	25	7.225e-04
12846	1.155e+03	22	6.358e-04
12847	1.155e+03	22	6.358e-04
12848	1.155e+03	20	5.780e-04
12849	1.155e+03	21	6.069e-04
12850	1.155e+03	20	5.780e-04
12851	1.155e+03	29	8.382e-04
12852	1.156e+03	35	1.012e-03
12853	1.156e+03	33	9.538e-04
12854	1.156e+03	15	4.335e-04
12855	1.156e+03	33	9.538e-04
12856	1.156e+03	19	5.491e-04
12857	1.156e+03	16	4.624e-04
12858	1.156e+03	20	5.780e-04
12859	1.156e+03	29	8.382e-04
12860	1.156e+03	21	6.069e-04
12861	1.156e+03	16	4.624e-04
12862	1.156e+03	22	6.358e-04
12863	1.157e+03	10	2.890e-04
12864	1.157e+03	27	7.804e-04
12865	1.157e+03	22	6.358e-04
12866	1.157e+03	24	6.936e-04
12867	1.157e+03	25	7.225e-04
12868	1.157e+03	21	6.069e-04
12869	1.157e+03	34	9.827e-04
12870	1.157e+03	29	8.382e-04
12871	1.157e+03	23	6.647e-04
12872	1.157e+03	25	7.225e-04
12873	1.157e+03	25	7.225e-04
12874	1.158e+03	26	7.514e-04
12875	1.158e+03	17	4.913e-04
12876	1.158e+03	23	6.647e-04
12877	1.158e+03	32	9.249e-04
12878	1.158e+03	24	6.936e-04
12879	1.158e+03	25	7.225e-04
12880	1.158e+03	15	4.335e-04
12881	1.158e+03	26	7.514e-04
12882	1.158e+03	12	3.468e-04
12883	1.158e+03	17	4.913e-04
12884	1.158e+03	12	3.468e-04
12885	1.159e+03	22	6.358e-04
12886	1.159e+03	14	4.046e-04
12887	1.159e+03	18	5.202e-04
12888	1.159e+03	19	5.491e-04
12889	1.159e+03	20	5.780e-04
12890	1.159e+03	22	6.358e-04
12891	1.159e+03	24	6.936e-04
12892	1.159e+03	25	7.225e-04
12893	1.159e+03	20	5.780e-04
12894	1.159e+03	30	8.671e-04
12895	1.159e+03	22	6.358e-04
12896	1.160e+03	27	7.804e-04
12897	1.160e+03	25	7.225e-04
12898	1.160e+03	40	1.156e-03
12899	1.160e+03	20	5.780e-04
12900	1.160e+03	22	6.358e-04
12901	1.160e+03	18	5.202e-04
12902	1.160e+03	30	8.671e-04
12903	1.160e+03	38	1.098e-03
12904	1.160e+03	29	8.382e-04
12905	1.160e+03	35	1.012e-03
12906	1.160e+03	34	9.827e-04
12907	1.161e+03	30	8.671e-04
12908	1.161e+03	41	1.185e-03
12909	1.161e+03	41	1.185e-03
12910	1.161e+03	36	1.040e-03
12911	1.161e+03	36	1.040e-03
12912	1.161e+03	43	1.243e-03
12913	1.161e+03	32	9.249e-04
12914	1.161e+03	32	9.249e-04
12915	1.161e+03	43	1.243e-03
12916	1.161e+03	38	1.098e-03
12917	1.161e+03	26	7.514e-04
12918	1.161e+03	30	8.671e-04
12919	1.162e+03	32	9.249e-04
12920	1.162e+03	31	8.960e-04
12921	1.162e+03	43	1.243e-03
12922	1.162e+03	24	6.936e-04
12923	1.162e+03	35	1.012e-03
12924	1.162e+03	39	1.127e-03
12925	1.162e+03	17	4.913e-04
12926	1.162e+03	23	6.647e-04
12927	1.162e+03	18	5.202e-04
12928	1.162e+03	22	6.358e-04
12929	1.162e+03	23	6.647e-04
12930	1.163e+03	25	7.225e-04
12931	1.163e+03	27	7.804e-04
12932	1.163e+03	24	6.936e-04
12933	1.163e+03	15	4.335e-04
12934	1.163e+03	16	4.624e-04
12935	1.163e+03	23	6.647e-04
12936	1.163e+03	26	7.514e-04
12937	1.163e+03	35	1.012e-03
12938	1.163e+03	15	4.335e-04
12939	1.163e+03	23	6.647e-04
12940	1.163e+03	29	8.382e-04
12941	1.164e+03	27	7.804e-04
12942	1.164e+03	21	6.069e-04
12943	1.164e+03	15	4.335e-04
12944	1.164e+03	18	5.202e-04
12945	1.164e+03	37	1.069e-03
12946	1.164e+03	13	3.757e-04
12947	1.164e+03	27	7.804e-04
12948	1.164e+03	29	8.382e-04
12949	1.164e+03	27	7.804e-04
12950	1.164e+03	18	5.202e-04
12951	1.164e+03	25	7.225e-04
12952	1.165e+03	20	5.780e-04
12953	1.165e+03	20	5.780e-04
12954	1.165e+03	25	7.225e-04
12955	1.165e+03	28	8.093e-04
12956	1.165e+03	10	2.890e-04
12957	1.165e+03	27	7.804e-04
12958	1.165e+03	29	8.382e-04
12959	1.165e+03	11	3.179e-04
12960	1.165e+03	19	5.491e-04
12961	1.165e+03	31	8.960e-04
12962	1.165e+03	22	6.358e-04
12963	1.166e+03	42	1.214e-03
12964	1.166e+03	23	6.647e-04
12965	1.166e+03	15	4.335e-04
12966	1.166e+03	24	6.936e-04
12967	1.166e+03	16	4.624e-04
12968	1.166e+03	18	5.202e-04
12969	1.166e+03	19	5.491e-04
12970	1.166e+03	20	5.780e-04
12971	1.166e+03	20	5.780e-04
12972	1.166e+03	24	6.936e-04
12973	1.166e+03	19	5.491e-04
12974	1.167e+03	8	2.312e-04
12975	1.167e+03	21	6.069e-04
12976	1.167e+03	20	5.780e-04
12977	1.167e+03	22	6.358e-04
12978	1.167e+03	21	6.069e-04
12979	1.167e+03	26	7.514e-04
12980	1.167e+03	16	4.624e-04
12981	1.167e+03	24	6.936e-04
12982	1.167e+03	26	7.514e-04
12983	1.167e+03	18	5.202e-04
12984	1.167e+03	18	5.202e-04
12985	1.168e+03	27	7.804e-04
12986	1.168e+03	21	6.069e-04
12987	1.168e+03	16	4.624e-04
12988	1.168e+03	23	6.647e-04
12989	1.168e+03	26	7.514e-04
12990	1.168e+03	25	7.225e-04
12991	1.168e+03	19	5.491e-04
12992	1.168e+03	6	1.734e-04
12993	1.168e+03	21	6.069e-04
12994	1.168e+03	23	6.647e-04
12995	1.168e+03	24	6.936e-04
12996	1.169e+03	21	6.069e-04
12997	1.169e+03	25	7.225e-04
12998	1.169e+03	26	7.514e-04
12999	1.169e+03	12	3.468e-04
13000	1.169e+03	26	7.514e-04
13001	1.169e+03	16	4.624e-04
13002	1.169e+03	12	3.468e-04
13003	1.169e+03	22	6.358e-04
13004	1.169e+03	16	4.624e-04
13005	1.169e+03	27	7.804e-04
13006	1.169e+03	15	4.335e-04
13007	1.169e+03	16	4.624e-04
13008	1.170e+03	19	5.491e-04
13009	1.170e+03	19	5.491e-04
13010	1.170e+03	19	5.491e-04
13011	1.170e+03	10	2.890e-04
13012	1.170e+03	22	6.358e-04
13013	1.170e+03	22	6.358e-04
13014	1.170e+03	23	6.647e-04
13015	1.170e+03	13	3.757e-04
13016	1.170e+03	20	5.780e-04
13017	1.170e+03	17	4.913e-04
13018	1.170e+03	17	4.913e-04
13019	1.171e+03	26	7.514e-04
13020	1.171e+03	20	5.780e-04
13021	1.171e+03	11	3.179e-04
13022	1.171e+03	19	5.491e-04
13023	1.171e+03	21	6.069e-04
13024	1.171e+03	25	7.225e-04
13025	1.171e+03	6	1.734e-04
13026	1.171e+03	23	6.647e-04
13027	1.171e+03	16	4.624e-04
13028	1.171e+03	17	4.913e-04
13029	1.171e+03	26	7.514e-04
13030	1.172e+03	16	4.624e-04
13031	1.172e+03	16	4.624e-04
13032	1.172e+03	13	3.757e-04
13033	1.172e+03	18	5.202e-04
13034	1.172e+03	23	6.647e-04
13035	1.172e+03	13	3.757e-04
13036	1.172e+03	26	7.514e-04
13037	1.172e+03	15	4.335e-04
13038	1.172e+03	13	3.757e-04
13039	1.172e+03	23	6.647e-04
13040	1.172e+03	23	6.647e-04
13041	1.173e+03	24	6.936e-04
13042	1.173e+03	18	5.202e-04
13043	1.173e+03	17	4.913e-04
13044	1.173e+03	28	8.093e-04
13045	1.173e+03	25	7.225e-04
13046	1.173e+03	19	5.491e-04
13047	1.173e+03	19	5.491e-04
13048	1.173e+03	31	8.960e-04
13049	1.173e+03	16	4.624e-04
13050	1.173e+03	30	8.671e-04
13051	1.173e+03	17	4.913e-04
13052	1.174e+03	9	2.601e-04
13053	1.174e+03	17	4.913e-04
13054	1.174e+03	9	2.601e-04
13055	1.174e+03	9	2.601e-04
13056	1.174e+03	19	5.491e-04
13057	1.174e+03	26	7.514e-04
13058	1.174e+03	16	4.624e-04
13059	1.174e+03	10	2.890e-04
13060	1.174e+03	15	4.335e-04
13061	1.174e+03	11	3.179e-04
13062	1.174e+03	16	4.624e-04
13063	1.175e+03	22	6.358e-04
13064	1.175e+03	25	7.225e-04
13065	1.175e+03	14	4.046e-04
13066	1.175e+03	9	2.601e-04
13067	1.175e+03	16	4.624e-04
13068	1.175e+03	21	6.069e-04
13069	1.175e+03	16	4.624e-04
13070	1.175e+03	24	6.936e-04
13071	1.175e+03	16	4.624e-04
13072	1.175e+03	16	4.624e-04
13073	1.175e+03	30	8.671e-04
13074	1.176e+03	14	4.046e-04
13075	1.176e+03	20	5.780e-04
13076	1.176e+03	31	8.960e-04
13077	1.176e+03	8	2.312e-04
13078	1.176e+03	25	7.225e-04
13079	1.176e+03	20	5.780e-04
13080	1.176e+03	16	4.624e-04
13081	1.176e+03	24	6.936e-04
13082	1.176e+03	15	4.335e-04
13083	1.176e+03	13	3.757e-04
13084	1.176e+03	27	7.804e-04
13085	1.177e+03	20	5.780e-04
13086	1.177e+03	17	4.913e-04
13087	1.177e+03	20	5.780e-04
13088	1.177e+03	5	1.445e-04
13089	1.177e+03	16	4.624e-04
13090	1.177e+03	22	6.358e-04
13091	1.177e+03	12	3.468e-04
13092	1.177e+03	11	3.179e-04
13093	1.177e+03	12	3.468e-04
13094	1.177e+03	27	7.804e-04
13095	1.177e+03	16	4.624e-04
13096	1.178e+03	8	2.312e-04
13097	1.178e+03	13	3.757e-04
13098	1.178e+03	24	6.936e-04
13099	1.178e+03	18	5.202e-04
13100	1.178e+03	19	5.491e-04
13101	1.178e+03	9	2.601e-04
13102	1.178e+03	19	5.491e-04
13103	1.178e+03	21	6.069e-04
13104	1.178e+03	15	4.335e-04
13105	1.178e+03	21	6.069e-04
13106	1.178e+03	17	4.913e-04
13107	1.178e+03	12	3.468e-04
13108	1.179e+03	18	5.202e-04
13109	1.179e+03	13	3.757e-04
13110	1.179e+03	14	4.046e-04
13111	1.179e+03	8	2.312e-04
13112	1.179e+03	23	6.647e-04
13113	1.179e+03	21	6.069e-04
13114	1.179e+03	15	4.335e-04
13115	1.179e+03	10	2.890e-04
13116	1.179e+03	9	2.601e-04
13117	1.179e+03	16	4.624e-04
13118	1.179e+03	16	4.624e-04
13119	1.180e+03	30	8.671e-04
13120	1.180e+03	12	3.468e-04
13121	1.180e+03	20	5.780e-04
13122	1.180e+03	25	7.225e-04
13123	1.180e+03	15	4.335e-04
13124	1.180e+03	30	8.671e-04
13125	1.180e+03	20	5.780e-04
13126	1.180e+03	23	6.647e-04
13127	1.180e+03	17	4.913e-04
13128	1.180e+03	17	4.913e-04
13129	1.180e+03	17	4.913e-04
13130	1.181e+03	17	4.913e-04
13131	1.181e+03	16	4.624e-04
13132	1.181e+03	14	4.046e-04
13133	1.181e+03	18	5.202e-04
13134	1.181e+03	6	1.734e-04
13135	1.181e+03	9	2.601e-04
13136	1.181e+03	24	6.936e-04
13137	1.181e+03	17	4.913e-04
13138	1.181e+03	5	1.445e-04
13139	1.181e+03	14	4.046e-04
13140	1.181e+03	14	4.046e-04
13141	1.182e+03	24	6.936e-04
13142	1.182e+03	17	4.913e-04
13143	1.182e+03	26	7.514e-04
13144	1.182e+03	14	4.046e-04
13145	1.182e+03	16	4.624e-04
13146	1.182e+03	9	2.601e-04
13147	1.182e+03	12	3.468e-04
13148	1.182e+03	19	5.491e-04
13149	1.182e+03	14	4.046e-04
13150	1.182e+03	28	8.093e-04
13151	1.182e+03	4	1.156e-04
13152	1.183e+03	23	6.647e-04
13153	1.183e+03	22	6.358e-04
13154	1.183e+03	26	7.514e-04
13155	1.183e+03	16	4.624e-04
13156	1.183e+03	7	2.023e-04
13157	1.183e+03	21	6.069e-04
13158	1.183e+03	18	5.202e-04
13159	1.183e+03	14	4.046e-04
13160	1.183e+03	13	3.757e-04
13161	1.183e+03	11	3.179e-04
13162	1.183e+03	10	2.890e-04
13163	1.184e+03	9	2.601e-04
13164	1.184e+03	21	6.069e-04
13165	1.184e+03	21	6.069e-04
13166	1.184e+03	17	4.913e-04
13167	1.184e+03	25	7.225e-04
13168	1.184e+03	7	2.023e-04
13169	1.184e+03	9	2.601e-04
13170	1.184e+03	20	5.780e-04
13171	1.184e+03	16	4.624e-04
13172	1.184e+03	26	7.514e-04
13173	1.184e+03	16	4.624e-04
13174	1.185e+03	16	4.624e-04
13175	1.185e+03	21	6.069e-04
13176	1.185e+03	20	5.780e-04
13177	1.185e+03	14	4.046e-04
13178	1.185e+03	27	7.804e-04
13179	1.185e+03	5	1.445e-04
13180	1.185e+03	14	4.046e-04
13181	1.185e+03	20	5.780e-04
13182	1.185e+03	18	5.202e-04
13183	1.185e+03	16	4.624e-04
13184	1.185e+03	15	4.335e-04
13185	1.186e+03	18	5.202e-04
13186	1.186e+03	20	5.780e-04
13187	1.186e+03	18	5.202e-04
13188	1.186e+03	18	5.202e-04
13189	1.186e+03	23	6.647e-04
13190	1.186e+03	21	6.069e-04
13191	1.186e+03	16	4.624e-04
13192	1.186e+03	3	8.671e-05
13193	1.186e+03	11	3.179e-04
13194	1.186e+03	12	3.468e-04
13195	1.186e+03	20	5.780e-04
13196	1.186e+03	17	4.913e-04
13197	1.187e+03	16	4.624e-04
13198	1.187e+03	16	4.624e-04
13199	1.187e+03	13	3.757e-04
13200	1.187e+03	27	7.804e-04
13201	1.187e+03	21	6.069e-04
13202	1.187e+03	25	7.225e-04
13203	1.187e+03	22	6.358e-04
13204	1.187e+03	11	3.179e-04
13205	1.187e+03	12	3.468e-04
13206	1.187e+03	13	3.757e-04
13207	1.187e+03	8	2.312e-04
13208	1.188e+03	20	5.780e-04
13209	1.188e+03	24	6.936e-04
13210	1.188e+03	14	4.046e-04
13211	1.188e+03	21	6.069e-04
13212	1.188e+03	34	9.827e-04
13213	1.188e+03	27	7.804e-04
13214	1.188e+03	34	9.827e-04
13215	1.188e+03	49	1.416e-03
13216	1.188e+03	19	5.491e-04
13217	1.188e+03	30	8.671e-04
13218	1.188e+03	32	9.249e-04
13219	1.189e+03	43	1.243e-03
13220	1.189e+03	19	5.491e-04
13221	1.189e+03	38	1.098e-03
13222	1.189e+03	42	1.214e-03
13223	1.189e+03	28	8.093e-04
13224	1.189e+03	39	1.127e-03
13225	1.189e+03	35	1.012e-03
13226	1.189e+03	33	9.538e-04
13227	1.189e+03	29	8.382e-04
13228	1.189e+03	34	9.827e-04
13229	1.189e+03	37	1.069e-03
13230	1.190e+03	24	6.936e-04
13231	1.190e+03	38	1.098e-03
13232	1.190e+03	29	8.382e-04
13233	1.190e+03	25	7.225e-04
13234	1.190e+03	26	7.514e-04
13235	1.190e+03	17	4.913e-04
13236	1.190e+03	26	7.514e-04
13237	1.190e+03	23	6.647e-04
13238	1.190e+03	22	6.358e-04
13239	1.190e+03	12	3.468e-04
13240	1.190e+03	17	4.913e-04
13241	1.191e+03	12	3.468e-04
13242	1.191e+03	23	6.647e-04
13243	1.191e+03	12	3.468e-04
13244	1.191e+03	8	2.312e-04
13245	1.191e+03	14	4.046e-04
13246	1.191e+03	12	3.468e-04
13247	1.191e+03	12	3.468e-04
13248	1.191e+03	12	3.468e-04
13249	1.191e+03	16	4.624e-04
13250	1.191e+03	19	5.491e-04
13251	1.191e+03	9	2.601e-04
13252	1.192e+03	26	7.514e-04
13253	1.192e+03	16	4.624e-04
13254	1.192e+03	18	5.202e-04
13255	1.192e+03	19	5.491e-04
13256	1.192e+03	10	2.890e-04
13257	1.192e+03	12	3.468e-04
13258	1.192e+03	27	7.804e-04
13259	1.192e+03	14	4.046e-04
13260	1.192e+03	4	1.156e-04
13261	1.192e+03	13	3.757e-04
13262	1.192e+03	12	3.468e-04
13263	1.193e+03	12	3.468e-04
13264	1.193e+03	13	3.757e-04
13265	1.193e+03	20	5.780e-04
13266	1.193e+03	15	4.335e-04
13267	1.193e+03	13	3.757e-04
13268	1.193e+03	10	2.890e-04
13269	1.193e+03	19	5.491e-04
13270	1.193e+03	10	2.890e-04
13271	1.193e+03	17	4.913e-04
13272	1.193e+03	16	4.624e-04
13273	1.193e+03	10	2.890e-04
13274	1.194e+03	11	3.179e-04
13275	1.194e+03	10	2.890e-04
13276	1.194e+03	16	4.624e-04
13277	1.194e+03	6	1.734e-04
13278	1.194e+03	18	5.202e-04
13279	1.194e+03	21	6.069e-04
13280	1.194e+03	18	5.202e-04
13281	1.194e+03	11	3.179e-04
13282	1.194e+03	14	4.046e-04
13283	1.194e+03	6	1.734e-04
13284	1.194e+03	15	4.335e-04
13285	1.194e+03	16	4.624e-04
13286	1.195e+03	11	3.179e-04
13287	1.195e+03	2	5.780e-05
13288	1.195e+03	6	1.734e-04
13289	1.195e+03	17	4.913e-04
13290	1.195e+03	19	5.491e-04
13291	1.195e+03	14	4.046e-04
13292	1.195e+03	13	3.757e-04
13293	1.195e+03	14	4.046e-04
13294	1.195e+03	20	5.780e-04
13295	1.195e+03	20	5.780e-04
13296	1.195e+03	7	2.023e-04
13297	1.196e+03	9	2.601e-04
13298	1.196e+03	18	5.202e-04
13299	1.196e+03	9	2.601e-04
13300	1.196e+03	18	5.202e-04
13301	1.196e+03	13	3.757e-04
13302	1.196e+03	12	3.468e-04
13303	1.196e+03	7	2.023e-04
13304	1.196e+03	6	1.734e-04
13305	1.196e+03	9	2.601e-04
13306	1.196e+03	15	4.335e-04
13307	1.196e+03	18	5.202e-04
13308	1.197e+03	13	3.757e-04
13309	1.197e+03	8	2.312e-04
13310	1.197e+03	6	1.734e-04
13311	1.197e+03	20	5.780e-04
13312	1.197e+03	7	2.023e-04
13313	1.197e+03	4	1.156e-04
13314	1.197e+03	12	3.468e-04
13315	1.197e+03	12	3.468e-04
13316	1.197e+03	16	4.624e-04
13317	1.197e+03	10	2.890e-04
13318	1.197e+03	15	4.335e-04
13319	1.198e+03	17	4.913e-04
13320	1.198e+03	2	5.780e-05
13321	1.198e+03	12	3.468e-04
13322	1.198e+03	12	3.468e-04
13323	1.198e+03	11	3.179e-04
13324	1.198e+03	3	8.671e-05
13325	1.198e+03	14	4.046e-04
13326	1.198e+03	16	4.624e-04
13327	1.198e+03	6	1.734e-04
13328	1.198e+03	16	4.624e-04
13329	1.198e+03	19	5.491e-04
13330	1.199e+03	16	4.624e-04
13331	1.199e+03	14	4.046e-04
13332	1.199e+03	10	2.890e-04
13333	1.199e+03	10	2.890e-04
13334	1.199e+03	6	1.734e-04
13335	1.199e+03	21	6.069e-04
13336	1.199e+03	13	3.757e-04
13337	1.199e+03	7	2.023e-04
13338	1.199e+03	17	4.913e-04
13339	1.199e+03	17	4.913e-04
13340	1.199e+03	6	1.734e-04
13341	1.200e+03	13	3.757e-04
13342	1.200e+03	8	2.312e-04
13343	1.200e+03	21	6.069e-04
13344	1.200e+03	7	2.023e-04
13345	1.200e+03	8	2.312e-04
13346	1.200e+03	14	4.046e-04
13347	1.200e+03	6	1.734e-04
13348	1.200e+03	10	2.890e-04
13349	1.200e+03	14	4.046e-04
13350	1.200e+03	14	4.046e-04
13351	1.200e+03	6	1.734e-04
13352	1.201e+03	17	4.913e-04
13353	1.201e+03	10	2.890e-04
13354	1.201e+03	10	2.890e-04
13355	1.201e+03	7	2.023e-04
13356	1.201e+03	8	2.312e-04
13357	1.201e+03	17	4.913e-04
13358	1.201e+03	8	2.312e-04
13359	1.201e+03	26	7.514e-04
13360	1.201e+03	13	3.757e-04
13361	1.201e+03	5	1.445e-04
13362	1.201e+03	16	4.624e-04
13363	1.202e+03	16	4.624e-04
13364	1.202e+03	8	2.312e-04
13365	1.202e+03	19	5.491e-04
13366	1.202e+03	15	4.335e-04
13367	1.202e+03	8	2.312e-04
13368	1.202e+03	22	6.358e-04
13369	1.202e+03	13	3.757e-04
13370	1.202e+03	12	3.468e-04
13371	1.202e+03	16	4.624e-04
13372	1.202e+03	15	4.335e-04
13373	1.202e+03	9	2.601e-04
13374	1.203e+03	13	3.757e-04
13375	1.203e+03	5	1.445e-04
13376	1.203e+03	8	2.312e-04
13377	1.203e+03	0	0.000e+00
13378	1.203e+03	14	4.046e-04
13379	1.203e+03	7	2.023e-04
13380	1.203e+03	13	3.757e-04
13381	1.203e+03	6	1.734e-04
13382	1.203e+03	12	3.468e-04
13383	1.203e+03	11	3.179e-04
13384	1.203e+03	11	3.179e-04
13385	1.203e+03	15	4.335e-04
13386	1.204e+03	13	3.757e-04
13387	1.204e+03	11	3.179e-04
13388	1.204e+03	11	3.179e-04
13389	1.204e+03	10	2.890e-04
13390	1.204e+03	10	2.890e-04
13391	1.204e+03	17	4.913e-04
13392	1.204e+03	11	3.179e-04
13393	1.204e+03	17	4.913e-04
13394	1.204e+03	8	2.312e-04
13395	1.204e+03	14	4.046e-04
13396	1.204e+03	10	2.890e-04
13397	1.205e+03	5	1.445e-04
13398	1.205e+03	11	3.179e-04
13399	1.205e+03	7	2.023e-04
13400	1.205e+03	6	1.734e-04
13401	1.205e+03	10	2.890e-04
13402	1.205e+03	8	2.312e-04
13403	1.205e+03	10	2.890e-04
13404	1.205e+03	1	2.890e-05
13405	1.205e+03	8	2.312e-04
13406	1.205e+03	13	3.757e-04
13407	1.205e+03	5	1.445e-04
13408	1.206e+03	7	2.023e-04
13409	1.206e+03	12	3.468e-04
13410	1.206e+03	19	5.491e-04
13411	1.206e+03	9	2.601e-04
13412	1.206e+03	9	2.601e-04
13413	1.206e+03	16	4.624e-04
13414	1.206e+03	6	1.734e-04
13415	1.206e+03	14	4.046e-04
13416	1.206e+03	8	2.312e-04
13417	1.206e+03	12	3.468e-04
13418	1.206e+03	20	5.780e-04
13419	1.207e+03	3	8.671e-05
13420	1.207e+03	14	4.046e-04
13421	1.207e+03	9	2.601e-04
13422	1.207e+03	10	2.890e-04
13423	1.207e+03	7	2.023e-04
13424	1.207e+03	6	1.734e-04
13425	1.207e+03	8	2.312e-04
13426	1.207e+03	11	3.179e-04
13427	1.207e+03	19	5.491e-04
13428	1.207e+03	14	4.046e-04
13429	1.207e+03	11	3.179e-04
13430	1.208e+03	18	5.202e-04
13431	1.208e+03	5	1.445e-04
13432	1.208e+03	12	3.468e-04
13433	1.208e+03	13	3.757e-04
13434	1.208e+03	9	2.601e-04
13435	1.208e+03	13	3.757e-04
13436	1.208e+03	6	1.734e-04
13437	1.208e+03	7	2.023e-04
13438	1.208e+03	12	3.468e-04
13439	1.208e+03	20	5.780e-04
13440	1.208e+03	11	3.179e-04
13441	1.209e+03	16	4.624e-04
13442	1.209e+03	14	4.046e-04
13443	1.209e+03	7	2.023e-04
13444	1.209e+03	15	4.335e-04
13445	1.209e+03	11	3.179e-04
13446	1.209e+03	10	2.890e-04
13447	1.209e+03	16	4.624e-04
13448	1.209e+03	16	4.624e-04
13449	1.209e+03	1	2.890e-05
13450	1.209e+03	14	4.046e-04
13451	1.209e+03	16	4.624e-04
13452	1.210e+03	13	3.757e-04
13453	1.210e+03	19	5.491e-04
13454	1.210e+03	11	3.179e-04
13455	1.210e+03	0	0.000e+00
13456	1.210e+03	4	1.156e-04
13457	1.210e+03	6	1.734e-04
13458	1.210e+03	10	2.890e-04
13459	1.210e+03	11	3.179e-04
13460	1.210e+03	4	1.156e-04
13461	1.210e+03	14	4.046e-04
13462	1.210e+03	6	1.734e-04
13463	1.211e+03	10	2.890e-04
13464	1.211e+03	23	6.647e-04
13465	1.211e+03	13	3.757e-04
13466	1.211e+03	8	2.312e-04
13467	1.211e+03	10	2.890e-04
13468	1.211e+03	12	3.468e-04
13469	1.211e+03	11	3.179e-04
13470	1.211e+03	11	3.179e-04
13471	1.211e+03	16	4.624e-04
13472	1.211e+03	1	2.890e-05
13473	1.211e+03	11	3.179e-04
13474	1.211e+03	9	2.601e-04
13475	1.212e+03	7	2.023e-04
13476	1.212e+03	17	4.913e-04
13477	1.212e+03	11	3.179e-04
13478	1.212e+03	15	4.335e-04
13479	1.212e+03	12	3.468e-04
13480	1.212e+03	11	3.179e-04
13481	1.212e+03	27	7.804e-04
13482	1.212e+03	12	3.468e-04
13483	1.212e+03	16	4.624e-04
13484	1.212e+03	22	6.358e-04
13485	1.212e+03	4	1.156e-04
13486	1.213e+03	11	3.179e-04
13487	1.213e+03	23	6.647e-04
13488	1.213e+03	36	1.040e-03
13489	1.213e+03	25	7.225e-04
13490	1.213e+03	43	1.243e-03
13491	1.213e+03	34	9.827e-04
13492	1.213e+03	29	8.382e-04
13493	1.213e+03	32	9.249e-04
13494	1.213e+03	50	1.445e-03
13495	1.213e+03	40	1.156e-03
13496	1.213e+03	38	1.098e-03
13497	1.214e+03	33	9.538e-04
13498	1.214e+03	30	8.671e-04
13499	1.214e+03	31	8.960e-04
13500	1.214e+03	44	1.272e-03
13501	1.214e+03	42	1.214e-03
13502	1.214e+03	34	9.827e-04
13503	1.214e+03	26	7.514e-04
13504	1.214e+03	20	5.780e-04
13505	1.214e+03	31	8.960e-04
13506	1.214e+03	31	8.960e-04
13507	1.214e+03	21	6.069e-04
13508	1.215e+03	25	7.225e-04
13509	1.215e+03	21	6.069e-04
13510	1.215e+03	21	6.069e-04
13511	1.215e+03	21	6.069e-04
13512	1.215e+03	16	4.624e-04
13513	1.215e+03	23	6.647e-04
13514	1.215e+03	27	7.804e-04
13515	1.215e+03	18	5.202e-04
13516	1.215e+03	19	5.491e-04
13517	1.215e+03	12	3.468e-04
13518	1.215e+03	6	1.734e-04
13519	1.216e+03	13	3.757e-04
13520	1.216e+03	18	5.202e-04
13521	1.216e+03	16	4.624e-04
13522	1.216e+03	8	2.312e-04
13523	1.216e+03	17	4.913e-04
13524	1.216e+03	6	1.734e-04
13525	1.216e+03	6	1.734e-04
13526	1.216e+03	7	2.023e-04
13527	1.216e+03	17	4.913e-04
13528	1.216e+03	6	1.734e-04
13529	1.216e+03	12	3.468e-04
13530	1.217e+03	12	3.468e-04
13531	1.217e+03	12	3.468e-04
13532	1.217e+03	9	2.601e-04
13533	1.217e+03	10	2.890e-04
13534	1.217e+03	10	2.890e-04
13535	1.217e+03	17	4.913e-04
13536	1.217e+03	7	2.023e-04
13537	1.217e+03	2	5.780e-05
13538	1.217e+03	18	5.202e-04
13539	1.217e+03	15	4.335e-04
13540	1.217e+03	14	4.046e-04
13541	1.218e+03	14	4.046e-04
13542	1.218e+03	16	4.624e-04
13543	1.218e+03	19	5.491e-04
13544	1.218e+03	0	0.000e+00
13545	1.218e+03	7	2.023e-04
13546	1.218e+03	8	2.312e-04
13547	1.218e+03	11	3.179e-04
13548	1.218e+03	19	5.491e-04
13549	1.218e+03	18	5.202e-04
13550	1.218e+03	11	3.179e-04
13551	1.218e+03	10	2.890e-04
13552	1.219e+03	9	2.601e-04
13553	1.219e+03	13	3.757e-04
13554	1.219e+03	6	1.734e-04
13555	1.219e+03	10	2.890e-04
13556	1.219e+03	7	2.023e-04
13557	1.219e+03	5	1.445e-04
13558	1.219e+03	15	4.335e-04
13559	1.219e+03	8	2.312e-04
13560	1.219e+03	9	2.601e-04
13561	1.219e+03	10	2.890e-04
13562	1.219e+03	14	4.046e-04
13563	1.219e+03	8	2.312e-04
13564	1.220e+03	8	2.312e-04
13565	1.220e+03	9	2.601e-04
13566	1.220e+03	4	1.156e-04
13567	1.220e+03	6	1.734e-04
13568	1.220e+03	11	3.179e-04
13569	1.220e+03	8	2.312e-04
13570	1.220e+03	4	1.156e-04
13571	1.220e+03	9	2.601e-04
13572	1.220e+03	20	5.780e-04
13573	1.220e+03	11	3.179e-04
13574	1.220e+03	18	5.202e-04
13575	1.221e+03	13	3.757e-04
13576	1.221e+03	7	2.023e-04
13577	1.221e+03	9	2.601e-04
13578	1.221e+03	3	8.671e-05
13579	1.221e+03	11	3.179e-04
13580	1.221e+03	11	3.179e-04
13581	1.221e+03	0	0.000e+00
13582	1.221e+03	12	3.468e-04
13583	1.221e+03	15	4.335e-04
13584	1.221e+03	13	3.757e-04
13585	1.221e+03	5	1.445e-04
13586	1.222e+03	5	1.445e-04
13587	1.222e+03	11	3.179e-04
13588	1.222e+03	13	3.757e-04
13589	1.222e+03	10	2.890e-04
13590	1.222e+03	1	2.890e-05
13591	1.222e+03	12	3.468e-04
13592	1.222e+03	25	7.225e-04
13593	1.222e+03	2	5.780e-05
13594	1.222e+03	0	0.000e+00
13595	1.222e+03	8	2.312e-04
13596	1.222e+03	13	3.757e-04
13597	1.223e+03	1	2.890e-05
13598	1.223e+03	11	3.179e-04
13599	1.223e+03	16	4.624e-04
13600	1.223e+03	13	3.757e-04
13601	1.223e+03	16	4.624e-04
13602	1.223e+03	1	2.890e-05
13603	1.223e+03	3	8.671e-05
13604	1.223e+03	10	2.890e-04
13605	1.223e+03	11	3.179e-04
13606	1.223e+03	11	3.179e-04
13607	1.223e+03	2	5.780e-05
13608	1.224e+03	12	3.468e-04
13609	1.224e+03	11	3.179e-04
13610	1.224e+03	9	2.601e-04
13611	1.224e+03	14	4.046e-04
13612	1.224e+03	17	4.913e-04
13613	1.224e+03	7	2.023e-04
13614	1.224e+03	16	4.624e-04
13615	1.224e+03	5	1.445e-04
13616	1.224e+03	20	5.780e-04
13617	1.224e+03	10	2.890e-04
13618	1.224e+03	9	2.601e-04
13619	1.225e+03	12	3.468e-04
13620	1.225e+03	7	2.023e-04
13621	1.225e+03	6	1.734e-04
13622	1.225e+03	0	0.000e+00
13623	1.225e+03	7	2.023e-04
13624	1.225e+03	9	2.601e-04
13625	1.225e+03	18	5.202e-04
13626	1.225e+03	9	2.601e-04
13627	1.225e+03	17	4.913e-04
13628	1.225e+03	10	2.890e-04
13629	1.225e+03	7	2.023e-04
13630	1.226e+03	5	1.445e-04
13631	1.226e+03	18	5.202e-04
13632	1.226e+03	10	2.890e-04
13633	1.226e+03	13	3.757e-04
13634	1.226e+03	8	2.312e-04
13635	1.226e+03	5	1.445e-04
13636	1.226e+03	11	3.179e-04
13637	1.226e+03	18	5.202e-04
13638	1.226e+03	8	2.312e-04
13639	1.226e+03	12	3.468e-04
13640	1.226e+03	4	1.156e-04
13641	1.227e+03	10	2.890e-04
13642	1.227e+03	2	5.780e-05
13643	1.227e+03	14	4.046e-04
13644	1.227e+03	9	2.601e-04
13645	1.227e+03	3	8.671e-05
13646	1.227e+03	8	2.312e-04
13647	1.227e+03	9	2.601e-04
13648	1.227e+03	17	4.913e-04
13649	1.227e+03	11	3.179e-04
13650	1.227e+03	10	2.890e-04
13651	1.227e+03	8	2.312e-04
13652	1.227e+03	10	2.890e-04
13653	1.228e+03	2	5.780e-05
13654	1.228e+03	14	4.046e-04
13655	1.228e+03	8	2.312e-04
13656	1.228e+03	8	2.312e-04
13657	1.228e+03	7	2.023e-04
13658	1.228e+03	15	4.335e-04
13659	1.228e+03	15	4.335e-04
13660	1.228e+03	10	2.890e-04
13661	1.228e+03	15	4.335e-04
13662	1.228e+03	17	4.913e-04
13663	1.228e+03	1	2.890e-05
13664	1.229e+03	12	3.468e-04
13665	1.229e+03	8	2.312e-04
13666	1.229e+03	17	4.913e-04
13667	1.229e+03	0	0.000e+00
13668	1.229e+03	4	1.156e-04
13669	1.229e+03	7	2.023e-04
13670	1.229e+03	11	3.179e-04
13671	1.229e+03	16	4.624e-04
13672	1.229e+03	4	1.156e-04
13673	1.229e+03	9	2.601e-04
13674	1.229e+03	4	1.156e-04
13675	1.230e+03	19	5.491e-04
13676	1.230e+03	18	5.202e-04
13677	1.230e+03	2	5.780e-05
13678	1.230e+03	15	4.335e-04
13679	1.230e+03	12	3.468e-04
13680	1.230e+03	2	5.780e-05
13681	1.230e+03	10	2.890e-04
13682	1.230e+03	2	5.780e-05
13683	1.230e+03	5	1.445e-04
13684	1.230e+03	0	0.000e+00
13685	1.230e+03	13	3.757e-04
13686	1.231e+03	12	3.468e-04
13687	1.231e+03	13	3.757e-04
13688	1.231e+03	13	3.757e-04
13689	1.231e+03	5	1.445e-04
13690	1.231e+03	13	3.757e-04
13691	1.231e+03	2	5.780e-05
13692	1.231e+03	5	1.445e-04
13693	1.231e+03	12	3.468e-04
13694	1.231e+03	13	3.757e-04
13695	1.231e+03	14	4.046e-04
13696	1.231e+03	19	5.491e-04
13697	1.232e+03	16	4.624e-04
13698	1.232e+03	3	8.671e-05
13699	1.232e+03	6	1.734e-04
13700	1.232e+03	15	4.335e-04
13701	1.232e+03	5	1.445e-04
13702	1.232e+03	17	4.913e-04
13703	1.232e+03	8	2.312e-04
13704	1.232e+03	9	2.601e-04
13705	1.232e+03	4	1.156e-04
13706	1.232e+03	12	3.468e-04
13707	1.232e+03	12	3.468e-04
13708	1.233e+03	4	1.156e-04
13709	1.233e+03	4	1.156e-04
13710	1.233e+03	7	2.023e-04
13711	1.233e+03	15	4.335e-04
13712	1.233e+03	10	2.890e-04
13713	1.233e+03	6	1.734e-04
13714	1.233e+03	9	2.601e-04
13715	1.233e+03	16	4.624e-04
13716	1.233e+03	15	4.335e-04
13717	1.233e+03	20	5.780e-04
13718	1.233e+03	8	2.312e-04
13719	1.234e+03	11	3.179e-04
13720	1.234e+03	10	2.890e-04
13721	1.234e+03	10	2.890e-04
13722	1.234e+03	8	2.312e-04
13723	1.234e+03	2	5.780e-05
13724	1.234e+03	10	2.890e-04
13725	1.234e+03	15	4.335e-04
13726	1.234e+03	6	1.734e-04
13727	1.234e+03	10	2.890e-04
13728	1.234e+03	17	4.913e-04
13729	1.234e+03	7	2.023e-04
13730	1.235e+03	8	2.312e-04
13731	1.235e+03	8	2.312e-04
13732	1.235e+03	8	2.312e-04
13733	1.235e+03	13	3.757e-04
13734	1.235e+03	5	1.445e-04
13735	1.235e+03	16	4.624e-04
13736	1.235e+03	11	3.179e-04
13737	1.235e+03	2	5.780e-05
13738	1.235e+03	16	4.624e-04
13739	1.235e+03	15	4.335e-04
13740	1.235e+03	6	1.734e-04
13741	1.236e+03	8	2.312e-04
13742	1.236e+03	10	2.890e-04
13743	1.236e+03	7	2.023e-04
13744	1.236e+03	8	2.312e-04
13745	1.236e+03	8	2.312e-04
13746	1.236e+03	10	2.890e-04
13747	1.236e+03	11	3.179e-04
13748	1.236e+03	3	8.671e-05
13749	1.236e+03	8	2.312e-04
13750	1.236e+03	18	5.202e-04
13751	1.236e+03	16	4.624e-04
13752	1.236e+03	12	3.468e-04
13753	1.237e+03	10	2.890e-04
13754	1.237e+03	11	3.179e-04
13755	1.237e+03	14	4.046e-04
13756	1.237e+03	16	4.624e-04
13757	1.237e+03	10	2.890e-04
13758	1.237e+03	13	3.757e-04
13759	1.237e+03	21	6.069e-04
13760	1.237e+03	17	4.913e-04
13761	1.237e+03	13	3.757e-04
13762	1.237e+03	11	3.179e-04
13763	1.237e+03	4	1.156e-04
13764	1.238e+03	5	1.445e-04
13765	1.238e+03	6	1.734e-04
13766	1.238e+03	10	2.890e-04
13767	1.238e+03	12	3.468e-04
13768	1.238e+03	5	1.445e-04
13769	1.238e+03	9	2.601e-04
13770	1.238e+03	9	2.601e-04
13771	1.238e+03	15	4.335e-04
13772	1.238e+03	10	2.890e-04
13773	1.238e+03	11	3.179e-04
13774	1.238e+03	6	1.734e-04
13775	1.239e+03	5	1.445e-04
13776	1.239e+03	2	5.780e-05
13777	1.239e+03	15	4.335e-04
13778	1.239e+03	16	4.624e-04
13779	1.239e+03	14	4.046e-04
13780	1.239e+03	5	1.445e-04
13781	1.239e+03	11	3.179e-04
13782	1.239e+03	6	1.734e-04
13783	1.239e+03	7	2.023e-04
13784	1.239e+03	8	2.312e-04
13785	1.239e+03	9	2.601e-04
13786	1.240e+03	13	3.757e-04
13787	1.240e+03	13	3.757e-04
13788	1.240e+03	24	6.936e-04
13789	1.240e+03	14	4.046e-04
13790	1.240e+03	19	5.491e-04
13791	1.240e+03	17	4.913e-04
13792	1.240e+03	7	2.023e-04
13793	1.240e+03	18	5.202e-04
13794	1.240e+03	12	3.468e-04
13795	1.240e+03	9	2.601e-04
13796	1.240e+03	15	4.335e-04
13797	1.241e+03	15	4.335e-04
13798	1.241e+03	26	7.514e-04
13799	1.241e+03	13	3.757e-04
13800	1.241e+03	27	7.804e-04
13801	1.241e+03	18	5.202e-04
13802	1.241e+03	35	1.012e-03
13803	1.241e+03	23	6.647e-04
13804	1.241e+03	32	9.249e-04
13805	1.241e+03	34	9.827e-04
13806	1.241e+03	23	6.647e-04
13807	1.241e+03	28	8.093e-04
13808	1.242e+03	28	8.093e-04
13809	1.242e+03	33	9.538e-04
13810	1.242e+03	31	8.960e-04
13811	1.242e+03	45	1.301e-03
13812	1.242e+03	51	1.474e-03
13813	1.242e+03	44	1.272e-03
13814	1.242e+03	48	1.387e-03
13815	1.242e+03	52	1.503e-03
13816	1.242e+03	51	1.474e-03
13817	1.242e+03	32	9.249e-04
13818	1.242e+03	25	7.225e-04
13819	1.243e+03	41	1.185e-03
13820	1.243e+03	38	1.098e-03
13821	1.243e+03	28	8.093e-04
13822	1.243e+03	33	9.538e-04
13823	1.243e+03	33	9.538e-04
13824	1.243e+03	24	6.936e-04
13825	1.243e+03	37	1.069e-03
13826	1.243e+03	23	6.647e-04
13827	1.243e+03	24	6.936e-04
13828	1.243e+03	11	3.179e-04
13829	1.243e+03	13	3.757e-04
13830	1.244e+03	17	4.913e-04
13831	1.244e+03	15	4.335e-04
13832	1.244e+03	16	4.624e-04
13833	1.244e+03	16	4.624e-04
13834	1.244e+03	19	5.491e-04
13835	1.244e+03	17	4.913e-04
13836	1.244e+03	13	3.757e-04
13837	1.244e+03	10	2.890e-04
13838	1.244e+03	4	1.156e-04
13839	1.244e+03	6	1.734e-04
13840	1.244e+03	13	3.757e-04
13841	1.244e+03	17	4.913e-04
13842	1.245e+03	23	6.647e-04
13843	1.245e+03	9	2.601e-04
13844	1.245e+03	11	3.179e-04
13845	1.245e+03	25	7.225e-04
13846	1.245e+03	20	5.780e-04
13847	1.245e+03	25	7.225e-04
13848	1.245e+03	28	8.093e-04
13849	1.245e+03	24	6.936e-04
13850	1.245e+03	46	1.329e-03
13851	1.245e+03	34	9.827e-04
13852	1.245e+03	44	1.272e-03
13853	1.246e+03	66	1.908e-03
13854	1.246e+03	91	2.630e-03
13855	1.246e+03	83	2.399e-03
13856	1.246e+03	101	2.919e-03
13857	1.246e+03	102	2.948e-03
13858	1.246e+03	97	2.803e-03
13859	1.246e+03	134	3.873e-03
13860	1.246e+03	160	4.624e-03
13861	1.246e+03	157	4.538e-03
13862	1.246e+03	165	4.769e-03
13863	1.246e+03	207	5.983e-03
13864	1.247e+03	199	5.751e-03
13865	1.247e+03	161	4.653e-03
13866	1.247e+03	212	6.127e-03
13867	1.247e+03	213	6.156e-03
13868	1.247e+03	213	6.156e-03
13869	1.247e+03	204	5.896e-03
13870	1.247e+03	207	5.983e-03
13871	1.247e+03	187	5.405e-03
13872	1.247e+03	180	5.202e-03
13873	1.247e+03	176	5.087e-03
13874	1.247e+03	167	4.827e-03
13875	1.248e+03	150	4.335e-03
13876	1.248e+03	122	3.526e-03
13877	1.248e+03	104	3.006e-03
13878	1.248e+03	107	3.093e-03
13879	1.248e+03	97	2.803e-03
13880	1.248e+03	107	3.093e-03
13881	1.248e+03	80	2.312e-03
13882	1.248e+03	59	1.705e-03
13883	1.248e+03	54	1.561e-03
13884	1.248e+03	44	1.272e-03
13885	1.248e+03	41	1.185e-03
13886	1.249e+03	34	9.827e-04
13887	1.249e+03	26	7.514e-04
13888	1.249e+03	25	7.225e-04
13889	1.249e+03	32	9.249e-04
13890	1.249e+03	21	6.069e-04
13891	1.249e+03	16	4.624e-04
13892	1.249e+03	20	5.780e-04
13893	1.249e+03	14	4.046e-04
13894	1.249e+03	11	3.179e-04
13895	1.249e+03	16	4.624e-04
13896	1.249e+03	14	4.046e-04
13897	1.250e+03	12	3.468e-04
13898	1.250e+03	10	2.890e-04
13899	1.250e+03	11	3.179e-04
13900	1.250e+03	18	5.202e-04
13901	1.250e+03	9	2.601e-04
13902	1.250e+03	18	5.202e-04
13903	1.250e+03	13	3.757e-04
13904	1.250e+03	18	5.202e-04
13905	1.250e+03	13	3.757e-04
13906	1.250e+03	26	7.514e-04
13907	1.250e+03	17	4.913e-04
13908	1.251e+03	17	4.913e-04
13909	1.251e+03	11	3.179e-04
13910	1.251e+03	7	2.023e-04
13911	1.251e+03	14	4.046e-04
13912	1.251e+03	19	5.491e-04
13913	1.251e+03	18	5.202e-04
13914	1.251e+03	18	5.202e-04
13915	1.251e+03	24	6.936e-04
13916	1.251e+03	15	4.335e-04
13917	1.251e+03	20	5.780e-04
13918	1.251e+03	15	4.335e-04
13919	1.252e+03	10	2.890e-04
13920	1.252e+03	9	2.601e-04
13921	1.252e+03	25	7.225e-04
13922	1.252e+03	7	2.023e-04
13923	1.252e+03	8	2.312e-04
13924	1.252e+03	13	3.757e-04
13925	1.252e+03	5	1.445e-04
13926	1.252e+03	21	6.069e-04
13927	1.252e+03	23	6.647e-04
13928	1.252e+03	11	3.179e-04
13929	1.252e+03	8	2.312e-04
13930	1.252e+03	4	1.156e-04
13931	1.253e+03	9	2.601e-04
13932	1.253e+03	11	3.179e-04
13933	1.253e+03	2	5.780e-05
13934	1.253e+03	14	4.046e-04
13935	1.253e+03	11	3.179e-04
13936	1.253e+03	7	2.023e-04
13937	1.253e+03	6	1.734e-04
13938	1.253e+03	16	4.624e-04
13939	1.253e+03	18	5.202e-04
13940	1.253e+03	16	4.624e-04
13941	1.253e+03	11	3.179e-04
13942	1.254e+03	17	4.913e-04
13943	1.254e+03	15	4.335e-04
13944	1.254e+03	13	3.757e-04
13945	1.254e+03	0	0.000e+00
13946	1.254e+03	16	4.624e-04
13947	1.254e+03	7	2.023e-04
13948	1.254e+03	3	8.671e-05
13949	1.254e+03	12	3.468e-04
13950	1.254e+03	0	0.000e+00
13951	1.254e+03	11	3.179e-04
13952	1.254e+03	18	5.202e-04
13953	1.255e+03	0	0.000e+00
13954	1.255e+03	6	1.734e-04
13955	1.255e+03	15	4.335e-04
13956	1.255e+03	10	2.890e-04
13957	1.255e+03	15	4.335e-04
13958	1.255e+03	10	2.890e-04
13959	1.255e+03	11	3.179e-04
13960	1.255e+03	25	7.225e-04
13961	1.255e+03	9	2.601e-04
13962	1.255e+03	16	4.624e-04
13963	1.255e+03	8	2.312e-04
13964	1.256e+03	11	3.179e-04
13965	1.256e+03	5	1.445e-04
13966	1.256e+03	16	4.624e-04
13967	1.256e+03	14	4.046e-04
13968	1.256e+03	8	2.312e-04
13969	1.256e+03	11	3.179e-04
13970	1.256e+03	5	1.445e-04
13971	1.256e+03	0	0.000e+00
13972	1.256e+03	0	0.000e+00
13973	1.256e+03	15	4.335e-04
13974	1.256e+03	14	4.046e-04
13975	1.257e+03	3	8.671e-05
13976	1.257e+03	19	5.491e-04
13977	1.257e+03	12	3.468e-04
13978	1.257e+03	10	2.890e-04
13979	1.257e+03	14	4.046e-04
13980	1.257e+03	13	3.757e-04
13981	1.257e+03	3	8.671e-05
13982	1.257e+03	12	3.468e-04
13983	1.257e+03	13	3.757e-04
13984	1.257e+03	6	1.734e-04
13985	1.257e+03	13	3.757e-04
13986	1.258e+03	6	1.734e-04
13987	1.258e+03	0	0.000e+00
13988	1.258e+03	14	4.046e-04
13989	1.258e+03	9	2.601e-04
13990	1.258e+03	12	3.468e-04
13991	1.258e+03	16	4.624e-04
13992	1.258e+03	13	3.757e-04
13993	1.258e+03	26	7.514e-04
13994	1.258e+03	9	2.601e-04
13995	1.258e+03	8	2.312e-04
13996	1.258e+03	12	3.468e-04
13997	1.259e+03	11	3.179e-04
13998	1.259e+03	12	3.468e-04
13999	1.259e+03	19	5.491e-04
14000	1.259e+03	0	0.000e+00
14001	1.259e+03	4	1.156e-04
14002	1.259e+03	13	3.757e-04
14003	1.259e+03	9	2.601e-04
14004	1.259e+03	9	2.601e-04
14005	1.259e+03	3	8.671e-05
14006	1.259e+03	9	2.601e-04
14007	1.259e+03	5	1.445e-04
14008	1.260e+03	10	2.890e-04
14009	1.260e+03	14	4.046e-04
14010	1.260e+03	16	4.624e-04
14011	1.260e+03	13	3.757e-04
14012	1.260e+03	13	3.757e-04
14013	1.260e+03	7	2.023e-04
14014	1.260e+03	11	3.179e-04
14015	1.260e+03	20	5.780e-04
14016	1.260e+03	9	2.601e-04
14017	1.260e+03	7	2.023e-04
14018	1.260e+03	13	3.757e-04
14019	1.260e+03	20	5.780e-04
14020	1.261e+03	10	2.890e-04
14021	1.261e+03	19	5.491e-04
14022	1.261e+03	20	5.780e-04
14023	1.261e+03	11	3.179e-04
14024	1.261e+03	11	3.179e-04
14025	1.261e+03	12	3.468e-04
14026	1.261e+03	21	6.069e-04
14027	1.261e+03	13	3.757e-04
14028	1.261e+03	15	4.335e-04
14029	1.261e+03	10	2.890e-04
14030	1.261e+03	12	3.468e-04
14031	1.262e+03	7	2.023e-04
14032	1.262e+03	16	4.624e-04
14033	1.262e+03	16	4.624e-04
14034	1.262e+03	12	3.468e-04
14035	1.262e+03	8	2.312e-04
14036	1.262e+03	14	4.046e-04
14037	1.262e+03	3	8.671e-05
14038	1.262e+03	1	2.890e-05
14039	1.262e+03	13	3.757e-04
14040	1.262e+03	17	4.913e-04
14041	1.262e+03	13	3.757e-04
14042	1.263e+03	11	3.179e-04
14043	1.263e+03	9	2.601e-04
14044	1.263e+03	13	3.757e-04
14045	1.263e+03	15	4.335e-04
14046	1.263e+03	14	4.046e-04
14047	1.263e+03	11	3.179e-04
14048	1.263e+03	8	2.312e-04
14049	1.263e+03	8	2.312e-04
14050	1.263e+03	13	3.757e-04
14051	1.263e+03	12	3.468e-04
14052	1.263e+03	4	1.156e-04
14053	1.264e+03	18	5.202e-04
14054	1.264e+03	10	2.890e-04
14055	1.264e+03	9	2.601e-04
14056	1.264e+03	20	5.780e-04
14057	1.264e+03	10	2.890e-04
14058	1.264e+03	12	3.468e-04
14059	1.264e+03	15	4.335e-04
14060	1.264e+03	19	5.491e-04
14061	1.264e+03	25	7.225e-04
14062	1.264e+03	4	1.156e-04
14063	1.264e+03	16	4.624e-04
14064	1.265e+03	15	4.335e-04
14065	1.265e+03	18	5.202e-04
14066	1.265e+03	13	3.757e-04
14067	1.265e+03	10	2.890e-04
14068	1.265e+03	22	6.358e-04
14069	1.265e+03	12	3.468e-04
14070	1.265e+03	8	2.312e-04
14071	1.265e+03	12	3.468e-04
14072	1.265e+03	19	5.491e-04
14073	1.265e+03	12	3.468e-04
14074	1.265e+03	14	4.046e-04
14075	1.266e+03	6	1.734e-04
14076	1.266e+03	9	2.601e-04
14077	1.266e+03	13	3.757e-04
14078	1.266e+03	13	3.757e-04
14079	1.266e+03	20	5.780e-04
14080	1.266e+03	11	3.179e-04
14081	1.266e+03	13	3.757e-04
14082	1.266e+03	19	5.491e-04
14083	1.266e+03	8	2.312e-04
14084	1.266e+03	18	5.202e-04
14085	1.266e+03	11	3.179e-04
14086	1.267e+03	15	4.335e-04
14087	1.267e+03	19	5.491e-04
14088	1.267e+03	8	2.312e-04
14089	1.267e+03	12	3.468e-04
14090	1.267e+03	17	4.913e-04
14091	1.267e+03	16	4.624e-04
14092	1.267e+03	16	4.624e-04
14093	1.267e+03	2	5.780e-05
14094	1.267e+03	20	5.780e-04
14095	1.267e+03	14	4.046e-04
14096	1.267e+03	9	2.601e-04
14097	1.268e+03	17	4.913e-04
14098	1.268e+03	17	4.913e-04
14099	1.268e+03	12	3.468e-04
14100	1.268e+03	17	4.913e-04
14101	1.268e+03	16	4.624e-04
14102	1.268e+03	24	6.936e-04
14103	1.268e+03	28	8.093e-04
14104	1.268e+03	15	4.335e-04
14105	1.268e+03	21	6.069e-04
14106	1.268e+03	14	4.046e-04
14107	1.268e+03	8	2.312e-04
14108	1.269e+03	23	6.647e-04
14109	1.269e+03	23	6.647e-04
14110	1.269e+03	6	1.734e-04
14111	1.269e+03	26	7.514e-04
14112	1.269e+03	23	6.647e-04
14113	1.269e+03	15	4.335e-04
14114	1.269e+03	17	4.913e-04
14115	1.269e+03	18	5.202e-04
14116	1.269e+03	21	6.069e-04
14117	1.269e+03	21	6.069e-04
14118	1.269e+03	16	4.624e-04
14119	1.269e+03	11	3.179e-04
14120	1.270e+03	18	5.202e-04
14121	1.270e+03	28	8.093e-04
14122	1.270e+03	12	3.468e-04
14123	1.270e+03	30	8.671e-04
14124	1.270e+03	29	8.382e-04
14125	1.270e+03	20	5.780e-04
14126	1.270e+03	12	3.468e-04
14127	1.270e+03	24	6.936e-04
14128	1.270e+03	13	3.757e-04
14129	1.270e+03	23	6.647e-04
14130	1.270e+03	20	5.780e-04
14131	1.271e+03	19	5.491e-04
14132	1.271e+03	17	4.913e-04
14133	1.271e+03	21	6.069e-04
14134	1.271e+03	25	7.225e-04
14135	1.271e+03	14	4.046e-04
14136	1.271e+03	17	4.913e-04
14137	1.271e+03	28	8.093e-04
14138	1.271e+03	29	8.382e-04
14139	1.271e+03	24	6.936e-04
14140	1.271e+03	31	8.960e-04
14141	1.271e+03	26	7.514e-04
14142	1.272e+03	19	5.491e-04
14143	1.272e+03	25	7.225e-04
14144	1.272e+03	28	8.093e-04
14145	1.272e+03	20	5.780e-04
14146	1.272e+03	31	8.960e-04
14147	1.272e+03	34	9.827e-04
14148	1.272e+03	43	1.243e-03
14149	1.272e+03	37	1.069e-03
14150	1.272e+03	45	1.301e-03
14151	1.272e+03	64	1.850e-03
14152	1.272e+03	63	1.821e-03
14153	1.273e+03	70	2.023e-03
14154	1.273e+03	107	3.093e-03
14155	1.273e+03	124	3.584e-03
14156	1.273e+03	163	4.711e-03
14157	1.273e+03	187	5.405e-03
14158	1.273e+03	239	6.908e-03
14159	1.273e+03	277	8.006e-03
14160	1.273e+03	344	9.942e-03
14161	1.273e+03	505	1.460e-02
14162	1.273e+03	593	1.714e-02
14163	1.273e+03	781	2.257e-02
14164	1.274e+03	970	2.803e-02
14165	1.274e+03	1194	3.451e-02
14166	1.274e+03	1410	4.075e-02
14167	1.274e+03	1673	4.835e-02
14168	1.274e+03	1969	5.691e-02
14169	1.274e+03	2404	6.948e-02
14170	1.274e+03	2865	8.280e-02
14171	1.274e+03	3186	9.208e-02
14172	1.274e+03	3678	1.063e-01
14173	1.274e+03	4158	1.202e-01
14174	1.274e+03	4466	1.291e-01
14175	1.275e+03	4949	1.430e-01
14176	1.275e+03	5484	1.585e-01
14177	1.275e+03	5919	1.711e-01
14178	1.275e+03	6409	1.852e-01
14179	1.275e+03	6638	1.919e-01
14180	1.275e+03	6950	2.009e-01
14181	1.275e+03	7160	2.069e-01
14182	1.275e+03	7127	2.060e-01
14183	1.275e+03	7455	2.155e-01
14184	1.275e+03	7153	2.067e-01
14185	1.275e+03	7044	2.036e-01
14186	1.276e+03	6771	1.957e-01
14187	1.276e+03	6563	1.897e-01
14188	1.276e+03	6235	1.802e-01
14189	1.276e+03	5800	1.676e-01
14190	1.276e+03	5393	1.559e-01
14191	1.276e+03	4723	1.365e-01
14192	1.276e+03	4403	1.273e-01
14193	1.276e+03	3894	1.125e-01
14194	1.276e+03	3518	1.017e-01
14195	1.276e+03	3044	8.798e-02
14196	1.276e+03	2613	7.552e-02
14197	1.277e+03	2259	6.529e-02
14198	1.277e+03	1898	5.486e-02
14199	1.277e+03	1550	4.480e-02
14200	1.277e+03	1319	3.812e-02
14201	1.277e+03	1067	3.084e-02
14202	1.277e+03	833	2.408e-02
14203	1.277e+03	661	1.910e-02
14204	1.277e+03	509	1.471e-02
14205	1.277e+03	439	1.269e-02
14206	1.277e+03	339	9.798e-03
14207	1.277e+03	276	7.977e-03
14208	1.277e+03	201	5.809e-03
14209	1.278e+03	140	4.046e-03
14210	1.278e+03	88	2.543e-03
14211	1.278e+03	72	2.081e-03
14212	1.278e+03	76	2.197e-03
14213	1.278e+03	44	1.272e-03
14214	1.278e+03	23	6.647e-04
14215	1.278e+03	19	5.491e-04
14216	1.278e+03	22	6.358e-04
14217	1.278e+03	16	4.624e-04
14218	1.278e+03	5	1.445e-04
14219	1.278e+03	10	2.890e-04
14220	1.279e+03	2	5.780e-05
14221	1.279e+03	11	3.179e-04
14222	1.279e+03	5	1.445e-04
14223	1.279e+03	1	2.890e-05
14224	1.279e+03	4	1.156e-04
14225	1.279e+03	7	2.023e-04
14226	1.279e+03	6	1.734e-04
14227	1.279e+03	10	2.890e-04
14228	1.279e+03	6	1.734e-04
14229	1.279e+03	0	0.000e+00
14230	1.279e+03	0	0.000e+00
14231	1.280e+03	4	1.156e-04
14232	1.280e+03	8	2.312e-04
14233	1.280e+03	0	0.000e+00
14234	1.280e+03	6	1.734e-04
14235	1.280e+03	0	0.000e+00
14236	1.280e+03	1	2.890e-05
14237	1.280e+03	2	5.780e-05
14238	1.280e+03	1	2.890e-05
14239	1.280e+03	4	1.156e-04
14240	1.280e+03	0	0.000e+00
14241	1.280e+03	2	5.780e-05
14242	1.281e+03	4	1.156e-04
14243	1.281e+03	6	1.734e-04
14244	1.281e+03	0	0.000e+00
14245	1.281e+03	1	2.890e-05
14246	1.281e+03	1	2.890e-05
14247	1.281e+03	9	2.601e-04
14248	1.281e+03	1	2.890e-05
14249	1.281e+03	5	1.445e-04
14250	1.281e+03	4	1.156e-04
14251	1.281e+03	0	0.000e+00
14252	1.281e+03	3	8.671e-05
14253	1.282e+03	12	3.468e-04
14254	1.282e+03	9	2.601e-04
14255	1.282e+03	0	0.000e+00
14256	1.282e+03	3	8.671e-05
14257	1.282e+03	4	1.156e-04
14258	1.282e+03	6	1.734e-04
14259	1.282e+03	8	2.312e-04
14260	1.282e+03	1	2.890e-05
14261	1.282e+03	3	8.671e-05
14262	1.282e+03	5	1.445e-04
14263	1.282e+03	6	1.734e-04
14264	1.283e+03	5	1.445e-04
14265	1.283e+03	6	1.734e-04
14266	1.283e+03	0	0.000e+00
14267	1.283e+03	9	2.601e-04
14268	1.283e+03	0	0.000e+00
14269	1.283e+03	3	8.671e-05
14270	1.283e+03	7	2.023e-04
14271	1.283e+03	3	8.671e-05
14272	1.283e+03	9	2.601e-04
14273	1.283e+03	4	1.156e-04
14274	1.283e+03	6	1.734e-04
14275	1.284e+03	8	2.312e-04
14276	1.284e+03	12	3.468e-04
14277	1.284e+03	0	0.000e+00
14278	1.284e+03	9	2.601e-04
14279	1.284e+03	4	1.156e-04
14280	1.284e+03	0	0.000e+00
14281	1.284e+03	0	0.000e+00
14282	1.284e+03	6	1.734e-04
14283	1.284e+03	7	2.023e-04
14284	1.284e+03	6	1.734e-04
14285	1.284e+03	5	1.445e-04
14286	1.285e+03	5	1.445e-04
14287	1.285e+03	2	5.780e-05
14288	1.285e+03	0	0.000e+00
14289	1.285e+03	0	0.000e+00
14290	1.285e+03	4	1.156e-04
14291	1.285e+03	0	0.000e+00
14292	1.285e+03	3	8.671e-05
14293	1.285e+03	3	8.671e-05
14294	1.285e+03	8	2.312e-04
14295	1.285e+03	3	8.671e-05
14296	1.285e+03	2	5.780e-05
14297	1.285e+03	8	2.312e-04
14298	1.286e+03	2	5.780e-05
14299	1.286e+03	6	1.734e-04
14300	1.286e+03	4	1.156e-04
14301	1.286e+03	0	0.000e+00
14302	1.286e+03	0	0.000e+00
14303	1.286e+03	0	0.000e+00
14304	1.286e+03	0	0.000e+00
14305	1.286e+03	5	1.445e-04
14306	1.286e+03	3	8.671e-05
14307	1.286e+03	4	1.156e-04
14308	1.286e+03	1	2.890e-05
14309	1.287e+03	0	0.000e+00
14310	1.287e+03	0	0.000e+00
14311	1.287e+03	9	2.601e-04
14312	1.287e+03	0	0.000e+00
14313	1.287e+03	0	0.000e+00
14314	1.287e+03	0	0.000e+00
14315	1.287e+03	0	0.000e+00
14316	1.287e+03	1	2.890e-05
14317	1.287e+03	1	2.890e-05
14318	1.287e+03	0	0.000e+00
14319	1.287e+03	0	0.000e+00
14320	1.288e+03	4	1.156e-04
14321	1.288e+03	1	2.890e-05
14322	1.288e+03	2	5.780e-05
14323	1.288e+03	3	8.671e-05
14324	1.288e+03	6	1.734e-04
14325	1.288e+03	3	8.671e-05
14326	1.288e+03	1	2.890e-05
14327	1.288e+03	0	0.000e+00
14328	1.288e+03	0	0.000e+00
14329	1.288e+03	8	2.312e-04
14330	1.288e+03	6	1.734e-04
14331	1.289e+03	4	1.156e-04
14332	1.289e+03	4	1.156e-04
14333	1.289e+03	6	1.734e-04
14334	1.289e+03	9	2.601e-04
14335	1.289e+03	7	2.023e-04
14336	1.289e+03	6	1.734e-04
14337	1.289e+03	0	0.000e+00
14338	1.289e+03	5	1.445e-04
14339	1.289e+03	7	2.023e-04
14340	1.289e+03	3	8.671e-05
14341	1.289e+03	1	2.890e-05
14342	1.290e+03	2	5.780e-05
14343	1.290e+03	1	2.890e-05
14344	1.290e+03	9	2.601e-04
14345	1.290e+03	8	2.312e-04
14346	1.290e+03	2	5.780e-05
14347	1.290e+03	0	0.000e+00
14348	1.290e+03	0	0.000e+00
14349	1.290e+03	3	8.671e-05
14350	1.290e+03	6	1.734e-04
14351	1.290e+03	0	0.000e+00
14352	1.290e+03	9	2.601e-04
14353	1.291e+03	9	2.601e-04
14354	1.291e+03	12	3.468e-04
14355	1.291e+03	10	2.890e-04
14356	1.291e+03	13	3.757e-04
14357	1.291e+03	12	3.468e-04
14358	1.291e+03	14	4.046e-04
14359	1.291e+03	20	5.780e-04
14360	1.291e+03	12	3.468e-04
14361	1.291e+03	9	2.601e-04
14362	1.291e+03	5	1.445e-04
14363	1.291e+03	7	2.023e-04
14364	1.292e+03	10	2.890e-04
14365	1.292e+03	9	2.601e-04
14366	1.292e+03	11	3.179e-04
14367	1.292e+03	3	8.671e-05
14368	1.292e+03	2	5.780e-05
14369	1.292e+03	10	2.890e-04
14370	1.292e+03	0	0.000e+00
14371	1.292e+03	10	2.890e-04
14372	1.292e+03	5	1.445e-04
14373	1.292e+03	5	1.445e-04
14374	1.292e+03	3	8.671e-05
14375	1.293e+03	11	3.179e-04
14376	1.293e+03	8	2.312e-04
14377	1.293e+03	10	2.890e-04
14378	1.293e+03	2	5.780e-05
14379	1.293e+03	9	2.601e-04
14380	1.293e+03	9	2.601e-04
14381	1.293e+03	17	4.913e-04
14382	1.293e+03	8	2.312e-04
14383	1.293e+03	0	0.000e+00
14384	1.293e+03	3	8.671e-05
14385	1.293e+03	9	2.601e-04
14386	1.293e+03	9	2.601e-04
14387	1.294e+03	9	2.601e-04
14388	1.294e+03	8	2.312e-04
14389	1.294e+03	5	1.445e-04
14390	1.294e+03	4	1.156e-04
14391	1.294e+03	0	0.000e+00
14392	1.294e+03	2	5.780e-05
14393	1.294e+03	2	5.780e-05
14394	1.294e+03	5	1.445e-04
14395	1.294e+03	0	0.000e+00
14396	1.294e+03	10	2.890e-04
14397	1.294e+03	4	1.156e-04
14398	1.295e+03	7	2.023e-04
14399	1.295e+03	5	1.445e-04
14400	1.295e+03	2	5.780e-05
14401	1.295e+03	4	1.156e-04
14402	1.295e+03	2	5.780e-05
14403	1.295e+03	2	5.780e-05
14404	1.295e+03	8	2.312e-04
14405	1.295e+03	6	1.734e-04
14406	1.295e+03	4	1.156e-04
14407	1.295e+03	0	0.000e+00
14408	1.295e+03	1	2.890e-05
14409	1.296e+03	3	8.671e-05
14410	1.296e+03	11	3.179e-04
14411	1.296e+03	3	8.671e-05
14412	1.296e+03	9	2.601e-04
14413	1.296e+03	0	0.000e+00
14414	1.296e+03	0	0.000e+00
14415	1.296e+03	3	8.671e-05
14416	1.296e+03	8	2.312e-04
14417	1.296e+03	8	2.312e-04
14418	1.296e+03	10	2.890e-04
14419	1.296e+03	3	8.671e-05
14420	1.297e+03	0	0.000e+00
14421	1.297e+03	7	2.023e-04
14422	1.297e+03	4	1.156e-04
14423	1.297e+03	1	2.890e-05
14424	1.297e+03	4	1.156e-04
14425	1.297e+03	3	8.671e-05
14426	1.297e+03	0	0.000e+00
14427	1.297e+03	3	8.671e-05
14428	1.297e+03	0	0.000e+00
14429	1.297e+03	4	1.156e-04
14430	1.297e+03	2	5.780e-05
14431	1.298e+03	0	0.000e+00
14432	1.298e+03	5	1.445e-04
14433	1.298e+03	4	1.156e-04
14434	1.298e+03	9	2.601e-04
14435	1.298e+03	5	1.445e-04
14436	1.298e+03	1	2.890e-05
14437	1.298e+03	6	1.734e-04
14438	1.298e+03	1	2.890e-05
14439	1.298e+03	8	2.312e-04
14440	1.298e+03	13	3.757e-04
14441	1.298e+03	2	5.780e-05
14442	1.299e+03	10	2.890e-04
14443	1.299e+03	9	2.601e-04
14444	1.299e+03	8	2.312e-04
14445	1.299e+03	17	4.913e-04
14446	1.299e+03	10	2.890e-04
14447	1.299e+03	20	5.780e-04
14448	1.299e+03	20	5.780e-04
14449	1.299e+03	20	5.780e-04
14450	1.299e+03	28	8.093e-04
14451	1.299e+03	21	6.069e-04
14452	1.299e+03	23	6.647e-04
14453	1.300e+03	26	7.514e-04
14454	1.300e+03	22	6.358e-04
14455	1.300e+03	27	7.804e-04
14456	1.300e+03	24	6.936e-04
14457	1.300e+03	20	5.780e-04
14458	1.300e+03	18	5.202e-04
14459	1.300e+03	21	6.069e-04
14460	1.300e+03	28	8.093e-04
14461	1.300e+03	38	1.098e-03
14462	1.300e+03	26	7.514e-04
14463	1.300e+03	19	5.491e-04
14464	1.301e+03	15	4.335e-04
14465	1.301e+03	19	5.491e-04
14466	1.301e+03	21	6.069e-04
14467	1.301e+03	17	4.913e-04
14468	1.301e+03	10	2.890e-04
14469	1.301e+03	19	5.491e-04
14470	1.301e+03	19	5.491e-04
14471	1.301e+03	17	4.913e-04
14472	1.301e+03	12	3.468e-04
14473	1.301e+03	9	2.601e-04
14474	1.301e+03	11	3.179e-04
14475	1.302e+03	0	0.000e+00
14476	1.302e+03	2	5.780e-05
14477	1.302e+03	9	2.601e-04
14478	1.302e+03	10	2.890e-04
14479	1.302e+03	8	2.312e-04
14480	1.302e+03	3	8.671e-05
14481	1.302e+03	0	0.000e+00
14482	1.302e+03	4	1.156e-04
14483	1.302e+03	6	1.734e-04
14484	1.302e+03	0	0.000e+00
14485	1.302e+03	5	1.445e-04
14486	1.302e+03	3	8.671e-05
14487	1.303e+03	2	5.780e-05
14488	1.303e+03	0	0.000e+00
14489	1.303e+03	2	5.780e-05
14490	1.303e+03	2	5.780e-05
14491	1.303e+03	4	1.156e-04
14492	1.303e+03	4	1.156e-04
14493	1.303e+03	2	5.780e-05
14494	1.303e+03	0	0.000e+00
14495	1.303e+03	7	2.023e-04
14496	1.303e+03	3	8.671e-05
14497	1.303e+03	5	1.445e-04
14498	1.304e+03	10	2.890e-04
14499	1.304e+03	7	2.023e-04
14500	1.304e+03	8	2.312e-04
14501	1.304e+03	7	2.023e-04
14502	1.304e+03	7	2.023e-04
14503	1.304e+03	1	2.890e-05
14504	1.304e+03	1	2.890e-05
14505	1.304e+03	5	1.445e-04
14506	1.304e+03	2	5.780e-05
14507	1.304e+03	0	0.000e+00
14508	1.304e+03	0	0.000e+00
14509	1.305e+03	1	2.890e-05
14510	1.305e+03	3	8.671e-05
14511	1.305e+03	0	0.000e+00
14512	1.305e+03	0	0.000e+00
14513	1.305e+03	0	0.000e+00
14514	1.305e+03	0	0.000e+00
14515	1.305e+03	3	8.671e-05
14516	1.305e+03	0	0.000e+00
14517	1.305e+03	7	2.023e-04
14518	1.305e+03	0	0.000e+00
14519	1.305e+03	4	1.156e-04
14520	1.306e+03	4	1.156e-04
14521	1.306e+03	0	0.000e+00
14522	1.306e+03	8	2.312e-04
14523	1.306e+03	4	1.156e-04
14524	1.306e+03	4	1.156e-04
14525	1.306e+03	0	0.000e+00
14526	1.306e+03	0	0.000e+00
14527	1.306e+03	0	0.000e+00
14528	1.306e+03	0	0.000e+00
14529	1.306e+03	4	1.156e-04
14530	1.306e+03	0	0.000e+00
14531	1.307e+03	5	1.445e-04
14532	1.307e+03	1	2.890e-05
14533	1.307e+03	1	2.890e-05
14534	1.307e+03	0	0.000e+00
14535	1.307e+03	0	0.000e+00
14536	1.307e+03	2	5.780e-05
14537	1.307e+03	1	2.890e-05
14538	1.307e+03	2	5.780e-05
14539	1.307e+03	5	1.445e-04
14540	1.307e+03	0	0.000e+00
14541	1.307e+03	3	8.671e-05
14542	1.308e+03	5	1.445e-04
14543	1.308e+03	0	0.000e+00
14544	1.308e+03	9	2.601e-04
14545	1.308e+03	0	0.000e+00
14546	1.308e+03	2	5.780e-05
14547	1.308e+03	0	0.000e+00
14548	1.308e+03	2	5.780e-05
14549	1.308e+03	3	8.671e-05
14550	1.308e+03	1	2.890e-05
14551	1.308e+03	5	1.445e-04
14552	1.308e+03	2	5.780e-05
14553	1.309e+03	0	0.000e+00
14554	1.309e+03	10	2.890e-04
14555	1.309e+03	5	1.445e-04
14556	1.309e+03	0	0.000e+00
14557	1.309e+03	1	2.890e-05
14558	1.309e+03	2	5.780e-05
14559	1.309e+03	6	1.734e-04
14560	1.309e+03	0	0.000e+00
14561	1.309e+03	4	1.156e-04
14562	1.309e+03	0	0.000e+00
14563	1.309e+03	5	1.445e-04
14564	1.310e+03	0	0.000e+00
14565	1.310e+03	4	1.156e-04
14566	1.310e+03	2	5.780e-05
14567	1.310e+03	8	2.312e-04
14568	1.310e+03	2	5.780e-05
14569	1.310e+03	2	5.780e-05
14570	1.310e+03	0	0.000e+00
14571	1.310e+03	7	2.023e-04
14572	1.310e+03	6	1.734e-04
14573	1.310e+03	11	3.179e-04
14574	1.310e+03	4	1.156e-04
14575	1.310e+03	0	0.000e+00
14576	1.311e+03	1	2.890e-05
14577	1.311e+03	9	2.601e-04
14578	1.311e+03	0	0.000e+00
14579	1.311e+03	0	0.000e+00
14580	1.311e+03	7	2.023e-04
14581	1.311e+03	5	1.445e-04
14582	1.311e+03	0	0.000e+00
14583	1.311e+03	2	5.780e-05
14584	1.311e+03	0	0.000e+00
14585	1.311e+03	1	2.890e-05
14586	1.311e+03	6	1.734e-04
14587	1.312e+03	0	0.000e+00
14588	1.312e+03	0	0.000e+00
14589	1.312e+03	0	0.000e+00
14590	1.312e+03	0	0.000e+00
14591	1.312e+03	3	8.671e-05
14592	1.312e+03	0	0.000e+00
14593	1.312e+03	0	0.000e+00
14594	1.312e+03	0	0.000e+00
14595	1.312e+03	0	0.000e+00
14596	1.312e+03	3	8.671e-05
14597	1.312e+03	0	0.000e+00
14598	1.313e+03	1	2.890e-05
14599	1.313e+03	0	0.000e+00
14600	1.313e+03	4	1.156e-04
14601	1.313e+03	0	0.000e+00
14602	1.313e+03	6	1.734e-04
14603	1.313e+03	3	8.671e-05
14604	1.313e+03	6	1.734e-04
14605	1.313e+03	2	5.780e-05
14606	1.313e+03	6	1.734e-04
14607	1.313e+03	0	0.000e+00
14608	1.313e+03	1	2.890e-05
14609	1.314e+03	1	2.890e-05
14610	1.314e+03	0	0.000e+00
14611	1.314e+03	2	5.780e-05
14612	1.314e+03	3	8.671e-05
14613	1.314e+03	5	1.445e-04
14614	1.314e+03	0	0.000e+00
14615	1.314e+03	2	5.780e-05
14616	1.314e+03	0	0.000e+00
14617	1.314e+03	4	1.156e-04
14618	1.314e+03	4	1.156e-04
14619	1.314e+03	3	8.671e-05
14620	1.315e+03	8	2.312e-04
14621	1.315e+03	0	0.000e+00
14622	1.315e+03	0	0.000e+00
14623	1.315e+03	9	2.601e-04
14624	1.315e+03	7	2.023e-04
14625	1.315e+03	3	8.671e-05
14626	1.315e+03	0	0.000e+00
14627	1.315e+03	0	0.000e+00
14628	1.315e+03	0	0.000e+00
14629	1.315e+03	0	0.000e+00
14630	1.315e+03	0	0.000e+00
14631	1.316e+03	1	2.890e-05
14632	1.316e+03	0	0.000e+00
14633	1.316e+03	2	5.780e-05
14634	1.316e+03	6	1.734e-04
14635	1.316e+03	5	1.445e-04
14636	1.316e+03	0	0.000e+00
14637	1.316e+03	4	1.156e-04
14638	1.316e+03	3	8.671e-05
14639	1.316e+03	4	1.156e-04
14640	1.316e+03	5	1.445e-04
14641	1.316e+03	4	1.156e-04
14642	1.317e+03	4	1.156e-04
14643	1.317e+03	2	5.780e-05
14644	1.317e+03	3	8.671e-05
14645	1.317e+03	0	0.000e+00
14646	1.317e+03	2	5.780e-05
14647	1.317e+03	9	2.601e-04
14648	1.317e+03	1	2.890e-05
14649	1.317e+03	0	0.000e+00
14650	1.317e+03	7	2.023e-04
14651	1.317e+03	6	1.734e-04
14652	1.317e+03	7	2.023e-04
14653	1.318e+03	6	1.734e-04
14654	1.318e+03	4	1.156e-04
14655	1.318e+03	5	1.445e-04
14656	1.318e+03	0	0.000e+00
14657	1.318e+03	8	2.312e-04
14658	1.318e+03	3	8.671e-05
14659	1.318e+03	8	2.312e-04
14660	1.318e+03	6	1.734e-04
14661	1.318e+03	7	2.023e-04
14662	1.318e+03	0	0.000e+00
14663	1.318e+03	0	0.000e+00
14664	1.318e+03	3	8.671e-05
14665	1.319e+03	4	1.156e-04
14666	1.319e+03	3	8.671e-05
14667	1.319e+03	9	2.601e-04
14668	1.319e+03	1	2.890e-05
14669	1.319e+03	5	1.445e-04
14670	1.319e+03	4	1.156e-04
14671	1.319e+03	3	8.671e-05
14672	1.319e+03	3	8.671e-05
14673	1.319e+03	1	2.890e-05
14674	1.319e+03	10	2.890e-04
14675	1.319e+03	1	2.890e-05
14676	1.320e+03	5	1.445e-04
14677	1.320e+03	2	5.780e-05
14678	1.320e+03	4	1.156e-04
14679	1.320e+03	0	0.000e+00
14680	1.320e+03	4	1.156e-04
14681	1.320e+03	5	1.445e-04
14682	1.320e+03	4	1.156e-04
14683	1.320e+03	6	1.734e-04
14684	1.320e+03	7	2.023e-04
14685	1.320e+03	9	2.601e-04
14686	1.320e+03	0	0.000e+00
14687	1.321e+03	0	0.000e+00
14688	1.321e+03	0	0.000e+00
14689	1.321e+03	2	5.780e-05
14690	1.321e+03	13	3.757e-04
14691	1.321e+03	2	5.780e-05
14692	1.321e+03	2	5.780e-05
14693	1.321e+03	0	0.000e+00
14694	1.321e+03	5	1.445e-04
14695	1.321e+03	0	0.000e+00
14696	1.321e+03	2	5.780e-05
14697	1.321e+03	7	2.023e-04
14698	1.322e+03	4	1.156e-04
14699	1.322e+03	3	8.671e-05
14700	1.322e+03	1	2.890e-05
14701	1.322e+03	0	0.000e+00
14702	1.322e+03	1	2.890e-05
14703	1.322e+03	0	0.000e+00
14704	1.322e+03	3	8.671e-05
14705	1.322e+03	2	5.780e-05
14706	1.322e+03	1	2.890e-05
14707	1.322e+03	0	0.000e+00
14708	1.322e+03	0	0.000e+00
14709	1.323e+03	0	0.000e+00
14710	1.323e+03	6	1.734e-04
14711	1.323e+03	6	1.734e-04
14712	1.323e+03	0	0.000e+00
14713	1.323e+03	4	1.156e-04
14714	1.323e+03	1	2.890e-05
14715	1.323e+03	0	0.000e+00
14716	1.323e+03	1	2.890e-05
14717	1.323e+03	7	2.023e-04
14718	1.323e+03	0	0.000e+00
14719	1.323e+03	7	2.023e-04
14720	1.324e+03	6	1.734e-04
14721	1.324e+03	1	2.890e-05
14722	1.324e+03	0	0.000e+00
14723	1.324e+03	3	8.671e-05
14724	1.324e+03	6	1.734e-04
14725	1.324e+03	0	0.000e+00
14726	1.324e+03	1	2.890e-05
14727	1.324e+03	0	0.000e+00
14728	1.324e+03	2	5.780e-05
14729	1.324e+03	0	0.000e+00
14730	1.324e+03	0	0.000e+00
14731	1.325e+03	0	0.000e+00
14732	1.325e+03	0	0.000e+00
14733	1.325e+03	0	0.000e+00
14734	1.325e+03	8	2.312e-04
14735	1.325e+03	0	0.000e+00
14736	1.325e+03	2	5.780e-05
14737	1.325e+03	0	0.000e+00
14738	1.325e+03	4	1.156e-04
14739	1.325e+03	0	0.000e+00
14740	1.325e+03	2	5.780e-05
14741	1.325e+03	0	0.000e+00
14742	1.326e+03	0	0.000e+00
14743	1.326e+03	2	5.780e-05
14744	1.326e+03	0	0.000e+00
14745	1.326e+03	9	2.601e-04
14746	1.326e+03	0	0.000e+00
14747	1.326e+03	2	5.780e-05
14748	1.326e+03	7	2.023e-04
14749	1.326e+03	0	0.000e+00
14750	1.326e+03	0	0.000e+00
14751	1.326e+03	2	5.780e-05
14752	1.326e+03	9	2.601e-04
14753	1.327e+03	5	1.445e-04
14754	1.327e+03	3	8.671e-05
14755	1.327e+03	4	1.156e-04
14756	1.327e+03	5	1.445e-04
14757	1.327e+03	0	0.000e+00
14758	1.327e+03	2	5.780e-05
14759	1.327e+03	1	2.890e-05
14760	1.327e+03	3	8.671e-05
14761	1.327e+03	1	2.890e-05
14762	1.327e+03	0	0.000e+00
14763	1.327e+03	0	0.000e+00
14764	1.327e+03	0	0.000e+00
14765	1.328e+03	2	5.780e-05
14766	1.328e+03	0	0.000e+00
14767	1.328e+03	1	2.890e-05
14768	1.328e+03	4	1.156e-04
14769	1.328e+03	1	2.890e-05
14770	1.328e+03	4	1.156e-04
14771	1.328e+03	1	2.890e-05
14772	1.328e+03	8	2.312e-04
14773	1.328e+03	7	2.023e-04
14774	1.328e+03	2	5.780e-05
14775	1.328e+03	0	0.000e+00
14776	1.329e+03	0	0.000e+00
14777	1.329e+03	0	0.000e+00
14778	1.329e+03	3	8.671e-05
14779	1.329e+03	0	0.000e+00
14780	1.329e+03	1	2.890e-05
14781	1.329e+03	0	0.000e+00
14782	1.329e+03	5	1.445e-04
14783	1.329e+03	4	1.156e-04
14784	1.329e+03	4	1.156e-04
14785	1.329e+03	0	0.000e+00
14786	1.329e+03	0	0.000e+00
14787	1.330e+03	3	8.671e-05
14788	1.330e+03	0	0.000e+00
14789	1.330e+03	4	1.156e-04
14790	1.330e+03	1	2.890e-05
14791	1.330e+03	5	1.445e-04
14792	1.330e+03	0	0.000e+00
14793	1.330e+03	3	8.671e-05
14794	1.330e+03	2	5.780e-05
14795	1.330e+03	0	0.000e+00
14796	1.330e+03	4	1.156e-04
14797	1.330e+03	3	8.671e-05
14798	1.331e+03	0	0.000e+00
14799	1.331e+03	1	2.890e-05
14800	1.331e+03	0	0.000e+00
14801	1.331e+03	4	1.156e-04
14802	1.331e+03	7	2.023e-04
14803	1.331e+03	0	0.000e+00
14804	1.331e+03	3	8.671e-05
14805	1.331e+03	0	0.000e+00
14806	1.331e+03	4	1.156e-04
14807	1.331e+03	1	2.890e-05
14808	1.331e+03	3	8.671e-05
14809	1.332e+03	0	0.000e+00
14810	1.332e+03	0	0.000e+00
14811	1.332e+03	0	0.000e+00
14812	1.332e+03	0	0.000e+00
14813	1.332e+03	3	8.671e-05
14814	1.332e+03	0	0.000e+00
14815	1.332e+03	5	1.445e-04
14816	1.332e+03	3	8.671e-05
14817	1.332e+03	4	1.156e-04
14818	1.332e+03	2	5.780e-05
14819	1.332e+03	2	5.780e-05
14820	1.333e+03	0	0.000e+00
14821	1.333e+03	0	0.000e+00
14822	1.333e+03	0	0.000e+00
14823	1.333e+03	3	8.671e-05
14824	1.333e+03	9	2.601e-04
14825	1.333e+03	4	1.156e-04
14826	1.333e+03	0	0.000e+00
14827	1.333e+03	2	5.780e-05
14828	1.333e+03	4	1.156e-04
14829	1.333e+03	2	5.780e-05
14830	1.333e+03	8	2.312e-04
14831	1.334e+03	8	2.312e-04
14832	1.334e+03	0	0.000e+00
14833	1.334e+03	6	1.734e-04
14834	1.334e+03	1	2.890e-05
14835	1.334e+03	0	0.000e+00
14836	1.334e+03	1	2.890e-05
14837	1.334e+03	7	2.023e-04
14838	1.334e+03	6	1.734e-04
14839	1.334e+03	5	1.445e-04
14840	1.334e+03	0	0.000e+00
14841	1.334e+03	0	0.000e+00
14842	1.335e+03	3	8.671e-05
14843	1.335e+03	0	0.000e+00
14844	1.335e+03	0	0.000e+00
14845	1.335e+03	0	0.000e+00
14846	1.335e+03	8	2.312e-04
14847	1.335e+03	4	1.156e-04
14848	1.335e+03	0	0.000e+00
14849	1.335e+03	0	0.000e+00
14850	1.335e+03	3	8.671e-05
14851	1.335e+03	8	2.312e-04
14852	1.335e+03	7	2.023e-04
14853	1.335e+03	5	1.445e-04
14854	1.336e+03	0	0.000e+00
14855	1.336e+03	4	1.156e-04
14856	1.336e+03	1	2.890e-05
14857	1.336e+03	1	2.890e-05
14858	1.336e+03	0	0.000e+00
14859	1.336e+03	1	2.890e-05
14860	1.336e+03	0	0.000e+00
14861	1.336e+03	5	1.445e-04
14862	1.336e+03	3	8.671e-05
14863	1.336e+03	0	0.000e+00
14864	1.336e+03	0	0.000e+00
14865	1.337e+03	0	0.000e+00
14866	1.337e+03	4	1.156e-04
14867	1.337e+03	0	0.000e+00
14868	1.337e+03	1	2.890e-05
14869	1.337e+03	6	1.734e-04
14870	1.337e+03	4	1.156e-04
14871	1.337e+03	0	0.000e+00
14872	1.337e+03	4	1.156e-04
14873	1.337e+03	0	0.000e+00
14874	1.337e+03	0	0.000e+00
14875	1.337e+03	0	0.000e+00
14876	1.338e+03	3	8.671e-05
14877	1.338e+03	2	5.780e-05
14878	1.338e+03	5	1.445e-04
14879	1.338e+03	0	0.000e+00
14880	1.338e+03	0	0.000e+00
14881	1.338e+03	2	5.780e-05
14882	1.338e+03	0	0.000e+00
14883	1.338e+03	2	5.780e-05
14884	1.338e+03	1	2.890e-05
14885	1.338e+03	3	8.671e-05
14886	1.338e+03	0	0.000e+00
14887	1.339e+03	0	0.000e+00
14888	1.339e+03	2	5.780e-05
14889	1.339e+03	4	1.156e-04
14890	1.339e+03	7	2.023e-04
14891	1.339e+03	3	8.671e-05
14892	1.339e+03	4	1.156e-04
14893	1.339e+03	6	1.734e-04
14894	1.339e+03	6	1.734e-04
14895	1.339e+03	0	0.000e+00
14896	1.339e+03	2	5.780e-05
14897	1.339e+03	0	0.000e+00
14898	1.340e+03	6	1.734e-04
14899	1.340e+03	1	2.890e-05
14900	1.340e+03	2	5.780e-05
14901	1.340e+03	0	0.000e+00
14902	1.340e+03	6	1.734e-04
14903	1.340e+03	0	0.000e+00
14904	1.340e+03	5	1.445e-04
14905	1.340e+03	6	1.734e-04
14906	1.340e+03	0	0.000e+00
14907	1.340e+03	0	0.000e+00
14908	1.340e+03	0	0.000e+00
14909	1.341e+03	1	2.890e-05
14910	1.341e+03	0	0.000e+00
14911	1.341e+03	4	1.156e-04
14912	1.341e+03	2	5.780e-05
14913	1.341e+03	1	2.890e-05
14914	1.341e+03	0	0.000e+00
14915	1.341e+03	0	0.000e+00
14916	1.341e+03	0	0.000e+00
14917	1.341e+03	0	0.000e+00
14918	1.341e+03	0	0.000e+00
14919	1.341e+03	0	0.000e+00
14920	1.342e+03	0	0.000e+00
14921	1.342e+03	1	2.890e-05
14922	1.342e+03	7	2.023e-04
14923	1.342e+03	0	0.000e+00
14924	1.342e+03	6	1.734e-04
14925	1.342e+03	0	0.000e+00
14926	1.342e+03	0	0.000e+00
14927	1.342e+03	2	5.780e-05
14928	1.342e+03	2	5.780e-05
14929	1.342e+03	0	0.000e+00
14930	1.342e+03	0	0.000e+00
14931	1.343e+03	5	1.445e-04
14932	1.343e+03	6	1.734e-04
14933	1.343e+03	4	1.156e-04
14934	1.343e+03	2	5.780e-05
14935	1.343e+03	0	0.000e+00
14936	1.343e+03	0	0.000e+00
14937	1.343e+03	6	1.734e-04
14938	1.343e+03	5	1.445e-04
14939	1.343e+03	1	2.890e-05
14940	1.343e+03	3	8.671e-05
14941	1.343e+03	4	1.156e-04
14942	1.343e+03	0	0.000e+00
14943	1.344e+03	0	0.000e+00
14944	1.344e+03	0	0.000e+00
14945	1.344e+03	3	8.671e-05
14946	1.344e+03	0	0.000e+00
14947	1.344e+03	0	0.000e+00
14948	1.344e+03	2	5.780e-05
14949	1.344e+03	2	5.780e-05
14950	1.344e+03	3	8.671e-05
14951	1.344e+03	1	2.890e-05
14952	1.344e+03	0	0.000e+00
14953	1.344e+03	4	1.156e-04
14954	1.345e+03	0	0.000e+00
14955	1.345e+03	3	8.671e-05
14956	1.345e+03	6	1.734e-04
14957	1.345e+03	0	0.000e+00
14958	1.345e+03	1	2.890e-05
14959	1.345e+03	0	0.000e+00
14960	1.345e+03	6	1.734e-04
14961	1.345e+03	1	2.890e-05
14962	1.345e+03	6	1.734e-04
14963	1.345e+03	5	1.445e-04
14964	1.345e+03	0	0.000e+00
14965	1.346e+03	5	1.445e-04
14966	1.346e+03	6	1.734e-04
14967	1.346e+03	7	2.023e-04
14968	1.346e+03	2	5.780e-05
14969	1.346e+03	0	0.000e+00
14970	1.346e+03	12	3.468e-04
14971	1.346e+03	2	5.780e-05
14972	1.346e+03	1	2.890e-05
14973	1.346e+03	2	5.780e-05
14974	1.346e+03	5	1.445e-04
14975	1.346e+03	5	1.445e-04
14976	1.347e+03	0	0.000e+00
14977	1.347e+03	7	2.023e-04
14978	1.347e+03	6	1.734e-04
14979	1.347e+03	2	5.780e-05
14980	1.347e+03	2	5.780e-05
14981	1.347e+03	0	0.000e+00
14982	1.347e+03	1	2.890e-05
14983	1.347e+03	1	2.890e-05
14984	1.347e+03	0	0.000e+00
14985	1.347e+03	0	0.000e+00
14986	1.347e+03	4	1.156e-04
14987	1.348e+03	0	0.000e+00
14988	1.348e+03	0	0.000e+00
14989	1.348e+03	0	0.000e+00
14990	1.348e+03	6	1.734e-04
14991	1.348e+03	0	0.000e+00
14992	1.348e+03	1	2.890e-05
14993	1.348e+03	5	1.445e-04
14994	1.348e+03	3	8.671e-05
14995	1.348e+03	2	5.780e-05
14996	1.348e+03	2	5.780e-05
14997	1.348e+03	2	5.780e-05
14998	1.349e+03	7	2.023e-04
14999	1.349e+03	6	1.734e-04
15000	1.349e+03	6	1.734e-04
15001	1.349e+03	7	2.023e-04
15002	1.349e+03	1	2.890e-05
15003	1.349e+03	2	5.780e-05
15004	1.349e+03	0	0.000e+00
15005	1.349e+03	3	8.671e-05
15006	1.349e+03	11	3.179e-04
15007	1.349e+03	1	2.890e-05
15008	1.349e+03	3	8.671e-05
15009	1.350e+03	6	1.734e-04
15010	1.350e+03	1	2.890e-05
15011	1.350e+03	4	1.156e-04
15012	1.350e+03	8	2.312e-04
15013	1.350e+03	5	1.445e-04
15014	1.350e+03	0	0.000e+00
15015	1.350e+03	0	0.000e+00
15016	1.350e+03	4	1.156e-04
15017	1.350e+03	0	0.000e+00
15018	1.350e+03	4	1.156e-04
15019	1.350e+03	2	5.780e-05
15020	1.351e+03	0	0.000e+00
15021	1.351e+03	6	1.734e-04
15022	1.351e+03	3	8.671e-05
15023	1.351e+03	2	5.780e-05
15024	1.351e+03	0	0.000e+00
15025	1.351e+03	8	2.312e-04
15026	1.351e+03	0	0.000e+00
15027	1.351e+03	5	1.445e-04
15028	1.351e+03	5	1.445e-04
15029	1.351e+03	3	8.671e-05
15030	1.351e+03	5	1.445e-04
15031	1.351e+03	4	1.156e-04
15032	1.352e+03	0	0.000e+00
15033	1.352e+03	0	0.000e+00
15034	1.352e+03	2	5.780e-05
15035	1.352e+03	1	2.890e-05
15036	1.352e+03	0	0.000e+00
15037	1.352e+03	0	0.000e+00
15038	1.352e+03	0	0.000e+00
15039	1.352e+03	0	0.000e+00
15040	1.352e+03	3	8.671e-05
15041	1.352e+03	1	2.890e-05
15042	1.352e+03	2	5.780e-05
15043	1.353e+03	0	0.000e+00
15044	1.353e+03	0	0.000e+00
15045	1.353e+03	0	0.000e+00
15046	1.353e+03	0	0.000e+00
15047	1.353e+03	4	1.156e-04
15048	1.353e+03	0	0.000e+00
15049	1.353e+03	3	8.671e-05
15050	1.353e+03	0	0.000e+00
15051	1.353e+03	5	1.445e-04
15052	1.353e+03	5	1.445e-04
15053	1.353e+03	2	5.780e-05
15054	1.354e+03	4	1.156e-04
15055	1.354e+03	0	0.000e+00
15056	1.354e+03	4	1.156e-04
15057	1.354e+03	0	0.000e+00
15058	1.354e+03	2	5.780e-05
15059	1.354e+03	0	0.000e+00
15060	1.354e+03	8	2.312e-04
15061	1.354e+03	0	0.000e+00
15062	1.354e+03	0	0.000e+00
15063	1.354e+03	0	0.000e+00
15064	1.354e+03	0	0.000e+00
15065	1.355e+03	4	1.156e-04
15066	1.355e+03	1	2.890e-05
15067	1.355e+03	6	1.734e-04
15068	1.355e+03	4	1.156e-04
15069	1.355e+03	4	1.156e-04
15070	1.355e+03	0	0.000e+00
15071	1.355e+03	11	3.179e-04
15072	1.355e+03	4	1.156e-04
15073	1.355e+03	0	0.000e+00
15074	1.355e+03	2	5.780e-05
15075	1.355e+03	7	2.023e-04
15076	1.356e+03	6	1.734e-04
15077	1.356e+03	0	0.000e+00
15078	1.356e+03	0	0.000e+00
15079	1.356e+03	2	5.780e-05
15080	1.356e+03	0	0.000e+00
15081	1.356e+03	1	2.890e-05
15082	1.356e+03	2	5.780e-05
15083	1.356e+03	6	1.734e-04
15084	1.356e+03	4	1.156e-04
15085	1.356e+03	4	1.156e-04
15086	1.356e+03	5	1.445e-04
15087	1.357e+03	1	2.890e-05
15088	1.357e+03	0	0.000e+00
15089	1.357e+03	3	8.671e-05
15090	1.357e+03	2	5.780e-05
15091	1.357e+03	1	2.890e-05
15092	1.357e+03	5	1.445e-04
15093	1.357e+03	7	2.023e-04
15094	1.357e+03	9	2.601e-04
15095	1.357e+03	6	1.734e-04
15096	1.357e+03	6	1.734e-04
15097	1.357e+03	0	0.000e+00
15098	1.358e+03	2	5.780e-05
15099	1.358e+03	0	0.000e+00
15100	1.358e+03	2	5.780e-05
15101	1.358e+03	0	0.000e+00
15102	1.358e+03	1	2.890e-05
15103	1.358e+03	0	0.000e+00
15104	1.358e+03	7	2.023e-04
15105	1.358e+03	1	2.890e-05
15106	1.358e+03	0	0.000e+00
15107	1.358e+03	3	8.671e-05
15108	1.358e+03	3	8.671e-05
15109	1.359e+03	0	0.000e+00
15110	1.359e+03	5	1.445e-04
15111	1.359e+03	0	0.000e+00
15112	1.359e+03	0	0.000e+00
15113	1.359e+03	5	1.445e-04
15114	1.359e+03	5	1.445e-04
15115	1.359e+03	1	2.890e-05
15116	1.359e+03	1	2.890e-05
15117	1.359e+03	0	0.000e+00
15118	1.359e+03	11	3.179e-04
15119	1.359e+03	4	1.156e-04
15120	1.360e+03	0	0.000e+00
15121	1.360e+03	6	1.734e-04
15122	1.360e+03	1	2.890e-05
15123	1.360e+03	9	2.601e-04
15124	1.360e+03	0	0.000e+00
15125	1.360e+03	2	5.780e-05
15126	1.360e+03	0	0.000e+00
15127	1.360e+03	0	0.000e+00
15128	1.360e+03	0	0.000e+00
15129	1.360e+03	2	5.780e-05
15130	1.360e+03	0	0.000e+00
15131	1.360e+03	2	5.780e-05
15132	1.361e+03	0	0.000e+00
15133	1.361e+03	5	1.445e-04
15134	1.361e+03	11	3.179e-04
15135	1.361e+03	5	1.445e-04
15136	1.361e+03	0	0.000e+00
15137	1.361e+03	0	0.000e+00
15138	1.361e+03	3	8.671e-05
15139	1.361e+03	0	0.000e+00
15140	1.361e+03	0	0.000e+00
15141	1.361e+03	2	5.780e-05
15142	1.361e+03	0	0.000e+00
15143	1.362e+03	4	1.156e-04
15144	1.362e+03	2	5.780e-05
15145	1.362e+03	0	0.000e+00
15146	1.362e+03	3	8.671e-05
15147	1.362e+03	1	2.890e-05
15148	1.362e+03	1	2.890e-05
15149	1.362e+03	0	0.000e+00
15150	1.362e+03	3	8.671e-05
15151	1.362e+03	1	2.890e-05
15152	1.362e+03	0	0.000e+00
15153	1.362e+03	1	2.890e-05
15154	1.363e+03	0	0.000e+00
15155	1.363e+03	2	5.780e-05
15156	1.363e+03	3	8.671e-05
15157	1.363e+03	6	1.734e-04
15158	1.363e+03	0	0.000e+00
15159	1.363e+03	0	0.000e+00
15160	1.363e+03	0	0.000e+00
15161	1.363e+03	4	1.156e-04
15162	1.363e+03	0	0.000e+00
15163	1.363e+03	1	2.890e-05
15164	1.363e+03	1	2.890e-05
15165	1.364e+03	4	1.156e-04
15166	1.364e+03	0	0.000e+00
15167	1.364e+03	0	0.000e+00
15168	1.364e+03	5	1.445e-04
15169	1.364e+03	0	0.000e+00
15170	1.364e+03	6	1.734e-04
15171	1.364e+03	1	2.890e-05
15172	1.364e+03	0	0.000e+00
15173	1.364e+03	1	2.890e-05
15174	1.364e+03	3	8.671e-05
15175	1.364e+03	5	1.445e-04
15176	1.365e+03	1	2.890e-05
15177	1.365e+03	5	1.445e-04
15178	1.365e+03	7	2.023e-04
15179	1.365e+03	0	0.000e+00
15180	1.365e+03	1	2.890e-05
15181	1.365e+03	0	0.000e+00
15182	1.365e+03	6	1.734e-04
15183	1.365e+03	8	2.312e-04
15184	1.365e+03	0	0.000e+00
15185	1.365e+03	4	1.156e-04
15186	1.365e+03	6	1.734e-04
15187	1.366e+03	0	0.000e+00
15188	1.366e+03	2	5.780e-05
15189	1.366e+03	1	2.890e-05
15190	1.366e+03	2	5.780e-05
15191	1.366e+03	0	0.000e+00
15192	1.366e+03	4	1.156e-04
15193	1.366e+03	4	1.156e-04
15194	1.366e+03	1	2.890e-05
15195	1.366e+03	10	2.890e-04
15196	1.366e+03	0	0.000e+00
15197	1.366e+03	0	0.000e+00
15198	1.367e+03	4	1.156e-04
15199	1.367e+03	2	5.780e-05
15200	1.367e+03	0	0.000e+00
15201	1.367e+03	0	0.000e+00
15202	1.367e+03	1	2.890e-05
15203	1.367e+03	3	8.671e-05
15204	1.367e+03	10	2.890e-04
15205	1.367e+03	0	0.000e+00
15206	1.367e+03	2	5.780e-05
15207	1.367e+03	0	0.000e+00
15208	1.367e+03	1	2.890e-05
15209	1.368e+03	3	8.671e-05
15210	1.368e+03	0	0.000e+00
15211	1.368e+03	0	0.000e+00
15212	1.368e+03	0	0.000e+00
15213	1.368e+03	8	2.312e-04
15214	1.368e+03	0	0.000e+00
15215	1.368e+03	4	1.156e-04
15216	1.368e+03	1	2.890e-05
15217	1.368e+03	0	0.000e+00
15218	1.368e+03	3	8.671e-05
15219	1.368e+03	4	1.156e-04
15220	1.368e+03	4	1.156e-04
15221	1.369e+03	6	1.734e-04
15222	1.369e+03	2	5.780e-05
15223	1.369e+03	0	0.000e+00
15224	1.369e+03	0	0.000e+00
15225	1.369e+03	9	2.601e-04
15226	1.369e+03	0	0.000e+00
15227	1.369e+03	1	2.890e-05
15228	1.369e+03	10	2.890e-04
15229	1.369e+03	5	1.445e-04
15230	1.369e+03	2	5.780e-05
15231	1.369e+03	1	2.890e-05
15232	1.370e+03	1	2.890e-05
15233	1.370e+03	2	5.780e-05
15234	1.370e+03	4	1.156e-04
15235	1.370e+03	1	2.890e-05
15236	1.370e+03	3	8.671e-05
15237	1.370e+03	0	0.000e+00
15238	1.370e+03	0	0.000e+00
15239	1.370e+03	0	0.000e+00
15240	1.370e+03	2	5.780e-05
15241	1.370e+03	8	2.312e-04
15242	1.370e+03	1	2.890e-05
15243	1.371e+03	2	5.780e-05
15244	1.371e+03	6	1.734e-04
15245	1.371e+03	0	0.000e+00
15246	1.371e+03	8	2.312e-04
15247	1.371e+03	6	1.734e-04
15248	1.371e+03	2	5.780e-05
15249	1.371e+03	0	0.000e+00
15250	1.371e+03	5	1.445e-04
15251	1.371e+03	4	1.156e-04
15252	1.371e+03	4	1.156e-04
15253	1.371e+03	4	1.156e-04
15254	1.372e+03	7	2.023e-04
15255	1.372e+03	0	0.000e+00
15256	1.372e+03	0	0.000e+00
15257	1.372e+03	3	8.671e-05
15258	1.372e+03	0	0.000e+00
15259	1.372e+03	4	1.156e-04
15260	1.372e+03	6	1.734e-04
15261	1.372e+03	3	8.671e-05
15262	1.372e+03	3	8.671e-05
15263	1.372e+03	0	0.000e+00
15264	1.372e+03	7	2.023e-04
15265	1.373e+03	6	1.734e-04
15266	1.373e+03	0	0.000e+00
15267	1.373e+03	1	2.890e-05
15268	1.373e+03	0	0.000e+00
15269	1.373e+03	2	5.780e-05
15270	1.373e+03	0	0.000e+00
15271	1.373e+03	3	8.671e-05
15272	1.373e+03	5	1.445e-04
15273	1.373e+03	1	2.890e-05
15274	1.373e+03	1	2.890e-05
15275	1.373e+03	1	2.890e-05
15276	1.374e+03	0	0.000e+00
15277	1.374e+03	5	1.445e-04
15278	1.374e+03	0	0.000e+00
15279	1.374e+03	2	5.780e-05
15280	1.374e+03	1	2.890e-05
15281	1.374e+03	5	1.445e-04
15282	1.374e+03	4	1.156e-04
15283	1.374e+03	0	0.000e+00
15284	1.374e+03	0	0.000e+00
15285	1.374e+03	0	0.000e+00
15286	1.374e+03	2	5.780e-05
15287	1.375e+03	4	1.156e-04
15288	1.375e+03	1	2.890e-05
15289	1.375e+03	0	0.000e+00
15290	1.375e+03	2	5.780e-05
15291	1.375e+03	0	0.000e+00
15292	1.375e+03	3	8.671e-05
15293	1.375e+03	1	2.890e-05
15294	1.375e+03	0	0.000e+00
15295	1.375e+03	0	0.000e+00
15296	1.375e+03	1	2.890e-05
15297	1.375e+03	0	0.000e+00
15298	1.376e+03	0	0.000e+00
15299	1.376e+03	0	0.000e+00
15300	1.376e+03	2	5.780e-05
15301	1.376e+03	4	1.156e-04
15302	1.376e+03	0	0.000e+00
15303	1.376e+03	2	5.780e-05
15304	1.376e+03	2	5.780e-05
15305	1.376e+03	0	0.000e+00
15306	1.376e+03	4	1.156e-04
15307	1.376e+03	0	0.000e+00
15308	1.376e+03	0	0.000e+00
15309	1.376e+03	0	0.000e+00
15310	1.377e+03	2	5.780e-05
15311	1.377e+03	0	0.000e+00
15312	1.377e+03	0	0.000e+00
15313	1.377e+03	0	0.000e+00
15314	1.377e+03	5	1.445e-04
15315	1.377e+03	0	0.000e+00
15316	1.377e+03	0	0.000e+00
15317	1.377e+03	1	2.890e-05
15318	1.377e+03	4	1.156e-04
15319	1.377e+03	3	8.671e-05
15320	1.377e+03	0	0.000e+00
15321	1.378e+03	0	0.000e+00
15322	1.378e+03	1	2.890e-05
15323	1.378e+03	0	0.000e+00
15324	1.378e+03	1	2.890e-05
15325	1.378e+03	0	0.000e+00
15326	1.378e+03	1	2.890e-05
15327	1.378e+03	0	0.000e+00
15328	1.378e+03	0	0.000e+00
15329	1.378e+03	1	2.890e-05
15330	1.378e+03	4	1.156e-04
15331	1.378e+03	0	0.000e+00
15332	1.379e+03	1	2.890e-05
15333	1.379e+03	0	0.000e+00
15334	1.379e+03	8	2.312e-04
15335	1.379e+03	0	0.000e+00
15336	1.379e+03	1	2.890e-05
15337	1.379e+03	0	0.000e+00
15338	1.379e+03	2	5.780e-05
15339	1.379e+03	0	0.000e+00
15340	1.379e+03	1	2.890e-05
15341	1.379e+03	0	0.000e+00
15342	1.379e+03	0	0.000e+00
15343	1.380e+03	2	5.780e-05
15344	1.380e+03	2	5.780e-05
15345	1.380e+03	9	2.601e-04
15346	1.380e+03	0	0.000e+00
15347	1.380e+03	0	0.000e+00
15348	1.380e+03	4	1.156e-04
15349	1.380e+03	0	0.000e+00
15350	1.380e+03	3	8.671e-05
15351	1.380e+03	0	0.000e+00
15352	1.380e+03	1	2.890e-05
15353	1.380e+03	0	0.000e+00
15354	1.381e+03	2	5.780e-05
15355	1.381e+03	0	0.000e+00
15356	1.381e+03	0	0.000e+00
15357	1.381e+03	3	8.671e-05
15358	1.381e+03	5	1.445e-04
15359	1.381e+03	0	0.000e+00
15360	1.381e+03	0	0.000e+00
15361	1.381e+03	4	1.156e-04
15362	1.381e+03	0	0.000e+00
15363	1.381e+03	2	5.780e-05
15364	1.381e+03	0	0.000e+00
15365	1.382e+03	0	0.000e+00
15366	1.382e+03	0	0.000e+00
15367	1.382e+03	0	0.000e+00
15368	1.382e+03	1	2.890e-05
15369	1.382e+03	0	0.000e+00
15370	1.382e+03	3	8.671e-05
15371	1.382e+03	0	0.000e+00
15372	1.382e+03	3	8.671e-05
15373	1.382e+03	0	0.000e+00
15374	1.382e+03	0	0.000e+00
15375	1.382e+03	0	0.000e+00
15376	1.383e+03	8	2.312e-04
15377	1.383e+03	2	5.780e-05
15378	1.383e+03	0	0.000e+00
15379	1.383e+03	2	5.780e-05
15380	1.383e+03	0	0.000e+00
15381	1.383e+03	0	0.000e+00
15382	1.383e+03	0	0.000e+00
15383	1.383e+03	0	0.000e+00
15384	1.383e+03	3	8.671e-05
15385	1.383e+03	0	0.000e+00
15386	1.383e+03	0	0.000e+00
15387	1.384e+03	3	8.671e-05
15388	1.384e+03	3	8.671e-05
15389	1.384e+03	0	0.000e+00
15390	1.384e+03	4	1.156e-04
15391	1.384e+03	0	0.000e+00
15392	1.384e+03	3	8.671e-05
15393	1.384e+03	2	5.780e-05
15394	1.384e+03	0	0.000e+00
15395	1.384e+03	4	1.156e-04
15396	1.384e+03	0	0.000e+00
15397	1.384e+03	0	0.000e+00
15398	1.384e+03	0	0.000e+00
15399	1.385e+03	4	1.156e-04
15400	1.385e+03	0	0.000e+00
15401	1.385e+03	2	5.780e-05
15402	1.385e+03	4	1.156e-04
15403	1.385e+03	1	2.890e-05
15404	1.385e+03	6	1.734e-04
15405	1.385e+03	0	0.000e+00
15406	1.385e+03	0	0.000e+00
15407	1.385e+03	0	0.000e+00
15408	1.385e+03	4	1.156e-04
15409	1.385e+03	3	8.671e-05
15410	1.386e+03	0	0.000e+00
15411	1.386e+03	2	5.780e-05
15412	1.386e+03	0	0.000e+00
15413	1.386e+03	0	0.000e+00
15414	1.386e+03	0	0.000e+00
15415	1.386e+03	0	0.000e+00
15416	1.386e+03	0	0.000e+00
15417	1.386e+03	0	0.000e+00
15418	1.386e+03	0	0.000e+00
15419	1.386e+03	0	0.000e+00
15420	1.386e+03	0	0.000e+00
15421	1.387e+03	0	0.000e+00
15422	1.387e+03	0	0.000e+00
15423	1.387e+03	0	0.000e+00
15424	1.387e+03	9	2.601e-04
15425	1.387e+03	0	0.000e+00
15426	1.387e+03	0	0.000e+00
15427	1.387e+03	0	0.000e+00
15428	1.387e+03	2	5.780e-05
15429	1.387e+03	0	0.000e+00
15430	1.387e+03	6	1.734e-04
15431	1.387e+03	0	0.000e+00
15432	1.388e+03	1	2.890e-05
15433	1.388e+03	1	2.890e-05
15434	1.388e+03	0	0.000e+00
15435	1.388e+03	0	0.000e+00
15436	1.388e+03	2	5.780e-05
15437	1.388e+03	9	2.601e-04
15438	1.388e+03	3	8.671e-05
15439	1.388e+03	1	2.890e-05
15440	1.388e+03	0	0.000e+00
15441	1.388e+03	3	8.671e-05
15442	1.388e+03	2	5.780e-05
15443	1.389e+03	0	0.000e+00
15444	1.389e+03	0	0.000e+00
15445	1.389e+03	0	0.000e+00
15446	1.389e+03	0	0.000e+00
15447	1.389e+03	4	1.156e-04
15448	1.389e+03	0	0.000e+00
15449	1.389e+03	0	0.000e+00
15450	1.389e+03	0	0.000e+00
15451	1.389e+03	0	0.000e+00
15452	1.389e+03	0	0.000e+00
15453	1.389e+03	0	0.000e+00
15454	1.390e+03	1	2.890e-05
15455	1.390e+03	0	0.000e+00
15456	1.390e+03	0	0.000e+00
15457	1.390e+03	0	0.000e+00
15458	1.390e+03	0	0.000e+00
15459	1.390e+03	0	0.000e+00
15460	1.390e+03	14	4.046e-04
15461	1.390e+03	1	2.890e-05
15462	1.390e+03	0	0.000e+00
15463	1.390e+03	0	0.000e+00
15464	1.390e+03	0	0.000e+00
15465	1.391e+03	1	2.890e-05
15466	1.391e+03	0	0.000e+00
15467	1.391e+03	1	2.890e-05
15468	1.391e+03	0	0.000e+00
15469	1.391e+03	0	0.000e+00
15470	1.391e+03	0	0.000e+00
15471	1.391e+03	3	8.671e-05
15472	1.391e+03	0	0.000e+00
15473	1.391e+03	0	0.000e+00
15474	1.391e+03	0	0.000e+00
15475	1.391e+03	2	5.780e-05
15476	1.392e+03	3	8.671e-05
15477	1.392e+03	0	0.000e+00
15478	1.392e+03	5	1.445e-04
15479	1.392e+03	0	0.000e+00
15480	1.392e+03	3	8.671e-05
15481	1.392e+03	0	0.000e+00
15482	1.392e+03	4	1.156e-04
15483	1.392e+03	5	1.445e-04
15484	1.392e+03	1	2.890e-05
15485	1.392e+03	0	0.000e+00
15486	1.392e+03	8	2.312e-04
15487	1.393e+03	0	0.000e+00
15488	1.393e+03	0	0.000e+00
15489	1.393e+03	1	2.890e-05
15490	1.393e+03	5	1.445e-04
15491	1.393e+03	0	0.000e+00
15492	1.393e+03	2	5.780e-05
15493	1.393e+03	2	5.780e-05
15494	1.393e+03	0	0.000e+00
15495	1.393e+03	0	0.000e+00
15496	1.393e+03	0	0.000e+00
15497	1.393e+03	0	0.000e+00
15498	1.393e+03	0	0.000e+00
15499	1.394e+03	2	5.780e-05
15500	1.394e+03	0	0.000e+00
15501	1.394e+03	3	8.671e-05
15502	1.394e+03	0	0.000e+00
15503	1.394e+03	0	0.000e+00
15504	1.394e+03	0	0.000e+00
15505	1.394e+03	0	0.000e+00
15506	1.394e+03	1	2.890e-05
15507	1.394e+03	6	1.734e-04
15508	1.394e+03	0	0.000e+00
15509	1.394e+03	5	1.445e-04
15510	1.395e+03	0	0.000e+00
15511	1.395e+03	0	0.000e+00
15512	1.395e+03	0	0.000e+00
15513	1.395e+03	1	2.890e-05
15514	1.395e+03	0	0.000e+00
15515	1.395e+03	3	8.671e-05
15516	1.395e+03	0	0.000e+00
15517	1.395e+03	0	0.000e+00
15518	1.395e+03	0	0.000e+00
15519	1.395e+03	0	0.000e+00
15520	1.395e+03	0	0.000e+00
15521	1.396e+03	0	0.000e+00
15522	1.396e+03	5	1.445e-04
15523	1.396e+03	3	8.671e-05
15524	1.396e+03	1	2.890e-05
15525	1.396e+03	5	1.445e-04
15526	1.396e+03	1	2.890e-05
15527	1.396e+03	0	0.000e+00
15528	1.396e+03	0	0.000e+00
15529	1.396e+03	2	5.780e-05
15530	1.396e+03	3	8.671e-05
15531	1.396e+03	1	2.890e-05
15532	1.397e+03	3	8.671e-05
15533	1.397e+03	0	0.000e+00
15534	1.397e+03	0	0.000e+00
15535	1.397e+03	4	1.156e-04
15536	1.397e+03	10	2.890e-04
15537	1.397e+03	0	0.000e+00
15538	1.397e+03	5	1.445e-04
15539	1.397e+03	4	1.156e-04
15540	1.397e+03	8	2.312e-04
15541	1.397e+03	1	2.890e-05
15542	1.397e+03	3	8.671e-05
15543	1.398e+03	0	0.000e+00
15544	1.398e+03	7	2.023e-04
15545	1.398e+03	10	2.890e-04
15546	1.398e+03	1	2.890e-05
15547	1.398e+03	8	2.312e-04
15548	1.398e+03	8	2.312e-04
15549	1.398e+03	7	2.023e-04
15550	1.398e+03	16	4.624e-04
15551	1.398e+03	7	2.023e-04
15552	1.398e+03	14	4.046e-04
15553	1.398e+03	10	2.890e-04
15554	1.399e+03	9	2.601e-04
15555	1.399e+03	4	1.156e-04
15556	1.399e+03	9	2.601e-04
15557	1.399e+03	4	1.156e-04
15558	1.399e+03	6	1.734e-04
15559	1.399e+03	5	1.445e-04
15560	1.399e+03	3	8.671e-05
15561	1.399e+03	8	2.312e-04
15562	1.399e+03	0	0.000e+00
15563	1.399e+03	0	0.000e+00
15564	1.399e+03	0	0.000e+00
15565	1.400e+03	0	0.000e+00
15566	1.400e+03	0	0.000e+00
15567	1.400e+03	3	8.671e-05
15568	1.400e+03	0	0.000e+00
15569	1.400e+03	3	8.671e-05
15570	1.400e+03	0	0.000e+00
15571	1.400e+03	0	0.000e+00
15572	1.400e+03	0	0.000e+00
15573	1.400e+03	0	0.000e+00
15574	1.400e+03	0	0.000e+00
15575	1.400e+03	0	0.000e+00
15576	1.401e+03	0	0.000e+00
15577	1.401e+03	7	2.023e-04
15578	1.401e+03	4	1.156e-04
15579	1.401e+03	0	0.000e+00
15580	1.401e+03	5	1.445e-04
15581	1.401e+03	0	0.000e+00
15582	1.401e+03	0	0.000e+00
15583	1.401e+03	0	0.000e+00
15584	1.401e+03	0	0.000e+00
15585	1.401e+03	0	0.000e+00
15586	1.401e+03	0	0.000e+00
15587	1.401e+03	7	2.023e-04
15588	1.402e+03	0	0.000e+00
15589	1.402e+03	4	1.156e-04
15590	1.402e+03	2	5.780e-05
15591	1.402e+03	3	8.671e-05
15592	1.402e+03	0	0.000e+00
15593	1.402e+03	0	0.000e+00
15594	1.402e+03	1	2.890e-05
15595	1.402e+03	0	0.000e+00
15596	1.402e+03	0	0.000e+00
15597	1.402e+03	0	0.000e+00
15598	1.402e+03	1	2.890e-05
15599	1.403e+03	4	1.156e-04
15600	1.403e+03	3	8.671e-05
15601	1.403e+03	0	0.000e+00
15602	1.403e+03	0	0.000e+00
15603	1.403e+03	0	0.000e+00
15604	1.403e+03	0	0.000e+00
15605	1.403e+03	1	2.890e-05
15606	1.403e+03	1	2.890e-05
15607	1.403e+03	0	0.000e+00
15608	1.403e+03	0	0.000e+00
15609	1.403e+03	0	0.000e+00
15610	1.404e+03	0	0.000e+00
15611	1.404e+03	2	5.780e-05
15612	1.404e+03	1	2.890e-05
15613	1.404e+03	0	0.000e+00
15614	1.404e+03	0	0.000e+00
15615	1.404e+03	0	0.000e+00
15616	1.404e+03	1	2.890e-05
15617	1.404e+03	7	2.023e-04
15618	1.404e+03	3	8.671e-05
15619	1.404e+03	4	1.156e-04
15620	1.404e+03	0	0.000e+00
15621	1.405e+03	0	0.000e+00
15622	1.405e+03	0	0.000e+00
15623	1.405e+03	4	1.156e-04
15624	1.405e+03	0	0.000e+00
15625	1.405e+03	6	1.734e-04
15626	1.405e+03	1	2.890e-05
15627	1.405e+03	2	5.780e-05
15628	1.405e+03	0	0.000e+00
15629	1.405e+03	0	0.000e+00
15630	1.405e+03	2	5.780e-05
15631	1.405e+03	0	0.000e+00
15632	1.406e+03	1	2.890e-05
15633	1.406e+03	0	0.000e+00
15634	1.406e+03	0	0.000e+00
15635	1.406e+03	1	2.890e-05
15636	1.406e+03	4	1.156e-04
15637	1.406e+03	0	0.000e+00
15638	1.406e+03	5	1.445e-04
15639	1.406e+03	4	1.156e-04
15640	1.406e+03	1	2.890e-05
15641	1.406e+03	8	2.312e-04
15642	1.406e+03	11	3.179e-04
15643	1.407e+03	7	2.023e-04
15644	1.407e+03	12	3.468e-04
15645	1.407e+03	27	7.804e-04
15646	1.407e+03	22	6.358e-04
15647	1.407e+03	17	4.913e-04
15648	1.407e+03	25	7.225e-04
15649	1.407e+03	45	1.301e-03
15650	1.407e+03	48	1.387e-03
15651	1.407e+03	53	1.532e-03
15652	1.407e+03	70	2.023e-03
15653	1.407e+03	96	2.775e-03
15654	1.408e+03	114	3.295e-03
15655	1.408e+03	123	3.555e-03
15656	1.408e+03	122	3.526e-03
15657	1.408e+03	159	4.595e-03
15658	1.408e+03	177	5.116e-03
15659	1.408e+03	202	5.838e-03
15660	1.408e+03	231	6.676e-03
15661	1.408e+03	196	5.665e-03
15662	1.408e+03	270	7.804e-03
15663	1.408e+03	282	8.150e-03
15664	1.408e+03	295	8.526e-03
15665	1.409e+03	270	7.804e-03
15666	1.409e+03	306	8.844e-03
15667	1.409e+03	333	9.624e-03
15668	1.409e+03	331	9.567e-03
15669	1.409e+03	301	8.699e-03
15670	1.409e+03	345	9.971e-03
15671	1.409e+03	310	8.960e-03
15672	1.409e+03	321	9.278e-03
15673	1.409e+03	274	7.919e-03
15674	1.409e+03	246	7.110e-03
15675	1.409e+03	274	7.919e-03
15676	1.409e+03	242	6.994e-03
15677	1.410e+03	246	7.110e-03
15678	1.410e+03	200	5.780e-03
15679	1.410e+03	176	5.087e-03
15680	1.410e+03	167	4.827e-03
15681	1.410e+03	144	4.162e-03
15682	1.410e+03	105	3.035e-03
15683	1.410e+03	114	3.295e-03
15684	1.410e+03	78	2.254e-03
15685	1.410e+03	54	1.561e-03
15686	1.410e+03	52	1.503e-03
15687	1.410e+03	63	1.821e-03
15688	1.411e+03	43	1.243e-03
15689	1.411e+03	45	1.301e-03
15690	1.411e+03	20	5.780e-04
15691	1.411e+03	20	5.780e-04
15692	1.411e+03	27	7.804e-04
15693	1.411e+03	16	4.624e-04
15694	1.411e+03	23	6.647e-04
15695	1.411e+03	4	1.156e-04
15696	1.411e+03	8	2.312e-04
15697	1.411e+03	1	2.890e-05
15698	1.411e+03	0	0.000e+00
15699	1.412e+03	1	2.890e-05
15700	1.412e+03	2	5.780e-05
15701	1.412e+03	3	8.671e-05
15702	1.412e+03	3	8.671e-05
15703	1.412e+03	0	0.000e+00
15704	1.412e+03	0	0.000e+00
15705	1.412e+03	0	0.000e+00
15706	1.412e+03	0	0.000e+00
15707	1.412e+03	0	0.000e+00
15708	1.412e+03	0	0.000e+00
15709	1.412e+03	0	0.000e+00
15710	1.413e+03	3	8.671e-05
15711	1.413e+03	1	2.890e-05
15712	1.413e+03	0	0.000e+00
15713	1.413e+03	0	0.000e+00
15714	1.413e+03	1	2.890e-05
15715	1.413e+03	0	0.000e+00
15716	1.413e+03	0	0.000e+00
15717	1.413e+03	1	2.890e-05
15718	1.413e+03	2	5.780e-05
15719	1.413e+03	0	0.000e+00
15720	1.413e+03	0	0.000e+00
15721	1.414e+03	3	8.671e-05
15722	1.414e+03	0	0.000e+00
15723	1.414e+03	0	0.000e+00
15724	1.414e+03	0	0.000e+00
15725	1.414e+03	2	5.780e-05
15726	1.414e+03	0	0.000e+00
15727	1.414e+03	0	0.000e+00
15728	1.414e+03	0	0.000e+00
15729	1.414e+03	2	5.780e-05
15730	1.414e+03	4	1.156e-04
15731	1.414e+03	0	0.000e+00
15732	1.415e+03	0	0.000e+00
15733	1.415e+03	0	0.000e+00
15734	1.415e+03	0	0.000e+00
15735	1.415e+03	0	0.000e+00
15736	1.415e+03	0	0.000e+00
15737	1.415e+03	0	0.000e+00
15738	1.415e+03	3	8.671e-05
15739	1.415e+03	0	0.000e+00
15740	1.415e+03	0	0.000e+00
15741	1.415e+03	0	0.000e+00
15742	1.415e+03	0	0.000e+00
15743	1.416e+03	2	5.780e-05
15744	1.416e+03	0	0.000e+00
15745	1.416e+03	0	0.000e+00
15746	1.416e+03	0	0.000e+00
15747	1.416e+03	0	0.000e+00
15748	1.416e+03	0	0.000e+00
15749	1.416e+03	0	0.000e+00
15750	1.416e+03	0	0.000e+00
15751	1.416e+03	0	0.000e+00
15752	1.416e+03	4	1.156e-04
15753	1.416e+03	2	5.780e-05
15754	1.417e+03	0	0.000e+00
15755	1.417e+03	3	8.671e-05
15756	1.417e+03	2	5.780e-05
15757	1.417e+03	0	0.000e+00
15758	1.417e+03	0	0.000e+00
15759	1.417e+03	2	5.780e-05
15760	1.417e+03	0	0.000e+00
15761	1.417e+03	2	5.780e-05
15762	1.417e+03	1	2.890e-05
15763	1.417e+03	3	8.671e-05
15764	1.417e+03	4	1.156e-04
15765	1.417e+03	0	0.000e+00
15766	1.418e+03	3	8.671e-05
15767	1.418e+03	3	8.671e-05
15768	1.418e+03	0	0.000e+00
15769	1.418e+03	3	8.671e-05
15770	1.418e+03	3	8.671e-05
15771	1.418e+03	0	0.000e+00
15772	1.418e+03	3	8.671e-05
15773	1.418e+03	0	0.000e+00
15774	1.418e+03	3	8.671e-05
15775	1.418e+03	3	8.671e-05
15776	1.418e+03	7	2.023e-04
15777	1.419e+03	3	8.671e-05
15778	1.419e+03	5	1.445e-04
15779	1.419e+03	1	2.890e-05
15780	1.419e+03	0	0.000e+00
15781	1.419e+03	4	1.156e-04
15782	1.419e+03	2	5.780e-05
15783	1.419e+03	0	0.000e+00
15784	1.419e+03	3	8.671e-05
15785	1.419e+03	2	5.780e-05
15786	1.419e+03	2	5.780e-05
15787	1.419e+03	4	1.156e-04
15788	1.420e+03	2	5.780e-05
15789	1.420e+03	0	0.000e+00
15790	1.420e+03	4	1.156e-04
15791	1.420e+03	2	5.780e-05
15792	1.420e+03	1	2.890e-05
15793	1.420e+03	0	0.000e+00
15794	1.420e+03	0	0.000e+00
15795	1.420e+03	1	2.890e-05
15796	1.420e+03	0	0.000e+00
15797	1.420e+03	2	5.780e-05
15798	1.420e+03	0	0.000e+00
15799	1.421e+03	0	0.000e+00
15800	1.421e+03	7	2.023e-04
15801	1.421e+03	0	0.000e+00
15802	1.421e+03	0	0.000e+00
15803	1.421e+03	0	0.000e+00
15804	1.421e+03	2	5.780e-05
15805	1.421e+03	0	0.000e+00
15806	1.421e+03	1	2.890e-05
15807	1.421e+03	0	0.000e+00
15808	1.421e+03	2	5.780e-05
15809	1.421e+03	1	2.890e-05
15810	1.422e+03	0	0.000e+00
15811	1.422e+03	2	5.780e-05
15812	1.422e+03	1	2.890e-05
15813	1.422e+03	0	0.000e+00
15814	1.422e+03	0	0.000e+00
15815	1.422e+03	0	0.000e+00
15816	1.422e+03	0	0.000e+00
15817	1.422e+03	0	0.000e+00
15818	1.422e+03	0	0.000e+00
15819	1.422e+03	2	5.780e-05
15820	1.422e+03	0	0.000e+00
15821	1.423e+03	3	8.671e-05
15822	1.423e+03	1	2.890e-05
15823	1.423e+03	1	2.890e-05
15824	1.423e+03	0	0.000e+00
15825	1.423e+03	0	0.000e+00
15826	1.423e+03	0	0.000e+00
15827	1.423e+03	0	0.000e+00
15828	1.423e+03	0	0.000e+00
15829	1.423e+03	0	0.000e+00
15830	1.423e+03	0	0.000e+00
15831	1.423e+03	0	0.000e+00
15832	1.424e+03	0	0.000e+00
15833	1.424e+03	0	0.000e+00
15834	1.424e+03	1	2.890e-05
15835	1.424e+03	0	0.000e+00
15836	1.424e+03	0	0.000e+00
15837	1.424e+03	0	0.000e+00
15838	1.424e+03	6	1.734e-04
15839	1.424e+03	1	2.890e-05
15840	1.424e+03	0	0.000e+00
15841	1.424e+03	0	0.000e+00
15842	1.424e+03	0	0.000e+00
15843	1.425e+03	0	0.000e+00
15844	1.425e+03	0	0.000e+00
15845	1.425e+03	0	0.000e+00
15846	1.425e+03	0	0.000e+00
15847	1.425e+03	0	0.000e+00
15848	1.425e+03	0	0.000e+00
15849	1.425e+03	1	2.890e-05
15850	1.425e+03	0	0.000e+00
15851	1.425e+03	0	0.000e+00
15852	1.425e+03	0	0.000e+00
15853	1.425e+03	2	5.780e-05
15854	1.426e+03	5	1.445e-04
15855	1.426e+03	0	0.000e+00
15856	1.426e+03	0	0.000e+00
15857	1.426e+03	0	0.000e+00
15858	1.426e+03	0	0.000e+00
15859	1.426e+03	0	0.000e+00
15860	1.426e+03	0	0.000e+00
15861	1.426e+03	2	5.780e-05
15862	1.426e+03	3	8.671e-05
15863	1.426e+03	0	0.000e+00
15864	1.426e+03	0	0.000e+00
15865	1.426e+03	1	2.890e-05
15866	1.427e+03	0	0.000e+00
15867	1.427e+03	0	0.000e+00
15868	1.427e+03	0	0.000e+00
15869	1.427e+03	0	0.000e+00
15870	1.427e+03	0	0.000e+00
15871	1.427e+03	0	0.000e+00
15872	1.427e+03	0	0.000e+00
15873	1.427e+03	1	2.890e-05
15874	1.427e+03	0	0.000e+00
15875	1.427e+03	0	0.000e+00
15876	1.427e+03	0	0.000e+00
15877	1.428e+03	5	1.445e-04
15878	1.428e+03	0	0.000e+00
15879	1.428e+03	0	0.000e+00
15880	1.428e+03	0	0.000e+00
15881	1.428e+03	3	8.671e-05
15882	1.428e+03	1	2.890e-05
15883	1.428e+03	0	0.000e+00
15884	1.428e+03	0	0.000e+00
15885	1.428e+03	0	0.000e+00
15886	1.428e+03	0	0.000e+00
15887	1.428e+03	0	0.000e+00
15888	1.429e+03	0	0.000e+00
15889	1.429e+03	0	0.000e+00
15890	1.429e+03	0	0.000e+00
15891	1.429e+03	1	2.890e-05
15892	1.429e+03	0	0.000e+00
15893	1.429e+03	0	0.000e+00
15894	1.429e+03	0	0.000e+00
15895	1.429e+03	1	2.890e-05
15896	1.429e+03	4	1.156e-04
15897	1.429e+03	4	1.156e-04
15898	1.429e+03	0	0.000e+00
15899	1.430e+03	3	8.671e-05
15900	1.430e+03	0	0.000e+00
15901	1.430e+03	0	0.000e+00
15902	1.430e+03	2	5.780e-05
15903	1.430e+03	0	0.000e+00
15904	1.430e+03	2	5.780e-05
15905	1.430e+03	0	0.000e+00
15906	1.430e+03	0	0.000e+00
15907	1.430e+03	0	0.000e+00
15908	1.430e+03	0	0.000e+00
15909	1.430e+03	0	0.000e+00
15910	1.431e+03	0	0.000e+00
15911	1.431e+03	0	0.000e+00
15912	1.431e+03	0	0.000e+00
15913	1.431e+03	0	0.000e+00
15914	1.431e+03	0	0.000e+00
15915	1.431e+03	1	2.890e-05
15916	1.431e+03	0	0.000e+00
15917	1.431e+03	0	0.000e+00
15918	1.431e+03	0	0.000e+00
15919	1.431e+03	0	0.000e+00
15920	1.431e+03	0	0.000e+00
15921	1.432e+03	0	0.000e+00
15922	1.432e+03	0	0.000e+00
15923	1.432e+03	0	0.000e+00
15924	1.432e+03	0	0.000e+00
15925	1.432e+03	1	2.890e-05
15926	1.432e+03	0	0.000e+00
15927	1.432e+03	0	0.000e+00
15928	1.432e+03	0	0.000e+00
15929	1.432e+03	0	0.000e+00
15930	1.432e+03	0	0.000e+00
15931	1.432e+03	0	0.000e+00
15932	1.433e+03	3	8.671e-05
15933	1.433e+03	0	0.000e+00
15934	1.433e+03	0	0.000e+00
15935	1.433e+03	0	0.000e+00
15936	1.433e+03	0	0.000e+00
15937	1.433e+03	0	0.000e+00
15938	1.433e+03	0	0.000e+00
15939	1.433e+03	4	1.156e-04
15940	1.433e+03	0	0.000e+00
15941	1.433e+03	0	0.000e+00
15942	1.433e+03	0	0.000e+00
15943	1.434e+03	0	0.000e+00
15944	1.434e+03	0	0.000e+00
15945	1.434e+03	0	0.000e+00
15946	1.434e+03	0	0.000e+00
15947	1.434e+03	0	0.000e+00
15948	1.434e+03	0	0.000e+00
15949	1.434e+03	0	0.000e+00
15950	1.434e+03	0	0.000e+00
15951	1.434e+03	0	0.000e+00
15952	1.434e+03	0	0.000e+00
15953	1.434e+03	0	0.000e+00
15954	1.434e+03	0	0.000e+00
15955	1.435e+03	0	0.000e+00
15956	1.435e+03	0	0.000e+00
15957	1.435e+03	1	2.890e-05
15958	1.435e+03	0	0.000e+00
15959	1.435e+03	1	2.890e-05
15960	1.435e+03	0	0.000e+00
15961	1.435e+03	4	1.156e-04
15962	1.435e+03	0	0.000e+00
15963	1.435e+03	0	0.000e+00
15964	1.435e+03	0	0.000e+00
15965	1.435e+03	0	0.000e+00
15966	1.436e+03	0	0.000e+00
15967	1.436e+03	0	0.000e+00
15968	1.436e+03	0	0.000e+00
15969	1.436e+03	0	0.000e+00
15970	1.436e+03	0	0.000e+00
15971	1.436e+03	2	5.780e-05
15972	1.436e+03	0	0.000e+00
15973	1.436e+03	0	0.000e+00
15974	1.436e+03	0	0.000e+00
15975	1.436e+03	0	0.000e+00
15976	1.436e+03	0	0.000e+00
15977	1.437e+03	0	0.000e+00
15978	1.437e+03	0	0.000e+00
15979	1.437e+03	0	0.000e+00
15980	1.437e+03	0	0.000e+00
15981	1.437e+03	0	0.000e+00
15982	1.437e+03	0	0.000e+00
15983	1.437e+03	0	0.000e+00
15984	1.437e+03	0	0.000e+00
15985	1.437e+03	0	0.000e+00
15986	1.437e+03	0	0.000e+00
15987	1.437e+03	0	0.000e+00
15988	1.438e+03	0	0.000e+00
15989	1.438e+03	0	0.000e+00
15990	1.438e+03	0	0.000e+00
15991	1.438e+03	0	0.000e+00
15992	1.438e+03	0	0.000e+00
15993	1.438e+03	0	0.000e+00
15994	1.438e+03	0	0.000e+00
15995	1.438e+03	0	0.000e+00
15996	1.438e+03	0	0.000e+00
15997	1.438e+03	0	0.000e+00
15998	1.438e+03	0	0.000e+00
15999	1.439e+03	0	0.000e+00
16000	1.439e+03	1	2.890e-05
16001	1.439e+03	0	0.000e+00
16002	1.439e+03	0	0.000e+00
16003	1.439e+03	0	0.000e+00
16004	1.439e+03	0	0.000e+00
16005	1.439e+03	0	0.000e+00
16006	1.439e+03	0	0.000e+00
16007	1.439e+03	1	2.890e-05
16008	1.439e+03	0	0.000e+00
16009	1.439e+03	0	0.000e+00
16010	1.440e+03	0	0.000e+00
16011	1.440e+03	0	0.000e+00
16012	1.440e+03	0	0.000e+00
16013	1.440e+03	0	0.000e+00
16014	1.440e+03	0	0.000e+00
16015	1.440e+03	0	0.000e+00
16016	1.440e+03	1	2.890e-05
16017	1.440e+03	0	0.000e+00
16018	1.440e+03	0	0.000e+00
16019	1.440e+03	0	0.000e+00
16020	1.440e+03	0	0.000e+00
16021	1.441e+03	0	0.000e+00
16022	1.441e+03	0	0.000e+00
16023	1.441e+03	0	0.000e+00
16024	1.441e+03	0	0.000e+00
16025	1.441e+03	0	0.000e+00
16026	1.441e+03	0	0.000e+00
16027	1.441e+03	1	2.890e-05
16028	1.441e+03	0	0.000e+00
16029	1.441e+03	0	0.000e+00
16030	1.441e+03	1	2.890e-05
16031	1.441e+03	0	0.000e+00
16032	1.442e+03	1	2.890e-05
16033	1.442e+03	1	2.890e-05
16034	1.442e+03	0	0.000e+00
16035	1.442e+03	0	0.000e+00
16036	1.442e+03	0	0.000e+00
16037	1.442e+03	4	1.156e-04
16038	1.442e+03	0	0.000e+00
16039	1.442e+03	0	0.000e+00
16040	1.442e+03	1	2.890e-05
16041	1.442e+03	0	0.000e+00
16042	1.442e+03	0	0.000e+00
16043	1.442e+03	1	2.890e-05
16044	1.443e+03	3	8.671e-05
16045	1.443e+03	0	0.000e+00
16046	1.443e+03	0	0.000e+00
16047	1.443e+03	0	0.000e+00
16048	1.443e+03	0	0.000e+00
16049	1.443e+03	0	0.000e+00
16050	1.443e+03	0	0.000e+00
16051	1.443e+03	0	0.000e+00
16052	1.443e+03	0	0.000e+00
16053	1.443e+03	2	5.780e-05
16054	1.443e+03	0	0.000e+00
16055	1.444e+03	0	0.000e+00
16056	1.444e+03	2	5.780e-05
16057	1.444e+03	1	2.890e-05
16058	1.444e+03	0	0.000e+00
16059	1.444e+03	0	0.000e+00
16060	1.444e+03	0	0.000e+00
16061	1.444e+03	1	2.890e-05
16062	1.444e+03	0	0.000e+00
16063	1.444e+03	0	0.000e+00
16064	1.444e+03	0	0.000e+00
16065	1.444e+03	0	0.000e+00
16066	1.445e+03	4	1.156e-04
16067	1.445e+03	0	0.000e+00
16068	1.445e+03	0	0.000e+00
16069	1.445e+03	0	0.000e+00
16070	1.445e+03	0	0.000e+00
16071	1.445e+03	0	0.000e+00
16072	1.445e+03	0	0.000e+00
16073	1.445e+03	0	0.000e+00
16074	1.445e+03	0	0.000e+00
16075	1.445e+03	0	0.000e+00
16076	1.445e+03	0	0.000e+00
16077	1.446e+03	0	0.000e+00
16078	1.446e+03	0	0.000e+00
16079	1.446e+03	0	0.000e+00
16080	1.446e+03	1	2.890e-05
16081	1.446e+03	0	0.000e+00
16082	1.446e+03	2	5.780e-05
16083	1.446e+03	0	0.000e+00
16084	1.446e+03	0	0.000e+00
16085	1.446e+03	0	0.000e+00
16086	1.446e+03	1	2.890e-05
16087	1.446e+03	0	0.000e+00
16088	1.447e+03	0	0.000e+00
16089	1.447e+03	2	5.780e-05
16090	1.447e+03	0	0.000e+00
16091	1.447e+03	0	0.000e+00
16092	1.447e+03	0	0.000e+00
16093	1.447e+03	0	0.000e+00
16094	1.447e+03	0	0.000e+00
16095	1.447e+03	0	0.000e+00
16096	1.447e+03	0	0.000e+00
16097	1.447e+03	0	0.000e+00
16098	1.447e+03	0	0.000e+00
16099	1.448e+03	0	0.000e+00
16100	1.448e+03	2	5.780e-05
16101	1.448e+03	1	2.890e-05
16102	1.448e+03	0	0.000e+00
16103	1.448e+03	0	0.000e+00
16104	1.448e+03	0	0.000e+00
16105	1.448e+03	1	2.890e-05
16106	1.448e+03	0	0.000e+00
16107	1.448e+03	3	8.671e-05
16108	1.448e+03	0	0.000e+00
16109	1.448e+03	1	2.890e-05
16110	1.449e+03	3	8.671e-05
16111	1.449e+03	0	0.000e+00
16112	1.449e+03	0	0.000e+00
16113	1.449e+03	0	0.000e+00
16114	1.449e+03	0	0.000e+00
16115	1.449e+03	0	0.000e+00
16116	1.449e+03	1	2.890e-05
16117	1.449e+03	0	0.000e+00
16118	1.449e+03	3	8.671e-05
16119	1.449e+03	0	0.000e+00
16120	1.449e+03	0	0.000e+00
16121	1.450e+03	3	8.671e-05
16122	1.450e+03	0	0.000e+00
16123	1.450e+03	0	0.000e+00
16124	1.450e+03	0	0.000e+00
16125	1.450e+03	1	2.890e-05
16126	1.450e+03	0	0.000e+00
16127	1.450e+03	3	8.671e-05
16128	1.450e+03	0	0.000e+00
16129	1.450e+03	1	2.890e-05
16130	1.450e+03	0	0.000e+00
16131	1.450e+03	0	0.000e+00
16132	1.450e+03	0	0.000e+00
16133	1.451e+03	1	2.890e-05
16134	1.451e+03	0	0.000e+00
16135	1.451e+03	0	0.000e+00
16136	1.451e+03	2	5.780e-05
16137	1.451e+03	0	0.000e+00
16138	1.451e+03	1	2.890e-05
16139	1.451e+03	0	0.000e+00
16140	1.451e+03	0	0.000e+00
16141	1.451e+03	0	0.000e+00
16142	1.451e+03	1	2.890e-05
16143	1.451e+03	0	0.000e+00
16144	1.452e+03	1	2.890e-05
16145	1.452e+03	0	0.000e+00
16146	1.452e+03	0	0.000e+00
16147	1.452e+03	0	0.000e+00
16148	1.452e+03	0	0.000e+00
16149	1.452e+03	0	0.000e+00
16150	1.452e+03	0	0.000e+00
16151	1.452e+03	2	5.780e-05
16152	1.452e+03	0	0.000e+00
16153	1.452e+03	0	0.000e+00
16154	1.452e+03	0	0.000e+00
16155	1.453e+03	0	0.000e+00
16156	1.453e+03	0	0.000e+00
16157	1.453e+03	0	0.000e+00
16158	1.453e+03	0	0.000e+00
16159	1.453e+03	0	0.000e+00
16160	1.453e+03	0	0.000e+00
16161	1.453e+03	0	0.000e+00
16162	1.453e+03	0	0.000e+00
16163	1.453e+03	0	0.000e+00
16164	1.453e+03	4	1.156e-04
16165	1.453e+03	2	5.780e-05
16166	1.454e+03	0	0.000e+00
16167	1.454e+03	0	0.000e+00
16168	1.454e+03	0	0.000e+00
16169	1.454e+03	0	0.000e+00
16170	1.454e+03	0	0.000e+00
16171	1.454e+03	0	0.000e+00
16172	1.454e+03	2	5.780e-05
16173	1.454e+03	0	0.000e+00
16174	1.454e+03	0	0.000e+00
16175	1.454e+03	0	0.000e+00
16176	1.454e+03	0	0.000e+00
16177	1.455e+03	0	0.000e+00
16178	1.455e+03	2	5.780e-05
16179	1.455e+03	0	0.000e+00
16180	1.455e+03	0	0.000e+00
16181	1.455e+03	0	0.000e+00
16182	1.455e+03	0	0.000e+00
16183	1.455e+03	0	0.000e+00
16184	1.455e+03	0	0.000e+00
16185	1.455e+03	0	0.000e+00
16186	1.455e+03	0	0.000e+00
16187	1.455e+03	0	0.000e+00
16188	1.456e+03	0	0.000e+00
16189	1.456e+03	0	0.000e+00
16190	1.456e+03	0	0.000e+00
16191	1.456e+03	0	0.000e+00
16192	1.456e+03	0	0.000e+00
16193	1.456e+03	0	0.000e+00
16194	1.456e+03	0	0.000e+00
16195	1.456e+03	0	0.000e+00
16196	1.456e+03	0	0.000e+00
16197	1.456e+03	0	0.000e+00
16198	1.456e+03	0	0.000e+00
16199	1.457e+03	1	2.890e-05
16200	1.457e+03	4	1.156e-04
16201	1.457e+03	0	0.000e+00
16202	1.457e+03	0	0.000e+00
16203	1.457e+03	1	2.890e-05
16204	1.457e+03	0	0.000e+00
16205	1.457e+03	0	0.000e+00
16206	1.457e+03	3	8.671e-05
16207	1.457e+03	1	2.890e-05
16208	1.457e+03	5	1.445e-04
16209	1.457e+03	2	5.780e-05
16210	1.458e+03	4	1.156e-04
16211	1.458e+03	3	8.671e-05
16212	1.458e+03	2	5.780e-05
16213	1.458e+03	0	0.000e+00
16214	1.458e+03	1	2.890e-05
16215	1.458e+03	6	1.734e-04
16216	1.458e+03	3	8.671e-05
16217	1.458e+03	10	2.890e-04
16218	1.458e+03	8	2.312e-04
16219	1.458e+03	1	2.890e-05
16220	1.458e+03	15	4.335e-04
16221	1.459e+03	6	1.734e-04
16222	1.459e+03	8	2.312e-04
16223	1.459e+03	1	2.890e-05
16224	1.459e+03	1	2.890e-05
16225	1.459e+03	3	8.671e-05
16226	1.459e+03	2	5.780e-05
16227	1.459e+03	0	0.000e+00
16228	1.459e+03	5	1.445e-04
16229	1.459e+03	1	2.890e-05
16230	1.459e+03	1	2.890e-05
16231	1.459e+03	0	0.000e+00
16232	1.459e+03	0	0.000e+00
16233	1.460e+03	0	0.000e+00
16234	1.460e+03	0	0.000e+00
16235	1.460e+03	0	0.000e+00
16236	1.460e+03	0	0.000e+00
16237	1.460e+03	0	0.000e+00
16238	1.460e+03	0	0.000e+00
16239	1.460e+03	0	0.000e+00
16240	1.460e+03	0	0.000e+00
16241	1.460e+03	0	0.000e+00
16242	1.460e+03	0	0.000e+00
16243	1.460e+03	0	0.000e+00
16244	1.461e+03	0	0.000e+00
16245	1.461e+03	0	0.000e+00
16246	1.461e+03	0	0.000e+00
16247	1.461e+03	0	0.000e+00
16248	1.461e+03	0	0.000e+00
16249	1.461e+03	0	0.000e+00
16250	1.461e+03	0	0.000e+00
16251	1.461e+03	0	0.000e+00
16252	1.461e+03	0	0.000e+00
16253	1.461e+03	0	0.000e+00
16254	1.461e+03	0	0.000e+00
16255	1.462e+03	0	0.000e+00
16256	1.462e+03	0	0.000e+00
16257	1.462e+03	0	0.000e+00
16258	1.462e+03	0	0.000e+00
16259	1.462e+03	0	0.000e+00
16260	1.462e+03	0	0.000e+00
16261	1.462e+03	0	0.000e+00
16262	1.462e+03	0	0.000e+00
16263	1.462e+03	0	0.000e+00
16264	1.462e+03	0	0.000e+00
16265	1.462e+03	0	0.000e+00
16266	1.463e+03	0	0.000e+00
16267	1.463e+03	0	0.000e+00
16268	1.463e+03	0	0.000e+00
16269	1.463e+03	0	0.000e+00
16270	1.463e+03	0	0.000e+00
16271	1.463e+03	0	0.000e+00
16272	1.463e+03	0	0.000e+00
16273	1.463e+03	0	0.000e+00
16274	1.463e+03	0	0.000e+00
16275	1.463e+03	0	0.000e+00
16276	1.463e+03	0	0.000e+00
16277	1.464e+03	0	0.000e+00
16278	1.464e+03	1	2.890e-05
16279	1.464e+03	0	0.000e+00
16280	1.464e+03	0	0.000e+00
16281	1.464e+03	0	0.000e+00
16282	1.464e+03	0	0.000e+00
16283	1.464e+03	0	0.000e+00
16284	1.464e+03	0	0.000e+00
16285	1.464e+03	0	0.000e+00
16286	1.464e+03	0	0.000e+00
16287	1.464e+03	0	0.000e+00
16288	1.465e+03	0	0.000e+00
16289	1.465e+03	2	5.780e-05
16290	1.465e+03	0	0.000e+00
16291	1.465e+03	2	5.780e-05
16292	1.465e+03	0	0.000e+00
16293	1.465e+03	0	0.000e+00
16294	1.465e+03	0	0.000e+00
16295	1.465e+03	0	0.000e+00
16296	1.465e+03	0	0.000e+00
16297	1.465e+03	0	0.000e+00
16298	1.465e+03	0	0.000e+00
16299	1.466e+03	0	0.000e+00
16300	1.466e+03	0	0.000e+00
16301	1.466e+03	0	0.000e+00
16302	1.466e+03	0	0.000e+00
16303	1.466e+03	3	8.671e-05
16304	1.466e+03	0	0.000e+00
16305	1.466e+03	0	0.000e+00
16306	1.466e+03	0	0.000e+00
16307	1.466e+03	0	0.000e+00
16308	1.466e+03	0	0.000e+00
16309	1.466e+03	0	0.000e+00
16310	1.467e+03	1	2.890e-05
16311	1.467e+03	0	0.000e+00
16312	1.467e+03	3	8.671e-05
16313	1.467e+03	0	0.000e+00
16314	1.467e+03	0	0.000e+00
16315	1.467e+03	0	0.000e+00
16316	1.467e+03	0	0.000e+00
16317	1.467e+03	0	0.000e+00
16318	1.467e+03	0	0.000e+00
16319	1.467e+03	0	0.000e+00
16320	1.467e+03	0	0.000e+00
16321	1.467e+03	0	0.000e+00
16322	1.468e+03	0	0.000e+00
16323	1.468e+03	0	0.000e+00
16324	1.468e+03	0	0.000e+00
16325	1.468e+03	0	0.000e+00
16326	1.468e+03	0	0.000e+00
16327	1.468e+03	0	0.000e+00
16328	1.468e+03	0	0.000e+00
16329	1.468e+03	0	0.000e+00
16330	1.468e+03	0	0.000e+00
16331	1.468e+03	0	0.000e+00
16332	1.468e+03	0	0.000e+00
16333	1.469e+03	0	0.000e+00
16334	1.469e+03	0	0.000e+00
16335	1.469e+03	0	0.000e+00
16336	1.469e+03	0	0.000e+00
16337	1.469e+03	0	0.000e+00
16338	1.469e+03	0	0.000e+00
16339	1.469e+03	0	0.000e+00
16340	1.469e+03	0	0.000e+00
16341	1.469e+03	0	0.000e+00
16342	1.469e+03	0	0.000e+00
16343	1.469e+03	0	0.000e+00
16344	1.470e+03	2	5.780e-05
16345	1.470e+03	0	0.000e+00
16346	1.470e+03	0	0.000e+00
16347	1.470e+03	1	2.890e-05
16348	1.470e+03	0	0.000e+00
16349	1.470e+03	0	0.000e+00
16350	1.470e+03	0	0.000e+00
16351	1.470e+03	0	0.000e+00
16352	1.470e+03	1	2.890e-05
16353	1.470e+03	0	0.000e+00
16354	1.470e+03	0	0.000e+00
16355	1.471e+03	0	0.000e+00
16356	1.471e+03	1	2.890e-05
16357	1.471e+03	0	0.000e+00
16358	1.471e+03	0	0.000e+00
16359	1.471e+03	0	0.000e+00
16360	1.471e+03	0	0.000e+00
16361	1.471e+03	0	0.000e+00
16362	1.471e+03	0	0.000e+00
16363	1.471e+03	0	0.000e+00
16364	1.471e+03	0	0.000e+00
16365	1.471e+03	1	2.890e-05
16366	1.472e+03	0	0.000e+00
16367	1.472e+03	0	0.000e+00
16368	1.472e+03	0	0.000e+00
16369	1.472e+03	0	0.000e+00
16370	1.472e+03	0	0.000e+00
16371	1.472e+03	0	0.000e+00
16372	1.472e+03	0	0.000e+00
16373	1.472e+03	0	0.000e+00
16374	1.472e+03	0	0.000e+00
16375	1.472e+03	0	0.000e+00
16376	1.472e+03	0	0.000e+00
16377	1.473e+03	0	0.000e+00
16378	1.473e+03	0	0.000e+00
16379	1.473e+03	0	0.000e+00
16380	1.473e+03	0	0.000e+00
16381	1.473e+03	0	0.000e+00
16382	1.473e+03	0	0.000e+00
16383	1.473e+03	0	0.000e+00
16384	1.473e+03	0	0.000e+00
16385	1.473e+03	0	0.000e+00
16386	1.473e+03	0	0.000e+00
16387	1.473e+03	0	0.000e+00
16388	1.474e+03	0	0.000e+00
16389	1.474e+03	1	2.890e-05
16390	1.474e+03	0	0.000e+00
16391	1.474e+03	0	0.000e+00
16392	1.474e+03	0	0.000e+00
16393	1.474e+03	1	2.890e-05
16394	1.474e+03	0	0.000e+00
16395	1.474e+03	0	0.000e+00
16396	1.474e+03	0	0.000e+00
16397	1.474e+03	0	0.000e+00
16398	1.474e+03	0	0.000e+00
16399	1.475e+03	4	1.156e-04
16400	1.475e+03	0	0.000e+00
16401	1.475e+03	0	0.000e+00
16402	1.475e+03	1	2.890e-05
16403	1.475e+03	0	0.000e+00
16404	1.475e+03	2	5.780e-05
16405	1.475e+03	2	5.780e-05
16406	1.475e+03	0	0.000e+00
16407	1.475e+03	0	0.000e+00
16408	1.475e+03	0	0.000e+00
16409	1.475e+03	1	2.890e-05
16410	1.475e+03	0	0.000e+00
16411	1.476e+03	0	0.000e+00
16412	1.476e+03	0	0.000e+00
16413	1.476e+03	0	0.000e+00
16414	1.476e+03	0	0.000e+00
16415	1.476e+03	0	0.000e+00
16416	1.476e+03	0	0.000e+00
16417	1.476e+03	0	0.000e+00
16418	1.476e+03	0	0.000e+00
16419	1.476e+03	0	0.000e+00
16420	1.476e+03	0	0.000e+00
16421	1.476e+03	0	0.000e+00
16422	1.477e+03	0	0.000e+00
16423	1.477e+03	0	0.000e+00
16424	1.477e+03	0	0.000e+00
16425	1.477e+03	0	0.000e+00
16426	1.477e+03	0	0.000e+00
16427	1.477e+03	0	0.000e+00
16428	1.477e+03	0	0.000e+00
16429	1.477e+03	0	0.000e+00
16430	1.477e+03	0	0.000e+00
16431	1.477e+03	0	0.000e+00
16432	1.477e+03	0	0.000e+00
16433	1.478e+03	0	0.000e+00
16434	1.478e+03	0	0.000e+00
16435	1.478e+03	0	0.000e+00
16436	1.478e+03	2	5.780e-05
16437	1.478e+03	0	0.000e+00
16438	1.478e+03	0	0.000e+00
16439	1.478e+03	0	0.000e+00
16440	1.478e+03	0	0.000e+00
16441	1.478e+03	0	0.000e+00
16442	1.478e+03	0	0.000e+00
16443	1.478e+03	0	0.000e+00
16444	1.479e+03	0	0.000e+00
16445	1.479e+03	0	0.000e+00
16446	1.479e+03	0	0.000e+00
16447	1.479e+03	3	8.671e-05
16448	1.479e+03	0	0.000e+00
16449	1.479e+03	0	0.000e+00
16450	1.479e+03	0	0.000e+00
16451	1.479e+03	0	0.000e+00
16452	1.479e+03	0	0.000e+00
16453	1.479e+03	1	2.890e-05
16454	1.479e+03	0	0.000e+00
16455	1.480e+03	0	0.000e+00
16456	1.480e+03	0	0.000e+00
16457	1.480e+03	0	0.000e+00
16458	1.480e+03	0	0.000e+00
16459	1.480e+03	1	2.890e-05
16460	1.480e+03	0	0.000e+00
16461	1.480e+03	0	0.000e+00
16462	1.480e+03	2	5.780e-05
16463	1.480e+03	0	0.000e+00
16464	1.480e+03	0	0.000e+00
16465	1.480e+03	0	0.000e+00
16466	1.481e+03	0	0.000e+00
16467	1.481e+03	0	0.000e+00
16468	1.481e+03	0	0.000e+00
16469	1.481e+03	0	0.000e+00
16470	1.481e+03	0	0.000e+00
16471	1.481e+03	3	8.671e-05
16472	1.481e+03	0	0.000e+00
16473	1.481e+03	0	0.000e+00
16474	1.481e+03	0	0.000e+00
16475	1.481e+03	0	0.000e+00
16476	1.481e+03	0	0.000e+00
16477	1.482e+03	0	0.000e+00
16478	1.482e+03	0	0.000e+00
16479	1.482e+03	0	0.000e+00
16480	1.482e+03	0	0.000e+00
16481	1.482e+03	0	0.000e+00
16482	1.482e+03	0	0.000e+00
16483	1.482e+03	0	0.000e+00
16484	1.482e+03	0	0.000e+00
16485	1.482e+03	0	0.000e+00
16486	1.482e+03	0	0.000e+00
16487	1.482e+03	0	0.000e+00
16488	1.483e+03	0	0.000e+00
16489	1.483e+03	0	0.000e+00
16490	1.483e+03	0	0.000e+00
16491	1.483e+03	0	0.000e+00
16492	1.483e+03	0	0.000e+00
16493	1.483e+03	0	0.000e+00
16494	1.483e+03	0	0.000e+00
16495	1.483e+03	0	0.000e+00
16496	1.483e+03	0	0.000e+00
16497	1.483e+03	0	0.000e+00
16498	1.483e+03	0	0.000e+00
16499	1.484e+03	0	0.000e+00
16500	1.484e+03	0	0.000e+00
16501	1.484e+03	0	0.000e+00
16502	1.484e+03	0	0.000e+00
16503	1.484e+03	2	5.780e-05
16504	1.484e+03	3	8.671e-05
16505	1.484e+03	0	0.000e+00
16506	1.484e+03	0	0.000e+00
16507	1.484e+03	0	0.000e+00
16508	1.484e+03	0	0.000e+00
16509	1.484e+03	0	0.000e+00
16510	1.484e+03	0	0.000e+00
16511	1.485e+03	0	0.000e+00
16512	1.485e+03	2	5.780e-05
16513	1.485e+03	0	0.000e+00
16514	1.485e+03	0	0.000e+00
16515	1.485e+03	0	0.000e+00
16516	1.485e+03	0	0.000e+00
16517	1.485e+03	0	0.000e+00
16518	1.485e+03	0	0.000e+00
16519	1.485e+03	0	0.000e+00
16520	1.485e+03	0	0.000e+00
16521	1.485e+03	0	0.000e+00
16522	1.486e+03	0	0.000e+00
16523	1.486e+03	0	0.000e+00
16524	1.486e+03	0	0.000e+00
16525	1.486e+03	0	0.000e+00
16526	1.486e+03	0	0.000e+00
16527	1.486e+03	0	0.000e+00
16528	1.486e+03	0	0.000e+00
16529	1.486e+03	0	0.000e+00
16530	1.486e+03	0	0.000e+00
16531	1.486e+03	0	0.000e+00
16532	1.486e+03	0	0.000e+00
16533	1.487e+03	0	0.000e+00
16534	1.487e+03	0	0.000e+00
16535	1.487e+03	0	0.000e+00
16536	1.487e+03	0	0.000e+00
16537	1.487e+03	0	0.000e+00
16538	1.487e+03	0	0.000e+00
16539	1.487e+03	0	0.000e+00
16540	1.487e+03	0	0.000e+00
16541	1.487e+03	0	0.000e+00
16542	1.487e+03	0	0.000e+00
16543	1.487e+03	0	0.000e+00
16544	1.488e+03	0	0.000e+00
16545	1.488e+03	0	0.000e+00
16546	1.488e+03	0	0.000e+00
16547	1.488e+03	0	0.000e+00
16548	1.488e+03	0	0.000e+00
16549	1.488e+03	0	0.000e+00
16550	1.488e+03	0	0.000e+00
16551	1.488e+03	0	0.000e+00
16552	1.488e+03	0	0.000e+00
16553	1.488e+03	0	0.000e+00
16554	1.488e+03	0	0.000e+00
16555	1.489e+03	0	0.000e+00
16556	1.489e+03	0	0.000e+00
16557	1.489e+03	0	0.000e+00
16558	1.489e+03	0	0.000e+00
16559	1.489e+03	0	0.000e+00
16560	1.489e+03	0	0.000e+00
16561	1.489e+03	1	2.890e-05
16562	1.489e+03	0	0.000e+00
16563	1.489e+03	0	0.000e+00
16564	1.489e+03	0	0.000e+00
16565	1.489e+03	0	0.000e+00
16566	1.490e+03	0	0.000e+00
16567	1.490e+03	0	0.000e+00
16568	1.490e+03	0	0.000e+00
16569	1.490e+03	0	0.000e+00
16570	1.490e+03	0	0.000e+00
16571	1.490e+03	0	0.000e+00
16572	1.490e+03	0	0.000e+00
16573	1.490e+03	0	0.000e+00
16574	1.490e+03	0	0.000e+00
16575	1.490e+03	0	0.000e+00
16576	1.490e+03	0	0.000e+00
16577	1.491e+03	0	0.000e+00
16578	1.491e+03	0	0.000e+00
16579	1.491e+03	0	0.000e+00
16580	1.491e+03	0	0.000e+00
16581	1.491e+03	0	0.000e+00
16582	1.491e+03	0	0.000e+00
16583	1.491e+03	0	0.000e+00
16584	1.491e+03	0	0.000e+00
16585	1.491e+03	0	0.000e+00
16586	1.491e+03	0	0.000e+00
16587	1.491e+03	0	0.000e+00
16588	1.492e+03	0	0.000e+00
16589	1.492e+03	0	0.000e+00
16590	1.492e+03	0	0.000e+00
16591	1.492e+03	1	2.890e-05
16592	1.492e+03	0	0.000e+00
16593	1.492e+03	0	0.000e+00
16594	1.492e+03	0	0.000e+00
16595	1.492e+03	0	0.000e+00
16596	1.492e+03	1	2.890e-05
16597	1.492e+03	3	8.671e-05
16598	1.492e+03	7	2.023e-04
16599	1.492e+03	5	1.445e-04
16600	1.493e+03	1	2.890e-05
16601	1.493e+03	4	1.156e-04
16602	1.493e+03	0	0.000e+00
16603	1.493e+03	11	3.179e-04
16604	1.493e+03	6	1.734e-04
16605	1.493e+03	14	4.046e-04
16606	1.493e+03	20	5.780e-04
16607	1.493e+03	30	8.671e-04
16608	1.493e+03	21	6.069e-04
16609	1.493e+03	28	8.093e-04
16610	1.493e+03	31	8.960e-04
16611	1.494e+03	40	1.156e-03
16612	1.494e+03	47	1.358e-03
16613	1.494e+03	43	1.243e-03
16614	1.494e+03	56	1.619e-03
16615	1.494e+03	54	1.561e-03
16616	1.494e+03	82	2.370e-03
16617	1.494e+03	99	2.861e-03
16618	1.494e+03	97	2.803e-03
16619	1.494e+03	101	2.919e-03
16620	1.494e+03	100	2.890e-03
16621	1.494e+03	92	2.659e-03
16622	1.495e+03	90	2.601e-03
16623	1.495e+03	116	3.353e-03
16624	1.495e+03	102	2.948e-03
16625	1.495e+03	110	3.179e-03
16626	1.495e+03	106	3.064e-03
16627	1.495e+03	126	3.642e-03
16628	1.495e+03	128	3.699e-03
16629	1.495e+03	102	2.948e-03
16630	1.495e+03	105	3.035e-03
16631	1.495e+03	92	2.659e-03
16632	1.495e+03	92	2.659e-03
16633	1.496e+03	102	2.948e-03
16634	1.496e+03	77	2.225e-03
16635	1.496e+03	81	2.341e-03
16636	1.496e+03	75	2.168e-03
16637	1.496e+03	50	1.445e-03
16638	1.496e+03	42	1.214e-03
16639	1.496e+03	44	1.272e-03
16640	1.496e+03	31	8.960e-04
16641	1.496e+03	23	6.647e-04
16642	1.496e+03	24	6.936e-04
16643	1.496e+03	24	6.936e-04
16644	1.497e+03	18	5.202e-04
16645	1.497e+03	16	4.624e-04
16646	1.497e+03	3	8.671e-05
16647	1.497e+03	6	1.734e-04
16648	1.497e+03	9	2.601e-04
16649	1.497e+03	0	0.000e+00
16650	1.497e+03	3	8.671e-05
16651	1.497e+03	0	0.000e+00
16652	1.497e+03	0	0.000e+00
16653	1.497e+03	1	2.890e-05
16654	1.497e+03	2	5.780e-05
16655	1.498e+03	0	0.000e+00
16656	1.498e+03	0	0.000e+00
16657	1.498e+03	0	0.000e+00
16658	1.498e+03	2	5.780e-05
16659	1.498e+03	0	0.000e+00
16660	1.498e+03	0	0.000e+00
16661	1.498e+03	0	0.000e+00
16662	1.498e+03	0	0.000e+00
16663	1.498e+03	0	0.000e+00
16664	1.498e+03	0	0.000e+00
16665	1.498e+03	3	8.671e-05
16666	1.499e+03	0	0.000e+00
16667	1.499e+03	0	0.000e+00
16668	1.499e+03	0	0.000e+00
16669	1.499e+03	0	0.000e+00
16670	1.499e+03	0	0.000e+00
16671	1.499e+03	0	0.000e+00
16672	1.499e+03	0	0.000e+00
16673	1.499e+03	0	0.000e+00
16674	1.499e+03	0	0.000e+00
16675	1.499e+03	0	0.000e+00
16676	1.499e+03	0	0.000e+00
16677	1.500e+03	0	0.000e+00
16678	1.500e+03	0	0.000e+00
16679	1.500e+03	1	2.890e-05
16680	1.500e+03	0	0.000e+00
16681	1.500e+03	0	0.000e+00
16682	1.500e+03	0	0.000e+00
16683	1.500e+03	0	0.000e+00
16684	1.500e+03	0	0.000e+00
16685	1.500e+03	0	0.000e+00
16686	1.500e+03	0	0.000e+00
16687	1.500e+03	0	0.000e+00
16688	1.500e+03	0	0.000e+00
16689	1.501e+03	0	0.000e+00
16690	1.501e+03	0	0.000e+00
16691	1.501e+03	0	0.000e+00
16692	1.501e+03	0	0.000e+00
16693	1.501e+03	0	0.000e+00
16694	1.501e+03	0	0.000e+00
16695	1.501e+03	0	0.000e+00
16696	1.501e+03	0	0.000e+00
16697	1.501e+03	0	0.000e+00
16698	1.501e+03	0	0.000e+00
16699	1.501e+03	0	0.000e+00
16700	1.502e+03	0	0.000e+00
16701	1.502e+03	0	0.000e+00
16702	1.502e+03	0	0.000e+00
16703	1.502e+03	0	0.000e+00
16704	1.502e+03	0	0.000e+00
16705	1.502e+03	0	0.000e+00
16706	1.502e+03	0	0.000e+00
16707	1.502e+03	0	0.000e+00
16708	1.502e+03	0	0.000e+00
16709	1.502e+03	0	0.000e+00
16710	1.502e+03	0	0.000e+00
16711	1.503e+03	0	0.000e+00
16712	1.503e+03	0	0.000e+00
16713	1.503e+03	0	0.000e+00
16714	1.503e+03	0	0.000e+00
16715	1.503e+03	0	0.000e+00
16716	1.503e+03	0	0.000e+00
16717	1.503e+03	0	0.000e+00
16718	1.503e+03	0	0.000e+00
16719	1.503e+03	0	0.000e+00
16720	1.503e+03	0	0.000e+00
16721	1.503e+03	0	0.000e+00
16722	1.504e+03	0	0.000e+00
16723	1.504e+03	0	0.000e+00
16724	1.504e+03	0	0.000e+00
16725	1.504e+03	0	0.000e+00
16726	1.504e+03	0	0.000e+00
16727	1.504e+03	0	0.000e+00
16728	1.504e+03	0	0.000e+00
16729	1.504e+03	0	0.000e+00
16730	1.504e+03	0	0.000e+00
16731	1.504e+03	0	0.000e+00
16732	1.504e+03	0	0.000e+00
16733	1.505e+03	0	0.000e+00
16734	1.505e+03	0	0.000e+00
16735	1.505e+03	0	0.000e+00
16736	1.505e+03	0	0.000e+00
16737	1.505e+03	0	0.000e+00
16738	1.505e+03	0	0.000e+00
16739	1.505e+03	0	0.000e+00
16740	1.505e+03	0	0.000e+00
16741	1.505e+03	0	0.000e+00
16742	1.505e+03	0	0.000e+00
16743	1.505e+03	0	0.000e+00
16744	1.506e+03	0	0.000e+00
16745	1.506e+03	0	0.000e+00
16746	1.506e+03	0	0.000e+00
16747	1.506e+03	0	0.000e+00
16748	1.506e+03	0	0.000e+00
16749	1.506e+03	0	0.000e+00
16750	1.506e+03	0	0.000e+00
16751	1.506e+03	0	0.000e+00
16752	1.506e+03	1	2.890e-05
16753	1.506e+03	3	8.671e-05
16754	1.506e+03	0	0.000e+00
16755	1.507e+03	0	0.000e+00
16756	1.507e+03	0	0.000e+00
16757	1.507e+03	0	0.000e+00
16758	1.507e+03	0	0.000e+00
16759	1.507e+03	0	0.000e+00
16760	1.507e+03	0	0.000e+00
16761	1.507e+03	0	0.000e+00
16762	1.507e+03	0	0.000e+00
16763	1.507e+03	0	0.000e+00
16764	1.507e+03	0	0.000e+00
16765	1.507e+03	0	0.000e+00
16766	1.508e+03	1	2.890e-05
16767	1.508e+03	1	2.890e-05
16768	1.508e+03	0	0.000e+00
16769	1.508e+03	0	0.000e+00
16770	1.508e+03	0	0.000e+00
16771	1.508e+03	1	2.890e-05
16772	1.508e+03	0	0.000e+00
16773	1.508e+03	1	2.890e-05
16774	1.508e+03	0	0.000e+00
16775	1.508e+03	0	0.000e+00
16776	1.508e+03	0	0.000e+00
16777	1.508e+03	0	0.000e+00
16778	1.509e+03	0	0.000e+00
16779	1.509e+03	0	0.000e+00
16780	1.509e+03	0	0.000e+00
16781	1.509e+03	2	5.780e-05
16782	1.509e+03	0	0.000e+00
16783	1.509e+03	0	0.000e+00
16784	1.509e+03	0	0.000e+00
16785	1.509e+03	0	0.000e+00
16786	1.509e+03	0	0.000e+00
16787	1.509e+03	1	2.890e-05
16788	1.509e+03	0	0.000e+00
16789	1.510e+03	0	0.000e+00
16790	1.510e+03	0	0.000e+00
16791	1.510e+03	0	0.000e+00
16792	1.510e+03	0	0.000e+00
16793	1.510e+03	0	0.000e+00
16794	1.510e+03	0	0.000e+00
16795	1.510e+03	0	0.000e+00
16796	1.510e+03	0	0.000e+00
16797	1.510e+03	0	0.000e+00
16798	1.510e+03	0	0.000e+00
16799	1.510e+03	0	0.000e+00
16800	1.511e+03	0	0.000e+00
16801	1.511e+03	0	0.000e+00
16802	1.511e+03	0	0.000e+00
16803	1.511e+03	0	0.000e+00
16804	1.511e+03	0	0.000e+00
16805	1.511e+03	0	0.000e+00
16806	1.511e+03	0	0.000e+00
16807	1.511e+03	0	0.000e+00
16808	1.511e+03	0	0.000e+00
16809	1.511e+03	3	8.671e-05
16810	1.511e+03	0	0.000e+00
16811	1.512e+03	0	0.000e+00
16812	1.512e+03	0	0.000e+00
16813	1.512e+03	0	0.000e+00
16814	1.512e+03	0	0.000e+00
16815	1.512e+03	0	0.000e+00
16816	1.512e+03	0	0.000e+00
16817	1.512e+03	0	0.000e+00
16818	1.512e+03	0	0.000e+00
16819	1.512e+03	0	0.000e+00
16820	1.512e+03	0	0.000e+00
16821	1.512e+03	6	1.734e-04
16822	1.513e+03	0	0.000e+00
16823	1.513e+03	0	0.000e+00
16824	1.513e+03	0	0.000e+00
16825	1.513e+03	0	0.000e+00
16826	1.513e+03	0	0.000e+00
16827	1.513e+03	0	0.000e+00
16828	1.513e+03	0	0.000e+00
16829	1.513e+03	0	0.000e+00
16830	1.513e+03	0	0.000e+00
16831	1.513e+03	0	0.000e+00
16832	1.513e+03	0	0.000e+00
16833	1.514e+03	0	0.000e+00
16834	1.514e+03	0	0.000e+00
16835	1.514e+03	0	0.000e+00
16836	1.514e+03	0	0.000e+00
16837	1.514e+03	0	0.000e+00
16838	1.514e+03	0	0.000e+00
16839	1.514e+03	0	0.000e+00
16840	1.514e+03	0	0.000e+00
16841	1.514e+03	0	0.000e+00
16842	1.514e+03	2	5.780e-05
16843	1.514e+03	0	0.000e+00
16844	1.515e+03	0	0.000e+00
16845	1.515e+03	0	0.000e+00
16846	1.515e+03	0	0.000e+00
16847	1.515e+03	0	0.000e+00
16848	1.515e+03	0	0.000e+00
16849	1.515e+03	0	0.000e+00
16850	1.515e+03	0	0.000e+00
16851	1.515e+03	0	0.000e+00
16852	1.515e+03	0	0.000e+00
16853	1.515e+03	0	0.000e+00
16854	1.515e+03	0	0.000e+00
16855	1.516e+03	0	0.000e+00
16856	1.516e+03	0	0.000e+00
16857	1.516e+03	0	0.000e+00
16858	1.516e+03	0	0.000e+00
16859	1.516e+03	0	0.000e+00
16860	1.516e+03	0	0.000e+00
16861	1.516e+03	0	0.000e+00
16862	1.516e+03	0	0.000e+00
16863	1.516e+03	0	0.000e+00
16864	1.516e+03	0	0.000e+00
16865	1.516e+03	0	0.000e+00
16866	1.517e+03	0	0.000e+00
16867	1.517e+03	0	0.000e+00
16868	1.517e+03	0	0.000e+00
16869	1.517e+03	0	0.000e+00
16870	1.517e+03	0	0.000e+00
16871	1.517e+03	0	0.000e+00
16872	1.517e+03	0	0.000e+00
16873	1.517e+03	0	0.000e+00
16874	1.517e+03	0	0.000e+00
16875	1.517e+03	0	0.000e+00
16876	1.517e+03	0	0.000e+00
16877	1.517e+03	0	0.000e+00
16878	1.518e+03	0	0.000e+00
16879	1.518e+03	0	0.000e+00
16880	1.518e+03	0	0.000e+00
16881	1.518e+03	0	0.000e+00
16882	1.518e+03	0	0.000e+00
16883	1.518e+03	0	0.000e+00
16884	1.518e+03	0	0.000e+00
16885	1.518e+03	0	0.000e+00
16886	1.518e+03	0	0.000e+00
16887	1.518e+03	0	0.000e+00
16888	1.518e+03	0	0.000e+00
16889	1.519e+03	0	0.000e+00
16890	1.519e+03	0	0.000e+00
16891	1.519e+03	1	2.890e-05
16892	1.519e+03	0	0.000e+00
16893	1.519e+03	0	0.000e+00
16894	1.519e+03	0	0.000e+00
16895	1.519e+03	3	8.671e-05
16896	1.519e+03	0	0.000e+00
16897	1.519e+03	0	0.000e+00
16898	1.519e+03	1	2.890e-05
16899	1.519e+03	0	0.000e+00
16900	1.520e+03	0	0.000e+00
16901	1.520e+03	0	0.000e+00
16902	1.520e+03	0	0.000e+00
16903	1.520e+03	0	0.000e+00
16904	1.520e+03	0	0.000e+00
16905	1.520e+03	0	0.000e+00
16906	1.520e+03	0	0.000e+00
16907	1.520e+03	0	0.000e+00
16908	1.520e+03	0	0.000e+00
16909	1.520e+03	0	0.000e+00
16910	1.520e+03	0	0.000e+00
16911	1.521e+03	0	0.000e+00
16912	1.521e+03	0	0.000e+00
16913	1.521e+03	0	0.000e+00
16914	1.521e+03	0	0.000e+00
16915	1.521e+03	0	0.000e+00
16916	1.521e+03	0	0.000e+00
16917	1.521e+03	0	0.000e+00
16918	1.521e+03	0	0.000e+00
16919	1.521e+03	3	8.671e-05
16920	1.521e+03	0	0.000e+00
16921	1.521e+03	0	0.000e+00
16922	1.522e+03	0	0.000e+00
16923	1.522e+03	0	0.000e+00
16924	1.522e+03	0	0.000e+00
16925	1.522e+03	0	0.000e+00
16926	1.522e+03	0	0.000e+00
16927	1.522e+03	0	0.000e+00
16928	1.522e+03	2	5.780e-05
16929	1.522e+03	0	0.000e+00
16930	1.522e+03	0	0.000e+00
16931	1.522e+03	0	0.000e+00
16932	1.522e+03	0	0.000e+00
16933	1.523e+03	0	0.000e+00
16934	1.523e+03	2	5.780e-05
16935	1.523e+03	0	0.000e+00
16936	1.523e+03	0	0.000e+00
16937	1.523e+03	0	0.000e+00
16938	1.523e+03	0	0.000e+00
16939	1.523e+03	1	2.890e-05
16940	1.523e+03	0	0.000e+00
16941	1.523e+03	0	0.000e+00
16942	1.523e+03	0	0.000e+00
16943	1.523e+03	0	0.000e+00
16944	1.524e+03	0	0.000e+00
16945	1.524e+03	0	0.000e+00
16946	1.524e+03	0	0.000e+00
16947	1.524e+03	0	0.000e+00
16948	1.524e+03	0	0.000e+00
16949	1.524e+03	0	0.000e+00
16950	1.524e+03	0	0.000e+00
16951	1.524e+03	0	0.000e+00
16952	1.524e+03	0	0.000e+00
16953	1.524e+03	0	0.000e+00
16954	1.524e+03	0	0.000e+00
16955	1.525e+03	0	0.000e+00
16956	1.525e+03	0	0.000e+00
16957	1.525e+03	0	0.000e+00
16958	1.525e+03	0	0.000e+00
16959	1.525e+03	0	0.000e+00
16960	1.525e+03	0	0.000e+00
16961	1.525e+03	0	0.000e+00
16962	1.525e+03	0	0.000e+00
16963	1.525e+03	0	0.000e+00
16964	1.525e+03	0	0.000e+00
16965	1.525e+03	0	0.000e+00
16966	1.525e+03	0	0.000e+00
16967	1.526e+03	0	0.000e+00
16968	1.526e+03	0	0.000e+00
16969	1.526e+03	0	0.000e+00
16970	1.526e+03	0	0.000e+00
16971	1.526e+03	0	0.000e+00
16972	1.526e+03	0	0.000e+00
16973	1.526e+03	0	0.000e+00
16974	1.526e+03	0	0.000e+00
16975	1.526e+03	0	0.000e+00
16976	1.526e+03	2	5.780e-05
16977	1.526e+03	0	0.000e+00
16978	1.527e+03	0	0.000e+00
16979	1.527e+03	0	0.000e+00
16980	1.527e+03	0	0.000e+00
16981	1.527e+03	0	0.000e+00
16982	1.527e+03	0	0.000e+00
16983	1.527e+03	0	0.000e+00
16984	1.527e+03	0	0.000e+00
16985	1.527e+03	0	0.000e+00
16986	1.527e+03	1	2.890e-05
16987	1.527e+03	0	0.000e+00
16988	1.527e+03	0	0.000e+00
16989	1.528e+03	1	2.890e-05
16990	1.528e+03	0	0.000e+00
16991	1.528e+03	0	0.000e+00
16992	1.528e+03	0	0.000e+00
16993	1.528e+03	0	0.000e+00
16994	1.528e+03	0	0.000e+00
16995	1.528e+03	0	0.000e+00
16996	1.528e+03	0	0.000e+00
16997	1.528e+03	0	0.000e+00
16998	1.528e+03	2	5.780e-05
16999	1.528e+03	1	2.890e-05
17000	1.529e+03	0	0.000e+00
17001	1.529e+03	4	1.156e-04
17002	1.529e+03	0	0.000e+00
17003	1.529e+03	4	1.156e-04
17004	1.529e+03	0	0.000e+00
17005	1.529e+03	0	0.000e+00
17006	1.529e+03	9	2.601e-04
17007	1.529e+03	2	5.780e-05
17008	1.529e+03	1	2.890e-05
17009	1.529e+03	0	0.000e+00
17010	1.529e+03	0	0.000e+00
17011	1.530e+03	0	0.000e+00
17012	1.530e+03	4	1.156e-04
17013	1.530e+03	0	0.000e+00
17014	1.530e+03	0	0.000e+00
17015	1.530e+03	1	2.890e-05
17016	1.530e+03	1	2.890e-05
17017	1.530e+03	0	0.000e+00
17018	1.530e+03	0	0.000e+00
17019	1.530e+03	0	0.000e+00
17020	1.530e+03	0	0.000e+00
17021	1.530e+03	0	0.000e+00
17022	1.531e+03	0	0.000e+00
17023	1.531e+03	3	8.671e-05
17024	1.531e+03	0	0.000e+00
17025	1.531e+03	0	0.000e+00
17026	1.531e+03	0	0.000e+00
17027	1.531e+03	0	0.000e+00
17028	1.531e+03	0	0.000e+00
17029	1.531e+03	0	0.000e+00
17030	1.531e+03	0	0.000e+00
17031	1.531e+03	0	0.000e+00
17032	1.531e+03	0	0.000e+00
17033	1.532e+03	0	0.000e+00
17034	1.532e+03	0	0.000e+00
17035	1.532e+03	0	0.000e+00
17036	1.532e+03	0	0.000e+00
17037	1.532e+03	0	0.000e+00
17038	1.532e+03	0	0.000e+00
17039	1.532e+03	0	0.000e+00
17040	1.532e+03	0	0.000e+00
17041	1.532e+03	2	5.780e-05
17042	1.532e+03	2	5.780e-05
17043	1.532e+03	0	0.000e+00
17044	1.533e+03	0	0.000e+00
17045	1.533e+03	0	0.000e+00
17046	1.533e+03	0	0.000e+00
17047	1.533e+03	0	0.000e+00
17048	1.533e+03	2	5.780e-05
17049	1.533e+03	0	0.000e+00
17050	1.533e+03	0	0.000e+00
17051	1.533e+03	0	0.000e+00
17052	1.533e+03	0	0.000e+00
17053	1.533e+03	0	0.000e+00
17054	1.533e+03	0	0.000e+00
17055	1.533e+03	0	0.000e+00
17056	1.534e+03	1	2.890e-05
17057	1.534e+03	0	0.000e+00
17058	1.534e+03	0	0.000e+00
17059	1.534e+03	1	2.890e-05
17060	1.534e+03	0	0.000e+00
17061	1.534e+03	0	0.000e+00
17062	1.534e+03	0	0.000e+00
17063	1.534e+03	0	0.000e+00
17064	1.534e+03	0	0.000e+00
17065	1.534e+03	0	0.000e+00
17066	1.534e+03	0	0.000e+00
17067	1.535e+03	0	0.000e+00
17068	1.535e+03	2	5.780e-05
17069	1.535e+03	0	0.000e+00
17070	1.535e+03	1	2.890e-05
17071	1.535e+03	0	0.000e+00
17072	1.535e+03	0	0.000e+00
17073	1.535e+03	0	0.000e+00
17074	1.535e+03	0	0.000e+00
17075	1.535e+03	0	0.000e+00
17076	1.535e+03	0	0.000e+00
17077	1.535e+03	2	5.780e-05
17078	1.536e+03	0	0.000e+00
17079	1.536e+03	0	0.000e+00
17080	1.536e+03	4	1.156e-04
17081	1.536e+03	0	0.000e+00
17082	1.536e+03	0	0.000e+00
17083	1.536e+03	0	0.000e+00
17084	1.536e+03	0	0.000e+00
17085	1.536e+03	1	2.890e-05
17086	1.536e+03	0	0.000e+00
17087	1.536e+03	0	0.000e+00
17088	1.536e+03	0	0.000e+00
17089	1.537e+03	0	0.000e+00
17090	1.537e+03	0	0.000e+00
17091	1.537e+03	3	8.671e-05
17092	1.537e+03	0	0.000e+00
17093	1.537e+03	0	0.000e+00
17094	1.537e+03	0	0.000e+00
17095	1.537e+03	0	0.000e+00
17096	1.537e+03	1	2.890e-05
17097	1.537e+03	2	5.780e-05
17098	1.537e+03	2	5.780e-05
17099	1.537e+03	3	8.671e-05
17100	1.538e+03	1	2.890e-05
17101	1.538e+03	0	0.000e+00
17102	1.538e+03	2	5.780e-05
17103	1.538e+03	7	2.023e-04
17104	1.538e+03	0	0.000e+00
17105	1.538e+03	0	0.000e+00
17106	1.538e+03	1	2.890e-05
17107	1.538e+03	2	5.780e-05
17108	1.538e+03	3	8.671e-05
17109	1.538e+03	10	2.890e-04
17110	1.538e+03	3	8.671e-05
17111	1.539e+03	10	2.890e-04
17112	1.539e+03	9	2.601e-04
17113	1.539e+03	11	3.179e-04
17114	1.539e+03	0	0.000e+00
17115	1.539e+03	8	2.312e-04
17116	1.539e+03	6	1.734e-04
17117	1.539e+03	5	1.445e-04
17118	1.539e+03	3	8.671e-05
17119	1.539e+03	7	2.023e-04
17120	1.539e+03	1	2.890e-05
17121	1.539e+03	0	0.000e+00
17122	1.540e+03	6	1.734e-04
17123	1.540e+03	0	0.000e+00
17124	1.540e+03	6	1.734e-04
17125	1.540e+03	4	1.156e-04
17126	1.540e+03	0	0.000e+00
17127	1.540e+03	6	1.734e-04
17128	1.540e+03	1	2.890e-05
17129	1.540e+03	1	2.890e-05
17130	1.540e+03	0	0.000e+00
17131	1.540e+03	0	0.000e+00
17132	1.540e+03	0	0.000e+00
17133	1.541e+03	3	8.671e-05
17134	1.541e+03	0	0.000e+00
17135	1.541e+03	0	0.000e+00
17136	1.541e+03	0	0.000e+00
17137	1.541e+03	0	0.000e+00
17138	1.541e+03	0	0.000e+00
17139	1.541e+03	0	0.000e+00
17140	1.541e+03	0	0.000e+00
17141	1.541e+03	0	0.000e+00
17142	1.541e+03	0	0.000e+00
17143	1.541e+03	0	0.000e+00
17144	1.541e+03	0	0.000e+00
17145	1.542e+03	0	0.000e+00
17146	1.542e+03	0	0.000e+00
17147	1.542e+03	0	0.000e+00
17148	1.542e+03	0	0.000e+00
17149	1.542e+03	0	0.000e+00
17150	1.542e+03	0	0.000e+00
17151	1.542e+03	0	0.000e+00
17152	1.542e+03	0	0.000e+00
17153	1.542e+03	0	0.000e+00
17154	1.542e+03	0	0.000e+00
17155	1.542e+03	0	0.000e+00
17156	1.543e+03	0	0.000e+00
17157	1.543e+03	0	0.000e+00
17158	1.543e+03	0	0.000e+00
17159	1.543e+03	0	0.000e+00
17160	1.543e+03	0	0.000e+00
17161	1.543e+03	0	0.000e+00
17162	1.543e+03	0	0.000e+00
17163	1.543e+03	0	0.000e+00
17164	1.543e+03	0	0.000e+00
17165	1.543e+03	0	0.000e+00
17166	1.543e+03	0	0.000e+00
17167	1.544e+03	1	2.890e-05
17168	1.544e+03	0	0.000e+00
17169	1.544e+03	0	0.000e+00
17170	1.544e+03	0	0.000e+00
17171	1.544e+03	0	0.000e+00
17172	1.544e+03	0	0.000e+00
17173	1.544e+03	0	0.000e+00
17174	1.544e+03	0	0.000e+00
17175	1.544e+03	0	0.000e+00
17176	1.544e+03	0	0.000e+00
17177	1.544e+03	0	0.000e+00
17178	1.545e+03	0	0.000e+00
17179	1.545e+03	0	0.000e+00
17180	1.545e+03	0	0.000e+00
17181	1.545e+03	0	0.000e+00
17182	1.545e+03	0	0.000e+00
17183	1.545e+03	0	0.000e+00
17184	1.545e+03	0	0.000e+00
17185	1.545e+03	0	0.000e+00
17186	1.545e+03	0	0.000e+00
17187	1.545e+03	0	0.000e+00
17188	1.545e+03	0	0.000e+00
17189	1.546e+03	1	2.890e-05
17190	1.546e+03	0	0.000e+00
17191	1.546e+03	0	0.000e+00
17192	1.546e+03	0	0.000e+00
17193	1.546e+03	0	0.000e+00
17194	1.546e+03	0	0.000e+00
17195	1.546e+03	4	1.156e-04
17196	1.546e+03	2	5.780e-05
17197	1.546e+03	0	0.000e+00
17198	1.546e+03	0	0.000e+00
17199	1.546e+03	0	0.000e+00
17200	1.547e+03	0	0.000e+00
17201	1.547e+03	0	0.000e+00
17202	1.547e+03	0	0.000e+00
17203	1.547e+03	0	0.000e+00
17204	1.547e+03	0	0.000e+00
17205	1.547e+03	0	0.000e+00
17206	1.547e+03	3	8.671e-05
17207	1.547e+03	0	0.000e+00
17208	1.547e+03	0	0.000e+00
17209	1.547e+03	0	0.000e+00
17210	1.547e+03	0	0.000e+00
17211	1.548e+03	0	0.000e+00
17212	1.548e+03	0	0.000e+00
17213	1.548e+03	0	0.000e+00
17214	1.548e+03	0	0.000e+00
17215	1.548e+03	0	0.000e+00
17216	1.548e+03	0	0.000e+00
17217	1.548e+03	0	0.000e+00
17218	1.548e+03	0	0.000e+00
17219	1.548e+03	0	0.000e+00
17220	1.548e+03	0	0.000e+00
17221	1.548e+03	0	0.000e+00
17222	1.549e+03	0	0.000e+00
17223	1.549e+03	0	0.000e+00
17224	1.549e+03	0	0.000e+00
17225	1.549e+03	0	0.000e+00
17226	1.549e+03	0	0.000e+00
17227	1.549e+03	0	0.000e+00
17228	1.549e+03	1	2.890e-05
17229	1.549e+03	0	0.000e+00
17230	1.549e+03	0	0.000e+00
17231	1.549e+03	0	0.000e+00
17232	1.549e+03	0	0.000e+00
17233	1.550e+03	0	0.000e+00
17234	1.550e+03	0	0.000e+00
17235	1.550e+03	0	0.000e+00
17236	1.550e+03	0	0.000e+00
17237	1.550e+03	0	0.000e+00
17238	1.550e+03	0	0.000e+00
17239	1.550e+03	0	0.000e+00
17240	1.550e+03	0	0.000e+00
17241	1.550e+03	0	0.000e+00
17242	1.550e+03	0	0.000e+00
17243	1.550e+03	0	0.000e+00
17244	1.550e+03	0	0.000e+00
17245	1.551e+03	0	0.000e+00
17246	1.551e+03	1	2.890e-05
17247	1.551e+03	0	0.000e+00
17248	1.551e+03	0	0.000e+00
17249	1.551e+03	0	0.000e+00
17250	1.551e+03	0	0.000e+00
17251	1.551e+03	0	0.000e+00
17252	1.551e+03	0	0.000e+00
17253	1.551e+03	0	0.000e+00
17254	1.551e+03	0	0.000e+00
17255	1.551e+03	0	0.000e+00
17256	1.552e+03	3	8.671e-05
17257	1.552e+03	0	0.000e+00
17258	1.552e+03	0	0.000e+00
17259	1.552e+03	0	0.000e+00
17260	1.552e+03	0	0.000e+00
17261	1.552e+03	0	0.000e+00
17262	1.552e+03	0	0.000e+00
17263	1.552e+03	0	0.000e+00
17264	1.552e+03	0	0.000e+00
17265	1.552e+03	0	0.000e+00
17266	1.552e+03	0	0.000e+00
17267	1.553e+03	0	0.000e+00
17268	1.553e+03	0	0.000e+00
17269	1.553e+03	0	0.000e+00
17270	1.553e+03	0	0.000e+00
17271	1.553e+03	0	0.000e+00
17272	1.553e+03	0	0.000e+00
17273	1.553e+03	2	5.780e-05
17274	1.553e+03	0	0.000e+00
17275	1.553e+03	0	0.000e+00
17276	1.553e+03	0	0.000e+00
17277	1.553e+03	0	0.000e+00
17278	1.554e+03	0	0.000e+00
17279	1.554e+03	0	0.000e+00
17280	1.554e+03	0	0.000e+00
17281	1.554e+03	0	0.000e+00
17282	1.554e+03	0	0.000e+00
17283	1.554e+03	0	0.000e+00
17284	1.554e+03	0	0.000e+00
17285	1.554e+03	0	0.000e+00
17286	1.554e+03	0	0.000e+00
17287	1.554e+03	0	0.000e+00
17288	1.554e+03	0	0.000e+00
17289	1.555e+03	0	0.000e+00
17290	1.555e+03	0	0.000e+00
17291	1.555e+03	0	0.000e+00
17292	1.555e+03	1	2.890e-05
17293	1.555e+03	0	0.000e+00
17294	1.555e+03	0	0.000e+00
17295	1.555e+03	0	0.000e+00
17296	1.555e+03	0	0.000e+00
17297	1.555e+03	0	0.000e+00
17298	1.555e+03	0	0.000e+00
17299	1.555e+03	0	0.000e+00
17300	1.556e+03	0	0.000e+00
17301	1.556e+03	0	0.000e+00
17302	1.556e+03	0	0.000e+00
17303	1.556e+03	0	0.000e+00
17304	1.556e+03	0	0.000e+00
17305	1.556e+03	0	0.000e+00
17306	1.556e+03	0	0.000e+00
17307	1.556e+03	0	0.000e+00
17308	1.556e+03	0	0.000e+00
17309	1.556e+03	0	0.000e+00
17310	1.556e+03	0	0.000e+00
17311	1.557e+03	0	0.000e+00
17312	1.557e+03	0	0.000e+00
17313	1.557e+03	0	0.000e+00
17314	1.557e+03	0	0.000e+00
17315	1.557e+03	0	0.000e+00
17316	1.557e+03	0	0.000e+00
17317	1.557e+03	0	0.000e+00
17318	1.557e+03	1	2.890e-05
17319	1.557e+03	0	0.000e+00
17320	1.557e+03	0	0.000e+00
17321	1.557e+03	0	0.000e+00
17322	1.558e+03	0	0.000e+00
17323	1.558e+03	0	0.000e+00
17324	1.558e+03	0	0.000e+00
17325	1.558e+03	0	0.000e+00
17326	1.558e+03	0	0.000e+00
17327	1.558e+03	0	0.000e+00
17328	1.558e+03	0	0.000e+00
17329	1.558e+03	0	0.000e+00
17330	1.558e+03	0	0.000e+00
17331	1.558e+03	0	0.000e+00
17332	1.558e+03	0	0.000e+00
17333	1.558e+03	0	0.000e+00
17334	1.559e+03	0	0.000e+00
17335	1.559e+03	0	0.000e+00
17336	1.559e+03	0	0.000e+00
17337	1.559e+03	0	0.000e+00
17338	1.559e+03	0	0.000e+00
17339	1.559e+03	0	0.000e+00
17340	1.559e+03	0	0.000e+00
17341	1.559e+03	0	0.000e+00
17342	1.559e+03	0	0.000e+00
17343	1.559e+03	0	0.000e+00
17344	1.559e+03	0	0.000e+00
17345	1.560e+03	0	0.000e+00
17346	1.560e+03	0	0.000e+00
17347	1.560e+03	0	0.000e+00
17348	1.560e+03	0	0.000e+00
17349	1.560e+03	0	0.000e+00
17350	1.560e+03	0	0.000e+00
17351	1.560e+03	1	2.890e-05
17352	1.560e+03	0	0.000e+00
17353	1.560e+03	0	0.000e+00
17354	1.560e+03	0	0.000e+00
17355	1.560e+03	1	2.890e-05
17356	1.561e+03	0	0.000e+00
17357	1.561e+03	0	0.000e+00
17358	1.561e+03	0	0.000e+00
17359	1.561e+03	0	0.000e+00
17360	1.561e+03	0	0.000e+00
17361	1.561e+03	0	0.000e+00
17362	1.561e+03	0	0.000e+00
17363	1.561e+03	0	0.000e+00
17364	1.561e+03	0	0.000e+00
17365	1.561e+03	0	0.000e+00
17366	1.561e+03	0	0.000e+00
17367	1.562e+03	2	5.780e-05
17368	1.562e+03	0	0.000e+00
17369	1.562e+03	0	0.000e+00
17370	1.562e+03	0	0.000e+00
17371	1.562e+03	0	0.000e+00
17372	1.562e+03	0	0.000e+00
17373	1.562e+03	0	0.000e+00
17374	1.562e+03	0	0.000e+00
17375	1.562e+03	0	0.000e+00
17376	1.562e+03	0	0.000e+00
17377	1.562e+03	0	0.000e+00
17378	1.563e+03	0	0.000e+00
17379	1.563e+03	0	0.000e+00
17380	1.563e+03	0	0.000e+00
17381	1.563e+03	0	0.000e+00
17382	1.563e+03	0	0.000e+00
17383	1.563e+03	0	0.000e+00
17384	1.563e+03	0	0.000e+00
17385	1.563e+03	0	0.000e+00
17386	1.563e+03	0	0.000e+00
17387	1.563e+03	0	0.000e+00
17388	1.563e+03	0	0.000e+00
17389	1.564e+03	0	0.000e+00
17390	1.564e+03	0	0.000e+00
17391	1.564e+03	0	0.000e+00
17392	1.564e+03	0	0.000e+00
17393	1.564e+03	0	0.000e+00
17394	1.564e+03	0	0.000e+00
17395	1.564e+03	0	0.000e+00
17396	1.564e+03	0	0.000e+00
17397	1.564e+03	0	0.000e+00
17398	1.564e+03	0	0.000e+00
17399	1.564e+03	0	0.000e+00
17400	1.565e+03	2	5.780e-05
17401	1.565e+03	0	0.000e+00
17402	1.565e+03	0	0.000e+00
17403	1.565e+03	0	0.000e+00
17404	1.565e+03	0	0.000e+00
17405	1.565e+03	0	0.000e+00
17406	1.565e+03	0	0.000e+00
17407	1.565e+03	0	0.000e+00
17408	1.565e+03	0	0.000e+00
17409	1.565e+03	0	0.000e+00
17410	1.565e+03	0	0.000e+00
17411	1.566e+03	0	0.000e+00
17412	1.566e+03	0	0.000e+00
17413	1.566e+03	0	0.000e+00
17414	1.566e+03	2	5.780e-05
17415	1.566e+03	0	0.000e+00
17416	1.566e+03	0	0.000e+00
17417	1.566e+03	0	0.000e+00
17418	1.566e+03	0	0.000e+00
17419	1.566e+03	0	0.000e+00
17420	1.566e+03	0	0.000e+00
17421	1.566e+03	1	2.890e-05
17422	1.566e+03	0	0.000e+00
17423	1.567e+03	0	0.000e+00
17424	1.567e+03	0	0.000e+00
17425	1.567e+03	0	0.000e+00
17426	1.567e+03	0	0.000e+00
17427	1.567e+03	0	0.000e+00
17428	1.567e+03	0	0.000e+00
17429	1.567e+03	0	0.000e+00
17430	1.567e+03	0	0.000e+00
17431	1.567e+03	0	0.000e+00
17432	1.567e+03	0	0.000e+00
17433	1.567e+03	0	0.000e+00
17434	1.568e+03	1	2.890e-05
17435	1.568e+03	0	0.000e+00
17436	1.568e+03	0	0.000e+00
17437	1.568e+03	0	0.000e+00
17438	1.568e+03	0	0.000e+00
17439	1.568e+03	0	0.000e+00
17440	1.568e+03	0	0.000e+00
17441	1.568e+03	0	0.000e+00
17442	1.568e+03	1	2.890e-05
17443	1.568e+03	0	0.000e+00
17444	1.568e+03	0	0.000e+00
17445	1.569e+03	0	0.000e+00
17446	1.569e+03	0	0.000e+00
17447	1.569e+03	0	0.000e+00
17448	1.569e+03	0	0.000e+00
17449	1.569e+03	0	0.000e+00
17450	1.569e+03	0	0.000e+00
17451	1.569e+03	0	0.000e+00
17452	1.569e+03	3	8.671e-05
17453	1.569e+03	0	0.000e+00
17454	1.569e+03	0	0.000e+00
17455	1.569e+03	0	0.000e+00
17456	1.570e+03	0	0.000e+00
17457	1.570e+03	0	0.000e+00
17458	1.570e+03	0	0.000e+00
17459	1.570e+03	0	0.000e+00
17460	1.570e+03	0	0.000e+00
17461	1.570e+03	0	0.000e+00
17462	1.570e+03	0	0.000e+00
17463	1.570e+03	0	0.000e+00
17464	1.570e+03	0	0.000e+00
17465	1.570e+03	0	0.000e+00
17466	1.570e+03	0	0.000e+00
17467	1.571e+03	0	0.000e+00
17468	1.571e+03	0	0.000e+00
17469	1.571e+03	0	0.000e+00
17470	1.571e+03	0	0.000e+00
17471	1.571e+03	0	0.000e+00
17472	1.571e+03	0	0.000e+00
17473	1.571e+03	0	0.000e+00
17474	1.571e+03	0	0.000e+00
17475	1.571e+03	0	0.000e+00
17476	1.571e+03	0	0.000e+00
17477	1.571e+03	0	0.000e+00
17478	1.572e+03	0	0.000e+00
17479	1.572e+03	0	0.000e+00
17480	1.572e+03	0	0.000e+00
17481	1.572e+03	0	0.000e+00
17482	1.572e+03	0	0.000e+00
17483	1.572e+03	0	0.000e+00
17484	1.572e+03	0	0.000e+00
17485	1.572e+03	0	0.000e+00
17486	1.572e+03	0	0.000e+00
17487	1.572e+03	0	0.000e+00
17488	1.572e+03	0	0.000e+00
17489	1.573e+03	0	0.000e+00
17490	1.573e+03	0	0.000e+00
17491	1.573e+03	0	0.000e+00
17492	1.573e+03	0	0.000e+00
17493	1.573e+03	1	2.890e-05
17494	1.573e+03	0	0.000e+00
17495	1.573e+03	0	0.000e+00
17496	1.573e+03	0	0.000e+00
17497	1.573e+03	0	0.000e+00
17498	1.573e+03	0	0.000e+00
17499	1.573e+03	0	0.000e+00
17500	1.574e+03	0	0.000e+00
17501	1.574e+03	1	2.890e-05
17502	1.574e+03	0	0.000e+00
17503	1.574e+03	0	0.000e+00
17504	1.574e+03	0	0.000e+00
17505	1.574e+03	0	0.000e+00
17506	1.574e+03	0	0.000e+00
17507	1.574e+03	0	0.000e+00
17508	1.574e+03	0	0.000e+00
17509	1.574e+03	1	2.890e-05
17510	1.574e+03	0	0.000e+00
17511	1.574e+03	0	0.000e+00
17512	1.575e+03	1	2.890e-05
17513	1.575e+03	0	0.000e+00
17514	1.575e+03	0	0.000e+00
17515	1.575e+03	0	0.000e+00
17516	1.575e+03	0	0.000e+00
17517	1.575e+03	0	0.000e+00
17518	1.575e+03	0	0.000e+00
17519	1.575e+03	2	5.780e-05
17520	1.575e+03	0	0.000e+00
17521	1.575e+03	0	0.000e+00
17522	1.575e+03	1	2.890e-05
17523	1.576e+03	0	0.000e+00
17524	1.576e+03	0	0.000e+00
17525	1.576e+03	0	0.000e+00
17526	1.576e+03	0	0.000e+00
17527	1.576e+03	0	0.000e+00
17528	1.576e+03	0	0.000e+00
17529	1.576e+03	0	0.000e+00
17530	1.576e+03	0	0.000e+00
17531	1.576e+03	0	0.000e+00
17532	1.576e+03	0	0.000e+00
17533	1.576e+03	0	0.000e+00
17534	1.577e+03	2	5.780e-05
17535	1.577e+03	0	0.000e+00
17536	1.577e+03	0	0.000e+00
17537	1.577e+03	0	0.000e+00
17538	1.577e+03	0	0.000e+00
17539	1.577e+03	0	0.000e+00
17540	1.577e+03	0	0.000e+00
17541	1.577e+03	0	0.000e+00
17542	1.577e+03	0	0.000e+00
17543	1.577e+03	0	0.000e+00
17544	1.577e+03	0	0.000e+00
17545	1.578e+03	0	0.000e+00
17546	1.578e+03	0	0.000e+00
17547	1.578e+03	0	0.000e+00
17548	1.578e+03	0	0.000e+00
17549	1.578e+03	0	0.000e+00
17550	1.578e+03	0	0.000e+00
17551	1.578e+03	0	0.000e+00
17552	1.578e+03	0	0.000e+00
17553	1.578e+03	0	0.000e+00
17554	1.578e+03	0	0.000e+00
17555	1.578e+03	0	0.000e+00
17556	1.579e+03	0	0.000e+00
17557	1.579e+03	0	0.000e+00
17558	1.579e+03	0	0.000e+00
17559	1.579e+03	0	0.000e+00
17560	1.579e+03	0	0.000e+00
17561	1.579e+03	1	2.890e-05
17562	1.579e+03	0	0.000e+00
17563	1.579e+03	0	0.000e+00
17564	1.579e+03	0	0.000e+00
17565	1.579e+03	0	0.000e+00
17566	1.579e+03	0	0.000e+00
17567	1.580e+03	0	0.000e+00
17568	1.580e+03	0	0.000e+00
17569	1.580e+03	0	0.000e+00
17570	1.580e+03	0	0.000e+00
17571	1.580e+03	0	0.000e+00
17572	1.580e+03	0	0.000e+00
17573	1.580e+03	0	0.000e+00
17574	1.580e+03	1	2.890e-05
17575	1.580e+03	0	0.000e+00
17576	1.580e+03	0	0.000e+00
17577	1.580e+03	0	0.000e+00
17578	1.581e+03	0	0.000e+00
17579	1.581e+03	0	0.000e+00
17580	1.581e+03	0	0.000e+00
17581	1.581e+03	0	0.000e+00
17582	1.581e+03	0	0.000e+00
17583	1.581e+03	0	0.000e+00
17584	1.581e+03	0	0.000e+00
17585	1.581e+03	0	0.000e+00
17586	1.581e+03	0	0.000e+00
17587	1.581e+03	0	0.000e+00
17588	1.581e+03	0	0.000e+00
17589	1.582e+03	0	0.000e+00
17590	1.582e+03	0	0.000e+00
17591	1.582e+03	0	0.000e+00
17592	1.582e+03	0	0.000e+00
17593	1.582e+03	0	0.000e+00
17594	1.582e+03	0	0.000e+00
17595	1.582e+03	0	0.000e+00
17596	1.582e+03	0	0.000e+00
17597	1.582e+03	0	0.000e+00
17598	1.582e+03	0	0.000e+00
17599	1.582e+03	0	0.000e+00
17600	1.583e+03	1	2.890e-05
17601	1.583e+03	0	0.000e+00
17602	1.583e+03	0	0.000e+00
17603	1.583e+03	0	0.000e+00
17604	1.583e+03	0	0.000e+00
17605	1.583e+03	1	2.890e-05
17606	1.583e+03	0	0.000e+00
17607	1.583e+03	0	0.000e+00
17608	1.583e+03	0	0.000e+00
17609	1.583e+03	0	0.000e+00
17610	1.583e+03	0	0.000e+00
17611	1.583e+03	0	0.000e+00
17612	1.584e+03	0	0.000e+00
17613	1.584e+03	0	0.000e+00
17614	1.584e+03	0	0.000e+00
17615	1.584e+03	1	2.890e-05
17616	1.584e+03	0	0.000e+00
17617	1.584e+03	0	0.000e+00
17618	1.584e+03	0	0.000e+00
17619	1.584e+03	0	0.000e+00
17620	1.584e+03	0	0.000e+00
17621	1.584e+03	0	0.000e+00
17622	1.584e+03	0	0.000e+00
17623	1.585e+03	0	0.000e+00
17624	1.585e+03	0	0.000e+00
17625	1.585e+03	0	0.000e+00
17626	1.585e+03	0	0.000e+00
17627	1.585e+03	0	0.000e+00
17628	1.585e+03	1	2.890e-05
17629	1.585e+03	0	0.000e+00
17630	1.585e+03	2	5.780e-05
17631	1.585e+03	0	0.000e+00
17632	1.585e+03	0	0.000e+00
17633	1.585e+03	0	0.000e+00
17634	1.586e+03	0	0.000e+00
17635	1.586e+03	0	0.000e+00
17636	1.586e+03	0	0.000e+00
17637	1.586e+03	0	0.000e+00
17638	1.586e+03	0	0.000e+00
17639	1.586e+03	0	0.000e+00
17640	1.586e+03	0	0.000e+00
17641	1.586e+03	1	2.890e-05
17642	1.586e+03	0	0.000e+00
17643	1.586e+03	0	0.000e+00
17644	1.586e+03	0	0.000e+00
17645	1.587e+03	0	0.000e+00
17646	1.587e+03	0	0.000e+00
17647	1.587e+03	0	0.000e+00
17648	1.587e+03	0	0.000e+00
17649	1.587e+03	0	0.000e+00
17650	1.587e+03	0	0.000e+00
17651	1.587e+03	0	0.000e+00
17652	1.587e+03	0	0.000e+00
17653	1.587e+03	0	0.000e+00
17654	1.587e+03	0	0.000e+00
17655	1.587e+03	0	0.000e+00
17656	1.588e+03	0	0.000e+00
17657	1.588e+03	0	0.000e+00
17658	1.588e+03	0	0.000e+00
17659	1.588e+03	0	0.000e+00
17660	1.588e+03	0	0.000e+00
17661	1.588e+03	0	0.000e+00
17662	1.588e+03	0	0.000e+00
17663	1.588e+03	0	0.000e+00
17664	1.588e+03	0	0.000e+00
17665	1.588e+03	0	0.000e+00
17666	1.588e+03	0	0.000e+00
17667	1.589e+03	0	0.000e+00
17668	1.589e+03	3	8.671e-05
17669	1.589e+03	0	0.000e+00
17670	1.589e+03	0	0.000e+00
17671	1.589e+03	0	0.000e+00
17672	1.589e+03	0	0.000e+00
17673	1.589e+03	1	2.890e-05
17674	1.589e+03	0	0.000e+00
17675	1.589e+03	0	0.000e+00
17676	1.589e+03	0	0.000e+00
17677	1.589e+03	0	0.000e+00
17678	1.590e+03	0	0.000e+00
17679	1.590e+03	0	0.000e+00
17680	1.590e+03	0	0.000e+00
17681	1.590e+03	0	0.000e+00
17682	1.590e+03	0	0.000e+00
17683	1.590e+03	0	0.000e+00
17684	1.590e+03	1	2.890e-05
17685	1.590e+03	0	0.000e+00
17686	1.590e+03	0	0.000e+00
17687	1.590e+03	0	0.000e+00
17688	1.590e+03	0	0.000e+00
17689	1.591e+03	0	0.000e+00
17690	1.591e+03	0	0.000e+00
17691	1.591e+03	0	0.000e+00
17692	1.591e+03	0	0.000e+00
17693	1.591e+03	0	0.000e+00
17694	1.591e+03	0	0.000e+00
17695	1.591e+03	1	2.890e-05
17696	1.591e+03	0	0.000e+00
17697	1.591e+03	0	0.000e+00
17698	1.591e+03	0	0.000e+00
17699	1.591e+03	0	0.000e+00
17700	1.591e+03	0	0.000e+00
17701	1.592e+03	1	2.890e-05
17702	1.592e+03	0	0.000e+00
17703	1.592e+03	0	0.000e+00
17704	1.592e+03	1	2.890e-05
17705	1.592e+03	0	0.000e+00
17706	1.592e+03	0	0.000e+00
17707	1.592e+03	0	0.000e+00
17708	1.592e+03	0	0.000e+00
17709	1.592e+03	1	2.890e-05
17710	1.592e+03	0	0.000e+00
17711	1.592e+03	0	0.000e+00
17712	1.593e+03	0	0.000e+00
17713	1.593e+03	0	0.000e+00
17714	1.593e+03	0	0.000e+00
17715	1.593e+03	0	0.000e+00
17716	1.593e+03	0	0.000e+00
17717	1.593e+03	0	0.000e+00
17718	1.593e+03	0	0.000e+00
17719	1.593e+03	0	0.000e+00
17720	1.593e+03	0	0.000e+00
17721	1.593e+03	0	0.000e+00
17722	1.593e+03	0	0.000e+00
17723	1.594e+03	0	0.000e+00
17724	1.594e+03	0	0.000e+00
17725	1.594e+03	0	0.000e+00
17726	1.594e+03	0	0.000e+00
17727	1.594e+03	0	0.000e+00
17728	1.594e+03	0	0.000e+00
17729	1.594e+03	0	0.000e+00
17730	1.594e+03	0	0.000e+00
17731	1.594e+03	0	0.000e+00
17732	1.594e+03	0	0.000e+00
17733	1.594e+03	0	0.000e+00
17734	1.595e+03	2	5.780e-05
17735	1.595e+03	0	0.000e+00
17736	1.595e+03	3	8.671e-05
17737	1.595e+03	5	1.445e-04
17738	1.595e+03	7	2.023e-04
17739	1.595e+03	6	1.734e-04
17740	1.595e+03	7	2.023e-04
17741	1.595e+03	10	2.890e-04
17742	1.595e+03	12	3.468e-04
17743	1.595e+03	21	6.069e-04
17744	1.595e+03	25	7.225e-04
17745	1.596e+03	30	8.671e-04
17746	1.596e+03	50	1.445e-03
17747	1.596e+03	42	1.214e-03
17748	1.596e+03	56	1.619e-03
17749	1.596e+03	60	1.734e-03
17750	1.596e+03	91	2.630e-03
17751	1.596e+03	94	2.717e-03
17752	1.596e+03	111	3.208e-03
17753	1.596e+03	139	4.017e-03
17754	1.596e+03	144	4.162e-03
17755	1.596e+03	160	4.624e-03
17756	1.597e+03	199	5.751e-03
17757	1.597e+03	194	5.607e-03
17758	1.597e+03	199	5.751e-03
17759	1.597e+03	214	6.185e-03
17760	1.597e+03	234	6.763e-03
17761	1.597e+03	292	8.439e-03
17762	1.597e+03	268	7.746e-03
17763	1.597e+03	313	9.046e-03
17764	1.597e+03	293	8.468e-03
17765	1.597e+03	287	8.295e-03
17766	1.597e+03	304	8.786e-03
17767	1.598e+03	278	8.035e-03
17768	1.598e+03	277	8.006e-03
17769	1.598e+03	260	7.514e-03
17770	1.598e+03	257	7.428e-03
17771	1.598e+03	255	7.370e-03
17772	1.598e+03	234	6.763e-03
17773	1.598e+03	231	6.676e-03
17774	1.598e+03	199	5.751e-03
17775	1.598e+03	156	4.509e-03
17776	1.598e+03	167	4.827e-03
17777	1.598e+03	166	4.798e-03
17778	1.599e+03	156	4.509e-03
17779	1.599e+03	127	3.671e-03
17780	1.599e+03	96	2.775e-03
17781	1.599e+03	89	2.572e-03
17782	1.599e+03	71	2.052e-03
17783	1.599e+03	62	1.792e-03
17784	1.599e+03	54	1.561e-03
17785	1.599e+03	52	1.503e-03
17786	1.599e+03	27	7.804e-04
17787	1.599e+03	35	1.012e-03
17788	1.599e+03	19	5.491e-04
17789	1.599e+03	12	3.468e-04
17790	1.600e+03	16	4.624e-04
17791	1.600e+03	1	2.890e-05
17792	1.600e+03	4	1.156e-04
17793	1.600e+03	1	2.890e-05
17794	1.600e+03	7	2.023e-04
17795	1.600e+03	1	2.890e-05
17796	1.600e+03	3	8.671e-05
17797	1.600e+03	0	0.000e+00
17798	1.600e+03	0	0.000e+00
17799	1.600e+03	0	0.000e+00
17800	1.600e+03	0	0.000e+00
17801	1.601e+03	0	0.000e+00
17802	1.601e+03	0	0.000e+00
17803	1.601e+03	0	0.000e+00
17804	1.601e+03	0	0.000e+00
17805	1.601e+03	0	0.000e+00
17806	1.601e+03	0	0.000e+00
17807	1.601e+03	0	0.000e+00
17808	1.601e+03	0	0.000e+00
17809	1.601e+03	0	0.000e+00
17810	1.601e+03	0	0.000e+00
17811	1.601e+03	0	0.000e+00
17812	1.602e+03	0	0.000e+00
17813	1.602e+03	0	0.000e+00
17814	1.602e+03	0	0.000e+00
17815	1.602e+03	1	2.890e-05
17816	1.602e+03	0	0.000e+00
17817	1.602e+03	0	0.000e+00
17818	1.602e+03	0	0.000e+00
17819	1.602e+03	0	0.000e+00
17820	1.602e+03	0	0.000e+00
17821	1.602e+03	0	0.000e+00
17822	1.602e+03	0	0.000e+00
17823	1.603e+03	0	0.000e+00
17824	1.603e+03	0	0.000e+00
17825	1.603e+03	0	0.000e+00
17826	1.603e+03	0	0.000e+00
17827	1.603e+03	0	0.000e+00
17828	1.603e+03	0	0.000e+00
17829	1.603e+03	0	0.000e+00
17830	1.603e+03	0	0.000e+00
17831	1.603e+03	0	0.000e+00
17832	1.603e+03	3	8.671e-05
17833	1.603e+03	0	0.000e+00
17834	1.604e+03	0	0.000e+00
17835	1.604e+03	0	0.000e+00
17836	1.604e+03	0	0.000e+00
17837	1.604e+03	0	0.000e+00
17838	1.604e+03	0	0.000e+00
17839	1.604e+03	2	5.780e-05
17840	1.604e+03	0	0.000e+00
17841	1.604e+03	0	0.000e+00
17842	1.604e+03	0	0.000e+00
17843	1.604e+03	0	0.000e+00
17844	1.604e+03	0	0.000e+00
17845	1.605e+03	0	0.000e+00
17846	1.605e+03	0	0.000e+00
17847	1.605e+03	0	0.000e+00
17848	1.605e+03	0	0.000e+00
17849	1.605e+03	0	0.000e+00
17850	1.605e+03	0	0.000e+00
17851	1.605e+03	0	0.000e+00
17852	1.605e+03	0	0.000e+00
17853	1.605e+03	0	0.000e+00
17854	1.605e+03	0	0.000e+00
17855	1.605e+03	0	0.000e+00
17856	1.606e+03	0	0.000e+00
17857	1.606e+03	0	0.000e+00
17858	1.606e+03	1	2.890e-05
17859	1.606e+03	0	0.000e+00
17860	1.606e+03	0	0.000e+00
17861	1.606e+03	0	0.000e+00
17862	1.606e+03	0	0.000e+00
17863	1.606e+03	0	0.000e+00
17864	1.606e+03	0	0.000e+00
17865	1.606e+03	0	0.000e+00
17866	1.606e+03	0	0.000e+00
17867	1.607e+03	0	0.000e+00
17868	1.607e+03	0	0.000e+00
17869	1.607e+03	0	0.000e+00
17870	1.607e+03	0	0.000e+00
17871	1.607e+03	0	0.000e+00
17872	1.607e+03	0	0.000e+00
17873	1.607e+03	0	0.000e+00
17874	1.607e+03	0	0.000e+00
17875	1.607e+03	0	0.000e+00
17876	1.607e+03	0	0.000e+00
17877	1.607e+03	1	2.890e-05
17878	1.608e+03	0	0.000e+00
17879	1.608e+03	0	0.000e+00
17880	1.608e+03	0	0.000e+00
17881	1.608e+03	0	0.000e+00
17882	1.608e+03	0	0.000e+00
17883	1.608e+03	0	0.000e+00
17884	1.608e+03	0	0.000e+00
17885	1.608e+03	0	0.000e+00
17886	1.608e+03	0	0.000e+00
17887	1.608e+03	0	0.000e+00
17888	1.608e+03	0	0.000e+00
17889	1.608e+03	0	0.000e+00
17890	1.609e+03	0	0.000e+00
17891	1.609e+03	0	0.000e+00
17892	1.609e+03	1	2.890e-05
17893	1.609e+03	0	0.000e+00
17894	1.609e+03	0	0.000e+00
17895	1.609e+03	0	0.000e+00
17896	1.609e+03	0	0.000e+00
17897	1.609e+03	0	0.000e+00
17898	1.609e+03	0	0.000e+00
17899	1.609e+03	0	0.000e+00
17900	1.609e+03	0	0.000e+00
17901	1.610e+03	0	0.000e+00
17902	1.610e+03	0	0.000e+00
17903	1.610e+03	0	0.000e+00
17904	1.610e+03	0	0.000e+00
17905	1.610e+03	0	0.000e+00
17906	1.610e+03	0	0.000e+00
17907	1.610e+03	0	0.000e+00
17908	1.610e+03	0	0.000e+00
17909	1.610e+03	0	0.000e+00
17910	1.610e+03	0	0.000e+00
17911	1.610e+03	0	0.000e+00
17912	1.611e+03	0	0.000e+00
17913	1.611e+03	0	0.000e+00
17914	1.611e+03	0	0.000e+00
17915	1.611e+03	0	0.000e+00
17916	1.611e+03	0	0.000e+00
17917	1.611e+03	0	0.000e+00
17918	1.611e+03	0	0.000e+00
17919	1.611e+03	0	0.000e+00
17920	1.611e+03	0	0.000e+00
17921	1.611e+03	0	0.000e+00
17922	1.611e+03	0	0.000e+00
17923	1.612e+03	0	0.000e+00
17924	1.612e+03	0	0.000e+00
17925	1.612e+03	0	0.000e+00
17926	1.612e+03	0	0.000e+00
17927	1.612e+03	0	0.000e+00
17928	1.612e+03	0	0.000e+00
17929	1.612e+03	0	0.000e+00
17930	1.612e+03	0	0.000e+00
17931	1.612e+03	0	0.000e+00
17932	1.612e+03	0	0.000e+00
17933	1.612e+03	1	2.890e-05
17934	1.613e+03	0	0.000e+00
17935	1.613e+03	2	5.780e-05
17936	1.613e+03	0	0.000e+00
17937	1.613e+03	0	0.000e+00
17938	1.613e+03	0	0.000e+00
17939	1.613e+03	0	0.000e+00
17940	1.613e+03	0	0.000e+00
17941	1.613e+03	0	0.000e+00
17942	1.613e+03	0	0.000e+00
17943	1.613e+03	0	0.000e+00
17944	1.613e+03	0	0.000e+00
17945	1.614e+03	0	0.000e+00
17946	1.614e+03	0	0.000e+00
17947	1.614e+03	0	0.000e+00
17948	1.614e+03	0	0.000e+00
17949	1.614e+03	0	0.000e+00
17950	1.614e+03	0	0.000e+00
17951	1.614e+03	0	0.000e+00
17952	1.614e+03	0	0.000e+00
17953	1.614e+03	0	0.000e+00
17954	1.614e+03	0	0.000e+00
17955	1.614e+03	0	0.000e+00
17956	1.615e+03	0	0.000e+00
17957	1.615e+03	1	2.890e-05
17958	1.615e+03	0	0.000e+00
17959	1.615e+03	0	0.000e+00
17960	1.615e+03	0	0.000e+00
17961	1.615e+03	0	0.000e+00
17962	1.615e+03	0	0.000e+00
17963	1.615e+03	0	0.000e+00
17964	1.615e+03	0	0.000e+00
17965	1.615e+03	0	0.000e+00
17966	1.615e+03	0	0.000e+00
17967	1.616e+03	0	0.000e+00
17968	1.616e+03	0	0.000e+00
17969	1.616e+03	0	0.000e+00
17970	1.616e+03	0	0.000e+00
17971	1.616e+03	0	0.000e+00
17972	1.616e+03	0	0.000e+00
17973	1.616e+03	0	0.000e+00
17974	1.616e+03	0	0.000e+00
17975	1.616e+03	0	0.000e+00
17976	1.616e+03	0	0.000e+00
17977	1.616e+03	0	0.000e+00
17978	1.616e+03	0	0.000e+00
17979	1.617e+03	0	0.000e+00
17980	1.617e+03	0	0.000e+00
17981	1.617e+03	0	0.000e+00
17982	1.617e+03	0	0.000e+00
17983	1.617e+03	0	0.000e+00
17984	1.617e+03	0	0.000e+00
17985	1.617e+03	0	0.000e+00
17986	1.617e+03	0	0.000e+00
17987	1.617e+03	0	0.000e+00
17988	1.617e+03	0	0.000e+00
17989	1.617e+03	0	0.000e+00
17990	1.618e+03	0	0.000e+00
17991	1.618e+03	0	0.000e+00
17992	1.618e+03	0	0.000e+00
17993	1.618e+03	0	0.000e+00
17994	1.618e+03	0	0.000e+00
17995	1.618e+03	0	0.000e+00
17996	1.618e+03	0	0.000e+00
17997	1.618e+03	0	0.000e+00
17998	1.618e+03	0	0.000e+00
17999	1.618e+03	0	0.000e+00
18000	1.618e+03	0	0.000e+00
18001	1.619e+03	0	0.000e+00
18002	1.619e+03	0	0.000e+00
18003	1.619e+03	0	0.000e+00
18004	1.619e+03	3	8.671e-05
18005	1.619e+03	1	2.890e-05
18006	1.619e+03	0	0.000e+00
18007	1.619e+03	0	0.000e+00
18008	1.619e+03	0	0.000e+00
18009	1.619e+03	0	0.000e+00
18010	1.619e+03	0	0.000e+00
18011	1.619e+03	0	0.000e+00
18012	1.620e+03	0	0.000e+00
18013	1.620e+03	0	0.000e+00
18014	1.620e+03	0	0.000e+00
18015	1.620e+03	0	0.000e+00
18016	1.620e+03	0	0.000e+00
18017	1.620e+03	0	0.000e+00
18018	1.620e+03	0	0.000e+00
18019	1.620e+03	0	0.000e+00
18020	1.620e+03	0	0.000e+00
18021	1.620e+03	0	0.000e+00
18022	1.620e+03	0	0.000e+00
18023	1.621e+03	0	0.000e+00
18024	1.621e+03	0	0.000e+00
18025	1.621e+03	0	0.000e+00
18026	1.621e+03	0	0.000e+00
18027	1.621e+03	0	0.000e+00
18028	1.621e+03	0	0.000e+00
18029	1.621e+03	0	0.000e+00
18030	1.621e+03	0	0.000e+00
18031	1.621e+03	0	0.000e+00
18032	1.621e+03	0	0.000e+00
18033	1.621e+03	0	0.000e+00
18034	1.622e+03	0	0.000e+00
18035	1.622e+03	0	0.000e+00
18036	1.622e+03	0	0.000e+00
18037	1.622e+03	0	0.000e+00
18038	1.622e+03	0	0.000e+00
18039	1.622e+03	0	0.000e+00
18040	1.622e+03	0	0.000e+00
18041	1.622e+03	0	0.000e+00
18042	1.622e+03	0	0.000e+00
18043	1.622e+03	0	0.000e+00
18044	1.622e+03	0	0.000e+00
18045	1.623e+03	0	0.000e+00
18046	1.623e+03	0	0.000e+00
18047	1.623e+03	0	0.000e+00
18048	1.623e+03	0	0.000e+00
18049	1.623e+03	0	0.000e+00
18050	1.623e+03	0	0.000e+00
18051	1.623e+03	0	0.000e+00
18052	1.623e+03	0	0.000e+00
18053	1.623e+03	0	0.000e+00
18054	1.623e+03	0	0.000e+00
18055	1.623e+03	0	0.000e+00
18056	1.624e+03	0	0.000e+00
18057	1.624e+03	0	0.000e+00
18058	1.624e+03	0	0.000e+00
18059	1.624e+03	0	0.000e+00
18060	1.624e+03	0	0.000e+00
18061	1.624e+03	0	0.000e+00
18062	1.624e+03	0	0.000e+00
18063	1.624e+03	0	0.000e+00
18064	1.624e+03	1	2.890e-05
18065	1.624e+03	0	0.000e+00
18066	1.624e+03	0	0.000e+00
18067	1.624e+03	0	0.000e+00
18068	1.625e+03	0	0.000e+00
18069	1.625e+03	0	0.000e+00
18070	1.625e+03	0	0.000e+00
18071	1.625e+03	0	0.000e+00
18072	1.625e+03	0	0.000e+00
18073	1.625e+03	0	0.000e+00
18074	1.625e+03	0	0.000e+00
18075	1.625e+03	0	0.000e+00
18076	1.625e+03	0	0.000e+00
18077	1.625e+03	0	0.000e+00
18078	1.625e+03	0	0.000e+00
18079	1.626e+03	0	0.000e+00
18080	1.626e+03	0	0.000e+00
18081	1.626e+03	0	0.000e+00
18082	1.626e+03	0	0.000e+00
18083	1.626e+03	0	0.000e+00
18084	1.626e+03	0	0.000e+00
18085	1.626e+03	0	0.000e+00
18086	1.626e+03	0	0.000e+00
18087	1.626e+03	0	0.000e+00
18088	1.626e+03	0	0.000e+00
18089	1.626e+03	0	0.000e+00
18090	1.627e+03	0	0.000e+00
18091	1.627e+03	0	0.000e+00
18092	1.627e+03	0	0.000e+00
18093	1.627e+03	0	0.000e+00
18094	1.627e+03	0	0.000e+00
18095	1.627e+03	0	0.000e+00
18096	1.627e+03	0	0.000e+00
18097	1.627e+03	0	0.000e+00
18098	1.627e+03	0	0.000e+00
18099	1.627e+03	0	0.000e+00
18100	1.627e+03	0	0.000e+00
18101	1.628e+03	0	0.000e+00
18102	1.628e+03	0	0.000e+00
18103	1.628e+03	0	0.000e+00
18104	1.628e+03	0	0.000e+00
18105	1.628e+03	0	0.000e+00
18106	1.628e+03	0	0.000e+00
18107	1.628e+03	3	8.671e-05
18108	1.628e+03	0	0.000e+00
18109	1.628e+03	0	0.000e+00
18110	1.628e+03	0	0.000e+00
18111	1.628e+03	0	0.000e+00
18112	1.629e+03	0	0.000e+00
18113	1.629e+03	0	0.000e+00
18114	1.629e+03	0	0.000e+00
18115	1.629e+03	0	0.000e+00
18116	1.629e+03	0	0.000e+00
18117	1.629e+03	0	0.000e+00
18118	1.629e+03	0	0.000e+00
18119	1.629e+03	0	0.000e+00
18120	1.629e+03	0	0.000e+00
18121	1.629e+03	0	0.000e+00
18122	1.629e+03	0	0.000e+00
18123	1.630e+03	0	0.000e+00
18124	1.630e+03	0	0.000e+00
18125	1.630e+03	0	0.000e+00
18126	1.630e+03	0	0.000e+00
18127	1.630e+03	0	0.000e+00
18128	1.630e+03	0	0.000e+00
18129	1.630e+03	0	0.000e+00
18130	1.630e+03	0	0.000e+00
18131	1.630e+03	0	0.000e+00
18132	1.630e+03	1	2.890e-05
18133	1.630e+03	0	0.000e+00
18134	1.631e+03	0	0.000e+00
18135	1.631e+03	0	0.000e+00
18136	1.631e+03	0	0.000e+00
18137	1.631e+03	0	0.000e+00
18138	1.631e+03	0	0.000e+00
18139	1.631e+03	0	0.000e+00
18140	1.631e+03	0	0.000e+00
18141	1.631e+03	0	0.000e+00
18142	1.631e+03	0	0.000e+00
18143	1.631e+03	0	0.000e+00
18144	1.631e+03	0	0.000e+00
18145	1.632e+03	0	0.000e+00
18146	1.632e+03	0	0.000e+00
18147	1.632e+03	0	0.000e+00
18148	1.632e+03	0	0.000e+00
18149	1.632e+03	0	0.000e+00
18150	1.632e+03	0	0.000e+00
18151	1.632e+03	0	0.000e+00
18152	1.632e+03	0	0.000e+00
18153	1.632e+03	0	0.000e+00
18154	1.632e+03	0	0.000e+00
18155	1.632e+03	0	0.000e+00
18156	1.632e+03	0	0.000e+00
18157	1.633e+03	0	0.000e+00
18158	1.633e+03	0	0.000e+00
18159	1.633e+03	0	0.000e+00
18160	1.633e+03	0	0.000e+00
18161	1.633e+03	0	0.000e+00
18162	1.633e+03	0	0.000e+00
18163	1.633e+03	0	0.000e+00
18164	1.633e+03	0	0.000e+00
18165	1.633e+03	0	0.000e+00
18166	1.633e+03	0	0.000e+00
18167	1.633e+03	0	0.000e+00
18168	1.634e+03	0	0.000e+00
18169	1.634e+03	0	0.000e+00
18170	1.634e+03	0	0.000e+00
18171	1.634e+03	0	0.000e+00
18172	1.634e+03	0	0.000e+00
18173	1.634e+03	0	0.000e+00
18174	1.634e+03	0	0.000e+00
18175	1.634e+03	0	0.000e+00
18176	1.634e+03	0	0.000e+00
18177	1.634e+03	0	0.000e+00
18178	1.634e+03	0	0.000e+00
18179	1.635e+03	1	2.890e-05
18180	1.635e+03	0	0.000e+00
18181	1.635e+03	0	0.000e+00
18182	1.635e+03	0	0.000e+00
18183	1.635e+03	0	0.000e+00
18184	1.635e+03	2	5.780e-05
18185	1.635e+03	0	0.000e+00
18186	1.635e+03	0	0.000e+00
18187	1.635e+03	1	2.890e-05
18188	1.635e+03	0	0.000e+00
18189	1.635e+03	0	0.000e+00
18190	1.636e+03	0	0.000e+00
18191	1.636e+03	0	0.000e+00
18192	1.636e+03	0	0.000e+00
18193	1.636e+03	0	0.000e+00
18194	1.636e+03	0	0.000e+00
18195	1.636e+03	0	0.000e+00
18196	1.636e+03	0	0.000e+00
18197	1.636e+03	0	0.000e+00
18198	1.636e+03	0	0.000e+00
18199	1.636e+03	0	0.000e+00
18200	1.636e+03	0	0.000e+00
18201	1.637e+03	0	0.000e+00
18202	1.637e+03	0	0.000e+00
18203	1.637e+03	0	0.000e+00
18204	1.637e+03	0	0.000e+00
18205	1.637e+03	0	0.000e+00
18206	1.637e+03	0	0.000e+00
18207	1.637e+03	0	0.000e+00
18208	1.637e+03	0	0.000e+00
18209	1.637e+03	0	0.000e+00
18210	1.637e+03	0	0.000e+00
18211	1.637e+03	0	0.000e+00
18212	1.638e+03	0	0.000e+00
18213	1.638e+03	0	0.000e+00
18214	1.638e+03	0	0.000e+00
18215	1.638e+03	0	0.000e+00
18216	1.638e+03	0	0.000e+00
18217	1.638e+03	0	0.000e+00
18218	1.638e+03	0	0.000e+00
18219	1.638e+03	0	0.000e+00
18220	1.638e+03	0	0.000e+00
18221	1.638e+03	0	0.000e+00
18222	1.638e+03	1	2.890e-05
18223	1.639e+03	0	0.000e+00
18224	1.639e+03	0	0.000e+00
18225	1.639e+03	0	0.000e+00
18226	1.639e+03	0	0.000e+00
18227	1.639e+03	0	0.000e+00
18228	1.639e+03	0	0.000e+00
18229	1.639e+03	0	0.000e+00
18230	1.639e+03	0	0.000e+00
18231	1.639e+03	0	0.000e+00
18232	1.639e+03	1	2.890e-05
18233	1.639e+03	0	0.000e+00
18234	1.640e+03	0	0.000e+00
18235	1.640e+03	0	0.000e+00
18236	1.640e+03	0	0.000e+00
18237	1.640e+03	0	0.000e+00
18238	1.640e+03	0	0.000e+00
18239	1.640e+03	0	0.000e+00
18240	1.640e+03	0	0.000e+00
18241	1.640e+03	0	0.000e+00
18242	1.640e+03	0	0.000e+00
18243	1.640e+03	0	0.000e+00
18244	1.640e+03	0	0.000e+00
18245	1.641e+03	0	0.000e+00
18246	1.641e+03	0	0.000e+00
18247	1.641e+03	0	0.000e+00
18248	1.641e+03	0	0.000e+00
18249	1.641e+03	0	0.000e+00
18250	1.641e+03	0	0.000e+00
18251	1.641e+03	0	0.000e+00
18252	1.641e+03	0	0.000e+00
18253	1.641e+03	0	0.000e+00
18254	1.641e+03	0	0.000e+00
18255	1.641e+03	0	0.000e+00
18256	1.641e+03	0	0.000e+00
18257	1.642e+03	0	0.000e+00
18258	1.642e+03	0	0.000e+00
18259	1.642e+03	0	0.000e+00
18260	1.642e+03	0	0.000e+00
18261	1.642e+03	0	0.000e+00
18262	1.642e+03	0	0.000e+00
18263	1.642e+03	0	0.000e+00
18264	1.642e+03	0	0.000e+00
18265	1.642e+03	0	0.000e+00
18266	1.642e+03	0	0.000e+00
18267	1.642e+03	0	0.000e+00
18268	1.643e+03	0	0.000e+00
18269	1.643e+03	0	0.000e+00
18270	1.643e+03	0	0.000e+00
18271	1.643e+03	0	0.000e+00
18272	1.643e+03	0	0.000e+00
18273	1.643e+03	0	0.000e+00
18274	1.643e+03	0	0.000e+00
18275	1.643e+03	0	0.000e+00
18276	1.643e+03	0	0.000e+00
18277	1.643e+03	0	0.000e+00
18278	1.643e+03	0	0.000e+00
18279	1.644e+03	0	0.000e+00
18280	1.644e+03	1	2.890e-05
18281	1.644e+03	0	0.000e+00
18282	1.644e+03	0	0.000e+00
18283	1.644e+03	0	0.000e+00
18284	1.644e+03	0	0.000e+00
18285	1.644e+03	0	0.000e+00
18286	1.644e+03	0	0.000e+00
18287	1.644e+03	0	0.000e+00
18288	1.644e+03	0	0.000e+00
18289	1.644e+03	0	0.000e+00
18290	1.645e+03	0	0.000e+00
18291	1.645e+03	0	0.000e+00
18292	1.645e+03	0	0.000e+00
18293	1.645e+03	0	0.000e+00
18294	1.645e+03	0	0.000e+00
18295	1.645e+03	0	0.000e+00
18296	1.645e+03	0	0.000e+00
18297	1.645e+03	0	0.000e+00
18298	1.645e+03	0	0.000e+00
18299	1.645e+03	0	0.000e+00
18300	1.645e+03	0	0.000e+00
18301	1.646e+03	0	0.000e+00
18302	1.646e+03	0	0.000e+00
18303	1.646e+03	0	0.000e+00
18304	1.646e+03	0	0.000e+00
18305	1.646e+03	0	0.000e+00
18306	1.646e+03	0	0.000e+00
18307	1.646e+03	0	0.000e+00
18308	1.646e+03	0	0.000e+00
18309	1.646e+03	0	0.000e+00
18310	1.646e+03	0	0.000e+00
18311	1.646e+03	1	2.890e-05
18312	1.647e+03	0	0.000e+00
18313	1.647e+03	0	0.000e+00
18314	1.647e+03	0	0.000e+00
18315	1.647e+03	0	0.000e+00
18316	1.647e+03	0	0.000e+00
18317	1.647e+03	0	0.000e+00
18318	1.647e+03	0	0.000e+00
18319	1.647e+03	0	0.000e+00
18320	1.647e+03	0	0.000e+00
18321	1.647e+03	0	0.000e+00
18322	1.647e+03	0	0.000e+00
18323	1.648e+03	0	0.000e+00
18324	1.648e+03	0	0.000e+00
18325	1.648e+03	0	0.000e+00
18326	1.648e+03	0	0.000e+00
18327	1.648e+03	0	0.000e+00
18328	1.648e+03	0	0.000e+00
18329	1.648e+03	0	0.000e+00
18330	1.648e+03	0	0.000e+00
18331	1.648e+03	0	0.000e+00
18332	1.648e+03	0	0.000e+00
18333	1.648e+03	0	0.000e+00
18334	1.649e+03	0	0.000e+00
18335	1.649e+03	0	0.000e+00
18336	1.649e+03	0	0.000e+00
18337	1.649e+03	0	0.000e+00
18338	1.649e+03	0	0.000e+00
18339	1.649e+03	0	0.000e+00
18340	1.649e+03	0	0.000e+00
18341	1.649e+03	0	0.000e+00
18342	1.649e+03	0	0.000e+00
18343	1.649e+03	0	0.000e+00
18344	1.649e+03	0	0.000e+00
18345	1.649e+03	0	0.000e+00
18346	1.650e+03	0	0.000e+00
18347	1.650e+03	0	0.000e+00
18348	1.650e+03	0	0.000e+00
18349	1.650e+03	0	0.000e+00
18350	1.650e+03	0	0.000e+00
18351	1.650e+03	0	0.000e+00
18352	1.650e+03	0	0.000e+00
18353	1.650e+03	0	0.000e+00
18354	1.650e+03	2	5.780e-05
18355	1.650e+03	0	0.000e+00
18356	1.650e+03	0	0.000e+00
18357	1.651e+03	0	0.000e+00
18358	1.651e+03	0	0.000e+00
18359	1.651e+03	0	0.000e+00
18360	1.651e+03	0	0.000e+00
18361	1.651e+03	0	0.000e+00
18362	1.651e+03	1	2.890e-05
18363	1.651e+03	0	0.000e+00
18364	1.651e+03	0	0.000e+00
18365	1.651e+03	0	0.000e+00
18366	1.651e+03	0	0.000e+00
18367	1.651e+03	0	0.000e+00
18368	1.652e+03	0	0.000e+00
18369	1.652e+03	0	0.000e+00
18370	1.652e+03	0	0.000e+00
18371	1.652e+03	0	0.000e+00
18372	1.652e+03	0	0.000e+00
18373	1.652e+03	0	0.000e+00
18374	1.652e+03	1	2.890e-05
18375	1.652e+03	0	0.000e+00
18376	1.652e+03	0	0.000e+00
18377	1.652e+03	0	0.000e+00
18378	1.652e+03	0	0.000e+00
18379	1.653e+03	0	0.000e+00
18380	1.653e+03	0	0.000e+00
18381	1.653e+03	0	0.000e+00
18382	1.653e+03	0	0.000e+00
18383	1.653e+03	0	0.000e+00
18384	1.653e+03	0	0.000e+00
18385	1.653e+03	0	0.000e+00
18386	1.653e+03	0	0.000e+00
18387	1.653e+03	0	0.000e+00
18388	1.653e+03	0	0.000e+00
18389	1.653e+03	0	0.000e+00
18390	1.654e+03	0	0.000e+00
18391	1.654e+03	0	0.000e+00
18392	1.654e+03	0	0.000e+00
18393	1.654e+03	0	0.000e+00
18394	1.654e+03	0	0.000e+00
18395	1.654e+03	0	0.000e+00
18396	1.654e+03	0	0.000e+00
18397	1.654e+03	0	0.000e+00
18398	1.654e+03	0	0.000e+00
18399	1.654e+03	0	0.000e+00
18400	1.654e+03	0	0.000e+00
18401	1.655e+03	0	0.000e+00
18402	1.655e+03	0	0.000e+00
18403	1.655e+03	0	0.000e+00
18404	1.655e+03	0	0.000e+00
18405	1.655e+03	2	5.780e-05
18406	1.655e+03	0	0.000e+00
18407	1.655e+03	0	0.000e+00
18408	1.655e+03	0	0.000e+00
18409	1.655e+03	0	0.000e+00
18410	1.655e+03	0	0.000e+00
18411	1.655e+03	0	0.000e+00
18412	1.656e+03	0	0.000e+00
18413	1.656e+03	0	0.000e+00
18414	1.656e+03	0	0.000e+00
18415	1.656e+03	0	0.000e+00
18416	1.656e+03	0	0.000e+00
18417	1.656e+03	0	0.000e+00
18418	1.656e+03	0	0.000e+00
18419	1.656e+03	1	2.890e-05
18420	1.656e+03	1	2.890e-05
18421	1.656e+03	0	0.000e+00
18422	1.656e+03	0	0.000e+00
18423	1.657e+03	0	0.000e+00
18424	1.657e+03	0	0.000e+00
18425	1.657e+03	0	0.000e+00
18426	1.657e+03	2	5.780e-05
18427	1.657e+03	0	0.000e+00
18428	1.657e+03	0	0.000e+00
18429	1.657e+03	0	0.000e+00
18430	1.657e+03	0	0.000e+00
18431	1.657e+03	0	0.000e+00
18432	1.657e+03	0	0.000e+00
18433	1.657e+03	0	0.000e+00
18434	1.657e+03	0	0.000e+00
18435	1.658e+03	0	0.000e+00
18436	1.658e+03	0	0.000e+00
18437	1.658e+03	0	0.000e+00
18438	1.658e+03	0	0.000e+00
18439	1.658e+03	0	0.000e+00
18440	1.658e+03	0	0.000e+00
18441	1.658e+03	0	0.000e+00
18442	1.658e+03	0	0.000e+00
18443	1.658e+03	0	0.000e+00
18444	1.658e+03	0	0.000e+00
18445	1.658e+03	0	0.000e+00
18446	1.659e+03	0	0.000e+00
18447	1.659e+03	0	0.000e+00
18448	1.659e+03	0	0.000e+00
18449	1.659e+03	0	0.000e+00
18450	1.659e+03	0	0.000e+00
18451	1.659e+03	0	0.000e+00
18452	1.659e+03	0	0.000e+00
18453	1.659e+03	0	0.000e+00
18454	1.659e+03	0	0.000e+00
18455	1.659e+03	0	0.000e+00
18456	1.659e+03	0	0.000e+00
18457	1.660e+03	0	0.000e+00
18458	1.660e+03	0	0.000e+00
18459	1.660e+03	0	0.000e+00
18460	1.660e+03	0	0.000e+00
18461	1.660e+03	0	0.000e+00
18462	1.660e+03	0	0.000e+00
18463	1.660e+03	0	0.000e+00
18464	1.660e+03	0	0.000e+00
18465	1.660e+03	0	0.000e+00
18466	1.660e+03	0	0.000e+00
18467	1.660e+03	0	0.000e+00
18468	1.661e+03	0	0.000e+00
18469	1.661e+03	0	0.000e+00
18470	1.661e+03	0	0.000e+00
18471	1.661e+03	0	0.000e+00
18472	1.661e+03	1	2.890e-05
18473	1.661e+03	0	0.000e+00
18474	1.661e+03	0	0.000e+00
18475	1.661e+03	0	0.000e+00
18476	1.661e+03	0	0.000e+00
18477	1.661e+03	0	0.000e+00
18478	1.661e+03	0	0.000e+00
18479	1.662e+03	0	0.000e+00
18480	1.662e+03	0	0.000e+00
18481	1.662e+03	0	0.000e+00
18482	1.662e+03	0	0.000e+00
18483	1.662e+03	0	0.000e+00
18484	1.662e+03	0	0.000e+00
18485	1.662e+03	0	0.000e+00
18486	1.662e+03	0	0.000e+00
18487	1.662e+03	0	0.000e+00
18488	1.662e+03	0	0.000e+00
18489	1.662e+03	0	0.000e+00
18490	1.663e+03	0	0.000e+00
18491	1.663e+03	0	0.000e+00
18492	1.663e+03	0	0.000e+00
18493	1.663e+03	0	0.000e+00
18494	1.663e+03	0	0.000e+00
18495	1.663e+03	0	0.000e+00
18496	1.663e+03	0	0.000e+00
18497	1.663e+03	0	0.000e+00
18498	1.663e+03	0	0.000e+00
18499	1.663e+03	0	0.000e+00
18500	1.663e+03	0	0.000e+00
18501	1.664e+03	0	0.000e+00
18502	1.664e+03	0	0.000e+00
18503	1.664e+03	0	0.000e+00
18504	1.664e+03	0	0.000e+00
18505	1.664e+03	0	0.000e+00
18506	1.664e+03	0	0.000e+00
18507	1.664e+03	0	0.000e+00
18508	1.664e+03	0	0.000e+00
18509	1.664e+03	1	2.890e-05
18510	1.664e+03	0	0.000e+00
18511	1.664e+03	0	0.000e+00
18512	1.665e+03	0	0.000e+00
18513	1.665e+03	0	0.000e+00
18514	1.665e+03	0	0.000e+00
18515	1.665e+03	0	0.000e+00
18516	1.665e+03	0	0.000e+00
18517	1.665e+03	0	0.000e+00
18518	1.665e+03	0	0.000e+00
18519	1.665e+03	0	0.000e+00
18520	1.665e+03	0	0.000e+00
18521	1.665e+03	0	0.000e+00
18522	1.665e+03	0	0.000e+00
18523	1.665e+03	0	0.000e+00
18524	1.666e+03	0	0.000e+00
18525	1.666e+03	0	0.000e+00
18526	1.666e+03	0	0.000e+00
18527	1.666e+03	0	0.000e+00
18528	1.666e+03	0	0.000e+00
18529	1.666e+03	1	2.890e-05
18530	1.666e+03	0	0.000e+00
18531	1.666e+03	0	0.000e+00
18532	1.666e+03	0	0.000e+00
18533	1.666e+03	0	0.000e+00
18534	1.666e+03	0	0.000e+00
18535	1.667e+03	0	0.000e+00
18536	1.667e+03	1	2.890e-05
18537	1.667e+03	0	0.000e+00
18538	1.667e+03	0	0.000e+00
18539	1.667e+03	0	0.000e+00
18540	1.667e+03	0	0.000e+00
18541	1.667e+03	0	0.000e+00
18542	1.667e+03	0	0.000e+00
18543	1.667e+03	0	0.000e+00
18544	1.667e+03	0	0.000e+00
18545	1.667e+03	0	0.000e+00
18546	1.668e+03	0	0.000e+00
18547	1.668e+03	0	0.000e+00
18548	1.668e+03	0	0.000e+00
18549	1.668e+03	1	2.890e-05
18550	1.668e+03	0	0.000e+00
18551	1.668e+03	0	0.000e+00
18552	1.668e+03	0	0.000e+00
18553	1.668e+03	0	0.000e+00
18554	1.668e+03	0	0.000e+00
18555	1.668e+03	0	0.000e+00
18556	1.668e+03	0	0.000e+00
18557	1.669e+03	0	0.000e+00
18558	1.669e+03	0	0.000e+00
18559	1.669e+03	0	0.000e+00
18560	1.669e+03	0	0.000e+00
18561	1.669e+03	0	0.000e+00
18562	1.669e+03	0	0.000e+00
18563	1.669e+03	0	0.000e+00
18564	1.669e+03	0	0.000e+00
18565	1.669e+03	0	0.000e+00
18566	1.669e+03	0	0.000e+00
18567	1.669e+03	0	0.000e+00
18568	1.670e+03	0	0.000e+00
18569	1.670e+03	0	0.000e+00
18570	1.670e+03	0	0.000e+00
18571	1.670e+03	0	0.000e+00
18572	1.670e+03	0	0.000e+00
18573	1.670e+03	0	0.000e+00
18574	1.670e+03	0	0.000e+00
18575	1.670e+03	0	0.000e+00
18576	1.670e+03	0	0.000e+00
18577	1.670e+03	0	0.000e+00
18578	1.670e+03	0	0.000e+00
18579	1.671e+03	0	0.000e+00
18580	1.671e+03	0	0.000e+00
18581	1.671e+03	0	0.000e+00
18582	1.671e+03	0	0.000e+00
18583	1.671e+03	0	0.000e+00
18584	1.671e+03	0	0.000e+00
18585	1.671e+03	0	0.000e+00
18586	1.671e+03	0	0.000e+00
18587	1.671e+03	1	2.890e-05
18588	1.671e+03	0	0.000e+00
18589	1.671e+03	0	0.000e+00
18590	1.672e+03	0	0.000e+00
18591	1.672e+03	0	0.000e+00
18592	1.672e+03	0	0.000e+00
18593	1.672e+03	0	0.000e+00
18594	1.672e+03	0	0.000e+00
18595	1.672e+03	1	2.890e-05
18596	1.672e+03	0	0.000e+00
18597	1.672e+03	0	0.000e+00
18598	1.672e+03	0	0.000e+00
18599	1.672e+03	0	0.000e+00
18600	1.672e+03	0	0.000e+00
18601	1.673e+03	0	0.000e+00
18602	1.673e+03	0	0.000e+00
18603	1.673e+03	0	0.000e+00
18604	1.673e+03	0	0.000e+00
18605	1.673e+03	0	0.000e+00
18606	1.673e+03	0	0.000e+00
18607	1.673e+03	0	0.000e+00
18608	1.673e+03	0	0.000e+00
18609	1.673e+03	0	0.000e+00
18610	1.673e+03	0	0.000e+00
18611	1.673e+03	0	0.000e+00
18612	1.674e+03	0	0.000e+00
18613	1.674e+03	0	0.000e+00
18614	1.674e+03	0	0.000e+00
18615	1.674e+03	0	0.000e+00
18616	1.674e+03	0	0.000e+00
18617	1.674e+03	0	0.000e+00
18618	1.674e+03	1	2.890e-05
18619	1.674e+03	0	0.000e+00
18620	1.674e+03	0	0.000e+00
18621	1.674e+03	0	0.000e+00
18622	1.674e+03	0	0.000e+00
18623	1.674e+03	0	0.000e+00
18624	1.675e+03	0	0.000e+00
18625	1.675e+03	0	0.000e+00
18626	1.675e+03	0	0.000e+00
18627	1.675e+03	0	0.000e+00
18628	1.675e+03	0	0.000e+00
18629	1.675e+03	0	0.000e+00
18630	1.675e+03	0	0.000e+00
18631	1.675e+03	0	0.000e+00
18632	1.675e+03	0	0.000e+00
18633	1.675e+03	0	0.000e+00
18634	1.675e+03	0	0.000e+00
18635	1.676e+03	0	0.000e+00
18636	1.676e+03	0	0.000e+00
18637	1.676e+03	0	0.000e+00
18638	1.676e+03	0	0.000e+00
18639	1.676e+03	0	0.000e+00
18640	1.676e+03	0	0.000e+00
18641	1.676e+03	0	0.000e+00
18642	1.676e+03	2	5.780e-05
18643	1.676e+03	0	0.000e+00
18644	1.676e+03	0	0.000e+00
18645	1.676e+03	0	0.000e+00
18646	1.677e+03	0	0.000e+00
18647	1.677e+03	1	2.890e-05
18648	1.677e+03	0	0.000e+00
18649	1.677e+03	0	0.000e+00
18650	1.677e+03	1	2.890e-05
18651	1.677e+03	0	0.000e+00
18652	1.677e+03	0	0.000e+00
18653	1.677e+03	0	0.000e+00
18654	1.677e+03	0	0.000e+00
18655	1.677e+03	0	0.000e+00
18656	1.677e+03	0	0.000e+00
18657	1.678e+03	0	0.000e+00
18658	1.678e+03	0	0.000e+00
18659	1.678e+03	0	0.000e+00
18660	1.678e+03	0	0.000e+00
18661	1.678e+03	0	0.000e+00
18662	1.678e+03	0	0.000e+00
18663	1.678e+03	0	0.000e+00
18664	1.678e+03	0	0.000e+00
18665	1.678e+03	0	0.000e+00
18666	1.678e+03	1	2.890e-05
18667	1.678e+03	0	0.000e+00
18668	1.679e+03	0	0.000e+00
18669	1.679e+03	0	0.000e+00
18670	1.679e+03	0	0.000e+00
18671	1.679e+03	0	0.000e+00
18672	1.679e+03	0	0.000e+00
18673	1.679e+03	0	0.000e+00
18674	1.679e+03	0	0.000e+00
18675	1.679e+03	0	0.000e+00
18676	1.679e+03	0	0.000e+00
18677	1.679e+03	0	0.000e+00
18678	1.679e+03	0	0.000e+00
18679	1.680e+03	0	0.000e+00
18680	1.680e+03	0	0.000e+00
18681	1.680e+03	0	0.000e+00
18682	1.680e+03	0	0.000e+00
18683	1.680e+03	0	0.000e+00
18684	1.680e+03	0	0.000e+00
18685	1.680e+03	0	0.000e+00
18686	1.680e+03	0	0.000e+00
18687	1.680e+03	0	0.000e+00
18688	1.680e+03	1	2.890e-05
18689	1.680e+03	0	0.000e+00
18690	1.681e+03	0	0.000e+00
18691	1.681e+03	0	0.000e+00
18692	1.681e+03	0	0.000e+00
18693	1.681e+03	0	0.000e+00
18694	1.681e+03	0	0.000e+00
18695	1.681e+03	0	0.000e+00
18696	1.681e+03	0	0.000e+00
18697	1.681e+03	0	0.000e+00
18698	1.681e+03	0	0.000e+00
18699	1.681e+03	0	0.000e+00
18700	1.681e+03	0	0.000e+00
18701	1.682e+03	0	0.000e+00
18702	1.682e+03	0	0.000e+00
18703	1.682e+03	0	0.000e+00
18704	1.682e+03	0	0.000e+00
18705	1.682e+03	0	0.000e+00
18706	1.682e+03	0	0.000e+00
18707	1.682e+03	0	0.000e+00
18708	1.682e+03	0	0.000e+00
18709	1.682e+03	0	0.000e+00
18710	1.682e+03	0	0.000e+00
18711	1.682e+03	0	0.000e+00
18712	1.682e+03	0	0.000e+00
18713	1.683e+03	0	0.000e+00
18714	1.683e+03	0	0.000e+00
18715	1.683e+03	0	0.000e+00
18716	1.683e+03	0	0.000e+00
18717	1.683e+03	0	0.000e+00
18718	1.683e+03	0	0.000e+00
18719	1.683e+03	0	0.000e+00
18720	1.683e+03	0	0.000e+00
18721	1.683e+03	1	2.890e-05
18722	1.683e+03	0	0.000e+00
18723	1.683e+03	0	0.000e+00
18724	1.684e+03	0	0.000e+00
18725	1.684e+03	0	0.000e+00
18726	1.684e+03	0	0.000e+00
18727	1.684e+03	0	0.000e+00
18728	1.684e+03	0	0.000e+00
18729	1.684e+03	0	0.000e+00
18730	1.684e+03	0	0.000e+00
18731	1.684e+03	0	0.000e+00
18732	1.684e+03	1	2.890e-05
18733	1.684e+03	0	0.000e+00
18734	1.684e+03	0	0.000e+00
18735	1.685e+03	0	0.000e+00
18736	1.685e+03	0	0.000e+00
18737	1.685e+03	0	0.000e+00
18738	1.685e+03	0	0.000e+00
18739	1.685e+03	0	0.000e+00
18740	1.685e+03	0	0.000e+00
18741	1.685e+03	0	0.000e+00
18742	1.685e+03	0	0.000e+00
18743	1.685e+03	0	0.000e+00
18744	1.685e+03	0	0.000e+00
18745	1.685e+03	1	2.890e-05
18746	1.686e+03	0	0.000e+00
18747	1.686e+03	0	0.000e+00
18748	1.686e+03	0	0.000e+00
18749	1.686e+03	0	0.000e+00
18750	1.686e+03	0	0.000e+00
18751	1.686e+03	0	0.000e+00
18752	1.686e+03	0	0.000e+00
18753	1.686e+03	0	0.000e+00
18754	1.686e+03	0	0.000e+00
18755	1.686e+03	0	0.000e+00
18756	1.686e+03	0	0.000e+00
18757	1.687e+03	0	0.000e+00
18758	1.687e+03	0	0.000e+00
18759	1.687e+03	0	0.000e+00
18760	1.687e+03	0	0.000e+00
18761	1.687e+03	0	0.000e+00
18762	1.687e+03	0	0.000e+00
18763	1.687e+03	0	0.000e+00
18764	1.687e+03	0	0.000e+00
18765	1.687e+03	0	0.000e+00
18766	1.687e+03	0	0.000e+00
18767	1.687e+03	0	0.000e+00
18768	1.688e+03	0	0.000e+00
18769	1.688e+03	0	0.000e+00
18770	1.688e+03	0	0.000e+00
18771	1.688e+03	0	0.000e+00
18772	1.688e+03	0	0.000e+00
18773	1.688e+03	0	0.000e+00
18774	1.688e+03	0	0.000e+00
18775	1.688e+03	0	0.000e+00
18776	1.688e+03	0	0.000e+00
18777	1.688e+03	0	0.000e+00
18778	1.688e+03	0	0.000e+00
18779	1.689e+03	2	5.780e-05
18780	1.689e+03	0	0.000e+00
18781	1.689e+03	0	0.000e+00
18782	1.689e+03	0	0.000e+00
18783	1.689e+03	0	0.000e+00
18784	1.689e+03	0	0.000e+00
18785	1.689e+03	0	0.000e+00
18786	1.689e+03	0	0.000e+00
18787	1.689e+03	1	2.890e-05
18788	1.689e+03	0	0.000e+00
18789	1.689e+03	0	0.000e+00
18790	1.690e+03	0	0.000e+00
18791	1.690e+03	0	0.000e+00
18792	1.690e+03	0	0.000e+00
18793	1.690e+03	0	0.000e+00
18794	1.690e+03	0	0.000e+00
18795	1.690e+03	0	0.000e+00
18796	1.690e+03	0	0.000e+00
18797	1.690e+03	0	0.000e+00
18798	1.690e+03	0	0.000e+00
18799	1.690e+03	0	0.000e+00
18800	1.690e+03	0	0.000e+00
18801	1.690e+03	0	0.000e+00
18802	1.691e+03	0	0.000e+00
18803	1.691e+03	0	0.000e+00
18804	1.691e+03	0	0.000e+00
18805	1.691e+03	0	0.000e+00
18806	1.691e+03	0	0.000e+00
18807	1.691e+03	0	0.000e+00
18808	1.691e+03	0	0.000e+00
18809	1.691e+03	0	0.000e+00
18810	1.691e+03	0	0.000e+00
18811	1.691e+03	0	0.000e+00
18812	1.691e+03	0	0.000e+00
18813	1.692e+03	0	0.000e+00
18814	1.692e+03	0	0.000e+00
18815	1.692e+03	0	0.000e+00
18816	1.692e+03	0	0.000e+00
18817	1.692e+03	0	0.000e+00
18818	1.692e+03	0	0.000e+00
18819	1.692e+03	0	0.000e+00
18820	1.692e+03	0	0.000e+00
18821	1.692e+03	1	2.890e-05
18822	1.692e+03	0	0.000e+00
18823	1.692e+03	0	0.000e+00
18824	1.693e+03	0	0.000e+00
18825	1.693e+03	0	0.000e+00
18826	1.693e+03	0	0.000e+00
18827	1.693e+03	0	0.000e+00
18828	1.693e+03	0	0.000e+00
18829	1.693e+03	0	0.000e+00
18830	1.693e+03	0	0.000e+00
18831	1.693e+03	0	0.000e+00
18832	1.693e+03	0	0.000e+00
18833	1.693e+03	0	0.000e+00
18834	1.693e+03	0	0.000e+00
18835	1.694e+03	1	2.890e-05
18836	1.694e+03	0	0.000e+00
18837	1.694e+03	0	0.000e+00
18838	1.694e+03	0	0.000e+00
18839	1.694e+03	0	0.000e+00
18840	1.694e+03	0	0.000e+00
18841	1.694e+03	0	0.000e+00
18842	1.694e+03	1	2.890e-05
18843	1.694e+03	0	0.000e+00
18844	1.694e+03	0	0.000e+00
18845	1.694e+03	0	0.000e+00
18846	1.695e+03	0	0.000e+00
18847	1.695e+03	0	0.000e+00
18848	1.695e+03	0	0.000e+00
18849	1.695e+03	0	0.000e+00
18850	1.695e+03	0	0.000e+00
18851	1.695e+03	0	0.000e+00
18852	1.695e+03	0	0.000e+00
18853	1.695e+03	0	0.000e+00
18854	1.695e+03	0	0.000e+00
18855	1.695e+03	0	0.000e+00
18856	1.695e+03	0	0.000e+00
18857	1.696e+03	0	0.000e+00
18858	1.696e+03	0	0.000e+00
18859	1.696e+03	0	0.000e+00
18860	1.696e+03	0	0.000e+00
18861	1.696e+03	0	0.000e+00
18862	1.696e+03	0	0.000e+00
18863	1.696e+03	0	0.000e+00
18864	1.696e+03	0	0.000e+00
18865	1.696e+03	0	0.000e+00
18866	1.696e+03	0	0.000e+00
18867	1.696e+03	0	0.000e+00
18868	1.697e+03	0	0.000e+00
18869	1.697e+03	0	0.000e+00
18870	1.697e+03	0	0.000e+00
18871	1.697e+03	0	0.000e+00
18872	1.697e+03	0	0.000e+00
18873	1.697e+03	0	0.000e+00
18874	1.697e+03	0	0.000e+00
18875	1.697e+03	0	0.000e+00
18876	1.697e+03	1	2.890e-05
18877	1.697e+03	0	0.000e+00
18878	1.697e+03	0	0.000e+00
18879	1.698e+03	0	0.000e+00
18880	1.698e+03	0	0.000e+00
18881	1.698e+03	0	0.000e+00
18882	1.698e+03	0	0.000e+00
18883	1.698e+03	0	0.000e+00
18884	1.698e+03	0	0.000e+00
18885	1.698e+03	0	0.000e+00
18886	1.698e+03	0	0.000e+00
18887	1.698e+03	0	0.000e+00
18888	1.698e+03	1	2.890e-05
18889	1.698e+03	0	0.000e+00
18890	1.698e+03	0	0.000e+00
18891	1.699e+03	0	0.000e+00
18892	1.699e+03	0	0.000e+00
18893	1.699e+03	0	0.000e+00
18894	1.699e+03	0	0.000e+00
18895	1.699e+03	0	0.000e+00
18896	1.699e+03	1	2.890e-05
18897	1.699e+03	0	0.000e+00
18898	1.699e+03	0	0.000e+00
18899	1.699e+03	0	0.000e+00
18900	1.699e+03	0	0.000e+00
18901	1.699e+03	1	2.890e-05
18902	1.700e+03	0	0.000e+00
18903	1.700e+03	0	0.000e+00
18904	1.700e+03	0	0.000e+00
18905	1.700e+03	0	0.000e+00
18906	1.700e+03	0	0.000e+00
18907	1.700e+03	0	0.000e+00
18908	1.700e+03	0	0.000e+00
18909	1.700e+03	0	0.000e+00
18910	1.700e+03	0	0.000e+00
18911	1.700e+03	0	0.000e+00
18912	1.700e+03	0	0.000e+00
18913	1.701e+03	0	0.000e+00
18914	1.701e+03	0	0.000e+00
18915	1.701e+03	0	0.000e+00
18916	1.701e+03	0	0.000e+00
18917	1.701e+03	0	0.000e+00
18918	1.701e+03	0	0.000e+00
18919	1.701e+03	0	0.000e+00
18920	1.701e+03	0	0.000e+00
18921	1.701e+03	0	0.000e+00
18922	1.701e+03	0	0.000e+00
18923	1.701e+03	0	0.000e+00
18924	1.702e+03	0	0.000e+00
18925	1.702e+03	0	0.000e+00
18926	1.702e+03	0	0.000e+00
18927	1.702e+03	0	0.000e+00
18928	1.702e+03	0	0.000e+00
18929	1.702e+03	0	0.000e+00
18930	1.702e+03	0	0.000e+00
18931	1.702e+03	0	0.000e+00
18932	1.702e+03	0	0.000e+00
18933	1.702e+03	0	0.000e+00
18934	1.702e+03	0	0.000e+00
18935	1.703e+03	0	0.000e+00
18936	1.703e+03	0	0.000e+00
18937	1.703e+03	0	0.000e+00
18938	1.703e+03	0	0.000e+00
18939	1.703e+03	1	2.890e-05
18940	1.703e+03	0	0.000e+00
18941	1.703e+03	0	0.000e+00
18942	1.703e+03	0	0.000e+00
18943	1.703e+03	0	0.000e+00
18944	1.703e+03	0	0.000e+00
18945	1.703e+03	0	0.000e+00
18946	1.704e+03	0	0.000e+00
18947	1.704e+03	0	0.000e+00
18948	1.704e+03	0	0.000e+00
18949	1.704e+03	0	0.000e+00
18950	1.704e+03	0	0.000e+00
18951	1.704e+03	0	0.000e+00
18952	1.704e+03	0	0.000e+00
18953	1.704e+03	0	0.000e+00
18954	1.704e+03	0	0.000e+00
18955	1.704e+03	1	2.890e-05
18956	1.704e+03	0	0.000e+00
18957	1.705e+03	0	0.000e+00
18958	1.705e+03	0	0.000e+00
18959	1.705e+03	0	0.000e+00
18960	1.705e+03	0	0.000e+00
18961	1.705e+03	0	0.000e+00
18962	1.705e+03	0	0.000e+00
18963	1.705e+03	0	0.000e+00
18964	1.705e+03	0	0.000e+00
18965	1.705e+03	0	0.000e+00
18966	1.705e+03	0	0.000e+00
18967	1.705e+03	0	0.000e+00
18968	1.706e+03	0	0.000e+00
18969	1.706e+03	0	0.000e+00
18970	1.706e+03	0	0.000e+00
18971	1.706e+03	0	0.000e+00
18972	1.706e+03	0	0.000e+00
18973	1.706e+03	0	0.000e+00
18974	1.706e+03	0	0.000e+00
18975	1.706e+03	0	0.000e+00
18976	1.706e+03	0	0.000e+00
18977	1.706e+03	0	0.000e+00
18978	1.706e+03	0	0.000e+00
18979	1.707e+03	0	0.000e+00
18980	1.707e+03	0	0.000e+00
18981	1.707e+03	0	0.000e+00
18982	1.707e+03	0	0.000e+00
18983	1.707e+03	0	0.000e+00
18984	1.707e+03	0	0.000e+00
18985	1.707e+03	0	0.000e+00
18986	1.707e+03	0	0.000e+00
18987	1.707e+03	0	0.000e+00
18988	1.707e+03	0	0.000e+00
18989	1.707e+03	0	0.000e+00
18990	1.707e+03	0	0.000e+00
18991	1.708e+03	0	0.000e+00
18992	1.708e+03	0	0.000e+00
18993	1.708e+03	0	0.000e+00
18994	1.708e+03	1	2.890e-05
18995	1.708e+03	0	0.000e+00
18996	1.708e+03	0	0.000e+00
18997	1.708e+03	0	0.000e+00
18998	1.708e+03	0	0.000e+00
18999	1.708e+03	0	0.000e+00
19000	1.708e+03	0	0.000e+00
19001	1.708e+03	0	0.000e+00
19002	1.709e+03	0	0.000e+00
19003	1.709e+03	0	0.000e+00
19004	1.709e+03	0	0.000e+00
19005	1.709e+03	0	0.000e+00
19006	1.709e+03	0	0.000e+00
19007	1.709e+03	0	0.000e+00
19008	1.709e+03	0	0.000e+00
19009	1.709e+03	0	0.000e+00
19010	1.709e+03	0	0.000e+00
19011	1.709e+03	0	0.000e+00
19012	1.709e+03	0	0.000e+00
19013	1.710e+03	0	0.000e+00
19014	1.710e+03	0	0.000e+00
19015	1.710e+03	0	0.000e+00
19016	1.710e+03	0	0.000e+00
19017	1.710e+03	0	0.000e+00
19018	1.710e+03	0	0.000e+00
19019	1.710e+03	0	0.000e+00
19020	1.710e+03	0	0.000e+00
19021	1.710e+03	0	0.000e+00
19022	1.710e+03	0	0.000e+00
19023	1.710e+03	0	0.000e+00
19024	1.711e+03	0	0.000e+00
19025	1.711e+03	0	0.000e+00
19026	1.711e+03	0	0.000e+00
19027	1.711e+03	0	0.000e+00
19028	1.711e+03	0	0.000e+00
19029	1.711e+03	0	0.000e+00
19030	1.711e+03	0	0.000e+00
19031	1.711e+03	0	0.000e+00
19032	1.711e+03	0	0.000e+00
19033	1.711e+03	0	0.000e+00
19034	1.711e+03	0	0.000e+00
19035	1.712e+03	0	0.000e+00
19036	1.712e+03	0	0.000e+00
19037	1.712e+03	0	0.000e+00
19038	1.712e+03	0	0.000e+00
19039	1.712e+03	0	0.000e+00
19040	1.712e+03	0	0.000e+00
19041	1.712e+03	0	0.000e+00
19042	1.712e+03	0	0.000e+00
19043	1.712e+03	0	0.000e+00
19044	1.712e+03	0	0.000e+00
19045	1.712e+03	0	0.000e+00
19046	1.713e+03	0	0.000e+00
19047	1.713e+03	0	0.000e+00
19048	1.713e+03	0	0.000e+00
19049	1.713e+03	0	0.000e+00
19050	1.713e+03	0	0.000e+00
19051	1.713e+03	1	2.890e-05
19052	1.713e+03	0	0.000e+00
19053	1.713e+03	0	0.000e+00
19054	1.713e+03	0	0.000e+00
19055	1.713e+03	0	0.000e+00
19056	1.713e+03	0	0.000e+00
19057	1.714e+03	0	0.000e+00
19058	1.714e+03	0	0.000e+00
19059	1.714e+03	0	0.000e+00
19060	1.714e+03	0	0.000e+00
19061	1.714e+03	0	0.000e+00
19062	1.714e+03	0	0.000e+00
19063	1.714e+03	0	0.000e+00
19064	1.714e+03	0	0.000e+00
19065	1.714e+03	0	0.000e+00
19066	1.714e+03	0	0.000e+00
19067	1.714e+03	0	0.000e+00
19068	1.715e+03	0	0.000e+00
19069	1.715e+03	0	0.000e+00
19070	1.715e+03	0	0.000e+00
19071	1.715e+03	0	0.000e+00
19072	1.715e+03	0	0.000e+00
19073	1.715e+03	0	0.000e+00
19074	1.715e+03	0	0.000e+00
19075	1.715e+03	0	0.000e+00
19076	1.715e+03	0	0.000e+00
19077	1.715e+03	0	0.000e+00
19078	1.715e+03	0	0.000e+00
19079	1.715e+03	0	0.000e+00
19080	1.716e+03	0	0.000e+00
19081	1.716e+03	0	0.000e+00
19082	1.716e+03	0	0.000e+00
19083	1.716e+03	0	0.000e+00
19084	1.716e+03	0	0.000e+00
19085	1.716e+03	0	0.000e+00
19086	1.716e+03	0	0.000e+00
19087	1.716e+03	0	0.000e+00
19088	1.716e+03	0	0.000e+00
19089	1.716e+03	0	0.000e+00
19090	1.716e+03	0	0.000e+00
19091	1.717e+03	0	0.000e+00
19092	1.717e+03	0	0.000e+00
19093	1.717e+03	0	0.000e+00
19094	1.717e+03	0	0.000e+00
19095	1.717e+03	0	0.000e+00
19096	1.717e+03	0	0.000e+00
19097	1.717e+03	0	0.000e+00
19098	1.717e+03	1	2.890e-05
19099	1.717e+03	0	0.000e+00
19100	1.717e+03	0	0.000e+00
19101	1.717e+03	1	2.890e-05
19102	1.718e+03	0	0.000e+00
19103	1.718e+03	0	0.000e+00
19104	1.718e+03	0	0.000e+00
19105	1.718e+03	0	0.000e+00
19106	1.718e+03	0	0.000e+00
19107	1.718e+03	0	0.000e+00
19108	1.718e+03	1	2.890e-05
19109	1.718e+03	0	0.000e+00
19110	1.718e+03	0	0.000e+00
19111	1.718e+03	0	0.000e+00
19112	1.718e+03	0	0.000e+00
19113	1.719e+03	0	0.000e+00
19114	1.719e+03	0	0.000e+00
19115	1.719e+03	0	0.000e+00
19116	1.719e+03	0	0.000e+00
19117	1.719e+03	0	0.000e+00
19118	1.719e+03	0	0.000e+00
19119	1.719e+03	0	0.000e+00
19120	1.719e+03	0	0.000e+00
19121	1.719e+03	0	0.000e+00
19122	1.719e+03	0	0.000e+00
19123	1.719e+03	1	2.890e-05
19124	1.720e+03	0	0.000e+00
19125	1.720e+03	0	0.000e+00
19126	1.720e+03	0	0.000e+00
19127	1.720e+03	0	0.000e+00
19128	1.720e+03	3	8.671e-05
19129	1.720e+03	0	0.000e+00
19130	1.720e+03	4	1.156e-04
19131	1.720e+03	0	0.000e+00
19132	1.720e+03	2	5.780e-05
19133	1.720e+03	0	0.000e+00
19134	1.720e+03	0	0.000e+00
19135	1.721e+03	0	0.000e+00
19136	1.721e+03	1	2.890e-05
19137	1.721e+03	0	0.000e+00
19138	1.721e+03	0	0.000e+00
19139	1.721e+03	0	0.000e+00
19140	1.721e+03	0	0.000e+00
19141	1.721e+03	0	0.000e+00
19142	1.721e+03	0	0.000e+00
19143	1.721e+03	3	8.671e-05
19144	1.721e+03	0	0.000e+00
19145	1.721e+03	0	0.000e+00
19146	1.722e+03	0	0.000e+00
19147	1.722e+03	0	0.000e+00
19148	1.722e+03	0	0.000e+00
19149	1.722e+03	0	0.000e+00
19150	1.722e+03	0	0.000e+00
19151	1.722e+03	0	0.000e+00
19152	1.722e+03	0	0.000e+00
19153	1.722e+03	0	0.000e+00
19154	1.722e+03	0	0.000e+00
19155	1.722e+03	0	0.000e+00
19156	1.722e+03	0	0.000e+00
19157	1.723e+03	0	0.000e+00
19158	1.723e+03	0	0.000e+00
19159	1.723e+03	0	0.000e+00
19160	1.723e+03	0	0.000e+00
19161	1.723e+03	0	0.000e+00
19162	1.723e+03	0	0.000e+00
19163	1.723e+03	0	0.000e+00
19164	1.723e+03	0	0.000e+00
19165	1.723e+03	0	0.000e+00
19166	1.723e+03	0	0.000e+00
19167	1.723e+03	0	0.000e+00
19168	1.723e+03	0	0.000e+00
19169	1.724e+03	0	0.000e+00
19170	1.724e+03	0	0.000e+00
19171	1.724e+03	0	0.000e+00
19172	1.724e+03	0	0.000e+00
19173	1.724e+03	0	0.000e+00
19174	1.724e+03	0	0.000e+00
19175	1.724e+03	0	0.000e+00
19176	1.724e+03	0	0.000e+00
19177	1.724e+03	0	0.000e+00
19178	1.724e+03	0	0.000e+00
19179	1.724e+03	0	0.000e+00
19180	1.725e+03	0	0.000e+00
19181	1.725e+03	0	0.000e+00
19182	1.725e+03	0	0.000e+00
19183	1.725e+03	0	0.000e+00
19184	1.725e+03	0	0.000e+00
19185	1.725e+03	0	0.000e+00
19186	1.725e+03	0	0.000e+00
19187	1.725e+03	0	0.000e+00
19188	1.725e+03	0	0.000e+00
19189	1.725e+03	0	0.000e+00
19190	1.725e+03	0	0.000e+00
19191	1.726e+03	0	0.000e+00
19192	1.726e+03	0	0.000e+00
19193	1.726e+03	0	0.000e+00
19194	1.726e+03	0	0.000e+00
19195	1.726e+03	0	0.000e+00
19196	1.726e+03	0	0.000e+00
19197	1.726e+03	0	0.000e+00
19198	1.726e+03	0	0.000e+00
19199	1.726e+03	0	0.000e+00
19200	1.726e+03	0	0.000e+00
19201	1.726e+03	0	0.000e+00
19202	1.727e+03	0	0.000e+00
19203	1.727e+03	0	0.000e+00
19204	1.727e+03	0	0.000e+00
19205	1.727e+03	0	0.000e+00
19206	1.727e+03	0	0.000e+00
19207	1.727e+03	0	0.000e+00
19208	1.727e+03	1	2.890e-05
19209	1.727e+03	1	2.890e-05
19210	1.727e+03	0	0.000e+00
19211	1.727e+03	0	0.000e+00
19212	1.727e+03	0	0.000e+00
19213	1.728e+03	0	0.000e+00
19214	1.728e+03	0	0.000e+00
19215	1.728e+03	0	0.000e+00
19216	1.728e+03	0	0.000e+00
19217	1.728e+03	0	0.000e+00
19218	1.728e+03	0	0.000e+00
19219	1.728e+03	0	0.000e+00
19220	1.728e+03	1	2.890e-05
19221	1.728e+03	0	0.000e+00
19222	1.728e+03	0	0.000e+00
19223	1.728e+03	0	0.000e+00
19224	1.729e+03	0	0.000e+00
19225	1.729e+03	0	0.000e+00
19226	1.729e+03	0	0.000e+00
19227	1.729e+03	0	0.000e+00
19228	1.729e+03	0	0.000e+00
19229	1.729e+03	0	0.000e+00
19230	1.729e+03	0	0.000e+00
19231	1.729e+03	0	0.000e+00
19232	1.729e+03	0	0.000e+00
19233	1.729e+03	0	0.000e+00
19234	1.729e+03	0	0.000e+00
19235	1.730e+03	0	0.000e+00
19236	1.730e+03	0	0.000e+00
19237	1.730e+03	0	0.000e+00
19238	1.730e+03	0	0.000e+00
19239	1.730e+03	0	0.000e+00
19240	1.730e+03	0	0.000e+00
19241	1.730e+03	0	0.000e+00
19242	1.730e+03	0	0.000e+00
19243	1.730e+03	0	0.000e+00
19244	1.730e+03	0	0.000e+00
19245	1.730e+03	0	0.000e+00
19246	1.731e+03	0	0.000e+00
19247	1.731e+03	0	0.000e+00
19248	1.731e+03	0	0.000e+00
19249	1.731e+03	0	0.000e+00
19250	1.731e+03	0	0.000e+00
19251	1.731e+03	0	0.000e+00
19252	1.731e+03	0	0.000e+00
19253	1.731e+03	0	0.000e+00
19254	1.731e+03	0	0.000e+00
19255	1.731e+03	0	0.000e+00
19256	1.731e+03	0	0.000e+00
19257	1.731e+03	0	0.000e+00
19258	1.732e+03	0	0.000e+00
19259	1.732e+03	0	0.000e+00
19260	1.732e+03	0	0.000e+00
19261	1.732e+03	0	0.000e+00
19262	1.732e+03	0	0.000e+00
19263	1.732e+03	0	0.000e+00
19264	1.732e+03	2	5.780e-05
19265	1.732e+03	0	0.000e+00
19266	1.732e+03	0	0.000e+00
19267	1.732e+03	0	0.000e+00
19268	1.732e+03	0	0.000e+00
19269	1.733e+03	0	0.000e+00
19270	1.733e+03	0	0.000e+00
19271	1.733e+03	0	0.000e+00
19272	1.733e+03	0	0.000e+00
19273	1.733e+03	0	0.000e+00
19274	1.733e+03	0	0.000e+00
19275	1.733e+03	0	0.000e+00
19276	1.733e+03	0	0.000e+00
19277	1.733e+03	0	0.000e+00
19278	1.733e+03	0	0.000e+00
19279	1.733e+03	0	0.000e+00
19280	1.734e+03	0	0.000e+00
19281	1.734e+03	0	0.000e+00
19282	1.734e+03	0	0.000e+00
19283	1.734e+03	0	0.000e+00
19284	1.734e+03	0	0.000e+00
19285	1.734e+03	0	0.000e+00
19286	1.734e+03	0	0.000e+00
19287	1.734e+03	0	0.000e+00
19288	1.734e+03	0	0.000e+00
19289	1.734e+03	0	0.000e+00
19290	1.734e+03	0	0.000e+00
19291	1.735e+03	1	2.890e-05
19292	1.735e+03	0	0.000e+00
19293	1.735e+03	0	0.000e+00
19294	1.735e+03	0	0.000e+00
19295	1.735e+03	0	0.000e+00
19296	1.735e+03	0	0.000e+00
19297	1.735e+03	0	0.000e+00
19298	1.735e+03	0	0.000e+00
19299	1.735e+03	0	0.000e+00
19300	1.735e+03	0	0.000e+00
19301	1.735e+03	0	0.000e+00
19302	1.736e+03	0	0.000e+00
19303	1.736e+03	0	0.000e+00
19304	1.736e+03	0	0.000e+00
19305	1.736e+03	0	0.000e+00
19306	1.736e+03	0	0.000e+00
19307	1.736e+03	0	0.000e+00
19308	1.736e+03	0	0.000e+00
19309	1.736e+03	0	0.000e+00
19310	1.736e+03	0	0.000e+00
19311	1.736e+03	0	0.000e+00
19312	1.736e+03	0	0.000e+00
19313	1.737e+03	0	0.000e+00
19314	1.737e+03	0	0.000e+00
19315	1.737e+03	0	0.000e+00
19316	1.737e+03	0	0.000e+00
19317	1.737e+03	0	0.000e+00
19318	1.737e+03	0	0.000e+00
19319	1.737e+03	0	0.000e+00
19320	1.737e+03	0	0.000e+00
19321	1.737e+03	0	0.000e+00
19322	1.737e+03	0	0.000e+00
19323	1.737e+03	0	0.000e+00
19324	1.738e+03	0	0.000e+00
19325	1.738e+03	0	0.000e+00
19326	1.738e+03	0	0.000e+00
19327	1.738e+03	0	0.000e+00
19328	1.738e+03	0	0.000e+00
19329	1.738e+03	1	2.890e-05
19330	1.738e+03	0	0.000e+00
19331	1.738e+03	0	0.000e+00
19332	1.738e+03	0	0.000e+00
19333	1.738e+03	0	0.000e+00
19334	1.738e+03	0	0.000e+00
19335	1.739e+03	0	0.000e+00
19336	1.739e+03	0	0.000e+00
19337	1.739e+03	2	5.780e-05
19338	1.739e+03	0	0.000e+00
19339	1.739e+03	0	0.000e+00
19340	1.739e+03	0	0.000e+00
19341	1.739e+03	0	0.000e+00
19342	1.739e+03	0	0.000e+00
19343	1.739e+03	0	0.000e+00
19344	1.739e+03	0	0.000e+00
19345	1.739e+03	0	0.000e+00
19346	1.740e+03	0	0.000e+00
19347	1.740e+03	0	0.000e+00
19348	1.740e+03	0	0.000e+00
19349	1.740e+03	0	0.000e+00
19350	1.740e+03	0	0.000e+00
19351	1.740e+03	0	0.000e+00
19352	1.740e+03	0	0.000e+00
19353	1.740e+03	0	0.000e+00
19354	1.740e+03	0	0.000e+00
19355	1.740e+03	0	0.000e+00
19356	1.740e+03	0	0.000e+00
19357	1.740e+03	0	0.000e+00
19358	1.741e+03	1	2.890e-05
19359	1.741e+03	0	0.000e+00
19360	1.741e+03	0	0.000e+00
19361	1.741e+03	0	0.000e+00
19362	1.741e+03	0	0.000e+00
19363	1.741e+03	0	0.000e+00
19364	1.741e+03	0	0.000e+00
19365	1.741e+03	1	2.890e-05
19366	1.741e+03	0	0.000e+00
19367	1.741e+03	0	0.000e+00
19368	1.741e+03	0	0.000e+00
19369	1.742e+03	0	0.000e+00
19370	1.742e+03	0	0.000e+00
19371	1.742e+03	0	0.000e+00
19372	1.742e+03	0	0.000e+00
19373	1.742e+03	2	5.780e-05
19374	1.742e+03	0	0.000e+00
19375	1.742e+03	0	0.000e+00
19376	1.742e+03	0	0.000e+00
19377	1.742e+03	0	0.000e+00
19378	1.742e+03	0	0.000e+00
19379	1.742e+03	0	0.000e+00
19380	1.743e+03	0	0.000e+00
19381	1.743e+03	0	0.000e+00
19382	1.743e+03	0	0.000e+00
19383	1.743e+03	1	2.890e-05
19384	1.743e+03	0	0.000e+00
19385	1.743e+03	1	2.890e-05
19386	1.743e+03	0	0.000e+00
19387	1.743e+03	0	0.000e+00
19388	1.743e+03	0	0.000e+00
19389	1.743e+03	0	0.000e+00
19390	1.743e+03	0	0.000e+00
19391	1.744e+03	0	0.000e+00
19392	1.744e+03	1	2.890e-05
19393	1.744e+03	0	0.000e+00
19394	1.744e+03	0	0.000e+00
19395	1.744e+03	0	0.000e+00
19396	1.744e+03	0	0.000e+00
19397	1.744e+03	0	0.000e+00
19398	1.744e+03	0	0.000e+00
19399	1.744e+03	0	0.000e+00
19400	1.744e+03	0	0.000e+00
19401	1.744e+03	0	0.000e+00
19402	1.745e+03	0	0.000e+00
19403	1.745e+03	0	0.000e+00
19404	1.745e+03	0	0.000e+00
19405	1.745e+03	0	0.000e+00
19406	1.745e+03	0	0.000e+00
19407	1.745e+03	0	0.000e+00
19408	1.745e+03	0	0.000e+00
19409	1.745e+03	0	0.000e+00
19410	1.745e+03	0	0.000e+00
19411	1.745e+03	0	0.000e+00
19412	1.745e+03	0	0.000e+00
19413	1.746e+03	0	0.000e+00
19414	1.746e+03	1	2.890e-05
19415	1.746e+03	0	0.000e+00
19416	1.746e+03	0	0.000e+00
19417	1.746e+03	0	0.000e+00
19418	1.746e+03	0	0.000e+00
19419	1.746e+03	0	0.000e+00
19420	1.746e+03	0	0.000e+00
19421	1.746e+03	0	0.000e+00
19422	1.746e+03	0	0.000e+00
19423	1.746e+03	0	0.000e+00
19424	1.747e+03	0	0.000e+00
19425	1.747e+03	0	0.000e+00
19426	1.747e+03	0	0.000e+00
19427	1.747e+03	0	0.000e+00
19428	1.747e+03	1	2.890e-05
19429	1.747e+03	0	0.000e+00
19430	1.747e+03	0	0.000e+00
19431	1.747e+03	0	0.000e+00
19432	1.747e+03	0	0.000e+00
19433	1.747e+03	0	0.000e+00
19434	1.747e+03	0	0.000e+00
19435	1.748e+03	0	0.000e+00
19436	1.748e+03	1	2.890e-05
19437	1.748e+03	0	0.000e+00
19438	1.748e+03	0	0.000e+00
19439	1.748e+03	0	0.000e+00
19440	1.748e+03	0	0.000e+00
19441	1.748e+03	0	0.000e+00
19442	1.748e+03	0	0.000e+00
19443	1.748e+03	0	0.000e+00
19444	1.748e+03	0	0.000e+00
19445	1.748e+03	0	0.000e+00
19446	1.748e+03	0	0.000e+00
19447	1.749e+03	0	0.000e+00
19448	1.749e+03	0	0.000e+00
19449	1.749e+03	0	0.000e+00
19450	1.749e+03	0	0.000e+00
19451	1.749e+03	0	0.000e+00
19452	1.749e+03	0	0.000e+00
19453	1.749e+03	0	0.000e+00
19454	1.749e+03	0	0.000e+00
19455	1.749e+03	0	0.000e+00
19456	1.749e+03	0	0.000e+00
19457	1.749e+03	1	2.890e-05
19458	1.750e+03	0	0.000e+00
19459	1.750e+03	0	0.000e+00
19460	1.750e+03	0	0.000e+00
19461	1.750e+03	0	0.000e+00
19462	1.750e+03	0	0.000e+00
19463	1.750e+03	0	0.000e+00
19464	1.750e+03	0	0.000e+00
19465	1.750e+03	0	0.000e+00
19466	1.750e+03	1	2.890e-05
19467	1.750e+03	0	0.000e+00
19468	1.750e+03	0	0.000e+00
19469	1.751e+03	0	0.000e+00
19470	1.751e+03	0	0.000e+00
19471	1.751e+03	0	0.000e+00
19472	1.751e+03	0	0.000e+00
19473	1.751e+03	0	0.000e+00
19474	1.751e+03	0	0.000e+00
19475	1.751e+03	0	0.000e+00
19476	1.751e+03	0	0.000e+00
19477	1.751e+03	0	0.000e+00
19478	1.751e+03	0	0.000e+00
19479	1.751e+03	0	0.000e+00
19480	1.752e+03	0	0.000e+00
19481	1.752e+03	0	0.000e+00
19482	1.752e+03	0	0.000e+00
19483	1.752e+03	0	0.000e+00
19484	1.752e+03	0	0.000e+00
19485	1.752e+03	0	0.000e+00
19486	1.752e+03	0	0.000e+00
19487	1.752e+03	1	2.890e-05
19488	1.752e+03	0	0.000e+00
19489	1.752e+03	0	0.000e+00
19490	1.752e+03	0	0.000e+00
19491	1.753e+03	0	0.000e+00
19492	1.753e+03	0	0.000e+00
19493	1.753e+03	0	0.000e+00
19494	1.753e+03	0	0.000e+00
19495	1.753e+03	0	0.000e+00
19496	1.753e+03	0	0.000e+00
19497	1.753e+03	0	0.000e+00
19498	1.753e+03	0	0.000e+00
19499	1.753e+03	0	0.000e+00
19500	1.753e+03	0	0.000e+00
19501	1.753e+03	0	0.000e+00
19502	1.754e+03	0	0.000e+00
19503	1.754e+03	0	0.000e+00
19504	1.754e+03	0	0.000e+00
19505	1.754e+03	0	0.000e+00
19506	1.754e+03	0	0.000e+00
19507	1.754e+03	0	0.000e+00
19508	1.754e+03	0	0.000e+00
19509	1.754e+03	0	0.000e+00
19510	1.754e+03	0	0.000e+00
19511	1.754e+03	1	2.890e-05
19512	1.754e+03	0	0.000e+00
19513	1.755e+03	0	0.000e+00
19514	1.755e+03	0	0.000e+00
19515	1.755e+03	0	0.000e+00
19516	1.755e+03	0	0.000e+00
19517	1.755e+03	0	0.000e+00
19518	1.755e+03	0	0.000e+00
19519	1.755e+03	0	0.000e+00
19520	1.755e+03	0	0.000e+00
19521	1.755e+03	0	0.000e+00
19522	1.755e+03	0	0.000e+00
19523	1.755e+03	0	0.000e+00
19524	1.756e+03	0	0.000e+00
19525	1.756e+03	0	0.000e+00
19526	1.756e+03	0	0.000e+00
19527	1.756e+03	0	0.000e+00
19528	1.756e+03	0	0.000e+00
19529	1.756e+03	0	0.000e+00
19530	1.756e+03	0	0.000e+00
19531	1.756e+03	0	0.000e+00
19532	1.756e+03	0	0.000e+00
19533	1.756e+03	0	0.000e+00
19534	1.756e+03	0	0.000e+00
19535	1.756e+03	0	0.000e+00
19536	1.757e+03	2	5.780e-05
19537	1.757e+03	0	0.000e+00
19538	1.757e+03	0	0.000e+00
19539	1.757e+03	0	0.000e+00
19540	1.757e+03	0	0.000e+00
19541	1.757e+03	0	0.000e+00
19542	1.757e+03	2	5.780e-05
19543	1.757e+03	0	0.000e+00
19544	1.757e+03	0	0.000e+00
19545	1.757e+03	0	0.000e+00
19546	1.757e+03	0	0.000e+00
19547	1.758e+03	0	0.000e+00
19548	1.758e+03	0	0.000e+00
19549	1.758e+03	0	0.000e+00
19550	1.758e+03	0	0.000e+00
19551	1.758e+03	0	0.000e+00
19552	1.758e+03	0	0.000e+00
19553	1.758e+03	0	0.000e+00
19554	1.758e+03	0	0.000e+00
19555	1.758e+03	0	0.000e+00
19556	1.758e+03	0	0.000e+00
19557	1.758e+03	0	0.000e+00
19558	1.759e+03	0	0.000e+00
19559	1.759e+03	0	0.000e+00
19560	1.759e+03	0	0.000e+00
19561	1.759e+03	0	0.000e+00
19562	1.759e+03	0	0.000e+00
19563	1.759e+03	0	0.000e+00
19564	1.759e+03	0	0.000e+00
19565	1.759e+03	0	0.000e+00
19566	1.759e+03	0	0.000e+00
19567	1.759e+03	0	0.000e+00
19568	1.759e+03	0	0.000e+00
19569	1.760e+03	0	0.000e+00
19570	1.760e+03	0	0.000e+00
19571	1.760e+03	0	0.000e+00
19572	1.760e+03	0	0.000e+00
19573	1.760e+03	0	0.000e+00
19574	1.760e+03	0	0.000e+00
19575	1.760e+03	1	2.890e-05
19576	1.760e+03	0	0.000e+00
19577	1.760e+03	1	2.890e-05
19578	1.760e+03	0	0.000e+00
19579	1.760e+03	0	0.000e+00
19580	1.761e+03	0	0.000e+00
19581	1.761e+03	0	0.000e+00
19582	1.761e+03	0	0.000e+00
19583	1.761e+03	0	0.000e+00
19584	1.761e+03	0	0.000e+00
19585	1.761e+03	0	0.000e+00
19586	1.761e+03	0	0.000e+00
19587	1.761e+03	0	0.000e+00
19588	1.761e+03	1	2.890e-05
19589	1.761e+03	0	0.000e+00
19590	1.761e+03	0	0.000e+00
19591	1.762e+03	0	0.000e+00
19592	1.762e+03	0	0.000e+00
19593	1.762e+03	0	0.000e+00
19594	1.762e+03	0	0.000e+00
19595	1.762e+03	0	0.000e+00
19596	1.762e+03	0	0.000e+00
19597	1.762e+03	0	0.000e+00
19598	1.762e+03	0	0.000e+00
19599	1.762e+03	0	0.000e+00
19600	1.762e+03	0	0.000e+00
19601	1.762e+03	0	0.000e+00
19602	1.763e+03	0	0.000e+00
19603	1.763e+03	0	0.000e+00
19604	1.763e+03	0	0.000e+00
19605	1.763e+03	0	0.000e+00
19606	1.763e+03	0	0.000e+00
19607	1.763e+03	0	0.000e+00
19608	1.763e+03	0	0.000e+00
19609	1.763e+03	0	0.000e+00
19610	1.763e+03	0	0.000e+00
19611	1.763e+03	0	0.000e+00
19612	1.763e+03	0	0.000e+00
19613	1.764e+03	0	0.000e+00
19614	1.764e+03	0	0.000e+00
19615	1.764e+03	0	0.000e+00
19616	1.764e+03	0	0.000e+00
19617	1.764e+03	0	0.000e+00
19618	1.764e+03	0	0.000e+00
19619	1.764e+03	0	0.000e+00
19620	1.764e+03	0	0.000e+00
19621	1.764e+03	0	0.000e+00
19622	1.764e+03	0	0.000e+00
19623	1.764e+03	0	0.000e+00
19624	1.765e+03	0	0.000e+00
19625	1.765e+03	0	0.000e+00
19626	1.765e+03	0	0.000e+00
19627	1.765e+03	0	0.000e+00
19628	1.765e+03	0	0.000e+00
19629	1.765e+03	0	0.000e+00
19630	1.765e+03	0	0.000e+00
19631	1.765e+03	0	0.000e+00
19632	1.765e+03	0	0.000e+00
19633	1.765e+03	0	0.000e+00
19634	1.765e+03	0	0.000e+00
19635	1.765e+03	0	0.000e+00
19636	1.766e+03	0	0.000e+00
19637	1.766e+03	0	0.000e+00
19638	1.766e+03	0	0.000e+00
19639	1.766e+03	0	0.000e+00
19640	1.766e+03	0	0.000e+00
19641	1.766e+03	0	0.000e+00
19642	1.766e+03	0	0.000e+00
19643	1.766e+03	0	0.000e+00
19644	1.766e+03	0	0.000e+00
19645	1.766e+03	0	0.000e+00
19646	1.766e+03	0	0.000e+00
19647	1.767e+03	0	0.000e+00
19648	1.767e+03	2	5.780e-05
19649	1.767e+03	0	0.000e+00
19650	1.767e+03	0	0.000e+00
19651	1.767e+03	0	0.000e+00
19652	1.767e+03	0	0.000e+00
19653	1.767e+03	0	0.000e+00
19654	1.767e+03	0	0.000e+00
19655	1.767e+03	0	0.000e+00
19656	1.767e+03	0	0.000e+00
19657	1.767e+03	0	0.000e+00
19658	1.768e+03	0	0.000e+00
19659	1.768e+03	0	0.000e+00
19660	1.768e+03	0	0.000e+00
19661	1.768e+03	0	0.000e+00
19662	1.768e+03	0	0.000e+00
19663	1.768e+03	0	0.000e+00
19664	1.768e+03	0	0.000e+00
19665	1.768e+03	0	0.000e+00
19666	1.768e+03	0	0.000e+00
19667	1.768e+03	0	0.000e+00
19668	1.768e+03	0	0.000e+00
19669	1.769e+03	0	0.000e+00
19670	1.769e+03	0	0.000e+00
19671	1.769e+03	0	0.000e+00
19672	1.769e+03	0	0.000e+00
19673	1.769e+03	0	0.000e+00
19674	1.769e+03	0	0.000e+00
19675	1.769e+03	0	0.000e+00
19676	1.769e+03	0	0.000e+00
19677	1.769e+03	0	0.000e+00
19678	1.769e+03	0	0.000e+00
19679	1.769e+03	0	0.000e+00
19680	1.770e+03	0	0.000e+00
19681	1.770e+03	0	0.000e+00
19682	1.770e+03	0	0.000e+00
19683	1.770e+03	0	0.000e+00
19684	1.770e+03	0	0.000e+00
19685	1.770e+03	0	0.000e+00
19686	1.770e+03	0	0.000e+00
19687	1.770e+03	0	0.000e+00
19688	1.770e+03	0	0.000e+00
19689	1.770e+03	0	0.000e+00
19690	1.770e+03	1	2.890e-05
19691	1.771e+03	0	0.000e+00
19692	1.771e+03	0	0.000e+00
19693	1.771e+03	0	0.000e+00
19694	1.771e+03	1	2.890e-05
19695	1.771e+03	0	0.000e+00
19696	1.771e+03	0	0.000e+00
19697	1.771e+03	0	0.000e+00
19698	1.771e+03	0	0.000e+00
19699	1.771e+03	0	0.000e+00
19700	1.771e+03	0	0.000e+00
19701	1.771e+03	0	0.000e+00
19702	1.772e+03	0	0.000e+00
19703	1.772e+03	0	0.000e+00
19704	1.772e+03	0	0.000e+00
19705	1.772e+03	0	0.000e+00
19706	1.772e+03	0	0.000e+00
19707	1.772e+03	0	0.000e+00
19708	1.772e+03	0	0.000e+00
19709	1.772e+03	0	0.000e+00
19710	1.772e+03	0	0.000e+00
19711	1.772e+03	0	0.000e+00
19712	1.772e+03	0	0.000e+00
19713	1.773e+03	0	0.000e+00
19714	1.773e+03	0	0.000e+00
19715	1.773e+03	0	0.000e+00
19716	1.773e+03	0	0.000e+00
19717	1.773e+03	0	0.000e+00
19718	1.773e+03	0	0.000e+00
19719	1.773e+03	0	0.000e+00
19720	1.773e+03	0	0.000e+00
19721	1.773e+03	0	0.000e+00
19722	1.773e+03	1	2.890e-05
19723	1.773e+03	0	0.000e+00
19724	1.773e+03	0	0.000e+00
19725	1.774e+03	0	0.000e+00
19726	1.774e+03	0	0.000e+00
19727	1.774e+03	0	0.000e+00
19728	1.774e+03	0	0.000e+00
19729	1.774e+03	1	2.890e-05
19730	1.774e+03	0	0.000e+00
19731	1.774e+03	0	0.000e+00
19732	1.774e+03	0	0.000e+00
19733	1.774e+03	0	0.000e+00
19734	1.774e+03	0	0.000e+00
19735	1.774e+03	0	0.000e+00
19736	1.775e+03	0	0.000e+00
19737	1.775e+03	0	0.000e+00
19738	1.775e+03	0	0.000e+00
19739	1.775e+03	0	0.000e+00
19740	1.775e+03	0	0.000e+00
19741	1.775e+03	0	0.000e+00
19742	1.775e+03	0	0.000e+00
19743	1.775e+03	0	0.000e+00
19744	1.775e+03	0	0.000e+00
19745	1.775e+03	0	0.000e+00
19746	1.775e+03	0	0.000e+00
19747	1.776e+03	0	0.000e+00
19748	1.776e+03	0	0.000e+00
19749	1.776e+03	0	0.000e+00
19750	1.776e+03	0	0.000e+00
19751	1.776e+03	0	0.000e+00
19752	1.776e+03	0	0.000e+00
19753	1.776e+03	0	0.000e+00
19754	1.776e+03	2	5.780e-05
19755	1.776e+03	0	0.000e+00
19756	1.776e+03	1	2.890e-05
19757	1.776e+03	0	0.000e+00
19758	1.777e+03	0	0.000e+00
19759	1.777e+03	0	0.000e+00
19760	1.777e+03	0	0.000e+00
19761	1.777e+03	0	0.000e+00
19762	1.777e+03	0	0.000e+00
19763	1.777e+03	0	0.000e+00
19764	1.777e+03	0	0.000e+00
19765	1.777e+03	0	0.000e+00
19766	1.777e+03	0	0.000e+00
19767	1.777e+03	0	0.000e+00
19768	1.777e+03	0	0.000e+00
19769	1.778e+03	0	0.000e+00
19770	1.778e+03	1	2.890e-05
19771	1.778e+03	0	0.000e+00
19772	1.778e+03	0	0.000e+00
19773	1.778e+03	0	0.000e+00
19774	1.778e+03	0	0.000e+00
19775	1.778e+03	0	0.000e+00
19776	1.778e+03	0	0.000e+00
19777	1.778e+03	0	0.000e+00
19778	1.778e+03	0	0.000e+00
19779	1.778e+03	0	0.000e+00
19780	1.779e+03	0	0.000e+00
19781	1.779e+03	0	0.000e+00
19782	1.779e+03	0	0.000e+00
19783	1.779e+03	0	0.000e+00
19784	1.779e+03	0	0.000e+00
19785	1.779e+03	0	0.000e+00
19786	1.779e+03	0	0.000e+00
19787	1.779e+03	0	0.000e+00
19788	1.779e+03	0	0.000e+00
19789	1.779e+03	1	2.890e-05
19790	1.779e+03	0	0.000e+00
19791	1.780e+03	0	0.000e+00
19792	1.780e+03	0	0.000e+00
19793	1.780e+03	0	0.000e+00
19794	1.780e+03	0	0.000e+00
19795	1.780e+03	0	0.000e+00
19796	1.780e+03	0	0.000e+00
19797	1.780e+03	0	0.000e+00
19798	1.780e+03	0	0.000e+00
19799	1.780e+03	0	0.000e+00
19800	1.780e+03	0	0.000e+00
19801	1.780e+03	0	0.000e+00
19802	1.781e+03	0	0.000e+00
19803	1.781e+03	0	0.000e+00
19804	1.781e+03	0	0.000e+00
19805	1.781e+03	0	0.000e+00
19806	1.781e+03	0	0.000e+00
19807	1.781e+03	0	0.000e+00
19808	1.781e+03	1	2.890e-05
19809	1.781e+03	0	0.000e+00
19810	1.781e+03	0	0.000e+00
19811	1.781e+03	1	2.890e-05
19812	1.781e+03	0	0.000e+00
19813	1.781e+03	0	0.000e+00
19814	1.782e+03	0	0.000e+00
19815	1.782e+03	0	0.000e+00
19816	1.782e+03	0	0.000e+00
19817	1.782e+03	0	0.000e+00
19818	1.782e+03	0	0.000e+00
19819	1.782e+03	0	0.000e+00
19820	1.782e+03	0	0.000e+00
19821	1.782e+03	0	0.000e+00
19822	1.782e+03	0	0.000e+00
19823	1.782e+03	0	0.000e+00
19824	1.782e+03	0	0.000e+00
19825	1.783e+03	0	0.000e+00
19826	1.783e+03	0	0.000e+00
19827	1.783e+03	0	0.000e+00
19828	1.783e+03	0	0.000e+00
19829	1.783e+03	0	0.000e+00
19830	1.783e+03	0	0.000e+00
19831	1.783e+03	0	0.000e+00
19832	1.783e+03	0	0.000e+00
19833	1.783e+03	0	0.000e+00
19834	1.783e+03	1	2.890e-05
19835	1.783e+03	0	0.000e+00
19836	1.784e+03	0	0.000e+00
19837	1.784e+03	1	2.890e-05
19838	1.784e+03	1	2.890e-05
19839	1.784e+03	0	0.000e+00
19840	1.784e+03	0	0.000e+00
19841	1.784e+03	0	0.000e+00
19842	1.784e+03	0	0.000e+00
19843	1.784e+03	0	0.000e+00
19844	1.784e+03	0	0.000e+00
19845	1.784e+03	0	0.000e+00
19846	1.784e+03	0	0.000e+00
19847	1.785e+03	0	0.000e+00
19848	1.785e+03	0	0.000e+00
19849	1.785e+03	0	0.000e+00
19850	1.785e+03	0	0.000e+00
19851	1.785e+03	0	0.000e+00
19852	1.785e+03	0	0.000e+00
19853	1.785e+03	0	0.000e+00
19854	1.785e+03	0	0.000e+00
19855	1.785e+03	0	0.000e+00
19856	1.785e+03	0	0.000e+00
19857	1.785e+03	0	0.000e+00
19858	1.786e+03	0	0.000e+00
19859	1.786e+03	0	0.000e+00
19860	1.786e+03	0	0.000e+00
19861	1.786e+03	0	0.000e+00
19862	1.786e+03	0	0.000e+00
19863	1.786e+03	0	0.000e+00
19864	1.786e+03	0	0.000e+00
19865	1.786e+03	0	0.000e+00
19866	1.786e+03	0	0.000e+00
19867	1.786e+03	0	0.000e+00
19868	1.786e+03	0	0.000e+00
19869	1.787e+03	0	0.000e+00
19870	1.787e+03	0	0.000e+00
19871	1.787e+03	0	0.000e+00
19872	1.787e+03	0	0.000e+00
19873	1.787e+03	2	5.780e-05
19874	1.787e+03	0	0.000e+00
19875	1.787e+03	0	0.000e+00
19876	1.787e+03	0	0.000e+00
19877	1.787e+03	1	2.890e-05
19878	1.787e+03	0	0.000e+00
19879	1.787e+03	0	0.000e+00
19880	1.788e+03	0	0.000e+00
19881	1.788e+03	0	0.000e+00
19882	1.788e+03	0	0.000e+00
19883	1.788e+03	0	0.000e+00
19884	1.788e+03	0	0.000e+00
19885	1.788e+03	0	0.000e+00
19886	1.788e+03	0	0.000e+00
19887	1.788e+03	0	0.000e+00
19888	1.788e+03	0	0.000e+00
19889	1.788e+03	0	0.000e+00
19890	1.788e+03	0	0.000e+00
19891	1.789e+03	0	0.000e+00
19892	1.789e+03	0	0.000e+00
19893	1.789e+03	0	0.000e+00
19894	1.789e+03	0	0.000e+00
19895	1.789e+03	0	0.000e+00
19896	1.789e+03	0	0.000e+00
19897	1.789e+03	0	0.000e+00
19898	1.789e+03	0	0.000e+00
19899	1.789e+03	0	0.000e+00
19900	1.789e+03	0	0.000e+00
19901	1.789e+03	0	0.000e+00
19902	1.789e+03	0	0.000e+00
19903	1.790e+03	0	0.000e+00
19904	1.790e+03	0	0.000e+00
19905	1.790e+03	0	0.000e+00
19906	1.790e+03	0	0.000e+00
19907	1.790e+03	0	0.000e+00
19908	1.790e+03	0	0.000e+00
19909	1.790e+03	0	0.000e+00
19910	1.790e+03	0	0.000e+00
19911	1.790e+03	0	0.000e+00
19912	1.790e+03	0	0.000e+00
19913	1.790e+03	0	0.000e+00
19914	1.791e+03	0	0.000e+00
19915	1.791e+03	0	0.000e+00
19916	1.791e+03	0	0.000e+00
19917	1.791e+03	0	0.000e+00
19918	1.791e+03	0	0.000e+00
19919	1.791e+03	0	0.000e+00
19920	1.791e+03	0	0.000e+00
19921	1.791e+03	0	0.000e+00
19922	1.791e+03	0	0.000e+00
19923	1.791e+03	0	0.000e+00
19924	1.791e+03	0	0.000e+00
19925	1.792e+03	0	0.000e+00
19926	1.792e+03	0	0.000e+00
19927	1.792e+03	0	0.000e+00
19928	1.792e+03	0	0.000e+00
19929	1.792e+03	0	0.000e+00
19930	1.792e+03	0	0.000e+00
19931	1.792e+03	0	0.000e+00
19932	1.792e+03	0	0.000e+00
19933	1.792e+03	0	0.000e+00
19934	1.792e+03	0	0.000e+00
19935	1.792e+03	0	0.000e+00
19936	1.793e+03	0	0.000e+00
19937	1.793e+03	0	0.000e+00
19938	1.793e+03	1	2.890e-05
19939	1.793e+03	0	0.000e+00
19940	1.793e+03	0	0.000e+00
19941	1.793e+03	0	0.000e+00
19942	1.793e+03	0	0.000e+00
19943	1.793e+03	0	0.000e+00
19944	1.793e+03	1	2.890e-05
19945	1.793e+03	0	0.000e+00
19946	1.793e+03	0	0.000e+00
19947	1.794e+03	0	0.000e+00
19948	1.794e+03	0	0.000e+00
19949	1.794e+03	0	0.000e+00
19950	1.794e+03	0	0.000e+00
19951	1.794e+03	0	0.000e+00
19952	1.794e+03	0	0.000e+00
19953	1.794e+03	0	0.000e+00
19954	1.794e+03	0	0.000e+00
19955	1.794e+03	1	2.890e-05
19956	1.794e+03	0	0.000e+00
19957	1.794e+03	0	0.000e+00
19958	1.795e+03	0	0.000e+00
19959	1.795e+03	0	0.000e+00
19960	1.795e+03	0	0.000e+00
19961	1.795e+03	0	0.000e+00
19962	1.795e+03	0	0.000e+00
19963	1.795e+03	0	0.000e+00
19964	1.795e+03	0	0.000e+00
19965	1.795e+03	0	0.000e+00
19966	1.795e+03	0	0.000e+00
19967	1.795e+03	0	0.000e+00
19968	1.795e+03	0	0.000e+00
19969	1.796e+03	0	0.000e+00
19970	1.796e+03	0	0.000e+00
19971	1.796e+03	0	0.000e+00
19972	1.796e+03	0	0.000e+00
19973	1.796e+03	0	0.000e+00
19974	1.796e+03	0	0.000e+00
19975	1.796e+03	0	0.000e+00
19976	1.796e+03	0	0.000e+00
19977	1.796e+03	0	0.000e+00
19978	1.796e+03	0	0.000e+00
19979	1.796e+03	0	0.000e+00
19980	1.797e+03	0	0.000e+00
19981	1.797e+03	0	0.000e+00
19982	1.797e+03	0	0.000e+00
19983	1.797e+03	0	0.000e+00
19984	1.797e+03	0	0.000e+00
19985	1.797e+03	0	0.000e+00
19986	1.797e+03	0	0.000e+00
19987	1.797e+03	0	0.000e+00
19988	1.797e+03	0	0.000e+00
19989	1.797e+03	0	0.000e+00
19990	1.797e+03	0	0.000e+00
19991	1.798e+03	0	0.000e+00
19992	1.798e+03	0	0.000e+00
19993	1.798e+03	0	0.000e+00
19994	1.798e+03	0	0.000e+00
19995	1.798e+03	0	0.000e+00
19996	1.798e+03	0	0.000e+00
19997	1.798e+03	0	0.000e+00
19998	1.798e+03	0	0.000e+00
19999	1.798e+03	0	0.000e+00
20000	1.798e+03	0	0.000e+00
20001	1.798e+03	0	0.000e+00
20002	1.798e+03	0	0.000e+00
20003	1.799e+03	0	0.000e+00
20004	1.799e+03	0	0.000e+00
20005	1.799e+03	0	0.000e+00
20006	1.799e+03	0	0.000e+00
20007	1.799e+03	0	0.000e+00
20008	1.799e+03	0	0.000e+00
20009	1.799e+03	0	0.000e+00
20010	1.799e+03	0	0.000e+00
20011	1.799e+03	0	0.000e+00
20012	1.799e+03	0	0.000e+00
20013	1.799e+03	0	0.000e+00
20014	1.800e+03	0	0.000e+00
20015	1.800e+03	0	0.000e+00
20016	1.800e+03	0	0.000e+00
20017	1.800e+03	0	0.000e+00
20018	1.800e+03	0	0.000e+00
20019	1.800e+03	0	0.000e+00
20020	1.800e+03	0	0.000e+00
20021	1.800e+03	0	0.000e+00
20022	1.800e+03	0	0.000e+00
20023	1.800e+03	1	2.890e-05
20024	1.800e+03	0	0.000e+00
20025	1.801e+03	0	0.000e+00
20026	1.801e+03	0	0.000e+00
20027	1.801e+03	0	0.000e+00
20028	1.801e+03	0	0.000e+00
20029	1.801e+03	0	0.000e+00
20030	1.801e+03	0	0.000e+00
20031	1.801e+03	0	0.000e+00
20032	1.801e+03	0	0.000e+00
20033	1.801e+03	0	0.000e+00
20034	1.801e+03	0	0.000e+00
20035	1.801e+03	0	0.000e+00
20036	1.802e+03	1	2.890e-05
20037	1.802e+03	0	0.000e+00
20038	1.802e+03	0	0.000e+00
20039	1.802e+03	0	0.000e+00
20040	1.802e+03	0	0.000e+00
20041	1.802e+03	0	0.000e+00
20042	1.802e+03	0	0.000e+00
20043	1.802e+03	0	0.000e+00
20044	1.802e+03	0	0.000e+00
20045	1.802e+03	0	0.000e+00
20046	1.802e+03	0	0.000e+00
20047	1.803e+03	0	0.000e+00
20048	1.803e+03	0	0.000e+00
20049	1.803e+03	0	0.000e+00
20050	1.803e+03	0	0.000e+00
20051	1.803e+03	0	0.000e+00
20052	1.803e+03	0	0.000e+00
20053	1.803e+03	0	0.000e+00
20054	1.803e+03	0	0.000e+00
20055	1.803e+03	0	0.000e+00
20056	1.803e+03	0	0.000e+00
20057	1.803e+03	0	0.000e+00
20058	1.804e+03	0	0.000e+00
20059	1.804e+03	0	0.000e+00
20060	1.804e+03	0	0.000e+00
20061	1.804e+03	0	0.000e+00
20062	1.804e+03	0	0.000e+00
20063	1.804e+03	0	0.000e+00
20064	1.804e+03	0	0.000e+00
20065	1.804e+03	1	2.890e-05
20066	1.804e+03	0	0.000e+00
20067	1.804e+03	0	0.000e+00
20068	1.804e+03	0	0.000e+00
20069	1.805e+03	0	0.000e+00
20070	1.805e+03	0	0.000e+00
20071	1.805e+03	0	0.000e+00
20072	1.805e+03	0	0.000e+00
20073	1.805e+03	0	0.000e+00
20074	1.805e+03	0	0.000e+00
20075	1.805e+03	0	0.000e+00
20076	1.805e+03	0	0.000e+00
20077	1.805e+03	0	0.000e+00
20078	1.805e+03	0	0.000e+00
20079	1.805e+03	0	0.000e+00
20080	1.806e+03	0	0.000e+00
20081	1.806e+03	0	0.000e+00
20082	1.806e+03	0	0.000e+00
20083	1.806e+03	0	0.000e+00
20084	1.806e+03	0	0.000e+00
20085	1.806e+03	0	0.000e+00
20086	1.806e+03	1	2.890e-05
20087	1.806e+03	0	0.000e+00
20088	1.806e+03	0	0.000e+00
20089	1.806e+03	0	0.000e+00
20090	1.806e+03	0	0.000e+00
20091	1.806e+03	0	0.000e+00
20092	1.807e+03	0	0.000e+00
20093	1.807e+03	0	0.000e+00
20094	1.807e+03	0	0.000e+00
20095	1.807e+03	0	0.000e+00
20096	1.807e+03	0	0.000e+00
20097	1.807e+03	0	0.000e+00
20098	1.807e+03	0	0.000e+00
20099	1.807e+03	0	0.000e+00
20100	1.807e+03	0	0.000e+00
20101	1.807e+03	0	0.000e+00
20102	1.807e+03	0	0.000e+00
20103	1.808e+03	0	0.000e+00
20104	1.808e+03	0	0.000e+00
20105	1.808e+03	0	0.000e+00
20106	1.808e+03	0	0.000e+00
20107	1.808e+03	0	0.000e+00
20108	1.808e+03	0	0.000e+00
20109	1.808e+03	0	0.000e+00
20110	1.808e+03	0	0.000e+00
20111	1.808e+03	0	0.000e+00
20112	1.808e+03	0	0.000e+00
20113	1.808e+03	0	0.000e+00
20114	1.809e+03	0	0.000e+00
20115	1.809e+03	0	0.000e+00
20116	1.809e+03	0	0.000e+00
20117	1.809e+03	0	0.000e+00
20118	1.809e+03	0	0.000e+00
20119	1.809e+03	0	0.000e+00
20120	1.809e+03	1	2.890e-05
20121	1.809e+03	0	0.000e+00
20122	1.809e+03	0	0.000e+00
20123	1.809e+03	0	0.000e+00
20124	1.809e+03	0	0.000e+00
20125	1.810e+03	0	0.000e+00
20126	1.810e+03	0	0.000e+00
20127	1.810e+03	0	0.000e+00
20128	1.810e+03	1	2.890e-05
20129	1.810e+03	0	0.000e+00
20130	1.810e+03	0	0.000e+00
20131	1.810e+03	0	0.000e+00
20132	1.810e+03	0	0.000e+00
20133	1.810e+03	0	0.000e+00
20134	1.810e+03	0	0.000e+00
20135	1.810e+03	0	0.000e+00
20136	1.811e+03	0	0.000e+00
20137	1.811e+03	0	0.000e+00
20138	1.811e+03	0	0.000e+00
20139	1.811e+03	0	0.000e+00
20140	1.811e+03	0	0.000e+00
20141	1.811e+03	0	0.000e+00
20142	1.811e+03	0	0.000e+00
20143	1.811e+03	0	0.000e+00
20144	1.811e+03	0	0.000e+00
20145	1.811e+03	0	0.000e+00
20146	1.811e+03	0	0.000e+00
20147	1.812e+03	0	0.000e+00
20148	1.812e+03	0	0.000e+00
20149	1.812e+03	1	2.890e-05
20150	1.812e+03	0	0.000e+00
20151	1.812e+03	0	0.000e+00
20152	1.812e+03	0	0.000e+00
20153	1.812e+03	0	0.000e+00
20154	1.812e+03	0	0.000e+00
20155	1.812e+03	0	0.000e+00
20156	1.812e+03	0	0.000e+00
20157	1.812e+03	0	0.000e+00
20158	1.813e+03	0	0.000e+00
20159	1.813e+03	0	0.000e+00
20160	1.813e+03	0	0.000e+00
20161	1.813e+03	0	0.000e+00
20162	1.813e+03	0	0.000e+00
20163	1.813e+03	0	0.000e+00
20164	1.813e+03	0	0.000e+00
20165	1.813e+03	0	0.000e+00
20166	1.813e+03	0	0.000e+00
20167	1.813e+03	0	0.000e+00
20168	1.813e+03	0	0.000e+00
20169	1.814e+03	0	0.000e+00
20170	1.814e+03	0	0.000e+00
20171	1.814e+03	0	0.000e+00
20172	1.814e+03	0	0.000e+00
20173	1.814e+03	0	0.000e+00
20174	1.814e+03	0	0.000e+00
20175	1.814e+03	0	0.000e+00
20176	1.814e+03	0	0.000e+00
20177	1.814e+03	0	0.000e+00
20178	1.814e+03	0	0.000e+00
20179	1.814e+03	2	5.780e-05
20180	1.814e+03	0	0.000e+00
20181	1.815e+03	1	2.890e-05
20182	1.815e+03	0	0.000e+00
20183	1.815e+03	0	0.000e+00
20184	1.815e+03	0	0.000e+00
20185	1.815e+03	0	0.000e+00
20186	1.815e+03	0	0.000e+00
20187	1.815e+03	0	0.000e+00
20188	1.815e+03	0	0.000e+00
20189	1.815e+03	0	0.000e+00
20190	1.815e+03	0	0.000e+00
20191	1.815e+03	0	0.000e+00
20192	1.816e+03	0	0.000e+00
20193	1.816e+03	0	0.000e+00
20194	1.816e+03	0	0.000e+00
20195	1.816e+03	0	0.000e+00
20196	1.816e+03	0	0.000e+00
20197	1.816e+03	0	0.000e+00
20198	1.816e+03	0	0.000e+00
20199	1.816e+03	0	0.000e+00
20200	1.816e+03	0	0.000e+00
20201	1.816e+03	0	0.000e+00
20202	1.816e+03	0	0.000e+00
20203	1.817e+03	0	0.000e+00
20204	1.817e+03	0	0.000e+00
20205	1.817e+03	0	0.000e+00
20206	1.817e+03	0	0.000e+00
20207	1.817e+03	0	0.000e+00
20208	1.817e+03	0	0.000e+00
20209	1.817e+03	0	0.000e+00
20210	1.817e+03	0	0.000e+00
20211	1.817e+03	0	0.000e+00
20212	1.817e+03	0	0.000e+00
20213	1.817e+03	0	0.000e+00
20214	1.818e+03	0	0.000e+00
20215	1.818e+03	0	0.000e+00
20216	1.818e+03	0	0.000e+00
20217	1.818e+03	1	2.890e-05
20218	1.818e+03	0	0.000e+00
20219	1.818e+03	0	0.000e+00
20220	1.818e+03	0	0.000e+00
20221	1.818e+03	0	0.000e+00
20222	1.818e+03	0	0.000e+00
20223	1.818e+03	0	0.000e+00
20224	1.818e+03	0	0.000e+00
20225	1.819e+03	0	0.000e+00
20226	1.819e+03	0	0.000e+00
20227	1.819e+03	0	0.000e+00
20228	1.819e+03	0	0.000e+00
20229	1.819e+03	0	0.000e+00
20230	1.819e+03	0	0.000e+00
20231	1.819e+03	0	0.000e+00
20232	1.819e+03	0	0.000e+00
20233	1.819e+03	0	0.000e+00
20234	1.819e+03	0	0.000e+00
20235	1.819e+03	0	0.000e+00
20236	1.820e+03	0	0.000e+00
20237	1.820e+03	0	0.000e+00
20238	1.820e+03	0	0.000e+00
20239	1.820e+03	0	0.000e+00
20240	1.820e+03	0	0.000e+00
20241	1.820e+03	1	2.890e-05
20242	1.820e+03	0	0.000e+00
20243	1.820e+03	0	0.000e+00
20244	1.820e+03	0	0.000e+00
20245	1.820e+03	0	0.000e+00
20246	1.820e+03	0	0.000e+00
20247	1.821e+03	0	0.000e+00
20248	1.821e+03	0	0.000e+00
20249	1.821e+03	0	0.000e+00
20250	1.821e+03	0	0.000e+00
20251	1.821e+03	1	2.890e-05
20252	1.821e+03	0	0.000e+00
20253	1.821e+03	0	0.000e+00
20254	1.821e+03	0	0.000e+00
20255	1.821e+03	0	0.000e+00
20256	1.821e+03	0	0.000e+00
20257	1.821e+03	0	0.000e+00
20258	1.822e+03	1	2.890e-05
20259	1.822e+03	0	0.000e+00
20260	1.822e+03	1	2.890e-05
20261	1.822e+03	0	0.000e+00
20262	1.822e+03	0	0.000e+00
20263	1.822e+03	0	0.000e+00
20264	1.822e+03	0	0.000e+00
20265	1.822e+03	0	0.000e+00
20266	1.822e+03	0	0.000e+00
20267	1.822e+03	0	0.000e+00
20268	1.822e+03	1	2.890e-05
20269	1.822e+03	0	0.000e+00
20270	1.823e+03	0	0.000e+00
20271	1.823e+03	0	0.000e+00
20272	1.823e+03	0	0.000e+00
20273	1.823e+03	0	0.000e+00
20274	1.823e+03	0	0.000e+00
20275	1.823e+03	0	0.000e+00
20276	1.823e+03	0	0.000e+00
20277	1.823e+03	0	0.000e+00
20278	1.823e+03	0	0.000e+00
20279	1.823e+03	0	0.000e+00
20280	1.823e+03	0	0.000e+00
20281	1.824e+03	0	0.000e+00
20282	1.824e+03	0	0.000e+00
20283	1.824e+03	0	0.000e+00
20284	1.824e+03	0	0.000e+00
20285	1.824e+03	0	0.000e+00
20286	1.824e+03	0	0.000e+00
20287	1.824e+03	0	0.000e+00
20288	1.824e+03	0	0.000e+00
20289	1.824e+03	1	2.890e-05
20290	1.824e+03	0	0.000e+00
20291	1.824e+03	0	0.000e+00
20292	1.825e+03	0	0.000e+00
20293	1.825e+03	0	0.000e+00
20294	1.825e+03	0	0.000e+00
20295	1.825e+03	0	0.000e+00
20296	1.825e+03	0	0.000e+00
20297	1.825e+03	0	0.000e+00
20298	1.825e+03	0	0.000e+00
20299	1.825e+03	0	0.000e+00
20300	1.825e+03	0	0.000e+00
20301	1.825e+03	0	0.000e+00
20302	1.825e+03	0	0.000e+00
20303	1.826e+03	0	0.000e+00
20304	1.826e+03	0	0.000e+00
20305	1.826e+03	0	0.000e+00
20306	1.826e+03	0	0.000e+00
20307	1.826e+03	0	0.000e+00
20308	1.826e+03	0	0.000e+00
20309	1.826e+03	0	0.000e+00
20310	1.826e+03	0	0.000e+00
20311	1.826e+03	0	0.000e+00
20312	1.826e+03	0	0.000e+00
20313	1.826e+03	2	5.780e-05
20314	1.827e+03	0	0.000e+00
20315	1.827e+03	0	0.000e+00
20316	1.827e+03	0	0.000e+00
20317	1.827e+03	0	0.000e+00
20318	1.827e+03	0	0.000e+00
20319	1.827e+03	0	0.000e+00
20320	1.827e+03	0	0.000e+00
20321	1.827e+03	0	0.000e+00
20322	1.827e+03	0	0.000e+00
20323	1.827e+03	0	0.000e+00
20324	1.827e+03	0	0.000e+00
20325	1.828e+03	0	0.000e+00
20326	1.828e+03	0	0.000e+00
20327	1.828e+03	0	0.000e+00
20328	1.828e+03	0	0.000e+00
20329	1.828e+03	0	0.000e+00
20330	1.828e+03	0	0.000e+00
20331	1.828e+03	0	0.000e+00
20332	1.828e+03	0	0.000e+00
20333	1.828e+03	0	0.000e+00
20334	1.828e+03	0	0.000e+00
20335	1.828e+03	0	0.000e+00
20336	1.829e+03	0	0.000e+00
20337	1.829e+03	0	0.000e+00
20338	1.829e+03	0	0.000e+00
20339	1.829e+03	0	0.000e+00
20340	1.829e+03	0	0.000e+00
20341	1.829e+03	0	0.000e+00
20342	1.829e+03	0	0.000e+00
20343	1.829e+03	0	0.000e+00
20344	1.829e+03	0	0.000e+00
20345	1.829e+03	0	0.000e+00
20346	1.829e+03	0	0.000e+00
20347	1.830e+03	0	0.000e+00
20348	1.830e+03	1	2.890e-05
20349	1.830e+03	0	0.000e+00
20350	1.830e+03	0	0.000e+00
20351	1.830e+03	0	0.000e+00
20352	1.830e+03	0	0.000e+00
20353	1.830e+03	0	0.000e+00
20354	1.830e+03	0	0.000e+00
20355	1.830e+03	0	0.000e+00
20356	1.830e+03	0	0.000e+00
20357	1.830e+03	0	0.000e+00
20358	1.831e+03	0	0.000e+00
20359	1.831e+03	0	0.000e+00
20360	1.831e+03	0	0.000e+00
20361	1.831e+03	0	0.000e+00
20362	1.831e+03	0	0.000e+00
20363	1.831e+03	0	0.000e+00
20364	1.831e+03	0	0.000e+00
20365	1.831e+03	0	0.000e+00
20366	1.831e+03	0	0.000e+00
20367	1.831e+03	0	0.000e+00
20368	1.831e+03	0	0.000e+00
20369	1.831e+03	0	0.000e+00
20370	1.832e+03	0	0.000e+00
20371	1.832e+03	0	0.000e+00
20372	1.832e+03	0	0.000e+00
20373	1.832e+03	0	0.000e+00
20374	1.832e+03	0	0.000e+00
20375	1.832e+03	0	0.000e+00
20376	1.832e+03	0	0.000e+00
20377	1.832e+03	0	0.000e+00
20378	1.832e+03	0	0.000e+00
20379	1.832e+03	0	0.000e+00
20380	1.832e+03	0	0.000e+00
20381	1.833e+03	0	0.000e+00
20382	1.833e+03	0	0.000e+00
20383	1.833e+03	1	2.890e-05
20384	1.833e+03	0	0.000e+00
20385	1.833e+03	0	0.000e+00
20386	1.833e+03	0	0.000e+00
20387	1.833e+03	0	0.000e+00
20388	1.833e+03	0	0.000e+00
20389	1.833e+03	0	0.000e+00
20390	1.833e+03	0	0.000e+00
20391	1.833e+03	0	0.000e+00
20392	1.834e+03	0	0.000e+00
20393	1.834e+03	0	0.000e+00
20394	1.834e+03	0	0.000e+00
20395	1.834e+03	0	0.000e+00
20396	1.834e+03	0	0.000e+00
20397	1.834e+03	0	0.000e+00
20398	1.834e+03	0	0.000e+00
20399	1.834e+03	0	0.000e+00
20400	1.834e+03	0	0.000e+00
20401	1.834e+03	0	0.000e+00
20402	1.834e+03	0	0.000e+00
20403	1.835e+03	0	0.000e+00
20404	1.835e+03	0	0.000e+00
20405	1.835e+03	0	0.000e+00
20406	1.835e+03	0	0.000e+00
20407	1.835e+03	0	0.000e+00
20408	1.835e+03	0	0.000e+00
20409	1.835e+03	0	0.000e+00
20410	1.835e+03	0	0.000e+00
20411	1.835e+03	0	0.000e+00
20412	1.835e+03	0	0.000e+00
20413	1.835e+03	0	0.000e+00
20414	1.836e+03	0	0.000e+00
20415	1.836e+03	0	0.000e+00
20416	1.836e+03	0	0.000e+00
20417	1.836e+03	0	0.000e+00
20418	1.836e+03	0	0.000e+00
20419	1.836e+03	0	0.000e+00
20420	1.836e+03	0	0.000e+00
20421	1.836e+03	0	0.000e+00
20422	1.836e+03	0	0.000e+00
20423	1.836e+03	0	0.000e+00
20424	1.836e+03	1	2.890e-05
20425	1.837e+03	0	0.000e+00
20426	1.837e+03	0	0.000e+00
20427	1.837e+03	0	0.000e+00
20428	1.837e+03	0	0.000e+00
20429	1.837e+03	0	0.000e+00
20430	1.837e+03	0	0.000e+00
20431	1.837e+03	0	0.000e+00
20432	1.837e+03	0	0.000e+00
20433	1.837e+03	0	0.000e+00
20434	1.837e+03	0	0.000e+00
20435	1.837e+03	0	0.000e+00
20436	1.838e+03	0	0.000e+00
20437	1.838e+03	0	0.000e+00
20438	1.838e+03	0	0.000e+00
20439	1.838e+03	0	0.000e+00
20440	1.838e+03	0	0.000e+00
20441	1.838e+03	0	0.000e+00
20442	1.838e+03	0	0.000e+00
20443	1.838e+03	0	0.000e+00
20444	1.838e+03	0	0.000e+00
20445	1.838e+03	0	0.000e+00
20446	1.838e+03	0	0.000e+00
20447	1.839e+03	0	0.000e+00
20448	1.839e+03	0	0.000e+00
20449	1.839e+03	0	0.000e+00
20450	1.839e+03	0	0.000e+00
20451	1.839e+03	0	0.000e+00
20452	1.839e+03	0	0.000e+00
20453	1.839e+03	0	0.000e+00
20454	1.839e+03	0	0.000e+00
20455	1.839e+03	0	0.000e+00
20456	1.839e+03	0	0.000e+00
20457	1.839e+03	0	0.000e+00
20458	1.839e+03	0	0.000e+00
20459	1.840e+03	0	0.000e+00
20460	1.840e+03	0	0.000e+00
20461	1.840e+03	1	2.890e-05
20462	1.840e+03	0	0.000e+00
20463	1.840e+03	0	0.000e+00
20464	1.840e+03	0	0.000e+00
20465	1.840e+03	0	0.000e+00
20466	1.840e+03	0	0.000e+00
20467	1.840e+03	0	0.000e+00
20468	1.840e+03	0	0.000e+00
20469	1.840e+03	0	0.000e+00
20470	1.841e+03	0	0.000e+00
20471	1.841e+03	0	0.000e+00
20472	1.841e+03	1	2.890e-05
20473	1.841e+03	0	0.000e+00
20474	1.841e+03	0	0.000e+00
20475	1.841e+03	0	0.000e+00
20476	1.841e+03	0	0.000e+00
20477	1.841e+03	0	0.000e+00
20478	1.841e+03	0	0.000e+00
20479	1.841e+03	0	0.000e+00
20480	1.841e+03	0	0.000e+00
20481	1.842e+03	0	0.000e+00
20482	1.842e+03	0	0.000e+00
20483	1.842e+03	1	2.890e-05
20484	1.842e+03	0	0.000e+00
20485	1.842e+03	0	0.000e+00
20486	1.842e+03	0	0.000e+00
20487	1.842e+03	0	0.000e+00
20488	1.842e+03	0	0.000e+00
20489	1.842e+03	0	0.000e+00
20490	1.842e+03	0	0.000e+00
20491	1.842e+03	0	0.000e+00
20492	1.843e+03	0	0.000e+00
20493	1.843e+03	0	0.000e+00
20494	1.843e+03	0	0.000e+00
20495	1.843e+03	1	2.890e-05
20496	1.843e+03	0	0.000e+00
20497	1.843e+03	0	0.000e+00
20498	1.843e+03	0	0.000e+00
20499	1.843e+03	0	0.000e+00
20500	1.843e+03	0	0.000e+00
20501	1.843e+03	0	0.000e+00
20502	1.843e+03	0	0.000e+00
20503	1.844e+03	0	0.000e+00
20504	1.844e+03	0	0.000e+00
20505	1.844e+03	0	0.000e+00
20506	1.844e+03	0	0.000e+00
20507	1.844e+03	0	0.000e+00
20508	1.844e+03	0	0.000e+00
20509	1.844e+03	0	0.000e+00
20510	1.844e+03	0	0.000e+00
20511	1.844e+03	0	0.000e+00
20512	1.844e+03	0	0.000e+00
20513	1.844e+03	1	2.890e-05
20514	1.845e+03	2	5.780e-05
20515	1.845e+03	0	0.000e+00
20516	1.845e+03	0	0.000e+00
20517	1.845e+03	0	0.000e+00
20518	1.845e+03	0	0.000e+00
20519	1.845e+03	0	0.000e+00
20520	1.845e+03	0	0.000e+00
20521	1.845e+03	0	0.000e+00
20522	1.845e+03	0	0.000e+00
20523	1.845e+03	0	0.000e+00
20524	1.845e+03	0	0.000e+00
20525	1.846e+03	0	0.000e+00
20526	1.846e+03	0	0.000e+00
20527	1.846e+03	0	0.000e+00
20528	1.846e+03	0	0.000e+00
20529	1.846e+03	0	0.000e+00
20530	1.846e+03	0	0.000e+00
20531	1.846e+03	0	0.000e+00
20532	1.846e+03	0	0.000e+00
20533	1.846e+03	0	0.000e+00
20534	1.846e+03	1	2.890e-05
20535	1.846e+03	0	0.000e+00
20536	1.847e+03	0	0.000e+00
20537	1.847e+03	0	0.000e+00
20538	1.847e+03	0	0.000e+00
20539	1.847e+03	0	0.000e+00
20540	1.847e+03	0	0.000e+00
20541	1.847e+03	0	0.000e+00
20542	1.847e+03	0	0.000e+00
20543	1.847e+03	0	0.000e+00
20544	1.847e+03	0	0.000e+00
20545	1.847e+03	0	0.000e+00
20546	1.847e+03	0	0.000e+00
20547	1.847e+03	0	0.000e+00
20548	1.848e+03	0	0.000e+00
20549	1.848e+03	0	0.000e+00
20550	1.848e+03	0	0.000e+00
20551	1.848e+03	0	0.000e+00
20552	1.848e+03	0	0.000e+00
20553	1.848e+03	0	0.000e+00
20554	1.848e+03	0	0.000e+00
20555	1.848e+03	0	0.000e+00
20556	1.848e+03	0	0.000e+00
20557	1.848e+03	0	0.000e+00
20558	1.848e+03	0	0.000e+00
20559	1.849e+03	0	0.000e+00
20560	1.849e+03	0	0.000e+00
20561	1.849e+03	0	0.000e+00
20562	1.849e+03	0	0.000e+00
20563	1.849e+03	0	0.000e+00
20564	1.849e+03	0	0.000e+00
20565	1.849e+03	1	2.890e-05
20566	1.849e+03	0	0.000e+00
20567	1.849e+03	0	0.000e+00
20568	1.849e+03	1	2.890e-05
20569	1.849e+03	0	0.000e+00
20570	1.850e+03	0	0.000e+00
20571	1.850e+03	0	0.000e+00
20572	1.850e+03	0	0.000e+00
20573	1.850e+03	0	0.000e+00
20574	1.850e+03	0	0.000e+00
20575	1.850e+03	0	0.000e+00
20576	1.850e+03	0	0.000e+00
20577	1.850e+03	0	0.000e+00
20578	1.850e+03	0	0.000e+00
20579	1.850e+03	0	0.000e+00
20580	1.850e+03	0	0.000e+00
20581	1.851e+03	0	0.000e+00
20582	1.851e+03	0	0.000e+00
20583	1.851e+03	0	0.000e+00
20584	1.851e+03	0	0.000e+00
20585	1.851e+03	1	2.890e-05
20586	1.851e+03	0	0.000e+00
20587	1.851e+03	0	0.000e+00
20588	1.851e+03	0	0.000e+00
20589	1.851e+03	0	0.000e+00
20590	1.851e+03	0	0.000e+00
20591	1.851e+03	0	0.000e+00
20592	1.852e+03	0	0.000e+00
20593	1.852e+03	0	0.000e+00
20594	1.852e+03	0	0.000e+00
20595	1.852e+03	0	0.000e+00
20596	1.852e+03	0	0.000e+00
20597	1.852e+03	0	0.000e+00
20598	1.852e+03	0	0.000e+00
20599	1.852e+03	0	0.000e+00
20600	1.852e+03	0	0.000e+00
20601	1.852e+03	0	0.000e+00
20602	1.852e+03	0	0.000e+00
20603	1.853e+03	0	0.000e+00
20604	1.853e+03	0	0.000e+00
20605	1.853e+03	0	0.000e+00
20606	1.853e+03	1	2.890e-05
20607	1.853e+03	0	0.000e+00
20608	1.853e+03	0	0.000e+00
20609	1.853e+03	0	0.000e+00
20610	1.853e+03	0	0.000e+00
20611	1.853e+03	0	0.000e+00
20612	1.853e+03	0	0.000e+00
20613	1.853e+03	0	0.000e+00
20614	1.854e+03	0	0.000e+00
20615	1.854e+03	0	0.000e+00
20616	1.854e+03	0	0.000e+00
20617	1.854e+03	0	0.000e+00
20618	1.854e+03	0	0.000e+00
20619	1.854e+03	0	0.000e+00
20620	1.854e+03	0	0.000e+00
20621	1.854e+03	0	0.000e+00
20622	1.854e+03	0	0.000e+00
20623	1.854e+03	1	2.890e-05
20624	1.854e+03	1	2.890e-05
20625	1.855e+03	0	0.000e+00
20626	1.855e+03	0	0.000e+00
20627	1.855e+03	0	0.000e+00
20628	1.855e+03	0	0.000e+00
20629	1.855e+03	0	0.000e+00
20630	1.855e+03	0	0.000e+00
20631	1.855e+03	0	0.000e+00
20632	1.855e+03	0	0.000e+00
20633	1.855e+03	0	0.000e+00
20634	1.855e+03	0	0.000e+00
20635	1.855e+03	0	0.000e+00
20636	1.855e+03	0	0.000e+00
20637	1.856e+03	0	0.000e+00
20638	1.856e+03	0	0.000e+00
20639	1.856e+03	0	0.000e+00
20640	1.856e+03	0	0.000e+00
20641	1.856e+03	0	0.000e+00
20642	1.856e+03	0	0.000e+00
20643	1.856e+03	0	0.000e+00
20644	1.856e+03	0	0.000e+00
20645	1.856e+03	0	0.000e+00
20646	1.856e+03	1	2.890e-05
20647	1.856e+03	0	0.000e+00
20648	1.857e+03	1	2.890e-05
20649	1.857e+03	0	0.000e+00
20650	1.857e+03	0	0.000e+00
20651	1.857e+03	0	0.000e+00
20652	1.857e+03	0	0.000e+00
20653	1.857e+03	0	0.000e+00
20654	1.857e+03	0	0.000e+00
20655	1.857e+03	0	0.000e+00
20656	1.857e+03	0	0.000e+00
20657	1.857e+03	0	0.000e+00
20658	1.857e+03	0	0.000e+00
20659	1.858e+03	0	0.000e+00
20660	1.858e+03	0	0.000e+00
20661	1.858e+03	0	0.000e+00
20662	1.858e+03	0	0.000e+00
20663	1.858e+03	0	0.000e+00
20664	1.858e+03	0	0.000e+00
20665	1.858e+03	0	0.000e+00
20666	1.858e+03	0	0.000e+00
20667	1.858e+03	0	0.000e+00
20668	1.858e+03	0	0.000e+00
20669	1.858e+03	0	0.000e+00
20670	1.859e+03	0	0.000e+00
20671	1.859e+03	0	0.000e+00
20672	1.859e+03	0	0.000e+00
20673	1.859e+03	0	0.000e+00
20674	1.859e+03	0	0.000e+00
20675	1.859e+03	0	0.000e+00
20676	1.859e+03	0	0.000e+00
20677	1.859e+03	0	0.000e+00
20678	1.859e+03	0	0.000e+00
20679	1.859e+03	0	0.000e+00
20680	1.859e+03	0	0.000e+00
20681	1.860e+03	0	0.000e+00
20682	1.860e+03	0	0.000e+00
20683	1.860e+03	0	0.000e+00
20684	1.860e+03	0	0.000e+00
20685	1.860e+03	0	0.000e+00
20686	1.860e+03	0	0.000e+00
20687	1.860e+03	0	0.000e+00
20688	1.860e+03	1	2.890e-05
20689	1.860e+03	0	0.000e+00
20690	1.860e+03	0	0.000e+00
20691	1.860e+03	0	0.000e+00
20692	1.861e+03	0	0.000e+00
20693	1.861e+03	0	0.000e+00
20694	1.861e+03	0	0.000e+00
20695	1.861e+03	0	0.000e+00
20696	1.861e+03	0	0.000e+00
20697	1.861e+03	0	0.000e+00
20698	1.861e+03	0	0.000e+00
20699	1.861e+03	0	0.000e+00
20700	1.861e+03	0	0.000e+00
20701	1.861e+03	0	0.000e+00
20702	1.861e+03	0	0.000e+00
20703	1.862e+03	0	0.000e+00
20704	1.862e+03	0	0.000e+00
20705	1.862e+03	0	0.000e+00
20706	1.862e+03	0	0.000e+00
20707	1.862e+03	0	0.000e+00
20708	1.862e+03	0	0.000e+00
20709	1.862e+03	0	0.000e+00
20710	1.862e+03	1	2.890e-05
20711	1.862e+03	0	0.000e+00
20712	1.862e+03	0	0.000e+00
20713	1.862e+03	0	0.000e+00
20714	1.863e+03	0	0.000e+00
20715	1.863e+03	0	0.000e+00
20716	1.863e+03	0	0.000e+00
20717	1.863e+03	0	0.000e+00
20718	1.863e+03	0	0.000e+00
20719	1.863e+03	0	0.000e+00
20720	1.863e+03	0	0.000e+00
20721	1.863e+03	0	0.000e+00
20722	1.863e+03	1	2.890e-05
20723	1.863e+03	0	0.000e+00
20724	1.863e+03	0	0.000e+00
20725	1.864e+03	0	0.000e+00
20726	1.864e+03	0	0.000e+00
20727	1.864e+03	0	0.000e+00
20728	1.864e+03	0	0.000e+00
20729	1.864e+03	0	0.000e+00
20730	1.864e+03	0	0.000e+00
20731	1.864e+03	0	0.000e+00
20732	1.864e+03	0	0.000e+00
20733	1.864e+03	0	0.000e+00
20734	1.864e+03	0	0.000e+00
20735	1.864e+03	0	0.000e+00
20736	1.864e+03	0	0.000e+00
20737	1.865e+03	0	0.000e+00
20738	1.865e+03	0	0.000e+00
20739	1.865e+03	0	0.000e+00
20740	1.865e+03	0	0.000e+00
20741	1.865e+03	0	0.000e+00
20742	1.865e+03	0	0.000e+00
20743	1.865e+03	0	0.000e+00
20744	1.865e+03	0	0.000e+00
20745	1.865e+03	0	0.000e+00
20746	1.865e+03	0	0.000e+00
20747	1.865e+03	0	0.000e+00
20748	1.866e+03	0	0.000e+00
20749	1.866e+03	0	0.000e+00
20750	1.866e+03	0	0.000e+00
20751	1.866e+03	0	0.000e+00
20752	1.866e+03	0	0.000e+00
20753	1.866e+03	0	0.000e+00
20754	1.866e+03	0	0.000e+00
20755	1.866e+03	0	0.000e+00
20756	1.866e+03	0	0.000e+00
20757	1.866e+03	0	0.000e+00
20758	1.866e+03	0	0.000e+00
20759	1.867e+03	0	0.000e+00
20760	1.867e+03	0	0.000e+00
20761	1.867e+03	0	0.000e+00
20762	1.867e+03	0	0.000e+00
20763	1.867e+03	0	0.000e+00
20764	1.867e+03	0	0.000e+00
20765	1.867e+03	0	0.000e+00
20766	1.867e+03	0	0.000e+00
20767	1.867e+03	0	0.000e+00
20768	1.867e+03	0	0.000e+00
20769	1.867e+03	0	0.000e+00
20770	1.868e+03	0	0.000e+00
20771	1.868e+03	0	0.000e+00
20772	1.868e+03	0	0.000e+00
20773	1.868e+03	0	0.000e+00
20774	1.868e+03	0	0.000e+00
20775	1.868e+03	0	0.000e+00
20776	1.868e+03	0	0.000e+00
20777	1.868e+03	0	0.000e+00
20778	1.868e+03	0	0.000e+00
20779	1.868e+03	0	0.000e+00
20780	1.868e+03	0	0.000e+00
20781	1.869e+03	1	2.890e-05
20782	1.869e+03	0	0.000e+00
20783	1.869e+03	0	0.000e+00
20784	1.869e+03	0	0.000e+00
20785	1.869e+03	0	0.000e+00
20786	1.869e+03	0	0.000e+00
20787	1.869e+03	0	0.000e+00
20788	1.869e+03	0	0.000e+00
20789	1.869e+03	0	0.000e+00
20790	1.869e+03	0	0.000e+00
20791	1.869e+03	0	0.000e+00
20792	1.870e+03	0	0.000e+00
20793	1.870e+03	0	0.000e+00
20794	1.870e+03	0	0.000e+00
20795	1.870e+03	0	0.000e+00
20796	1.870e+03	0	0.000e+00
20797	1.870e+03	0	0.000e+00
20798	1.870e+03	1	2.890e-05
20799	1.870e+03	0	0.000e+00
20800	1.870e+03	0	0.000e+00
20801	1.870e+03	0	0.000e+00
20802	1.870e+03	0	0.000e+00
20803	1.871e+03	0	0.000e+00
20804	1.871e+03	0	0.000e+00
20805	1.871e+03	0	0.000e+00
20806	1.871e+03	0	0.000e+00
20807	1.871e+03	0	0.000e+00
20808	1.871e+03	0	0.000e+00
20809	1.871e+03	0	0.000e+00
20810	1.871e+03	0	0.000e+00
20811	1.871e+03	1	2.890e-05
20812	1.871e+03	0	0.000e+00
20813	1.871e+03	0	0.000e+00
20814	1.872e+03	0	0.000e+00
20815	1.872e+03	0	0.000e+00
20816	1.872e+03	0	0.000e+00
20817	1.872e+03	0	0.000e+00
20818	1.872e+03	0	0.000e+00
20819	1.872e+03	0	0.000e+00
20820	1.872e+03	0	0.000e+00
20821	1.872e+03	0	0.000e+00
20822	1.872e+03	0	0.000e+00
20823	1.872e+03	0	0.000e+00
20824	1.872e+03	0	0.000e+00
20825	1.872e+03	1	2.890e-05
20826	1.873e+03	0	0.000e+00
20827	1.873e+03	0	0.000e+00
20828	1.873e+03	0	0.000e+00
20829	1.873e+03	0	0.000e+00
20830	1.873e+03	0	0.000e+00
20831	1.873e+03	0	0.000e+00
20832	1.873e+03	0	0.000e+00
20833	1.873e+03	0	0.000e+00
20834	1.873e+03	0	0.000e+00
20835	1.873e+03	1	2.890e-05
20836	1.873e+03	0	0.000e+00
20837	1.874e+03	0	0.000e+00
20838	1.874e+03	0	0.000e+00
20839	1.874e+03	0	0.000e+00
20840	1.874e+03	0	0.000e+00
20841	1.874e+03	0	0.000e+00
20842	1.874e+03	0	0.000e+00
20843	1.874e+03	0	0.000e+00
20844	1.874e+03	0	0.000e+00
20845	1.874e+03	0	0.000e+00
20846	1.874e+03	0	0.000e+00
20847	1.874e+03	0	0.000e+00
20848	1.875e+03	0	0.000e+00
20849	1.875e+03	0	0.000e+00
20850	1.875e+03	0	0.000e+00
20851	1.875e+03	0	0.000e+00
20852	1.875e+03	0	0.000e+00
20853	1.875e+03	0	0.000e+00
20854	1.875e+03	0	0.000e+00
20855	1.875e+03	0	0.000e+00
20856	1.875e+03	0	0.000e+00
20857	1.875e+03	1	2.890e-05
20858	1.875e+03	0	0.000e+00
20859	1.876e+03	0	0.000e+00
20860	1.876e+03	0	0.000e+00
20861	1.876e+03	0	0.000e+00
20862	1.876e+03	0	0.000e+00
20863	1.876e+03	0	0.000e+00
20864	1.876e+03	0	0.000e+00
20865	1.876e+03	0	0.000e+00
20866	1.876e+03	0	0.000e+00
20867	1.876e+03	1	2.890e-05
20868	1.876e+03	0	0.000e+00
20869	1.876e+03	0	0.000e+00
20870	1.877e+03	1	2.890e-05
20871	1.877e+03	0	0.000e+00
20872	1.877e+03	0	0.000e+00
20873	1.877e+03	0	0.000e+00
20874	1.877e+03	0	0.000e+00
20875	1.877e+03	0	0.000e+00
20876	1.877e+03	0	0.000e+00
20877	1.877e+03	0	0.000e+00
20878	1.877e+03	0	0.000e+00
20879	1.877e+03	0	0.000e+00
20880	1.877e+03	0	0.000e+00
20881	1.878e+03	0	0.000e+00
20882	1.878e+03	0	0.000e+00
20883	1.878e+03	0	0.000e+00
20884	1.878e+03	0	0.000e+00
20885	1.878e+03	0	0.000e+00
20886	1.878e+03	0	0.000e+00
20887	1.878e+03	0	0.000e+00
20888	1.878e+03	0	0.000e+00
20889	1.878e+03	0	0.000e+00
20890	1.878e+03	0	0.000e+00
20891	1.878e+03	0	0.000e+00
20892	1.879e+03	0	0.000e+00
20893	1.879e+03	0	0.000e+00
20894	1.879e+03	0	0.000e+00
20895	1.879e+03	0	0.000e+00
20896	1.879e+03	0	0.000e+00
20897	1.879e+03	0	0.000e+00
20898	1.879e+03	0	0.000e+00
20899	1.879e+03	0	0.000e+00
20900	1.879e+03	0	0.000e+00
20901	1.879e+03	0	0.000e+00
20902	1.879e+03	1	2.890e-05
20903	1.880e+03	0	0.000e+00
20904	1.880e+03	0	0.000e+00
20905	1.880e+03	0	0.000e+00
20906	1.880e+03	0	0.000e+00
20907	1.880e+03	0	0.000e+00
20908	1.880e+03	0	0.000e+00
20909	1.880e+03	0	0.000e+00
20910	1.880e+03	0	0.000e+00
20911	1.880e+03	0	0.000e+00
20912	1.880e+03	0	0.000e+00
20913	1.880e+03	0	0.000e+00
20914	1.880e+03	0	0.000e+00
20915	1.881e+03	0	0.000e+00
20916	1.881e+03	0	0.000e+00
20917	1.881e+03	0	0.000e+00
20918	1.881e+03	0	0.000e+00
20919	1.881e+03	0	0.000e+00
20920	1.881e+03	0	0.000e+00
20921	1.881e+03	0	0.000e+00
20922	1.881e+03	0	0.000e+00
20923	1.881e+03	0	0.000e+00
20924	1.881e+03	2	5.780e-05
20925	1.881e+03	0	0.000e+00
20926	1.882e+03	0	0.000e+00
20927	1.882e+03	0	0.000e+00
20928	1.882e+03	0	0.000e+00
20929	1.882e+03	0	0.000e+00
20930	1.882e+03	0	0.000e+00
20931	1.882e+03	0	0.000e+00
20932	1.882e+03	1	2.890e-05
20933	1.882e+03	0	0.000e+00
20934	1.882e+03	0	0.000e+00
20935	1.882e+03	0	0.000e+00
20936	1.882e+03	0	0.000e+00
20937	1.883e+03	0	0.000e+00
20938	1.883e+03	0	0.000e+00
20939	1.883e+03	0	0.000e+00
20940	1.883e+03	0	0.000e+00
20941	1.883e+03	1	2.890e-05
20942	1.883e+03	0	0.000e+00
20943	1.883e+03	0	0.000e+00
20944	1.883e+03	0	0.000e+00
20945	1.883e+03	0	0.000e+00
20946	1.883e+03	0	0.000e+00
20947	1.883e+03	0	0.000e+00
20948	1.884e+03	0	0.000e+00
20949	1.884e+03	0	0.000e+00
20950	1.884e+03	0	0.000e+00
20951	1.884e+03	0	0.000e+00
20952	1.884e+03	0	0.000e+00
20953	1.884e+03	0	0.000e+00
20954	1.884e+03	0	0.000e+00
20955	1.884e+03	0	0.000e+00
20956	1.884e+03	0	0.000e+00
20957	1.884e+03	0	0.000e+00
20958	1.884e+03	0	0.000e+00
20959	1.885e+03	0	0.000e+00
20960	1.885e+03	0	0.000e+00
20961	1.885e+03	0	0.000e+00
20962	1.885e+03	0	0.000e+00
20963	1.885e+03	0	0.000e+00
20964	1.885e+03	1	2.890e-05
20965	1.885e+03	0	0.000e+00
20966	1.885e+03	0	0.000e+00
20967	1.885e+03	0	0.000e+00
20968	1.885e+03	0	0.000e+00
20969	1.885e+03	0	0.000e+00
20970	1.886e+03	0	0.000e+00
20971	1.886e+03	0	0.000e+00
20972	1.886e+03	0	0.000e+00
20973	1.886e+03	0	0.000e+00
20974	1.886e+03	0	0.000e+00
20975	1.886e+03	0	0.000e+00
20976	1.886e+03	0	0.000e+00
20977	1.886e+03	0	0.000e+00
20978	1.886e+03	0	0.000e+00
20979	1.886e+03	0	0.000e+00
20980	1.886e+03	0	0.000e+00
20981	1.887e+03	0	0.000e+00
20982	1.887e+03	0	0.000e+00
20983	1.887e+03	0	0.000e+00
20984	1.887e+03	1	2.890e-05
20985	1.887e+03	0	0.000e+00
20986	1.887e+03	0	0.000e+00
20987	1.887e+03	0	0.000e+00
20988	1.887e+03	0	0.000e+00
20989	1.887e+03	0	0.000e+00
20990	1.887e+03	0	0.000e+00
20991	1.887e+03	0	0.000e+00
20992	1.888e+03	0	0.000e+00
20993	1.888e+03	0	0.000e+00
20994	1.888e+03	0	0.000e+00
20995	1.888e+03	1	2.890e-05
20996	1.888e+03	0	0.000e+00
20997	1.888e+03	2	5.780e-05
20998	1.888e+03	0	0.000e+00
20999	1.888e+03	0	0.000e+00
21000	1.888e+03	1	2.890e-05
21001	1.888e+03	0	0.000e+00
21002	1.888e+03	0	0.000e+00
21003	1.889e+03	1	2.890e-05
21004	1.889e+03	0	0.000e+00
21005	1.889e+03	3	8.671e-05
21006	1.889e+03	0	0.000e+00
21007	1.889e+03	0	0.000e+00
21008	1.889e+03	0	0.000e+00
21009	1.889e+03	0	0.000e+00
21010	1.889e+03	0	0.000e+00
21011	1.889e+03	0	0.000e+00
21012	1.889e+03	0	0.000e+00
21013	1.889e+03	0	0.000e+00
21014	1.889e+03	0	0.000e+00
21015	1.890e+03	0	0.000e+00
21016	1.890e+03	0	0.000e+00
21017	1.890e+03	0	0.000e+00
21018	1.890e+03	0	0.000e+00
21019	1.890e+03	0	0.000e+00
21020	1.890e+03	0	0.000e+00
21021	1.890e+03	0	0.000e+00
21022	1.890e+03	0	0.000e+00
21023	1.890e+03	2	5.780e-05
21024	1.890e+03	0	0.000e+00
21025	1.890e+03	0	0.000e+00
21026	1.891e+03	0	0.000e+00
21027	1.891e+03	0	0.000e+00
21028	1.891e+03	0	0.000e+00
21029	1.891e+03	0	0.000e+00
21030	1.891e+03	0	0.000e+00
21031	1.891e+03	0	0.000e+00
21032	1.891e+03	0	0.000e+00
21033	1.891e+03	0	0.000e+00
21034	1.891e+03	0	0.000e+00
21035	1.891e+03	0	0.000e+00
21036	1.891e+03	0	0.000e+00
21037	1.892e+03	0	0.000e+00
21038	1.892e+03	0	0.000e+00
21039	1.892e+03	0	0.000e+00
21040	1.892e+03	0	0.000e+00
21041	1.892e+03	1	2.890e-05
21042	1.892e+03	0	0.000e+00
21043	1.892e+03	0	0.000e+00
21044	1.892e+03	0	0.000e+00
21045	1.892e+03	0	0.000e+00
21046	1.892e+03	0	0.000e+00
21047	1.892e+03	0	0.000e+00
21048	1.893e+03	0	0.000e+00
21049	1.893e+03	0	0.000e+00
21050	1.893e+03	0	0.000e+00
21051	1.893e+03	0	0.000e+00
21052	1.893e+03	0	0.000e+00
21053	1.893e+03	0	0.000e+00
21054	1.893e+03	0	0.000e+00
21055	1.893e+03	0	0.000e+00
21056	1.893e+03	0	0.000e+00
21057	1.893e+03	0	0.000e+00
21058	1.893e+03	0	0.000e+00
21059	1.894e+03	0	0.000e+00
21060	1.894e+03	0	0.000e+00
21061	1.894e+03	0	0.000e+00
21062	1.894e+03	0	0.000e+00
21063	1.894e+03	0	0.000e+00
21064	1.894e+03	0	0.000e+00
21065	1.894e+03	0	0.000e+00
21066	1.894e+03	0	0.000e+00
21067	1.894e+03	0	0.000e+00
21068	1.894e+03	0	0.000e+00
21069	1.894e+03	1	2.890e-05
21070	1.895e+03	0	0.000e+00
21071	1.895e+03	0	0.000e+00
21072	1.895e+03	0	0.000e+00
21073	1.895e+03	0	0.000e+00
21074	1.895e+03	0	0.000e+00
21075	1.895e+03	0	0.000e+00
21076	1.895e+03	0	0.000e+00
21077	1.895e+03	0	0.000e+00
21078	1.895e+03	0	0.000e+00
21079	1.895e+03	0	0.000e+00
21080	1.895e+03	0	0.000e+00
21081	1.896e+03	0	0.000e+00
21082	1.896e+03	0	0.000e+00
21083	1.896e+03	1	2.890e-05
21084	1.896e+03	0	0.000e+00
21085	1.896e+03	2	5.780e-05
21086	1.896e+03	0	0.000e+00
21087	1.896e+03	0	0.000e+00
21088	1.896e+03	0	0.000e+00
21089	1.896e+03	0	0.000e+00
21090	1.896e+03	0	0.000e+00
21091	1.896e+03	0	0.000e+00
21092	1.897e+03	0	0.000e+00
21093	1.897e+03	0	0.000e+00
21094	1.897e+03	0	0.000e+00
21095	1.897e+03	0	0.000e+00
21096	1.897e+03	0	0.000e+00
21097	1.897e+03	0	0.000e+00
21098	1.897e+03	0	0.000e+00
21099	1.897e+03	0	0.000e+00
21100	1.897e+03	0	0.000e+00
21101	1.897e+03	1	2.890e-05
21102	1.897e+03	0	0.000e+00
21103	1.897e+03	2	5.780e-05
21104	1.898e+03	0	0.000e+00
21105	1.898e+03	0	0.000e+00
21106	1.898e+03	0	0.000e+00
21107	1.898e+03	0	0.000e+00
21108	1.898e+03	0	0.000e+00
21109	1.898e+03	0	0.000e+00
21110	1.898e+03	0	0.000e+00
21111	1.898e+03	0	0.000e+00
21112	1.898e+03	0	0.000e+00
21113	1.898e+03	0	0.000e+00
21114	1.898e+03	0	0.000e+00
21115	1.899e+03	0	0.000e+00
21116	1.899e+03	0	0.000e+00
21117	1.899e+03	0	0.000e+00
21118	1.899e+03	0	0.000e+00
21119	1.899e+03	0	0.000e+00
21120	1.899e+03	0	0.000e+00
21121	1.899e+03	0	0.000e+00
21122	1.899e+03	0	0.000e+00
21123	1.899e+03	0	0.000e+00
21124	1.899e+03	0	0.000e+00
21125	1.899e+03	0	0.000e+00
21126	1.900e+03	0	0.000e+00
21127	1.900e+03	0	0.000e+00
21128	1.900e+03	0	0.000e+00
21129	1.900e+03	0	0.000e+00
21130	1.900e+03	0	0.000e+00
21131	1.900e+03	0	0.000e+00
21132	1.900e+03	0	0.000e+00
21133	1.900e+03	0	0.000e+00
21134	1.900e+03	0	0.000e+00
21135	1.900e+03	0	0.000e+00
21136	1.900e+03	0	0.000e+00
21137	1.901e+03	0	0.000e+00
21138	1.901e+03	0	0.000e+00
21139	1.901e+03	0	0.000e+00
21140	1.901e+03	0	0.000e+00
21141	1.901e+03	0	0.000e+00
21142	1.901e+03	0	0.000e+00
21143	1.901e+03	1	2.890e-05
21144	1.901e+03	0	0.000e+00
21145	1.901e+03	0	0.000e+00
21146	1.901e+03	0	0.000e+00
21147	1.901e+03	0	0.000e+00
21148	1.902e+03	0	0.000e+00
21149	1.902e+03	0	0.000e+00
21150	1.902e+03	0	0.000e+00
21151	1.902e+03	0	0.000e+00
21152	1.902e+03	0	0.000e+00
21153	1.902e+03	0	0.000e+00
21154	1.902e+03	0	0.000e+00
21155	1.902e+03	0	0.000e+00
21156	1.902e+03	0	0.000e+00
21157	1.902e+03	0	0.000e+00
21158	1.902e+03	0	0.000e+00
21159	1.903e+03	0	0.000e+00
21160	1.903e+03	0	0.000e+00
21161	1.903e+03	0	0.000e+00
21162	1.903e+03	0	0.000e+00
21163	1.903e+03	0	0.000e+00
21164	1.903e+03	0	0.000e+00
21165	1.903e+03	0	0.000e+00
21166	1.903e+03	0	0.000e+00
21167	1.903e+03	0	0.000e+00
21168	1.903e+03	0	0.000e+00
21169	1.903e+03	0	0.000e+00
21170	1.904e+03	0	0.000e+00
21171	1.904e+03	0	0.000e+00
21172	1.904e+03	0	0.000e+00
21173	1.904e+03	0	0.000e+00
21174	1.904e+03	1	2.890e-05
21175	1.904e+03	0	0.000e+00
21176	1.904e+03	0	0.000e+00
21177	1.904e+03	0	0.000e+00
21178	1.904e+03	0	0.000e+00
21179	1.904e+03	0	0.000e+00
21180	1.904e+03	0	0.000e+00
21181	1.905e+03	0	0.000e+00
21182	1.905e+03	0	0.000e+00
21183	1.905e+03	0	0.000e+00
21184	1.905e+03	0	0.000e+00
21185	1.905e+03	0	0.000e+00
21186	1.905e+03	1	2.890e-05
21187	1.905e+03	0	0.000e+00
21188	1.905e+03	0	0.000e+00
21189	1.905e+03	0	0.000e+00
21190	1.905e+03	0	0.000e+00
21191	1.905e+03	1	2.890e-05
21192	1.905e+03	0	0.000e+00
21193	1.906e+03	0	0.000e+00
21194	1.906e+03	0	0.000e+00
21195	1.906e+03	0	0.000e+00
21196	1.906e+03	0	0.000e+00
21197	1.906e+03	0	0.000e+00
21198	1.906e+03	1	2.890e-05
21199	1.906e+03	0	0.000e+00
21200	1.906e+03	0	0.000e+00
21201	1.906e+03	0	0.000e+00
21202	1.906e+03	0	0.000e+00
21203	1.906e+03	1	2.890e-05
21204	1.907e+03	0	0.000e+00
21205	1.907e+03	0	0.000e+00
21206	1.907e+03	0	0.000e+00
21207	1.907e+03	0	0.000e+00
21208	1.907e+03	0	0.000e+00
21209	1.907e+03	0	0.000e+00
21210	1.907e+03	0	0.000e+00
21211	1.907e+03	0	0.000e+00
21212	1.907e+03	0	0.000e+00
21213	1.907e+03	0	0.000e+00
21214	1.907e+03	0	0.000e+00
21215	1.908e+03	0	0.000e+00
21216	1.908e+03	0	0.000e+00
21217	1.908e+03	0	0.000e+00
21218	1.908e+03	0	0.000e+00
21219	1.908e+03	0	0.000e+00
21220	1.908e+03	0	0.000e+00
21221	1.908e+03	0	0.000e+00
21222	1.908e+03	0	0.000e+00
21223	1.908e+03	0	0.000e+00
21224	1.908e+03	0	0.000e+00
21225	1.908e+03	0	0.000e+00
21226	1.909e+03	0	0.000e+00
21227	1.909e+03	0	0.000e+00
21228	1.909e+03	0	0.000e+00
21229	1.909e+03	0	0.000e+00
21230	1.909e+03	0	0.000e+00
21231	1.909e+03	0	0.000e+00
21232	1.909e+03	0	0.000e+00
21233	1.909e+03	0	0.000e+00
21234	1.909e+03	0	0.000e+00
21235	1.909e+03	0	0.000e+00
21236	1.909e+03	0	0.000e+00
21237	1.910e+03	0	0.000e+00
21238	1.910e+03	0	0.000e+00
21239	1.910e+03	0	0.000e+00
21240	1.910e+03	0	0.000e+00
21241	1.910e+03	0	0.000e+00
21242	1.910e+03	0	0.000e+00
21243	1.910e+03	0	0.000e+00
21244	1.910e+03	0	0.000e+00
21245	1.910e+03	0	0.000e+00
21246	1.910e+03	0	0.000e+00
21247	1.910e+03	0	0.000e+00
21248	1.911e+03	0	0.000e+00
21249	1.911e+03	0	0.000e+00
21250	1.911e+03	0	0.000e+00
21251	1.911e+03	0	0.000e+00
21252	1.911e+03	0	0.000e+00
21253	1.911e+03	0	0.000e+00
21254	1.911e+03	0	0.000e+00
21255	1.911e+03	1	2.890e-05
21256	1.911e+03	0	0.000e+00
21257	1.911e+03	0	0.000e+00
21258	1.911e+03	0	0.000e+00
21259	1.912e+03	0	0.000e+00
21260	1.912e+03	0	0.000e+00
21261	1.912e+03	0	0.000e+00
21262	1.912e+03	0	0.000e+00
21263	1.912e+03	0	0.000e+00
21264	1.912e+03	0	0.000e+00
21265	1.912e+03	0	0.000e+00
21266	1.912e+03	0	0.000e+00
21267	1.912e+03	0	0.000e+00
21268	1.912e+03	0	0.000e+00
21269	1.912e+03	0	0.000e+00
21270	1.913e+03	0	0.000e+00
21271	1.913e+03	0	0.000e+00
21272	1.913e+03	0	0.000e+00
21273	1.913e+03	0	0.000e+00
21274	1.913e+03	0	0.000e+00
21275	1.913e+03	0	0.000e+00
21276	1.913e+03	0	0.000e+00
21277	1.913e+03	0	0.000e+00
21278	1.913e+03	0	0.000e+00
21279	1.913e+03	0	0.000e+00
21280	1.913e+03	0	0.000e+00
21281	1.913e+03	0	0.000e+00
21282	1.914e+03	0	0.000e+00
21283	1.914e+03	0	0.000e+00
21284	1.914e+03	0	0.000e+00
21285	1.914e+03	1	2.890e-05
21286	1.914e+03	0	0.000e+00
21287	1.914e+03	0	0.000e+00
21288	1.914e+03	0	0.000e+00
21289	1.914e+03	0	0.000e+00
21290	1.914e+03	0	0.000e+00
21291	1.914e+03	0	0.000e+00
21292	1.914e+03	0	0.000e+00
21293	1.915e+03	0	0.000e+00
21294	1.915e+03	0	0.000e+00
21295	1.915e+03	0	0.000e+00
21296	1.915e+03	0	0.000e+00
21297	1.915e+03	0	0.000e+00
21298	1.915e+03	0	0.000e+00
21299	1.915e+03	0	0.000e+00
21300	1.915e+03	0	0.000e+00
21301	1.915e+03	0	0.000e+00
21302	1.915e+03	0	0.000e+00
21303	1.915e+03	0	0.000e+00
21304	1.916e+03	1	2.890e-05
21305	1.916e+03	0	0.000e+00
21306	1.916e+03	0	0.000e+00
21307	1.916e+03	0	0.000e+00
21308	1.916e+03	0	0.000e+00
21309	1.916e+03	0	0.000e+00
21310	1.916e+03	0	0.000e+00
21311	1.916e+03	0	0.000e+00
21312	1.916e+03	0	0.000e+00
21313	1.916e+03	0	0.000e+00
21314	1.916e+03	0	0.000e+00
21315	1.917e+03	0	0.000e+00
21316	1.917e+03	0	0.000e+00
21317	1.917e+03	0	0.000e+00
21318	1.917e+03	0	0.000e+00
21319	1.917e+03	0	0.000e+00
21320	1.917e+03	0	0.000e+00
21321	1.917e+03	0	0.000e+00
21322	1.917e+03	0	0.000e+00
21323	1.917e+03	0	0.000e+00
21324	1.917e+03	0	0.000e+00
21325	1.917e+03	0	0.000e+00
21326	1.918e+03	0	0.000e+00
21327	1.918e+03	0	0.000e+00
21328	1.918e+03	0	0.000e+00
21329	1.918e+03	0	0.000e+00
21330	1.918e+03	0	0.000e+00
21331	1.918e+03	0	0.000e+00
21332	1.918e+03	0	0.000e+00
21333	1.918e+03	0	0.000e+00
21334	1.918e+03	0	0.000e+00
21335	1.918e+03	0	0.000e+00
21336	1.918e+03	0	0.000e+00
21337	1.919e+03	0	0.000e+00
21338	1.919e+03	0	0.000e+00
21339	1.919e+03	0	0.000e+00
21340	1.919e+03	0	0.000e+00
21341	1.919e+03	0	0.000e+00
21342	1.919e+03	0	0.000e+00
21343	1.919e+03	1	2.890e-05
21344	1.919e+03	0	0.000e+00
21345	1.919e+03	0	0.000e+00
21346	1.919e+03	0	0.000e+00
21347	1.919e+03	0	0.000e+00
21348	1.920e+03	0	0.000e+00
21349	1.920e+03	0	0.000e+00
21350	1.920e+03	0	0.000e+00
21351	1.920e+03	0	0.000e+00
21352	1.920e+03	0	0.000e+00
21353	1.920e+03	0	0.000e+00
21354	1.920e+03	0	0.000e+00
21355	1.920e+03	0	0.000e+00
21356	1.920e+03	0	0.000e+00
21357	1.920e+03	0	0.000e+00
21358	1.920e+03	0	0.000e+00
21359	1.921e+03	0	0.000e+00
21360	1.921e+03	0	0.000e+00
21361	1.921e+03	0	0.000e+00
21362	1.921e+03	0	0.000e+00
21363	1.921e+03	0	0.000e+00
21364	1.921e+03	0	0.000e+00
21365	1.921e+03	0	0.000e+00
21366	1.921e+03	0	0.000e+00
21367	1.921e+03	0	0.000e+00
21368	1.921e+03	0	0.000e+00
21369	1.921e+03	0	0.000e+00
21370	1.922e+03	0	0.000e+00
21371	1.922e+03	0	0.000e+00
21372	1.922e+03	1	2.890e-05
21373	1.922e+03	0	0.000e+00
21374	1.922e+03	0	0.000e+00
21375	1.922e+03	0	0.000e+00
21376	1.922e+03	0	0.000e+00
21377	1.922e+03	0	0.000e+00
21378	1.922e+03	0	0.000e+00
21379	1.922e+03	0	0.000e+00
21380	1.922e+03	0	0.000e+00
21381	1.922e+03	0	0.000e+00
21382	1.923e+03	0	0.000e+00
21383	1.923e+03	0	0.000e+00
21384	1.923e+03	0	0.000e+00
21385	1.923e+03	0	0.000e+00
21386	1.923e+03	0	0.000e+00
21387	1.923e+03	0	0.000e+00
21388	1.923e+03	0	0.000e+00
21389	1.923e+03	0	0.000e+00
21390	1.923e+03	0	0.000e+00
21391	1.923e+03	1	2.890e-05
21392	1.923e+03	0	0.000e+00
21393	1.924e+03	0	0.000e+00
21394	1.924e+03	0	0.000e+00
21395	1.924e+03	0	0.000e+00
21396	1.924e+03	0	0.000e+00
21397	1.924e+03	0	0.000e+00
21398	1.924e+03	0	0.000e+00
21399	1.924e+03	0	0.000e+00
21400	1.924e+03	1	2.890e-05
21401	1.924e+03	0	0.000e+00
21402	1.924e+03	0	0.000e+00
21403	1.924e+03	0	0.000e+00
21404	1.925e+03	0	0.000e+00
21405	1.925e+03	0	0.000e+00
21406	1.925e+03	0	0.000e+00
21407	1.925e+03	0	0.000e+00
21408	1.925e+03	0	0.000e+00
21409	1.925e+03	0	0.000e+00
21410	1.925e+03	0	0.000e+00
21411	1.925e+03	0	0.000e+00
21412	1.925e+03	0	0.000e+00
21413	1.925e+03	0	0.000e+00
21414	1.925e+03	0	0.000e+00
21415	1.926e+03	0	0.000e+00
21416	1.926e+03	0	0.000e+00
21417	1.926e+03	0	0.000e+00
21418	1.926e+03	0	0.000e+00
21419	1.926e+03	0	0.000e+00
21420	1.926e+03	2	5.780e-05
21421	1.926e+03	0	0.000e+00
21422	1.926e+03	1	2.890e-05
21423	1.926e+03	0	0.000e+00
21424	1.926e+03	0	0.000e+00
21425	1.926e+03	0	0.000e+00
21426	1.927e+03	0	0.000e+00
21427	1.927e+03	0	0.000e+00
21428	1.927e+03	0	0.000e+00
21429	1.927e+03	0	0.000e+00
21430	1.927e+03	0	0.000e+00
21431	1.927e+03	0	0.000e+00
21432	1.927e+03	0	0.000e+00
21433	1.927e+03	1	2.890e-05
21434	1.927e+03	0	0.000e+00
21435	1.927e+03	0	0.000e+00
21436	1.927e+03	0	0.000e+00
21437	1.928e+03	0	0.000e+00
21438	1.928e+03	0	0.000e+00
21439	1.928e+03	0	0.000e+00
21440	1.928e+03	0	0.000e+00
21441	1.928e+03	0	0.000e+00
21442	1.928e+03	0	0.000e+00
21443	1.928e+03	0	0.000e+00
21444	1.928e+03	0	0.000e+00
21445	1.928e+03	0	0.000e+00
21446	1.928e+03	0	0.000e+00
21447	1.928e+03	0	0.000e+00
21448	1.929e+03	0	0.000e+00
21449	1.929e+03	0	0.000e+00
21450	1.929e+03	0	0.000e+00
21451	1.929e+03	0	0.000e+00
21452	1.929e+03	0	0.000e+00
21453	1.929e+03	1	2.890e-05
21454	1.929e+03	0	0.000e+00
21455	1.929e+03	0	0.000e+00
21456	1.929e+03	0	0.000e+00
21457	1.929e+03	0	0.000e+00
21458	1.929e+03	0	0.000e+00
21459	1.930e+03	0	0.000e+00
21460	1.930e+03	0	0.000e+00
21461	1.930e+03	0	0.000e+00
21462	1.930e+03	0	0.000e+00
21463	1.930e+03	0	0.000e+00
21464	1.930e+03	0	0.000e+00
21465	1.930e+03	0	0.000e+00
21466	1.930e+03	0	0.000e+00
21467	1.930e+03	0	0.000e+00
21468	1.930e+03	1	2.890e-05
21469	1.930e+03	0	0.000e+00
21470	1.930e+03	0	0.000e+00
21471	1.931e+03	0	0.000e+00
21472	1.931e+03	0	0.000e+00
21473	1.931e+03	0	0.000e+00
21474	1.931e+03	2	5.780e-05
21475	1.931e+03	0	0.000e+00
21476	1.931e+03	0	0.000e+00
21477	1.931e+03	0	0.000e+00
21478	1.931e+03	0	0.000e+00
21479	1.931e+03	0	0.000e+00
21480	1.931e+03	0	0.000e+00
21481	1.931e+03	0	0.000e+00
21482	1.932e+03	0	0.000e+00
21483	1.932e+03	0	0.000e+00
21484	1.932e+03	0	0.000e+00
21485	1.932e+03	0	0.000e+00
21486	1.932e+03	0	0.000e+00
21487	1.932e+03	0	0.000e+00
21488	1.932e+03	0	0.000e+00
21489	1.932e+03	0	0.000e+00
21490	1.932e+03	0	0.000e+00
21491	1.932e+03	0	0.000e+00
21492	1.932e+03	0	0.000e+00
21493	1.933e+03	0	0.000e+00
21494	1.933e+03	0	0.000e+00
21495	1.933e+03	2	5.780e-05
21496	1.933e+03	0	0.000e+00
21497	1.933e+03	0	0.000e+00
21498	1.933e+03	0	0.000e+00
21499	1.933e+03	0	0.000e+00
21500	1.933e+03	0	0.000e+00
21501	1.933e+03	0	0.000e+00
21502	1.933e+03	0	0.000e+00
21503	1.933e+03	1	2.890e-05
21504	1.934e+03	0	0.000e+00
21505	1.934e+03	0	0.000e+00
21506	1.934e+03	0	0.000e+00
21507	1.934e+03	0	0.000e+00
21508	1.934e+03	0	0.000e+00
21509	1.934e+03	0	0.000e+00
21510	1.934e+03	0	0.000e+00
21511	1.934e+03	0	0.000e+00
21512	1.934e+03	0	0.000e+00
21513	1.934e+03	0	0.000e+00
21514	1.934e+03	0	0.000e+00
21515	1.935e+03	0	0.000e+00
21516	1.935e+03	0	0.000e+00
21517	1.935e+03	0	0.000e+00
21518	1.935e+03	0	0.000e+00
21519	1.935e+03	0	0.000e+00
21520	1.935e+03	0	0.000e+00
21521	1.935e+03	0	0.000e+00
21522	1.935e+03	0	0.000e+00
21523	1.935e+03	0	0.000e+00
21524	1.935e+03	0	0.000e+00
21525	1.935e+03	0	0.000e+00
21526	1.936e+03	0	0.000e+00
21527	1.936e+03	0	0.000e+00
21528	1.936e+03	0	0.000e+00
21529	1.936e+03	0	0.000e+00
21530	1.936e+03	0	0.000e+00
21531	1.936e+03	0	0.000e+00
21532	1.936e+03	0	0.000e+00
21533	1.936e+03	0	0.000e+00
21534	1.936e+03	0	0.000e+00
21535	1.936e+03	0	0.000e+00
21536	1.936e+03	0	0.000e+00
21537	1.937e+03	0	0.000e+00
21538	1.937e+03	0	0.000e+00
21539	1.937e+03	0	0.000e+00
21540	1.937e+03	0	0.000e+00
21541	1.937e+03	1	2.890e-05
21542	1.937e+03	0	0.000e+00
21543	1.937e+03	0	0.000e+00
21544	1.937e+03	0	0.000e+00
21545	1.937e+03	0	0.000e+00
21546	1.937e+03	0	0.000e+00
21547	1.937e+03	0	0.000e+00
21548	1.938e+03	0	0.000e+00
21549	1.938e+03	0	0.000e+00
21550	1.938e+03	1	2.890e-05
21551	1.938e+03	0	0.000e+00
21552	1.938e+03	0	0.000e+00
21553	1.938e+03	0	0.000e+00
21554	1.938e+03	0	0.000e+00
21555	1.938e+03	0	0.000e+00
21556	1.938e+03	0	0.000e+00
21557	1.938e+03	1	2.890e-05
21558	1.938e+03	0	0.000e+00
21559	1.938e+03	0	0.000e+00
21560	1.939e+03	0	0.000e+00
21561	1.939e+03	0	0.000e+00
21562	1.939e+03	0	0.000e+00
21563	1.939e+03	0	0.000e+00
21564	1.939e+03	0	0.000e+00
21565	1.939e+03	0	0.000e+00
21566	1.939e+03	1	2.890e-05
21567	1.939e+03	0	0.000e+00
21568	1.939e+03	0	0.000e+00
21569	1.939e+03	0	0.000e+00
21570	1.939e+03	0	0.000e+00
21571	1.940e+03	0	0.000e+00
21572	1.940e+03	0	0.000e+00
21573	1.940e+03	0	0.000e+00
21574	1.940e+03	0	0.000e+00
21575	1.940e+03	0	0.000e+00
21576	1.940e+03	0	0.000e+00
21577	1.940e+03	0	0.000e+00
21578	1.940e+03	0	0.000e+00
21579	1.940e+03	0	0.000e+00
21580	1.940e+03	0	0.000e+00
21581	1.940e+03	0	0.000e+00
21582	1.941e+03	0	0.000e+00
21583	1.941e+03	0	0.000e+00
21584	1.941e+03	0	0.000e+00
21585	1.941e+03	0	0.000e+00
21586	1.941e+03	0	0.000e+00
21587	1.941e+03	0	0.000e+00
21588	1.941e+03	0	0.000e+00
21589	1.941e+03	0	0.000e+00
21590	1.941e+03	0	0.000e+00
21591	1.941e+03	0	0.000e+00
21592	1.941e+03	0	0.000e+00
21593	1.942e+03	0	0.000e+00
21594	1.942e+03	0	0.000e+00
21595	1.942e+03	0	0.000e+00
21596	1.942e+03	0	0.000e+00
21597	1.942e+03	0	0.000e+00
21598	1.942e+03	0	0.000e+00
21599	1.942e+03	0	0.000e+00
21600	1.942e+03	0	0.000e+00
21601	1.942e+03	0	0.000e+00
21602	1.942e+03	1	2.890e-05
21603	1.942e+03	0	0.000e+00
21604	1.943e+03	0	0.000e+00
21605	1.943e+03	0	0.000e+00
21606	1.943e+03	0	0.000e+00
21607	1.943e+03	0	0.000e+00
21608	1.943e+03	0	0.000e+00
21609	1.943e+03	0	0.000e+00
21610	1.943e+03	0	0.000e+00
21611	1.943e+03	0	0.000e+00
21612	1.943e+03	0	0.000e+00
21613	1.943e+03	0	0.000e+00
21614	1.943e+03	0	0.000e+00
21615	1.944e+03	0	0.000e+00
21616	1.944e+03	0	0.000e+00
21617	1.944e+03	0	0.000e+00
21618	1.944e+03	0	0.000e+00
21619	1.944e+03	0	0.000e+00
21620	1.944e+03	0	0.000e+00
21621	1.944e+03	0	0.000e+00
21622	1.944e+03	0	0.000e+00
21623	1.944e+03	1	2.890e-05
21624	1.944e+03	0	0.000e+00
21625	1.944e+03	0	0.000e+00
21626	1.945e+03	0	0.000e+00
21627	1.945e+03	1	2.890e-05
21628	1.945e+03	0	0.000e+00
21629	1.945e+03	0	0.000e+00
21630	1.945e+03	0	0.000e+00
21631	1.945e+03	0	0.000e+00
21632	1.945e+03	0	0.000e+00
21633	1.945e+03	0	0.000e+00
21634	1.945e+03	2	5.780e-05
21635	1.945e+03	0	0.000e+00
21636	1.945e+03	0	0.000e+00
21637	1.946e+03	0	0.000e+00
21638	1.946e+03	0	0.000e+00
21639	1.946e+03	0	0.000e+00
21640	1.946e+03	0	0.000e+00
21641	1.946e+03	0	0.000e+00
21642	1.946e+03	0	0.000e+00
21643	1.946e+03	0	0.000e+00
21644	1.946e+03	0	0.000e+00
21645	1.946e+03	0	0.000e+00
21646	1.946e+03	0	0.000e+00
21647	1.946e+03	0	0.000e+00
21648	1.946e+03	0	0.000e+00
21649	1.947e+03	0	0.000e+00
21650	1.947e+03	0	0.000e+00
21651	1.947e+03	0	0.000e+00
21652	1.947e+03	0	0.000e+00
21653	1.947e+03	0	0.000e+00
21654	1.947e+03	0	0.000e+00
21655	1.947e+03	0	0.000e+00
21656	1.947e+03	0	0.000e+00
21657	1.947e+03	0	0.000e+00
21658	1.947e+03	0	0.000e+00
21659	1.947e+03	0	0.000e+00
21660	1.948e+03	0	0.000e+00
21661	1.948e+03	0	0.000e+00
21662	1.948e+03	0	0.000e+00
21663	1.948e+03	0	0.000e+00
21664	1.948e+03	0	0.000e+00
21665	1.948e+03	0	0.000e+00
21666	1.948e+03	0	0.000e+00
21667	1.948e+03	0	0.000e+00
21668	1.948e+03	0	0.000e+00
21669	1.948e+03	0	0.000e+00
21670	1.948e+03	0	0.000e+00
21671	1.949e+03	0	0.000e+00
21672	1.949e+03	0	0.000e+00
21673	1.949e+03	0	0.000e+00
21674	1.949e+03	0	0.000e+00
21675	1.949e+03	0	0.000e+00
21676	1.949e+03	0	0.000e+00
21677	1.949e+03	0	0.000e+00
21678	1.949e+03	0	0.000e+00
21679	1.949e+03	0	0.000e+00
21680	1.949e+03	0	0.000e+00
21681	1.949e+03	0	0.000e+00
21682	1.950e+03	0	0.000e+00
21683	1.950e+03	0	0.000e+00
21684	1.950e+03	0	0.000e+00
21685	1.950e+03	0	0.000e+00
21686	1.950e+03	0	0.000e+00
21687	1.950e+03	0	0.000e+00
21688	1.950e+03	0	0.000e+00
21689	1.950e+03	0	0.000e+00
21690	1.950e+03	0	0.000e+00
21691	1.950e+03	0	0.000e+00
21692	1.950e+03	0	0.000e+00
21693	1.951e+03	0	0.000e+00
21694	1.951e+03	0	0.000e+00
21695	1.951e+03	0	0.000e+00
21696	1.951e+03	0	0.000e+00
21697	1.951e+03	0	0.000e+00
21698	1.951e+03	0	0.000e+00
21699	1.951e+03	0	0.000e+00
21700	1.951e+03	0	0.000e+00
21701	1.951e+03	1	2.890e-05
21702	1.951e+03	0	0.000e+00
21703	1.951e+03	0	0.000e+00
21704	1.952e+03	0	0.000e+00
21705	1.952e+03	0	0.000e+00
21706	1.952e+03	0	0.000e+00
21707	1.952e+03	0	0.000e+00
21708	1.952e+03	0	0.000e+00
21709	1.952e+03	0	0.000e+00
21710	1.952e+03	0	0.000e+00
21711	1.952e+03	0	0.000e+00
21712	1.952e+03	0	0.000e+00
21713	1.952e+03	0	0.000e+00
21714	1.952e+03	0	0.000e+00
21715	1.953e+03	0	0.000e+00
21716	1.953e+03	0	0.000e+00
21717	1.953e+03	0	0.000e+00
21718	1.953e+03	0	0.000e+00
21719	1.953e+03	0	0.000e+00
21720	1.953e+03	0	0.000e+00
21721	1.953e+03	0	0.000e+00
21722	1.953e+03	0	0.000e+00
21723	1.953e+03	0	0.000e+00
21724	1.953e+03	0	0.000e+00
21725	1.953e+03	0	0.000e+00
21726	1.954e+03	0	0.000e+00
21727	1.954e+03	0	0.000e+00
21728	1.954e+03	0	0.000e+00
21729	1.954e+03	0	0.000e+00
21730	1.954e+03	0	0.000e+00
21731	1.954e+03	0	0.000e+00
21732	1.954e+03	0	0.000e+00
21733	1.954e+03	0	0.000e+00
21734	1.954e+03	0	0.000e+00
21735	1.954e+03	0	0.000e+00
21736	1.954e+03	0	0.000e+00
21737	1.955e+03	1	2.890e-05
21738	1.955e+03	0	0.000e+00
21739	1.955e+03	0	0.000e+00
21740	1.955e+03	0	0.000e+00
21741	1.955e+03	0	0.000e+00
21742	1.955e+03	0	0.000e+00
21743	1.955e+03	1	2.890e-05
21744	1.955e+03	0	0.000e+00
21745	1.955e+03	0	0.000e+00
21746	1.955e+03	0	0.000e+00
21747	1.955e+03	0	0.000e+00
21748	1.955e+03	0	0.000e+00
21749	1.956e+03	0	0.000e+00
21750	1.956e+03	0	0.000e+00
21751	1.956e+03	0	0.000e+00
21752	1.956e+03	0	0.000e+00
21753	1.956e+03	0	0.000e+00
21754	1.956e+03	0	0.000e+00
21755	1.956e+03	0	0.000e+00
21756	1.956e+03	0	0.000e+00
21757	1.956e+03	0	0.000e+00
21758	1.956e+03	0	0.000e+00
21759	1.956e+03	0	0.000e+00
21760	1.957e+03	0	0.000e+00
21761	1.957e+03	0	0.000e+00
21762	1.957e+03	0	0.000e+00
21763	1.957e+03	0	0.000e+00
21764	1.957e+03	0	0.000e+00
21765	1.957e+03	0	0.000e+00
21766	1.957e+03	0	0.000e+00
21767	1.957e+03	0	0.000e+00
21768	1.957e+03	0	0.000e+00
21769	1.957e+03	0	0.000e+00
21770	1.957e+03	0	0.000e+00
21771	1.958e+03	0	0.000e+00
21772	1.958e+03	0	0.000e+00
21773	1.958e+03	0	0.000e+00
21774	1.958e+03	0	0.000e+00
21775	1.958e+03	0	0.000e+00
21776	1.958e+03	0	0.000e+00
21777	1.958e+03	0	0.000e+00
21778	1.958e+03	0	0.000e+00
21779	1.958e+03	0	0.000e+00
21780	1.958e+03	0	0.000e+00
21781	1.958e+03	0	0.000e+00
21782	1.959e+03	0	0.000e+00
21783	1.959e+03	0	0.000e+00
21784	1.959e+03	0	0.000e+00
21785	1.959e+03	0	0.000e+00
21786	1.959e+03	0	0.000e+00
21787	1.959e+03	0	0.000e+00
21788	1.959e+03	1	2.890e-05
21789	1.959e+03	0	0.000e+00
21790	1.959e+03	0	0.000e+00
21791	1.959e+03	0	0.000e+00
21792	1.959e+03	0	0.000e+00
21793	1.960e+03	0	0.000e+00
21794	1.960e+03	0	0.000e+00
21795	1.960e+03	0	0.000e+00
21796	1.960e+03	0	0.000e+00
21797	1.960e+03	0	0.000e+00
21798	1.960e+03	0	0.000e+00
21799	1.960e+03	0	0.000e+00
21800	1.960e+03	0	0.000e+00
21801	1.960e+03	0	0.000e+00
21802	1.960e+03	0	0.000e+00
21803	1.960e+03	0	0.000e+00
21804	1.961e+03	0	0.000e+00
21805	1.961e+03	0	0.000e+00
21806	1.961e+03	0	0.000e+00
21807	1.961e+03	0	0.000e+00
21808	1.961e+03	0	0.000e+00
21809	1.961e+03	0	0.000e+00
21810	1.961e+03	0	0.000e+00
21811	1.961e+03	0	0.000e+00
21812	1.961e+03	0	0.000e+00
21813	1.961e+03	0	0.000e+00
21814	1.961e+03	0	0.000e+00
21815	1.962e+03	0	0.000e+00
21816	1.962e+03	0	0.000e+00
21817	1.962e+03	0	0.000e+00
21818	1.962e+03	0	0.000e+00
21819	1.962e+03	0	0.000e+00
21820	1.962e+03	0	0.000e+00
21821	1.962e+03	0	0.000e+00
21822	1.962e+03	0	0.000e+00
21823	1.962e+03	0	0.000e+00
21824	1.962e+03	0	0.000e+00
21825	1.962e+03	1	2.890e-05
21826	1.963e+03	0	0.000e+00
21827	1.963e+03	0	0.000e+00
21828	1.963e+03	0	0.000e+00
21829	1.963e+03	0	0.000e+00
21830	1.963e+03	0	0.000e+00
21831	1.963e+03	1	2.890e-05
21832	1.963e+03	0	0.000e+00
21833	1.963e+03	0	0.000e+00
21834	1.963e+03	0	0.000e+00
21835	1.963e+03	0	0.000e+00
21836	1.963e+03	0	0.000e+00
21837	1.963e+03	0	0.000e+00
21838	1.964e+03	0	0.000e+00
21839	1.964e+03	0	0.000e+00
21840	1.964e+03	0	0.000e+00
21841	1.964e+03	0	0.000e+00
21842	1.964e+03	0	0.000e+00
21843	1.964e+03	0	0.000e+00
21844	1.964e+03	0	0.000e+00
21845	1.964e+03	0	0.000e+00
21846	1.964e+03	0	0.000e+00
21847	1.964e+03	0	0.000e+00
21848	1.964e+03	0	0.000e+00
21849	1.965e+03	0	0.000e+00
21850	1.965e+03	0	0.000e+00
21851	1.965e+03	0	0.000e+00
21852	1.965e+03	0	0.000e+00
21853	1.965e+03	0	0.000e+00
21854	1.965e+03	0	0.000e+00
21855	1.965e+03	0	0.000e+00
21856	1.965e+03	0	0.000e+00
21857	1.965e+03	0	0.000e+00
21858	1.965e+03	0	0.000e+00
21859	1.965e+03	0	0.000e+00
21860	1.966e+03	0	0.000e+00
21861	1.966e+03	0	0.000e+00
21862	1.966e+03	0	0.000e+00
21863	1.966e+03	0	0.000e+00
21864	1.966e+03	0	0.000e+00
21865	1.966e+03	0	0.000e+00
21866	1.966e+03	0	0.000e+00
21867	1.966e+03	0	0.000e+00
21868	1.966e+03	1	2.890e-05
21869	1.966e+03	0	0.000e+00
21870	1.966e+03	0	0.000e+00
21871	1.967e+03	0	0.000e+00
21872	1.967e+03	0	0.000e+00
21873	1.967e+03	0	0.000e+00
21874	1.967e+03	0	0.000e+00
21875	1.967e+03	0	0.000e+00
21876	1.967e+03	0	0.000e+00
21877	1.967e+03	0	0.000e+00
21878	1.967e+03	0	0.000e+00
21879	1.967e+03	0	0.000e+00
21880	1.967e+03	0	0.000e+00
21881	1.967e+03	0	0.000e+00
21882	1.968e+03	0	0.000e+00
21883	1.968e+03	0	0.000e+00
21884	1.968e+03	0	0.000e+00
21885	1.968e+03	0	0.000e+00
21886	1.968e+03	0	0.000e+00
21887	1.968e+03	0	0.000e+00
21888	1.968e+03	0	0.000e+00
21889	1.968e+03	0	0.000e+00
21890	1.968e+03	0	0.000e+00
21891	1.968e+03	0	0.000e+00
21892	1.968e+03	0	0.000e+00
21893	1.969e+03	0	0.000e+00
21894	1.969e+03	0	0.000e+00
21895	1.969e+03	0	0.000e+00
21896	1.969e+03	0	0.000e+00
21897	1.969e+03	0	0.000e+00
21898	1.969e+03	0	0.000e+00
21899	1.969e+03	0	0.000e+00
21900	1.969e+03	0	0.000e+00
21901	1.969e+03	0	0.000e+00
21902	1.969e+03	0	0.000e+00
21903	1.969e+03	1	2.890e-05
21904	1.970e+03	0	0.000e+00
21905	1.970e+03	0	0.000e+00
21906	1.970e+03	0	0.000e+00
21907	1.970e+03	0	0.000e+00
21908	1.970e+03	0	0.000e+00
21909	1.970e+03	0	0.000e+00
21910	1.970e+03	0	0.000e+00
21911	1.970e+03	0	0.000e+00
21912	1.970e+03	0	0.000e+00
21913	1.970e+03	0	0.000e+00
21914	1.970e+03	0	0.000e+00
21915	1.971e+03	0	0.000e+00
21916	1.971e+03	0	0.000e+00
21917	1.971e+03	1	2.890e-05
21918	1.971e+03	0	0.000e+00
21919	1.971e+03	0	0.000e+00
21920	1.971e+03	0	0.000e+00
21921	1.971e+03	0	0.000e+00
21922	1.971e+03	0	0.000e+00
21923	1.971e+03	0	0.000e+00
21924	1.971e+03	0	0.000e+00
21925	1.971e+03	1	2.890e-05
21926	1.971e+03	0	0.000e+00
21927	1.972e+03	0	0.000e+00
21928	1.972e+03	0	0.000e+00
21929	1.972e+03	0	0.000e+00
21930	1.972e+03	0	0.000e+00
21931	1.972e+03	0	0.000e+00
21932	1.972e+03	1	2.890e-05
21933	1.972e+03	0	0.000e+00
21934	1.972e+03	0	0.000e+00
21935	1.972e+03	0	0.000e+00
21936	1.972e+03	0	0.000e+00
21937	1.972e+03	0	0.000e+00
21938	1.973e+03	0	0.000e+00
21939	1.973e+03	0	0.000e+00
21940	1.973e+03	0	0.000e+00
21941	1.973e+03	0	0.000e+00
21942	1.973e+03	0	0.000e+00
21943	1.973e+03	0	0.000e+00
21944	1.973e+03	0	0.000e+00
21945	1.973e+03	0	0.000e+00
21946	1.973e+03	0	0.000e+00
21947	1.973e+03	0	0.000e+00
21948	1.973e+03	0	0.000e+00
21949	1.974e+03	0	0.000e+00
21950	1.974e+03	0	0.000e+00
21951	1.974e+03	0	0.000e+00
21952	1.974e+03	0	0.000e+00
21953	1.974e+03	0	0.000e+00
21954	1.974e+03	0	0.000e+00
21955	1.974e+03	0	0.000e+00
21956	1.974e+03	0	0.000e+00
21957	1.974e+03	0	0.000e+00
21958	1.974e+03	0	0.000e+00
21959	1.974e+03	0	0.000e+00
21960	1.975e+03	0	0.000e+00
21961	1.975e+03	0	0.000e+00
21962	1.975e+03	0	0.000e+00
21963	1.975e+03	0	0.000e+00
21964	1.975e+03	0	0.000e+00
21965	1.975e+03	1	2.890e-05
21966	1.975e+03	0	0.000e+00
21967	1.975e+03	0	0.000e+00
21968	1.975e+03	0	0.000e+00
21969	1.975e+03	0	0.000e+00
21970	1.975e+03	0	0.000e+00
21971	1.976e+03	1	2.890e-05
21972	1.976e+03	0	0.000e+00
21973	1.976e+03	0	0.000e+00
21974	1.976e+03	0	0.000e+00
21975	1.976e+03	0	0.000e+00
21976	1.976e+03	0	0.000e+00
21977	1.976e+03	0	0.000e+00
21978	1.976e+03	0	0.000e+00
21979	1.976e+03	0	0.000e+00
21980	1.976e+03	0	0.000e+00
21981	1.976e+03	0	0.000e+00
21982	1.977e+03	0	0.000e+00
21983	1.977e+03	0	0.000e+00
21984	1.977e+03	0	0.000e+00
21985	1.977e+03	0	0.000e+00
21986	1.977e+03	0	0.000e+00
21987	1.977e+03	0	0.000e+00
21988	1.977e+03	0	0.000e+00
21989	1.977e+03	0	0.000e+00
21990	1.977e+03	0	0.000e+00
21991	1.977e+03	0	0.000e+00
21992	1.977e+03	0	0.000e+00
21993	1.978e+03	0	0.000e+00
21994	1.978e+03	0	0.000e+00
21995	1.978e+03	0	0.000e+00
21996	1.978e+03	0	0.000e+00
21997	1.978e+03	0	0.000e+00
21998	1.978e+03	0	0.000e+00
21999	1.978e+03	0	0.000e+00
22000	1.978e+03	0	0.000e+00
22001	1.978e+03	0	0.000e+00
22002	1.978e+03	0	0.000e+00
22003	1.978e+03	0	0.000e+00
22004	1.979e+03	0	0.000e+00
22005	1.979e+03	0	0.000e+00
22006	1.979e+03	0	0.000e+00
22007	1.979e+03	0	0.000e+00
22008	1.979e+03	0	0.000e+00
22009	1.979e+03	0	0.000e+00
22010	1.979e+03	0	0.000e+00
22011	1.979e+03	0	0.000e+00
22012	1.979e+03	0	0.000e+00
22013	1.979e+03	0	0.000e+00
22014	1.979e+03	0	0.000e+00
22015	1.979e+03	0	0.000e+00
22016	1.980e+03	0	0.000e+00
22017	1.980e+03	0	0.000e+00
22018	1.980e+03	0	0.000e+00
22019	1.980e+03	0	0.000e+00
22020	1.980e+03	0	0.000e+00
22021	1.980e+03	0	0.000e+00
22022	1.980e+03	1	2.890e-05
22023	1.980e+03	0	0.000e+00
22024	1.980e+03	1	2.890e-05
22025	1.980e+03	0	0.000e+00
22026	1.980e+03	0	0.000e+00
22027	1.981e+03	0	0.000e+00
22028	1.981e+03	0	0.000e+00
22029	1.981e+03	0	0.000e+00
22030	1.981e+03	0	0.000e+00
22031	1.981e+03	0	0.000e+00
22032	1.981e+03	0	0.000e+00
22033	1.981e+03	0	0.000e+00
22034	1.981e+03	0	0.000e+00
22035	1.981e+03	0	0.000e+00
22036	1.981e+03	0	0.000e+00
22037	1.981e+03	0	0.000e+00
22038	1.982e+03	0	0.000e+00
22039	1.982e+03	0	0.000e+00
22040	1.982e+03	0	0.000e+00
22041	1.982e+03	0	0.000e+00
22042	1.982e+03	0	0.000e+00
22043	1.982e+03	0	0.000e+00
22044	1.982e+03	0	0.000e+00
22045	1.982e+03	0	0.000e+00
22046	1.982e+03	0	0.000e+00
22047	1.982e+03	0	0.000e+00
22048	1.982e+03	0	0.000e+00
22049	1.983e+03	0	0.000e+00
22050	1.983e+03	1	2.890e-05
22051	1.983e+03	0	0.000e+00
22052	1.983e+03	0	0.000e+00
22053	1.983e+03	0	0.000e+00
22054	1.983e+03	0	0.000e+00
22055	1.983e+03	0	0.000e+00
22056	1.983e+03	0	0.000e+00
22057	1.983e+03	0	0.000e+00
22058	1.983e+03	0	0.000e+00
22059	1.983e+03	0	0.000e+00
22060	1.984e+03	1	2.890e-05
22061	1.984e+03	1	2.890e-05
22062	1.984e+03	0	0.000e+00
22063	1.984e+03	0	0.000e+00
22064	1.984e+03	0	0.000e+00
22065	1.984e+03	0	0.000e+00
22066	1.984e+03	0	0.000e+00
22067	1.984e+03	0	0.000e+00
22068	1.984e+03	0	0.000e+00
22069	1.984e+03	0	0.000e+00
22070	1.984e+03	0	0.000e+00
22071	1.985e+03	1	2.890e-05
22072	1.985e+03	0	0.000e+00
22073	1.985e+03	0	0.000e+00
22074	1.985e+03	0	0.000e+00
22075	1.985e+03	0	0.000e+00
22076	1.985e+03	0	0.000e+00
22077	1.985e+03	0	0.000e+00
22078	1.985e+03	0	0.000e+00
22079	1.985e+03	0	0.000e+00
22080	1.985e+03	2	5.780e-05
22081	1.985e+03	0	0.000e+00
22082	1.986e+03	0	0.000e+00
22083	1.986e+03	0	0.000e+00
22084	1.986e+03	0	0.000e+00
22085	1.986e+03	0	0.000e+00
22086	1.986e+03	0	0.000e+00
22087	1.986e+03	0	0.000e+00
22088	1.986e+03	0	0.000e+00
22089	1.986e+03	0	0.000e+00
22090	1.986e+03	0	0.000e+00
22091	1.986e+03	0	0.000e+00
22092	1.986e+03	0	0.000e+00
22093	1.987e+03	0	0.000e+00
22094	1.987e+03	0	0.000e+00
22095	1.987e+03	0	0.000e+00
22096	1.987e+03	0	0.000e+00
22097	1.987e+03	0	0.000e+00
22098	1.987e+03	0	0.000e+00
22099	1.987e+03	0	0.000e+00
22100	1.987e+03	2	5.780e-05
22101	1.987e+03	0	0.000e+00
22102	1.987e+03	0	0.000e+00
22103	1.987e+03	0	0.000e+00
22104	1.988e+03	0	0.000e+00
22105	1.988e+03	2	5.780e-05
22106	1.988e+03	0	0.000e+00
22107	1.988e+03	0	0.000e+00
22108	1.988e+03	1	2.890e-05
22109	1.988e+03	0	0.000e+00
22110	1.988e+03	0	0.000e+00
22111	1.988e+03	0	0.000e+00
22112	1.988e+03	0	0.000e+00
22113	1.988e+03	0	0.000e+00
22114	1.988e+03	0	0.000e+00
22115	1.988e+03	0	0.000e+00
22116	1.989e+03	1	2.890e-05
22117	1.989e+03	0	0.000e+00
22118	1.989e+03	0	0.000e+00
22119	1.989e+03	0	0.000e+00
22120	1.989e+03	0	0.000e+00
22121	1.989e+03	0	0.000e+00
22122	1.989e+03	0	0.000e+00
22123	1.989e+03	0	0.000e+00
22124	1.989e+03	0	0.000e+00
22125	1.989e+03	0	0.000e+00
22126	1.989e+03	0	0.000e+00
22127	1.990e+03	0	0.000e+00
22128	1.990e+03	0	0.000e+00
22129	1.990e+03	0	0.000e+00
22130	1.990e+03	0	0.000e+00
22131	1.990e+03	0	0.000e+00
22132	1.990e+03	0	0.000e+00
22133	1.990e+03	0	0.000e+00
22134	1.990e+03	0	0.000e+00
22135	1.990e+03	0	0.000e+00
22136	1.990e+03	0	0.000e+00
22137	1.990e+03	0	0.000e+00
22138	1.991e+03	0	0.000e+00
22139	1.991e+03	0	0.000e+00
22140	1.991e+03	0	0.000e+00
22141	1.991e+03	0	0.000e+00
22142	1.991e+03	0	0.000e+00
22143	1.991e+03	0	0.000e+00
22144	1.991e+03	0	0.000e+00
22145	1.991e+03	0	0.000e+00
22146	1.991e+03	0	0.000e+00
22147	1.991e+03	0	0.000e+00
22148	1.991e+03	0	0.000e+00
22149	1.992e+03	0	0.000e+00
22150	1.992e+03	0	0.000e+00
22151	1.992e+03	0	0.000e+00
22152	1.992e+03	0	0.000e+00
22153	1.992e+03	0	0.000e+00
22154	1.992e+03	0	0.000e+00
22155	1.992e+03	0	0.000e+00
22156	1.992e+03	0	0.000e+00
22157	1.992e+03	0	0.000e+00
22158	1.992e+03	0	0.000e+00
22159	1.992e+03	0	0.000e+00
22160	1.993e+03	0	0.000e+00
22161	1.993e+03	0	0.000e+00
22162	1.993e+03	0	0.000e+00
22163	1.993e+03	0	0.000e+00
22164	1.993e+03	0	0.000e+00
22165	1.993e+03	0	0.000e+00
22166	1.993e+03	0	0.000e+00
22167	1.993e+03	0	0.000e+00
22168	1.993e+03	0	0.000e+00
22169	1.993e+03	0	0.000e+00
22170	1.993e+03	0	0.000e+00
22171	1.994e+03	0	0.000e+00
22172	1.994e+03	0	0.000e+00
22173	1.994e+03	0	0.000e+00
22174	1.994e+03	0	0.000e+00
22175	1.994e+03	0	0.000e+00
22176	1.994e+03	0	0.000e+00
22177	1.994e+03	0	0.000e+00
22178	1.994e+03	0	0.000e+00
22179	1.994e+03	0	0.000e+00
22180	1.994e+03	1	2.890e-05
22181	1.994e+03	0	0.000e+00
22182	1.995e+03	0	0.000e+00
22183	1.995e+03	0	0.000e+00
22184	1.995e+03	0	0.000e+00
22185	1.995e+03	0	0.000e+00
22186	1.995e+03	0	0.000e+00
22187	1.995e+03	0	0.000e+00
22188	1.995e+03	0	0.000e+00
22189	1.995e+03	0	0.000e+00
22190	1.995e+03	0	0.000e+00
22191	1.995e+03	0	0.000e+00
22192	1.995e+03	0	0.000e+00
22193	1.996e+03	1	2.890e-05
22194	1.996e+03	0	0.000e+00
22195	1.996e+03	0	0.000e+00
22196	1.996e+03	0	0.000e+00
22197	1.996e+03	0	0.000e+00
22198	1.996e+03	0	0.000e+00
22199	1.996e+03	0	0.000e+00
22200	1.996e+03	0	0.000e+00
22201	1.996e+03	0	0.000e+00
22202	1.996e+03	1	2.890e-05
22203	1.996e+03	0	0.000e+00
22204	1.996e+03	0	0.000e+00
22205	1.997e+03	0	0.000e+00
22206	1.997e+03	0	0.000e+00
22207	1.997e+03	0	0.000e+00
22208	1.997e+03	0	0.000e+00
22209	1.997e+03	0	0.000e+00
22210	1.997e+03	0	0.000e+00
22211	1.997e+03	0	0.000e+00
22212	1.997e+03	0	0.000e+00
22213	1.997e+03	0	0.000e+00
22214	1.997e+03	0	0.000e+00
22215	1.997e+03	0	0.000e+00
22216	1.998e+03	0	0.000e+00
22217	1.998e+03	0	0.000e+00
22218	1.998e+03	0	0.000e+00
22219	1.998e+03	0	0.000e+00
22220	1.998e+03	0	0.000e+00
22221	1.998e+03	0	0.000e+00
22222	1.998e+03	0	0.000e+00
22223	1.998e+03	0	0.000e+00
22224	1.998e+03	0	0.000e+00
22225	1.998e+03	0	0.000e+00
22226	1.998e+03	0	0.000e+00
22227	1.999e+03	0	0.000e+00
22228	1.999e+03	0	0.000e+00
22229	1.999e+03	0	0.000e+00
22230	1.999e+03	0	0.000e+00
22231	1.999e+03	0	0.000e+00
22232	1.999e+03	0	0.000e+00
22233	1.999e+03	0	0.000e+00
22234	1.999e+03	0	0.000e+00
22235	1.999e+03	0	0.000e+00
22236	1.999e+03	1	2.890e-05
22237	1.999e+03	0	0.000e+00
22238	2.000e+03	0	0.000e+00
22239	2.000e+03	0	0.000e+00
22240	2.000e+03	0	0.000e+00
22241	2.000e+03	0	0.000e+00
22242	2.000e+03	0	0.000e+00
22243	2.000e+03	0	0.000e+00
22244	2.000e+03	0	0.000e+00
22245	2.000e+03	0	0.000e+00
22246	2.000e+03	0	0.000e+00
22247	2.000e+03	0	0.000e+00
22248	2.000e+03	0	0.000e+00
22249	2.001e+03	0	0.000e+00
22250	2.001e+03	0	0.000e+00
22251	2.001e+03	0	0.000e+00
22252	2.001e+03	0	0.000e+00
22253	2.001e+03	0	0.000e+00
22254	2.001e+03	0	0.000e+00
22255	2.001e+03	0	0.000e+00
22256	2.001e+03	0	0.000e+00
22257	2.001e+03	0	0.000e+00
22258	2.001e+03	0	0.000e+00
22259	2.001e+03	0	0.000e+00
22260	2.002e+03	0	0.000e+00
22261	2.002e+03	0	0.000e+00
22262	2.002e+03	0	0.000e+00
22263	2.002e+03	1	2.890e-05
22264	2.002e+03	0	0.000e+00
22265	2.002e+03	0	0.000e+00
22266	2.002e+03	0	0.000e+00
22267	2.002e+03	0	0.000e+00
22268	2.002e+03	0	0.000e+00
22269	2.002e+03	0	0.000e+00
22270	2.002e+03	0	0.000e+00
22271	2.003e+03	0	0.000e+00
22272	2.003e+03	0	0.000e+00
22273	2.003e+03	0	0.000e+00
22274	2.003e+03	0	0.000e+00
22275	2.003e+03	0	0.000e+00
22276	2.003e+03	0	0.000e+00
22277	2.003e+03	0	0.000e+00
22278	2.003e+03	0	0.000e+00
22279	2.003e+03	0	0.000e+00
22280	2.003e+03	0	0.000e+00
22281	2.003e+03	0	0.000e+00
22282	2.004e+03	0	0.000e+00
22283	2.004e+03	0	0.000e+00
22284	2.004e+03	0	0.000e+00
22285	2.004e+03	1	2.890e-05
22286	2.004e+03	0	0.000e+00
22287	2.004e+03	0	0.000e+00
22288	2.004e+03	0	0.000e+00
22289	2.004e+03	0	0.000e+00
22290	2.004e+03	0	0.000e+00
22291	2.004e+03	0	0.000e+00
22292	2.004e+03	0	0.000e+00
22293	2.004e+03	0	0.000e+00
22294	2.005e+03	0	0.000e+00
22295	2.005e+03	0	0.000e+00
22296	2.005e+03	0	0.000e+00
22297	2.005e+03	0	0.000e+00
22298	2.005e+03	0	0.000e+00
22299	2.005e+03	0	0.000e+00
22300	2.005e+03	0	0.000e+00
22301	2.005e+03	0	0.000e+00
22302	2.005e+03	0	0.000e+00
22303	2.005e+03	1	2.890e-05
22304	2.005e+03	0	0.000e+00
22305	2.006e+03	0	0.000e+00
22306	2.006e+03	0	0.000e+00
22307	2.006e+03	0	0.000e+00
22308	2.006e+03	0	0.000e+00
22309	2.006e+03	0	0.000e+00
22310	2.006e+03	0	0.000e+00
22311	2.006e+03	0	0.000e+00
22312	2.006e+03	0	0.000e+00
22313	2.006e+03	0	0.000e+00
22314	2.006e+03	0	0.000e+00
22315	2.006e+03	0	0.000e+00
22316	2.007e+03	0	0.000e+00
22317	2.007e+03	0	0.000e+00
22318	2.007e+03	0	0.000e+00
22319	2.007e+03	0	0.000e+00
22320	2.007e+03	0	0.000e+00
22321	2.007e+03	0	0.000e+00
22322	2.007e+03	0	0.000e+00
22323	2.007e+03	0	0.000e+00
22324	2.007e+03	1	2.890e-05
22325	2.007e+03	0	0.000e+00
22326	2.007e+03	0	0.000e+00
22327	2.008e+03	0	0.000e+00
22328	2.008e+03	0	0.000e+00
22329	2.008e+03	0	0.000e+00
22330	2.008e+03	0	0.000e+00
22331	2.008e+03	0	0.000e+00
22332	2.008e+03	0	0.000e+00
22333	2.008e+03	0	0.000e+00
22334	2.008e+03	0	0.000e+00
22335	2.008e+03	0	0.000e+00
22336	2.008e+03	0	0.000e+00
22337	2.008e+03	0	0.000e+00
22338	2.009e+03	0	0.000e+00
22339	2.009e+03	0	0.000e+00
22340	2.009e+03	0	0.000e+00
22341	2.009e+03	0	0.000e+00
22342	2.009e+03	0	0.000e+00
22343	2.009e+03	0	0.000e+00
22344	2.009e+03	0	0.000e+00
22345	2.009e+03	0	0.000e+00
22346	2.009e+03	0	0.000e+00
22347	2.009e+03	0	0.000e+00
22348	2.009e+03	0	0.000e+00
22349	2.010e+03	0	0.000e+00
22350	2.010e+03	0	0.000e+00
22351	2.010e+03	0	0.000e+00
22352	2.010e+03	0	0.000e+00
22353	2.010e+03	0	0.000e+00
22354	2.010e+03	0	0.000e+00
22355	2.010e+03	0	0.000e+00
22356	2.010e+03	0	0.000e+00
22357	2.010e+03	0	0.000e+00
22358	2.010e+03	1	2.890e-05
22359	2.010e+03	0	0.000e+00
22360	2.011e+03	0	0.000e+00
22361	2.011e+03	0	0.000e+00
22362	2.011e+03	0	0.000e+00
22363	2.011e+03	0	0.000e+00
22364	2.011e+03	0	0.000e+00
22365	2.011e+03	0	0.000e+00
22366	2.011e+03	0	0.000e+00
22367	2.011e+03	1	2.890e-05
22368	2.011e+03	0	0.000e+00
22369	2.011e+03	0	0.000e+00
22370	2.011e+03	0	0.000e+00
22371	2.012e+03	0	0.000e+00
22372	2.012e+03	0	0.000e+00
22373	2.012e+03	0	0.000e+00
22374	2.012e+03	0	0.000e+00
22375	2.012e+03	0	0.000e+00
22376	2.012e+03	0	0.000e+00
22377	2.012e+03	0	0.000e+00
22378	2.012e+03	2	5.780e-05
22379	2.012e+03	0	0.000e+00
22380	2.012e+03	0	0.000e+00
22381	2.012e+03	0	0.000e+00
22382	2.012e+03	1	2.890e-05
22383	2.013e+03	0	0.000e+00
22384	2.013e+03	0	0.000e+00
22385	2.013e+03	0	0.000e+00
22386	2.013e+03	0	0.000e+00
22387	2.013e+03	0	0.000e+00
22388	2.013e+03	0	0.000e+00
22389	2.013e+03	0	0.000e+00
22390	2.013e+03	0	0.000e+00
22391	2.013e+03	0	0.000e+00
22392	2.013e+03	0	0.000e+00
22393	2.013e+03	0	0.000e+00
22394	2.014e+03	0	0.000e+00
22395	2.014e+03	0	0.000e+00
22396	2.014e+03	0	0.000e+00
22397	2.014e+03	0	0.000e+00
22398	2.014e+03	0	0.000e+00
22399	2.014e+03	0	0.000e+00
22400	2.014e+03	0	0.000e+00
22401	2.014e+03	0	0.000e+00
22402	2.014e+03	0	0.000e+00
22403	2.014e+03	0	0.000e+00
22404	2.014e+03	2	5.780e-05
22405	2.015e+03	0	0.000e+00
22406	2.015e+03	0	0.000e+00
22407	2.015e+03	0	0.000e+00
22408	2.015e+03	0	0.000e+00
22409	2.015e+03	0	0.000e+00
22410	2.015e+03	0	0.000e+00
22411	2.015e+03	0	0.000e+00
22412	2.015e+03	0	0.000e+00
22413	2.015e+03	0	0.000e+00
22414	2.015e+03	0	0.000e+00
22415	2.015e+03	0	0.000e+00
22416	2.016e+03	0	0.000e+00
22417	2.016e+03	0	0.000e+00
22418	2.016e+03	0	0.000e+00
22419	2.016e+03	1	2.890e-05
22420	2.016e+03	0	0.000e+00
22421	2.016e+03	0	0.000e+00
22422	2.016e+03	0	0.000e+00
22423	2.016e+03	1	2.890e-05
22424	2.016e+03	0	0.000e+00
22425	2.016e+03	0	0.000e+00
22426	2.016e+03	0	0.000e+00
22427	2.017e+03	0	0.000e+00
22428	2.017e+03	0	0.000e+00
22429	2.017e+03	0	0.000e+00
22430	2.017e+03	0	0.000e+00
22431	2.017e+03	0	0.000e+00
22432	2.017e+03	0	0.000e+00
22433	2.017e+03	0	0.000e+00
22434	2.017e+03	0	0.000e+00
22435	2.017e+03	0	0.000e+00
22436	2.017e+03	0	0.000e+00
22437	2.017e+03	0	0.000e+00
22438	2.018e+03	0	0.000e+00
22439	2.018e+03	0	0.000e+00
22440	2.018e+03	0	0.000e+00
22441	2.018e+03	0	0.000e+00
22442	2.018e+03	3	8.671e-05
22443	2.018e+03	0	0.000e+00
22444	2.018e+03	0	0.000e+00
22445	2.018e+03	0	0.000e+00
22446	2.018e+03	0	0.000e+00
22447	2.018e+03	0	0.000e+00
22448	2.018e+03	0	0.000e+00
22449	2.019e+03	0	0.000e+00
22450	2.019e+03	0	0.000e+00
22451	2.019e+03	0	0.000e+00
22452	2.019e+03	0	0.000e+00
22453	2.019e+03	0	0.000e+00
22454	2.019e+03	0	0.000e+00
22455	2.019e+03	2	5.780e-05
22456	2.019e+03	0	0.000e+00
22457	2.019e+03	0	0.000e+00
22458	2.019e+03	0	0.000e+00
22459	2.019e+03	0	0.000e+00
22460	2.020e+03	0	0.000e+00
22461	2.020e+03	0	0.000e+00
22462	2.020e+03	0	0.000e+00
22463	2.020e+03	0	0.000e+00
22464	2.020e+03	0	0.000e+00
22465	2.020e+03	0	0.000e+00
22466	2.020e+03	0	0.000e+00
22467	2.020e+03	0	0.000e+00
22468	2.020e+03	0	0.000e+00
22469	2.020e+03	1	2.890e-05
22470	2.020e+03	0	0.000e+00
22471	2.021e+03	0	0.000e+00
22472	2.021e+03	0	0.000e+00
22473	2.021e+03	0	0.000e+00
22474	2.021e+03	0	0.000e+00
22475	2.021e+03	0	0.000e+00
22476	2.021e+03	0	0.000e+00
22477	2.021e+03	0	0.000e+00
22478	2.021e+03	0	0.000e+00
22479	2.021e+03	0	0.000e+00
22480	2.021e+03	1	2.890e-05
22481	2.021e+03	0	0.000e+00
22482	2.021e+03	0	0.000e+00
22483	2.022e+03	0	0.000e+00
22484	2.022e+03	0	0.000e+00
22485	2.022e+03	0	0.000e+00
22486	2.022e+03	0	0.000e+00
22487	2.022e+03	0	0.000e+00
22488	2.022e+03	0	0.000e+00
22489	2.022e+03	0	0.000e+00
22490	2.022e+03	1	2.890e-05
22491	2.022e+03	0	0.000e+00
22492	2.022e+03	0	0.000e+00
22493	2.022e+03	1	2.890e-05
22494	2.023e+03	0	0.000e+00
22495	2.023e+03	0	0.000e+00
22496	2.023e+03	0	0.000e+00
22497	2.023e+03	0	0.000e+00
22498	2.023e+03	0	0.000e+00
22499	2.023e+03	0	0.000e+00
22500	2.023e+03	0	0.000e+00
22501	2.023e+03	0	0.000e+00
22502	2.023e+03	0	0.000e+00
22503	2.023e+03	0	0.000e+00
22504	2.023e+03	0	0.000e+00
22505	2.024e+03	0	0.000e+00
22506	2.024e+03	0	0.000e+00
22507	2.024e+03	0	0.000e+00
22508	2.024e+03	0	0.000e+00
22509	2.024e+03	0	0.000e+00
22510	2.024e+03	0	0.000e+00
22511	2.024e+03	0	0.000e+00
22512	2.024e+03	0	0.000e+00
22513	2.024e+03	0	0.000e+00
22514	2.024e+03	0	0.000e+00
22515	2.024e+03	0	0.000e+00
22516	2.025e+03	0	0.000e+00
22517	2.025e+03	0	0.000e+00
22518	2.025e+03	0	0.000e+00
22519	2.025e+03	0	0.000e+00
22520	2.025e+03	0	0.000e+00
22521	2.025e+03	0	0.000e+00
22522	2.025e+03	0	0.000e+00
22523	2.025e+03	0	0.000e+00
22524	2.025e+03	0	0.000e+00
22525	2.025e+03	2	5.780e-05
22526	2.025e+03	0	0.000e+00
22527	2.026e+03	0	0.000e+00
22528	2.026e+03	0	0.000e+00
22529	2.026e+03	0	0.000e+00
22530	2.026e+03	0	0.000e+00
22531	2.026e+03	0	0.000e+00
22532	2.026e+03	0	0.000e+00
22533	2.026e+03	0	0.000e+00
22534	2.026e+03	0	0.000e+00
22535	2.026e+03	0	0.000e+00
22536	2.026e+03	0	0.000e+00
22537	2.026e+03	0	0.000e+00
22538	2.027e+03	0	0.000e+00
22539	2.027e+03	0	0.000e+00
22540	2.027e+03	0	0.000e+00
22541	2.027e+03	0	0.000e+00
22542	2.027e+03	0	0.000e+00
22543	2.027e+03	0	0.000e+00
22544	2.027e+03	0	0.000e+00
22545	2.027e+03	2	5.780e-05
22546	2.027e+03	0	0.000e+00
22547	2.027e+03	0	0.000e+00
22548	2.027e+03	0	0.000e+00
22549	2.028e+03	0	0.000e+00
22550	2.028e+03	0	0.000e+00
22551	2.028e+03	0	0.000e+00
22552	2.028e+03	0	0.000e+00
22553	2.028e+03	0	0.000e+00
22554	2.028e+03	0	0.000e+00
22555	2.028e+03	0	0.000e+00
22556	2.028e+03	0	0.000e+00
22557	2.028e+03	0	0.000e+00
22558	2.028e+03	0	0.000e+00
22559	2.028e+03	0	0.000e+00
22560	2.029e+03	0	0.000e+00
22561	2.029e+03	0	0.000e+00
22562	2.029e+03	0	0.000e+00
22563	2.029e+03	0	0.000e+00
22564	2.029e+03	0	0.000e+00
22565	2.029e+03	0	0.000e+00
22566	2.029e+03	0	0.000e+00
22567	2.029e+03	0	0.000e+00
22568	2.029e+03	0	0.000e+00
22569	2.029e+03	0	0.000e+00
22570	2.029e+03	0	0.000e+00
22571	2.029e+03	0	0.000e+00
22572	2.030e+03	0	0.000e+00
22573	2.030e+03	0	0.000e+00
22574	2.030e+03	0	0.000e+00
22575	2.030e+03	0	0.000e+00
22576	2.030e+03	0	0.000e+00
22577	2.030e+03	0	0.000e+00
22578	2.030e+03	0	0.000e+00
22579	2.030e+03	0	0.000e+00
22580	2.030e+03	0	0.000e+00
22581	2.030e+03	0	0.000e+00
22582	2.030e+03	0	0.000e+00
22583	2.031e+03	0	0.000e+00
22584	2.031e+03	0	0.000e+00
22585	2.031e+03	0	0.000e+00
22586	2.031e+03	2	5.780e-05
22587	2.031e+03	0	0.000e+00
22588	2.031e+03	0	0.000e+00
22589	2.031e+03	0	0.000e+00
22590	2.031e+03	0	0.000e+00
22591	2.031e+03	0	0.000e+00
22592	2.031e+03	0	0.000e+00
22593	2.031e+03	0	0.000e+00
22594	2.032e+03	0	0.000e+00
22595	2.032e+03	0	0.000e+00
22596	2.032e+03	0	0.000e+00
22597	2.032e+03	0	0.000e+00
22598	2.032e+03	0	0.000e+00
22599	2.032e+03	0	0.000e+00
22600	2.032e+03	0	0.000e+00
22601	2.032e+03	0	0.000e+00
22602	2.032e+03	0	0.000e+00
22603	2.032e+03	0	0.000e+00
22604	2.032e+03	0	0.000e+00
22605	2.033e+03	2	5.780e-05
22606	2.033e+03	0	0.000e+00
22607	2.033e+03	0	0.000e+00
22608	2.033e+03	0	0.000e+00
22609	2.033e+03	0	0.000e+00
22610	2.033e+03	0	0.000e+00
22611	2.033e+03	0	0.000e+00
22612	2.033e+03	1	2.890e-05
22613	2.033e+03	0	0.000e+00
22614	2.033e+03	1	2.890e-05
22615	2.033e+03	0	0.000e+00
22616	2.034e+03	1	2.890e-05
22617	2.034e+03	0	0.000e+00
22618	2.034e+03	0	0.000e+00
22619	2.034e+03	0	0.000e+00
22620	2.034e+03	0	0.000e+00
22621	2.034e+03	0	0.000e+00
22622	2.034e+03	0	0.000e+00
22623	2.034e+03	0	0.000e+00
22624	2.034e+03	1	2.890e-05
22625	2.034e+03	0	0.000e+00
22626	2.034e+03	0	0.000e+00
22627	2.035e+03	0	0.000e+00
22628	2.035e+03	0	0.000e+00
22629	2.035e+03	0	0.000e+00
22630	2.035e+03	0	0.000e+00
22631	2.035e+03	0	0.000e+00
22632	2.035e+03	0	0.000e+00
22633	2.035e+03	0	0.000e+00
22634	2.035e+03	0	0.000e+00
22635	2.035e+03	0	0.000e+00
22636	2.035e+03	0	0.000e+00
22637	2.035e+03	0	0.000e+00
22638	2.036e+03	0	0.000e+00
22639	2.036e+03	0	0.000e+00
22640	2.036e+03	0	0.000e+00
22641	2.036e+03	0	0.000e+00
22642	2.036e+03	0	0.000e+00
22643	2.036e+03	0	0.000e+00
22644	2.036e+03	0	0.000e+00
22645	2.036e+03	0	0.000e+00
22646	2.036e+03	0	0.000e+00
22647	2.036e+03	0	0.000e+00
22648	2.036e+03	1	2.890e-05
22649	2.037e+03	0	0.000e+00
22650	2.037e+03	0	0.000e+00
22651	2.037e+03	0	0.000e+00
22652	2.037e+03	0	0.000e+00
22653	2.037e+03	0	0.000e+00
22654	2.037e+03	0	0.000e+00
22655	2.037e+03	0	0.000e+00
22656	2.037e+03	0	0.000e+00
22657	2.037e+03	0	0.000e+00
22658	2.037e+03	0	0.000e+00
22659	2.037e+03	0	0.000e+00
22660	2.037e+03	0	0.000e+00
22661	2.038e+03	0	0.000e+00
22662	2.038e+03	0	0.000e+00
22663	2.038e+03	0	0.000e+00
22664	2.038e+03	0	0.000e+00
22665	2.038e+03	0	0.000e+00
22666	2.038e+03	0	0.000e+00
22667	2.038e+03	0	0.000e+00
22668	2.038e+03	0	0.000e+00
22669	2.038e+03	0	0.000e+00
22670	2.038e+03	0	0.000e+00
22671	2.038e+03	0	0.000e+00
22672	2.039e+03	0	0.000e+00
22673	2.039e+03	0	0.000e+00
22674	2.039e+03	1	2.890e-05
22675	2.039e+03	0	0.000e+00
22676	2.039e+03	0	0.000e+00
22677	2.039e+03	0	0.000e+00
22678	2.039e+03	0	0.000e+00
22679	2.039e+03	1	2.890e-05
22680	2.039e+03	0	0.000e+00
22681	2.039e+03	0	0.000e+00
22682	2.039e+03	0	0.000e+00
22683	2.040e+03	0	0.000e+00
22684	2.040e+03	0	0.000e+00
22685	2.040e+03	0	0.000e+00
22686	2.040e+03	0	0.000e+00
22687	2.040e+03	0	0.000e+00
22688	2.040e+03	0	0.000e+00
22689	2.040e+03	0	0.000e+00
22690	2.040e+03	0	0.000e+00
22691	2.040e+03	0	0.000e+00
22692	2.040e+03	0	0.000e+00
22693	2.040e+03	0	0.000e+00
22694	2.041e+03	0	0.000e+00
22695	2.041e+03	0	0.000e+00
22696	2.041e+03	0	0.000e+00
22697	2.041e+03	0	0.000e+00
22698	2.041e+03	0	0.000e+00
22699	2.041e+03	0	0.000e+00
22700	2.041e+03	0	0.000e+00
22701	2.041e+03	0	0.000e+00
22702	2.041e+03	0	0.000e+00
22703	2.041e+03	0	0.000e+00
22704	2.041e+03	0	0.000e+00
22705	2.042e+03	0	0.000e+00
22706	2.042e+03	0	0.000e+00
22707	2.042e+03	1	2.890e-05
22708	2.042e+03	0	0.000e+00
22709	2.042e+03	0	0.000e+00
22710	2.042e+03	0	0.000e+00
22711	2.042e+03	0	0.000e+00
22712	2.042e+03	0	0.000e+00
22713	2.042e+03	0	0.000e+00
22714	2.042e+03	0	0.000e+00
22715	2.042e+03	0	0.000e+00
22716	2.043e+03	0	0.000e+00
22717	2.043e+03	0	0.000e+00
22718	2.043e+03	0	0.000e+00
22719	2.043e+03	0	0.000e+00
22720	2.043e+03	0	0.000e+00
22721	2.043e+03	0	0.000e+00
22722	2.043e+03	0	0.000e+00
22723	2.043e+03	0	0.000e+00
22724	2.043e+03	0	0.000e+00
22725	2.043e+03	0	0.000e+00
22726	2.043e+03	0	0.000e+00
22727	2.044e+03	0	0.000e+00
22728	2.044e+03	0	0.000e+00
22729	2.044e+03	0	0.000e+00
22730	2.044e+03	0	0.000e+00
22731	2.044e+03	0	0.000e+00
22732	2.044e+03	0	0.000e+00
22733	2.044e+03	0	0.000e+00
22734	2.044e+03	0	0.000e+00
22735	2.044e+03	0	0.000e+00
22736	2.044e+03	0	0.000e+00
22737	2.044e+03	0	0.000e+00
22738	2.045e+03	0	0.000e+00
22739	2.045e+03	0	0.000e+00
22740	2.045e+03	0	0.000e+00
22741	2.045e+03	0	0.000e+00
22742	2.045e+03	0	0.000e+00
22743	2.045e+03	1	2.890e-05
22744	2.045e+03	0	0.000e+00
22745	2.045e+03	0	0.000e+00
22746	2.045e+03	0	0.000e+00
22747	2.045e+03	0	0.000e+00
22748	2.045e+03	0	0.000e+00
22749	2.046e+03	0	0.000e+00
22750	2.046e+03	0	0.000e+00
22751	2.046e+03	0	0.000e+00
22752	2.046e+03	0	0.000e+00
22753	2.046e+03	0	0.000e+00
22754	2.046e+03	0	0.000e+00
22755	2.046e+03	0	0.000e+00
22756	2.046e+03	0	0.000e+00
22757	2.046e+03	0	0.000e+00
22758	2.046e+03	0	0.000e+00
22759	2.046e+03	0	0.000e+00
22760	2.046e+03	2	5.780e-05
22761	2.047e+03	0	0.000e+00
22762	2.047e+03	0	0.000e+00
22763	2.047e+03	0	0.000e+00
22764	2.047e+03	0	0.000e+00
22765	2.047e+03	0	0.000e+00
22766	2.047e+03	0	0.000e+00
22767	2.047e+03	0	0.000e+00
22768	2.047e+03	0	0.000e+00
22769	2.047e+03	0	0.000e+00
22770	2.047e+03	0	0.000e+00
22771	2.047e+03	0	0.000e+00
22772	2.048e+03	1	2.890e-05
22773	2.048e+03	0	0.000e+00
22774	2.048e+03	0	0.000e+00
22775	2.048e+03	0	0.000e+00
22776	2.048e+03	0	0.000e+00
22777	2.048e+03	0	0.000e+00
22778	2.048e+03	0	0.000e+00
22779	2.048e+03	0	0.000e+00
22780	2.048e+03	0	0.000e+00
22781	2.048e+03	0	0.000e+00
22782	2.048e+03	0	0.000e+00
22783	2.049e+03	0	0.000e+00
22784	2.049e+03	0	0.000e+00
22785	2.049e+03	0	0.000e+00
22786	2.049e+03	0	0.000e+00
22787	2.049e+03	0	0.000e+00
22788	2.049e+03	0	0.000e+00
22789	2.049e+03	0	0.000e+00
22790	2.049e+03	0	0.000e+00
22791	2.049e+03	0	0.000e+00
22792	2.049e+03	0	0.000e+00
22793	2.049e+03	0	0.000e+00
22794	2.050e+03	1	2.890e-05
22795	2.050e+03	0	0.000e+00
22796	2.050e+03	0	0.000e+00
22797	2.050e+03	0	0.000e+00
22798	2.050e+03	0	0.000e+00
22799	2.050e+03	0	0.000e+00
22800	2.050e+03	0	0.000e+00
22801	2.050e+03	0	0.000e+00
22802	2.050e+03	0	0.000e+00
22803	2.050e+03	0	0.000e+00
22804	2.050e+03	0	0.000e+00
22805	2.051e+03	0	0.000e+00
22806	2.051e+03	0	0.000e+00
22807	2.051e+03	0	0.000e+00
22808	2.051e+03	0	0.000e+00
22809	2.051e+03	0	0.000e+00
22810	2.051e+03	0	0.000e+00
22811	2.051e+03	0	0.000e+00
22812	2.051e+03	0	0.000e+00
22813	2.051e+03	0	0.000e+00
22814	2.051e+03	0	0.000e+00
22815	2.051e+03	0	0.000e+00
22816	2.052e+03	0	0.000e+00
22817	2.052e+03	0	0.000e+00
22818	2.052e+03	0	0.000e+00
22819	2.052e+03	0	0.000e+00
22820	2.052e+03	0	0.000e+00
22821	2.052e+03	0	0.000e+00
22822	2.052e+03	0	0.000e+00
22823	2.052e+03	0	0.000e+00
22824	2.052e+03	0	0.000e+00
22825	2.052e+03	0	0.000e+00
22826	2.052e+03	0	0.000e+00
22827	2.053e+03	1	2.890e-05
22828	2.053e+03	0	0.000e+00
22829	2.053e+03	0	0.000e+00
22830	2.053e+03	0	0.000e+00
22831	2.053e+03	0	0.000e+00
22832	2.053e+03	0	0.000e+00
22833	2.053e+03	0	0.000e+00
22834	2.053e+03	0	0.000e+00
22835	2.053e+03	0	0.000e+00
22836	2.053e+03	0	0.000e+00
22837	2.053e+03	0	0.000e+00
22838	2.054e+03	0	0.000e+00
22839	2.054e+03	0	0.000e+00
22840	2.054e+03	0	0.000e+00
22841	2.054e+03	0	0.000e+00
22842	2.054e+03	0	0.000e+00
22843	2.054e+03	0	0.000e+00
22844	2.054e+03	0	0.000e+00
22845	2.054e+03	0	0.000e+00
22846	2.054e+03	0	0.000e+00
22847	2.054e+03	0	0.000e+00
22848	2.054e+03	0	0.000e+00
22849	2.054e+03	0	0.000e+00
22850	2.055e+03	0	0.000e+00
22851	2.055e+03	0	0.000e+00
22852	2.055e+03	0	0.000e+00
22853	2.055e+03	0	0.000e+00
22854	2.055e+03	0	0.000e+00
22855	2.055e+03	0	0.000e+00
22856	2.055e+03	0	0.000e+00
22857	2.055e+03	0	0.000e+00
22858	2.055e+03	0	0.000e+00
22859	2.055e+03	0	0.000e+00
22860	2.055e+03	0	0.000e+00
22861	2.056e+03	0	0.000e+00
22862	2.056e+03	0	0.000e+00
22863	2.056e+03	0	0.000e+00
22864	2.056e+03	0	0.000e+00
22865	2.056e+03	0	0.000e+00
22866	2.056e+03	0	0.000e+00
22867	2.056e+03	0	0.000e+00
22868	2.056e+03	0	0.000e+00
22869	2.056e+03	0	0.000e+00
22870	2.056e+03	0	0.000e+00
22871	2.056e+03	0	0.000e+00
22872	2.057e+03	0	0.000e+00
22873	2.057e+03	0	0.000e+00
22874	2.057e+03	0	0.000e+00
22875	2.057e+03	0	0.000e+00
22876	2.057e+03	0	0.000e+00
22877	2.057e+03	0	0.000e+00
22878	2.057e+03	0	0.000e+00
22879	2.057e+03	0	0.000e+00
22880	2.057e+03	0	0.000e+00
22881	2.057e+03	0	0.000e+00
22882	2.057e+03	0	0.000e+00
22883	2.058e+03	0	0.000e+00
22884	2.058e+03	0	0.000e+00
22885	2.058e+03	0	0.000e+00
22886	2.058e+03	0	0.000e+00
22887	2.058e+03	0	0.000e+00
22888	2.058e+03	0	0.000e+00
22889	2.058e+03	0	0.000e+00
22890	2.058e+03	0	0.000e+00
22891	2.058e+03	0	0.000e+00
22892	2.058e+03	0	0.000e+00
22893	2.058e+03	0	0.000e+00
22894	2.059e+03	0	0.000e+00
22895	2.059e+03	0	0.000e+00
22896	2.059e+03	0	0.000e+00
22897	2.059e+03	0	0.000e+00
22898	2.059e+03	0	0.000e+00
22899	2.059e+03	0	0.000e+00
22900	2.059e+03	0	0.000e+00
22901	2.059e+03	0	0.000e+00
22902	2.059e+03	0	0.000e+00
22903	2.059e+03	0	0.000e+00
22904	2.059e+03	0	0.000e+00
22905	2.060e+03	0	0.000e+00
22906	2.060e+03	0	0.000e+00
22907	2.060e+03	0	0.000e+00
22908	2.060e+03	0	0.000e+00
22909	2.060e+03	0	0.000e+00
22910	2.060e+03	0	0.000e+00
22911	2.060e+03	0	0.000e+00
22912	2.060e+03	0	0.000e+00
22913	2.060e+03	0	0.000e+00
22914	2.060e+03	0	0.000e+00
22915	2.060e+03	0	0.000e+00
22916	2.061e+03	0	0.000e+00
22917	2.061e+03	0	0.000e+00
22918	2.061e+03	0	0.000e+00
22919	2.061e+03	0	0.000e+00
22920	2.061e+03	0	0.000e+00
22921	2.061e+03	0	0.000e+00
22922	2.061e+03	0	0.000e+00
22923	2.061e+03	0	0.000e+00
22924	2.061e+03	0	0.000e+00
22925	2.061e+03	0	0.000e+00
22926	2.061e+03	0	0.000e+00
22927	2.062e+03	0	0.000e+00
22928	2.062e+03	0	0.000e+00
22929	2.062e+03	0	0.000e+00
22930	2.062e+03	0	0.000e+00
22931	2.062e+03	0	0.000e+00
22932	2.062e+03	0	0.000e+00
22933	2.062e+03	0	0.000e+00
22934	2.062e+03	0	0.000e+00
22935	2.062e+03	0	0.000e+00
22936	2.062e+03	0	0.000e+00
22937	2.062e+03	0	0.000e+00
22938	2.062e+03	0	0.000e+00
22939	2.063e+03	0	0.000e+00
22940	2.063e+03	0	0.000e+00
22941	2.063e+03	0	0.000e+00
22942	2.063e+03	0	0.000e+00
22943	2.063e+03	0	0.000e+00
22944	2.063e+03	0	0.000e+00
22945	2.063e+03	0	0.000e+00
22946	2.063e+03	0	0.000e+00
22947	2.063e+03	0	0.000e+00
22948	2.063e+03	0	0.000e+00
22949	2.063e+03	0	0.000e+00
22950	2.064e+03	0	0.000e+00
22951	2.064e+03	0	0.000e+00
22952	2.064e+03	0	0.000e+00
22953	2.064e+03	0	0.000e+00
22954	2.064e+03	0	0.000e+00
22955	2.064e+03	0	0.000e+00
22956	2.064e+03	0	0.000e+00
22957	2.064e+03	0	0.000e+00
22958	2.064e+03	0	0.000e+00
22959	2.064e+03	0	0.000e+00
22960	2.064e+03	1	2.890e-05
22961	2.065e+03	0	0.000e+00
22962	2.065e+03	0	0.000e+00
22963	2.065e+03	0	0.000e+00
22964	2.065e+03	0	0.000e+00
22965	2.065e+03	0	0.000e+00
22966	2.065e+03	0	0.000e+00
22967	2.065e+03	0	0.000e+00
22968	2.065e+03	0	0.000e+00
22969	2.065e+03	0	0.000e+00
22970	2.065e+03	0	0.000e+00
22971	2.065e+03	0	0.000e+00
22972	2.066e+03	0	0.000e+00
22973	2.066e+03	0	0.000e+00
22974	2.066e+03	0	0.000e+00
22975	2.066e+03	0	0.000e+00
22976	2.066e+03	0	0.000e+00
22977	2.066e+03	0	0.000e+00
22978	2.066e+03	0	0.000e+00
22979	2.066e+03	0	0.000e+00
22980	2.066e+03	0	0.000e+00
22981	2.066e+03	0	0.000e+00
22982	2.066e+03	0	0.000e+00
22983	2.067e+03	0	0.000e+00
22984	2.067e+03	0	0.000e+00
22985	2.067e+03	0	0.000e+00
22986	2.067e+03	0	0.000e+00
22987	2.067e+03	0	0.000e+00
22988	2.067e+03	0	0.000e+00
22989	2.067e+03	0	0.000e+00
22990	2.067e+03	0	0.000e+00
22991	2.067e+03	0	0.000e+00
22992	2.067e+03	0	0.000e+00
22993	2.067e+03	0	0.000e+00
22994	2.068e+03	0	0.000e+00
22995	2.068e+03	0	0.000e+00
22996	2.068e+03	0	0.000e+00
22997	2.068e+03	0	0.000e+00
22998	2.068e+03	0	0.000e+00
22999	2.068e+03	0	0.000e+00
23000	2.068e+03	0	0.000e+00
23001	2.068e+03	0	0.000e+00
23002	2.068e+03	0	0.000e+00
23003	2.068e+03	0	0.000e+00
23004	2.068e+03	0	0.000e+00
23005	2.069e+03	0	0.000e+00
23006	2.069e+03	0	0.000e+00
23007	2.069e+03	0	0.000e+00
23008	2.069e+03	1	2.890e-05
23009	2.069e+03	0	0.000e+00
23010	2.069e+03	0	0.000e+00
23011	2.069e+03	0	0.000e+00
23012	2.069e+03	0	0.000e+00
23013	2.069e+03	0	0.000e+00
23014	2.069e+03	0	0.000e+00
23015	2.069e+03	1	2.890e-05
23016	2.070e+03	0	0.000e+00
23017	2.070e+03	0	0.000e+00
23018	2.070e+03	0	0.000e+00
23019	2.070e+03	0	0.000e+00
23020	2.070e+03	0	0.000e+00
23021	2.070e+03	0	0.000e+00
23022	2.070e+03	0	0.000e+00
23023	2.070e+03	0	0.000e+00
23024	2.070e+03	1	2.890e-05
23025	2.070e+03	0	0.000e+00
23026	2.070e+03	0	0.000e+00
23027	2.070e+03	1	2.890e-05
23028	2.071e+03	0	0.000e+00
23029	2.071e+03	1	2.890e-05
23030	2.071e+03	0	0.000e+00
23031	2.071e+03	1	2.890e-05
23032	2.071e+03	0	0.000e+00
23033	2.071e+03	0	0.000e+00
23034	2.071e+03	0	0.000e+00
23035	2.071e+03	0	0.000e+00
23036	2.071e+03	0	0.000e+00
23037	2.071e+03	0	0.000e+00
23038	2.071e+03	0	0.000e+00
23039	2.072e+03	0	0.000e+00
23040	2.072e+03	0	0.000e+00
23041	2.072e+03	0	0.000e+00
23042	2.072e+03	0	0.000e+00
23043	2.072e+03	0	0.000e+00
23044	2.072e+03	0	0.000e+00
23045	2.072e+03	0	0.000e+00
23046	2.072e+03	0	0.000e+00
23047	2.072e+03	0	0.000e+00
23048	2.072e+03	0	0.000e+00
23049	2.072e+03	0	0.000e+00
23050	2.073e+03	0	0.000e+00
23051	2.073e+03	0	0.000e+00
23052	2.073e+03	0	0.000e+00
23053	2.073e+03	0	0.000e+00
23054	2.073e+03	0	0.000e+00
23055	2.073e+03	0	0.000e+00
23056	2.073e+03	0	0.000e+00
23057	2.073e+03	0	0.000e+00
23058	2.073e+03	0	0.000e+00
23059	2.073e+03	0	0.000e+00
23060	2.073e+03	0	0.000e+00
23061	2.074e+03	0	0.000e+00
23062	2.074e+03	0	0.000e+00
23063	2.074e+03	0	0.000e+00
23064	2.074e+03	0	0.000e+00
23065	2.074e+03	0	0.000e+00
23066	2.074e+03	0	0.000e+00
23067	2.074e+03	1	2.890e-05
23068	2.074e+03	0	0.000e+00
23069	2.074e+03	0	0.000e+00
23070	2.074e+03	1	2.890e-05
23071	2.074e+03	0	0.000e+00
23072	2.075e+03	0	0.000e+00
23073	2.075e+03	0	0.000e+00
23074	2.075e+03	0	0.000e+00
23075	2.075e+03	0	0.000e+00
23076	2.075e+03	1	2.890e-05
23077	2.075e+03	0	0.000e+00
23078	2.075e+03	0	0.000e+00
23079	2.075e+03	0	0.000e+00
23080	2.075e+03	0	0.000e+00
23081	2.075e+03	0	0.000e+00
23082	2.075e+03	0	0.000e+00
23083	2.076e+03	0	0.000e+00
23084	2.076e+03	0	0.000e+00
23085	2.076e+03	0	0.000e+00
23086	2.076e+03	0	0.000e+00
23087	2.076e+03	0	0.000e+00
23088	2.076e+03	0	0.000e+00
23089	2.076e+03	0	0.000e+00
23090	2.076e+03	0	0.000e+00
23091	2.076e+03	0	0.000e+00
23092	2.076e+03	0	0.000e+00
23093	2.076e+03	0	0.000e+00
23094	2.077e+03	0	0.000e+00
23095	2.077e+03	0	0.000e+00
23096	2.077e+03	0	0.000e+00
23097	2.077e+03	0	0.000e+00
23098	2.077e+03	0	0.000e+00
23099	2.077e+03	0	0.000e+00
23100	2.077e+03	0	0.000e+00
23101	2.077e+03	1	2.890e-05
23102	2.077e+03	0	0.000e+00
23103	2.077e+03	0	0.000e+00
23104	2.077e+03	0	0.000e+00
23105	2.078e+03	0	0.000e+00
23106	2.078e+03	0	0.000e+00
23107	2.078e+03	0	0.000e+00
23108	2.078e+03	0	0.000e+00
23109	2.078e+03	0	0.000e+00
23110	2.078e+03	0	0.000e+00
23111	2.078e+03	0	0.000e+00
23112	2.078e+03	0	0.000e+00
23113	2.078e+03	1	2.890e-05
23114	2.078e+03	0	0.000e+00
23115	2.078e+03	0	0.000e+00
23116	2.079e+03	0	0.000e+00
23117	2.079e+03	0	0.000e+00
23118	2.079e+03	0	0.000e+00
23119	2.079e+03	0	0.000e+00
23120	2.079e+03	0	0.000e+00
23121	2.079e+03	0	0.000e+00
23122	2.079e+03	0	0.000e+00
23123	2.079e+03	0	0.000e+00
23124	2.079e+03	0	0.000e+00
23125	2.079e+03	0	0.000e+00
23126	2.079e+03	0	0.000e+00
23127	2.079e+03	0	0.000e+00
23128	2.080e+03	0	0.000e+00
23129	2.080e+03	0	0.000e+00
23130	2.080e+03	0	0.000e+00
23131	2.080e+03	0	0.000e+00
23132	2.080e+03	0	0.000e+00
23133	2.080e+03	0	0.000e+00
23134	2.080e+03	0	0.000e+00
23135	2.080e+03	0	0.000e+00
23136	2.080e+03	0	0.000e+00
23137	2.080e+03	1	2.890e-05
23138	2.080e+03	0	0.000e+00
23139	2.081e+03	0	0.000e+00
23140	2.081e+03	0	0.000e+00
23141	2.081e+03	0	0.000e+00
23142	2.081e+03	0	0.000e+00
23143	2.081e+03	0	0.000e+00
23144	2.081e+03	0	0.000e+00
23145	2.081e+03	0	0.000e+00
23146	2.081e+03	0	0.000e+00
23147	2.081e+03	0	0.000e+00
23148	2.081e+03	0	0.000e+00
23149	2.081e+03	0	0.000e+00
23150	2.082e+03	0	0.000e+00
23151	2.082e+03	0	0.000e+00
23152	2.082e+03	0	0.000e+00
23153	2.082e+03	0	0.000e+00
23154	2.082e+03	0	0.000e+00
23155	2.082e+03	0	0.000e+00
23156	2.082e+03	0	0.000e+00
23157	2.082e+03	0	0.000e+00
23158	2.082e+03	0	0.000e+00
23159	2.082e+03	0	0.000e+00
23160	2.082e+03	0	0.000e+00
23161	2.083e+03	0	0.000e+00
23162	2.083e+03	0	0.000e+00
23163	2.083e+03	0	0.000e+00
23164	2.083e+03	0	0.000e+00
23165	2.083e+03	0	0.000e+00
23166	2.083e+03	0	0.000e+00
23167	2.083e+03	0	0.000e+00
23168	2.083e+03	1	2.890e-05
23169	2.083e+03	0	0.000e+00
23170	2.083e+03	0	0.000e+00
23171	2.083e+03	0	0.000e+00
23172	2.084e+03	0	0.000e+00
23173	2.084e+03	0	0.000e+00
23174	2.084e+03	0	0.000e+00
23175	2.084e+03	0	0.000e+00
23176	2.084e+03	0	0.000e+00
23177	2.084e+03	0	0.000e+00
23178	2.084e+03	0	0.000e+00
23179	2.084e+03	0	0.000e+00
23180	2.084e+03	0	0.000e+00
23181	2.084e+03	0	0.000e+00
23182	2.084e+03	0	0.000e+00
23183	2.085e+03	0	0.000e+00
23184	2.085e+03	0	0.000e+00
23185	2.085e+03	0	0.000e+00
23186	2.085e+03	1	2.890e-05
23187	2.085e+03	0	0.000e+00
23188	2.085e+03	0	0.000e+00
23189	2.085e+03	0	0.000e+00
23190	2.085e+03	0	0.000e+00
23191	2.085e+03	0	0.000e+00
23192	2.085e+03	0	0.000e+00
23193	2.085e+03	0	0.000e+00
23194	2.086e+03	0	0.000e+00
23195	2.086e+03	0	0.000e+00
23196	2.086e+03	0	0.000e+00
23197	2.086e+03	0	0.000e+00
23198	2.086e+03	0	0.000e+00
23199	2.086e+03	1	2.890e-05
23200	2.086e+03	0	0.000e+00
23201	2.086e+03	0	0.000e+00
23202	2.086e+03	0	0.000e+00
23203	2.086e+03	0	0.000e+00
23204	2.086e+03	0	0.000e+00
23205	2.087e+03	0	0.000e+00
23206	2.087e+03	0	0.000e+00
23207	2.087e+03	0	0.000e+00
23208	2.087e+03	0	0.000e+00
23209	2.087e+03	0	0.000e+00
23210	2.087e+03	0	0.000e+00
23211	2.087e+03	0	0.000e+00
23212	2.087e+03	0	0.000e+00
23213	2.087e+03	0	0.000e+00
23214	2.087e+03	0	0.000e+00
23215	2.087e+03	0	0.000e+00
23216	2.087e+03	0	0.000e+00
23217	2.088e+03	1	2.890e-05
23218	2.088e+03	0	0.000e+00
23219	2.088e+03	0	0.000e+00
23220	2.088e+03	0	0.000e+00
23221	2.088e+03	0	0.000e+00
23222	2.088e+03	0	0.000e+00
23223	2.088e+03	0	0.000e+00
23224	2.088e+03	0	0.000e+00
23225	2.088e+03	0	0.000e+00
23226	2.088e+03	0	0.000e+00
23227	2.088e+03	0	0.000e+00
23228	2.089e+03	0	0.000e+00
23229	2.089e+03	0	0.000e+00
23230	2.089e+03	0	0.000e+00
23231	2.089e+03	0	0.000e+00
23232	2.089e+03	0	0.000e+00
23233	2.089e+03	0	0.000e+00
23234	2.089e+03	2	5.780e-05
23235	2.089e+03	0	0.000e+00
23236	2.089e+03	0	0.000e+00
23237	2.089e+03	0	0.000e+00
23238	2.089e+03	0	0.000e+00
23239	2.090e+03	0	0.000e+00
23240	2.090e+03	0	0.000e+00
23241	2.090e+03	0	0.000e+00
23242	2.090e+03	0	0.000e+00
23243	2.090e+03	0	0.000e+00
23244	2.090e+03	0	0.000e+00
23245	2.090e+03	0	0.000e+00
23246	2.090e+03	1	2.890e-05
23247	2.090e+03	0	0.000e+00
23248	2.090e+03	0	0.000e+00
23249	2.090e+03	0	0.000e+00
23250	2.091e+03	0	0.000e+00
23251	2.091e+03	0	0.000e+00
23252	2.091e+03	0	0.000e+00
23253	2.091e+03	0	0.000e+00
23254	2.091e+03	0	0.000e+00
23255	2.091e+03	0	0.000e+00
23256	2.091e+03	0	0.000e+00
23257	2.091e+03	0	0.000e+00
23258	2.091e+03	0	0.000e+00
23259	2.091e+03	0	0.000e+00
23260	2.091e+03	0	0.000e+00
23261	2.092e+03	0	0.000e+00
23262	2.092e+03	0	0.000e+00
23263	2.092e+03	0	0.000e+00
23264	2.092e+03	0	0.000e+00
23265	2.092e+03	0	0.000e+00
23266	2.092e+03	0	0.000e+00
23267	2.092e+03	0	0.000e+00
23268	2.092e+03	0	0.000e+00
23269	2.092e+03	0	0.000e+00
23270	2.092e+03	0	0.000e+00
23271	2.092e+03	0	0.000e+00
23272	2.093e+03	0	0.000e+00
23273	2.093e+03	0	0.000e+00
23274	2.093e+03	0	0.000e+00
23275	2.093e+03	0	0.000e+00
23276	2.093e+03	0	0.000e+00
23277	2.093e+03	0	0.000e+00
23278	2.093e+03	0	0.000e+00
23279	2.093e+03	0	0.000e+00
23280	2.093e+03	1	2.890e-05
23281	2.093e+03	3	8.671e-05
23282	2.093e+03	0	0.000e+00
23283	2.094e+03	0	0.000e+00
23284	2.094e+03	0	0.000e+00
23285	2.094e+03	0	0.000e+00
23286	2.094e+03	0	0.000e+00
23287	2.094e+03	0	0.000e+00
23288	2.094e+03	0	0.000e+00
23289	2.094e+03	0	0.000e+00
23290	2.094e+03	0	0.000e+00
23291	2.094e+03	0	0.000e+00
23292	2.094e+03	0	0.000e+00
23293	2.094e+03	0	0.000e+00
23294	2.095e+03	0	0.000e+00
23295	2.095e+03	0	0.000e+00
23296	2.095e+03	0	0.000e+00
23297	2.095e+03	0	0.000e+00
23298	2.095e+03	1	2.890e-05
23299	2.095e+03	0	0.000e+00
23300	2.095e+03	0	0.000e+00
23301	2.095e+03	0	0.000e+00
23302	2.095e+03	0	0.000e+00
23303	2.095e+03	0	0.000e+00
23304	2.095e+03	0	0.000e+00
23305	2.095e+03	0	0.000e+00
23306	2.096e+03	0	0.000e+00
23307	2.096e+03	0	0.000e+00
23308	2.096e+03	1	2.890e-05
23309	2.096e+03	0	0.000e+00
23310	2.096e+03	0	0.000e+00
23311	2.096e+03	0	0.000e+00
23312	2.096e+03	0	0.000e+00
23313	2.096e+03	0	0.000e+00
23314	2.096e+03	0	0.000e+00
23315	2.096e+03	0	0.000e+00
23316	2.096e+03	0	0.000e+00
23317	2.097e+03	0	0.000e+00
23318	2.097e+03	0	0.000e+00
23319	2.097e+03	0	0.000e+00
23320	2.097e+03	0	0.000e+00
23321	2.097e+03	0	0.000e+00
23322	2.097e+03	0	0.000e+00
23323	2.097e+03	0	0.000e+00
23324	2.097e+03	0	0.000e+00
23325	2.097e+03	1	2.890e-05
23326	2.097e+03	0	0.000e+00
23327	2.097e+03	0	0.000e+00
23328	2.098e+03	0	0.000e+00
23329	2.098e+03	0	0.000e+00
23330	2.098e+03	0	0.000e+00
23331	2.098e+03	0	0.000e+00
23332	2.098e+03	1	2.890e-05
23333	2.098e+03	0	0.000e+00
23334	2.098e+03	0	0.000e+00
23335	2.098e+03	0	0.000e+00
23336	2.098e+03	0	0.000e+00
23337	2.098e+03	0	0.000e+00
23338	2.098e+03	0	0.000e+00
23339	2.099e+03	0	0.000e+00
23340	2.099e+03	0	0.000e+00
23341	2.099e+03	0	0.000e+00
23342	2.099e+03	0	0.000e+00
23343	2.099e+03	0	0.000e+00
23344	2.099e+03	0	0.000e+00
23345	2.099e+03	0	0.000e+00
23346	2.099e+03	0	0.000e+00
23347	2.099e+03	0	0.000e+00
23348	2.099e+03	0	0.000e+00
23349	2.099e+03	0	0.000e+00
23350	2.100e+03	0	0.000e+00
23351	2.100e+03	0	0.000e+00
23352	2.100e+03	0	0.000e+00
23353	2.100e+03	0	0.000e+00
23354	2.100e+03	0	0.000e+00
23355	2.100e+03	0	0.000e+00
23356	2.100e+03	0	0.000e+00
23357	2.100e+03	0	0.000e+00
23358	2.100e+03	0	0.000e+00
23359	2.100e+03	0	0.000e+00
23360	2.100e+03	0	0.000e+00
23361	2.101e+03	0	0.000e+00
23362	2.101e+03	0	0.000e+00
23363	2.101e+03	0	0.000e+00
23364	2.101e+03	0	0.000e+00
23365	2.101e+03	0	0.000e+00
23366	2.101e+03	0	0.000e+00
23367	2.101e+03	0	0.000e+00
23368	2.101e+03	0	0.000e+00
23369	2.101e+03	0	0.000e+00
23370	2.101e+03	0	0.000e+00
23371	2.101e+03	0	0.000e+00
23372	2.102e+03	0	0.000e+00
23373	2.102e+03	0	0.000e+00
23374	2.102e+03	0	0.000e+00
23375	2.102e+03	0	0.000e+00
23376	2.102e+03	0	0.000e+00
23377	2.102e+03	0	0.000e+00
23378	2.102e+03	0	0.000e+00
23379	2.102e+03	0	0.000e+00
23380	2.102e+03	0	0.000e+00
23381	2.102e+03	0	0.000e+00
23382	2.102e+03	0	0.000e+00
23383	2.103e+03	0	0.000e+00
23384	2.103e+03	0	0.000e+00
23385	2.103e+03	0	0.000e+00
23386	2.103e+03	0	0.000e+00
23387	2.103e+03	0	0.000e+00
23388	2.103e+03	0	0.000e+00
23389	2.103e+03	0	0.000e+00
23390	2.103e+03	0	0.000e+00
23391	2.103e+03	0	0.000e+00
23392	2.103e+03	0	0.000e+00
23393	2.103e+03	1	2.890e-05
23394	2.103e+03	0	0.000e+00
23395	2.104e+03	0	0.000e+00
23396	2.104e+03	0	0.000e+00
23397	2.104e+03	0	0.000e+00
23398	2.104e+03	0	0.000e+00
23399	2.104e+03	0	0.000e+00
23400	2.104e+03	0	0.000e+00
23401	2.104e+03	0	0.000e+00
23402	2.104e+03	0	0.000e+00
23403	2.104e+03	0	0.000e+00
23404	2.104e+03	0	0.000e+00
23405	2.104e+03	0	0.000e+00
23406	2.105e+03	0	0.000e+00
23407	2.105e+03	0	0.000e+00
23408	2.105e+03	0	0.000e+00
23409	2.105e+03	0	0.000e+00
23410	2.105e+03	0	0.000e+00
23411	2.105e+03	0	0.000e+00
23412	2.105e+03	0	0.000e+00
23413	2.105e+03	0	0.000e+00
23414	2.105e+03	0	0.000e+00
23415	2.105e+03	0	0.000e+00
23416	2.105e+03	3	8.671e-05
23417	2.106e+03	0	0.000e+00
23418	2.106e+03	0	0.000e+00
23419	2.106e+03	0	0.000e+00
23420	2.106e+03	0	0.000e+00
23421	2.106e+03	0	0.000e+00
23422	2.106e+03	0	0.000e+00
23423	2.106e+03	0	0.000e+00
23424	2.106e+03	0	0.000e+00
23425	2.106e+03	0	0.000e+00
23426	2.106e+03	0	0.000e+00
23427	2.106e+03	0	0.000e+00
23428	2.107e+03	0	0.000e+00
23429	2.107e+03	0	0.000e+00
23430	2.107e+03	1	2.890e-05
23431	2.107e+03	0	0.000e+00
23432	2.107e+03	0	0.000e+00
23433	2.107e+03	0	0.000e+00
23434	2.107e+03	0	0.000e+00
23435	2.107e+03	0	0.000e+00
23436	2.107e+03	1	2.890e-05
23437	2.107e+03	0	0.000e+00
23438	2.107e+03	1	2.890e-05
23439	2.108e+03	1	2.890e-05
23440	2.108e+03	0	0.000e+00
23441	2.108e+03	0	0.000e+00
23442	2.108e+03	0	0.000e+00
23443	2.108e+03	0	0.000e+00
23444	2.108e+03	0	0.000e+00
23445	2.108e+03	0	0.000e+00
23446	2.108e+03	0	0.000e+00
23447	2.108e+03	0	0.000e+00
23448	2.108e+03	0	0.000e+00
23449	2.108e+03	2	5.780e-05
23450	2.109e+03	0	0.000e+00
23451	2.109e+03	0	0.000e+00
23452	2.109e+03	0	0.000e+00
23453	2.109e+03	0	0.000e+00
23454	2.109e+03	0	0.000e+00
23455	2.109e+03	0	0.000e+00
23456	2.109e+03	0	0.000e+00
23457	2.109e+03	0	0.000e+00
23458	2.109e+03	0	0.000e+00
23459	2.109e+03	0	0.000e+00
23460	2.109e+03	0	0.000e+00
23461	2.110e+03	0	0.000e+00
23462	2.110e+03	0	0.000e+00
23463	2.110e+03	0	0.000e+00
23464	2.110e+03	0	0.000e+00
23465	2.110e+03	0	0.000e+00
23466	2.110e+03	0	0.000e+00
23467	2.110e+03	0	0.000e+00
23468	2.110e+03	0	0.000e+00
23469	2.110e+03	0	0.000e+00
23470	2.110e+03	0	0.000e+00
23471	2.110e+03	0	0.000e+00
23472	2.111e+03	1	2.890e-05
23473	2.111e+03	0	0.000e+00
23474	2.111e+03	0	0.000e+00
23475	2.111e+03	0	0.000e+00
23476	2.111e+03	0	0.000e+00
23477	2.111e+03	0	0.000e+00
23478	2.111e+03	0	0.000e+00
23479	2.111e+03	0	0.000e+00
23480	2.111e+03	0	0.000e+00
23481	2.111e+03	0	0.000e+00
23482	2.111e+03	0	0.000e+00
23483	2.112e+03	0	0.000e+00
23484	2.112e+03	0	0.000e+00
23485	2.112e+03	1	2.890e-05
23486	2.112e+03	0	0.000e+00
23487	2.112e+03	0	0.000e+00
23488	2.112e+03	0	0.000e+00
23489	2.112e+03	0	0.000e+00
23490	2.112e+03	0	0.000e+00
23491	2.112e+03	0	0.000e+00
23492	2.112e+03	0	0.000e+00
23493	2.112e+03	0	0.000e+00
23494	2.112e+03	0	0.000e+00
23495	2.113e+03	1	2.890e-05
23496	2.113e+03	0	0.000e+00
23497	2.113e+03	0	0.000e+00
23498	2.113e+03	0	0.000e+00
23499	2.113e+03	0	0.000e+00
23500	2.113e+03	0	0.000e+00
23501	2.113e+03	0	0.000e+00
23502	2.113e+03	0	0.000e+00
23503	2.113e+03	0	0.000e+00
23504	2.113e+03	0	0.000e+00
23505	2.113e+03	0	0.000e+00
23506	2.114e+03	0	0.000e+00
23507	2.114e+03	0	0.000e+00
23508	2.114e+03	0	0.000e+00
23509	2.114e+03	0	0.000e+00
23510	2.114e+03	0	0.000e+00
23511	2.114e+03	0	0.000e+00
23512	2.114e+03	0	0.000e+00
23513	2.114e+03	0	0.000e+00
23514	2.114e+03	0	0.000e+00
23515	2.114e+03	0	0.000e+00
23516	2.114e+03	0	0.000e+00
23517	2.115e+03	0	0.000e+00
23518	2.115e+03	0	0.000e+00
23519	2.115e+03	0	0.000e+00
23520	2.115e+03	0	0.000e+00
23521	2.115e+03	0	0.000e+00
23522	2.115e+03	0	0.000e+00
23523	2.115e+03	0	0.000e+00
23524	2.115e+03	0	0.000e+00
23525	2.115e+03	0	0.000e+00
23526	2.115e+03	0	0.000e+00
23527	2.115e+03	0	0.000e+00
23528	2.116e+03	0	0.000e+00
23529	2.116e+03	0	0.000e+00
23530	2.116e+03	0	0.000e+00
23531	2.116e+03	0	0.000e+00
23532	2.116e+03	0	0.000e+00
23533	2.116e+03	0	0.000e+00
23534	2.116e+03	0	0.000e+00
23535	2.116e+03	0	0.000e+00
23536	2.116e+03	0	0.000e+00
23537	2.116e+03	0	0.000e+00
23538	2.116e+03	0	0.000e+00
23539	2.117e+03	0	0.000e+00
23540	2.117e+03	0	0.000e+00
23541	2.117e+03	0	0.000e+00
23542	2.117e+03	0	0.000e+00
23543	2.117e+03	1	2.890e-05
23544	2.117e+03	0	0.000e+00
23545	2.117e+03	0	0.000e+00
23546	2.117e+03	0	0.000e+00
23547	2.117e+03	1	2.890e-05
23548	2.117e+03	0	0.000e+00
23549	2.117e+03	0	0.000e+00
23550	2.118e+03	0	0.000e+00
23551	2.118e+03	0	0.000e+00
23552	2.118e+03	0	0.000e+00
23553	2.118e+03	0	0.000e+00
23554	2.118e+03	1	2.890e-05
23555	2.118e+03	0	0.000e+00
23556	2.118e+03	0	0.000e+00
23557	2.118e+03	0	0.000e+00
23558	2.118e+03	0	0.000e+00
23559	2.118e+03	0	0.000e+00
23560	2.118e+03	0	0.000e+00
23561	2.119e+03	0	0.000e+00
23562	2.119e+03	0	0.000e+00
23563	2.119e+03	0	0.000e+00
23564	2.119e+03	0	0.000e+00
23565	2.119e+03	0	0.000e+00
23566	2.119e+03	0	0.000e+00
23567	2.119e+03	0	0.000e+00
23568	2.119e+03	0	0.000e+00
23569	2.119e+03	0	0.000e+00
23570	2.119e+03	0	0.000e+00
23571	2.119e+03	0	0.000e+00
23572	2.120e+03	0	0.000e+00
23573	2.120e+03	0	0.000e+00
23574	2.120e+03	1	2.890e-05
23575	2.120e+03	0	0.000e+00
23576	2.120e+03	0	0.000e+00
23577	2.120e+03	0	0.000e+00
23578	2.120e+03	1	2.890e-05
23579	2.120e+03	0	0.000e+00
23580	2.120e+03	0	0.000e+00
23581	2.120e+03	0	0.000e+00
23582	2.120e+03	0	0.000e+00
23583	2.120e+03	0	0.000e+00
23584	2.121e+03	0	0.000e+00
23585	2.121e+03	0	0.000e+00
23586	2.121e+03	0	0.000e+00
23587	2.121e+03	0	0.000e+00
23588	2.121e+03	1	2.890e-05
23589	2.121e+03	0	0.000e+00
23590	2.121e+03	1	2.890e-05
23591	2.121e+03	0	0.000e+00
23592	2.121e+03	0	0.000e+00
23593	2.121e+03	0	0.000e+00
23594	2.121e+03	0	0.000e+00
23595	2.122e+03	0	0.000e+00
23596	2.122e+03	0	0.000e+00
23597	2.122e+03	0	0.000e+00
23598	2.122e+03	0	0.000e+00
23599	2.122e+03	0	0.000e+00
23600	2.122e+03	0	0.000e+00
23601	2.122e+03	1	2.890e-05
23602	2.122e+03	0	0.000e+00
23603	2.122e+03	0	0.000e+00
23604	2.122e+03	0	0.000e+00
23605	2.122e+03	0	0.000e+00
23606	2.123e+03	0	0.000e+00
23607	2.123e+03	0	0.000e+00
23608	2.123e+03	0	0.000e+00
23609	2.123e+03	0	0.000e+00
23610	2.123e+03	0	0.000e+00
23611	2.123e+03	0	0.000e+00
23612	2.123e+03	0	0.000e+00
23613	2.123e+03	0	0.000e+00
23614	2.123e+03	0	0.000e+00
23615	2.123e+03	0	0.000e+00
23616	2.123e+03	0	0.000e+00
23617	2.124e+03	0	0.000e+00
23618	2.124e+03	0	0.000e+00
23619	2.124e+03	0	0.000e+00
23620	2.124e+03	0	0.000e+00
23621	2.124e+03	0	0.000e+00
23622	2.124e+03	0	0.000e+00
23623	2.124e+03	0	0.000e+00
23624	2.124e+03	0	0.000e+00
23625	2.124e+03	0	0.000e+00
23626	2.124e+03	0	0.000e+00
23627	2.124e+03	0	0.000e+00
23628	2.125e+03	0	0.000e+00
23629	2.125e+03	0	0.000e+00
23630	2.125e+03	0	0.000e+00
23631	2.125e+03	0	0.000e+00
23632	2.125e+03	0	0.000e+00
23633	2.125e+03	0	0.000e+00
23634	2.125e+03	0	0.000e+00
23635	2.125e+03	0	0.000e+00
23636	2.125e+03	0	0.000e+00
23637	2.125e+03	0	0.000e+00
23638	2.125e+03	0	0.000e+00
23639	2.126e+03	0	0.000e+00
23640	2.126e+03	0	0.000e+00
23641	2.126e+03	0	0.000e+00
23642	2.126e+03	0	0.000e+00
23643	2.126e+03	0	0.000e+00
23644	2.126e+03	0	0.000e+00
23645	2.126e+03	0	0.000e+00
23646	2.126e+03	0	0.000e+00
23647	2.126e+03	0	0.000e+00
23648	2.126e+03	0	0.000e+00
23649	2.126e+03	1	2.890e-05
23650	2.127e+03	0	0.000e+00
23651	2.127e+03	0	0.000e+00
23652	2.127e+03	0	0.000e+00
23653	2.127e+03	0	0.000e+00
23654	2.127e+03	0	0.000e+00
23655	2.127e+03	0	0.000e+00
23656	2.127e+03	0	0.000e+00
23657	2.127e+03	0	0.000e+00
23658	2.127e+03	0	0.000e+00
23659	2.127e+03	0	0.000e+00
23660	2.127e+03	0	0.000e+00
23661	2.128e+03	0	0.000e+00
23662	2.128e+03	1	2.890e-05
23663	2.128e+03	0	0.000e+00
23664	2.128e+03	0	0.000e+00
23665	2.128e+03	0	0.000e+00
23666	2.128e+03	0	0.000e+00
23667	2.128e+03	0	0.000e+00
23668	2.128e+03	0	0.000e+00
23669	2.128e+03	0	0.000e+00
23670	2.128e+03	0	0.000e+00
23671	2.128e+03	0	0.000e+00
23672	2.128e+03	0	0.000e+00
23673	2.129e+03	0	0.000e+00
23674	2.129e+03	0	0.000e+00
23675	2.129e+03	0	0.000e+00
23676	2.129e+03	0	0.000e+00
23677	2.129e+03	0	0.000e+00
23678	2.129e+03	1	2.890e-05
23679	2.129e+03	0	0.000e+00
23680	2.129e+03	0	0.000e+00
23681	2.129e+03	0	0.000e+00
23682	2.129e+03	0	0.000e+00
23683	2.129e+03	0	0.000e+00
23684	2.130e+03	0	0.000e+00
23685	2.130e+03	0	0.000e+00
23686	2.130e+03	0	0.000e+00
23687	2.130e+03	0	0.000e+00
23688	2.130e+03	0	0.000e+00
23689	2.130e+03	0	0.000e+00
23690	2.130e+03	0	0.000e+00
23691	2.130e+03	0	0.000e+00
23692	2.130e+03	1	2.890e-05
23693	2.130e+03	0	0.000e+00
23694	2.130e+03	0	0.000e+00
23695	2.131e+03	0	0.000e+00
23696	2.131e+03	0	0.000e+00
23697	2.131e+03	0	0.000e+00
23698	2.131e+03	0	0.000e+00
23699	2.131e+03	0	0.000e+00
23700	2.131e+03	0	0.000e+00
23701	2.131e+03	0	0.000e+00
23702	2.131e+03	0	0.000e+00
23703	2.131e+03	0	0.000e+00
23704	2.131e+03	0	0.000e+00
23705	2.131e+03	0	0.000e+00
23706	2.132e+03	0	0.000e+00
23707	2.132e+03	0	0.000e+00
23708	2.132e+03	0	0.000e+00
23709	2.132e+03	0	0.000e+00
23710	2.132e+03	0	0.000e+00
23711	2.132e+03	0	0.000e+00
23712	2.132e+03	0	0.000e+00
23713	2.132e+03	0	0.000e+00
23714	2.132e+03	0	0.000e+00
23715	2.132e+03	0	0.000e+00
23716	2.132e+03	0	0.000e+00
23717	2.133e+03	0	0.000e+00
23718	2.133e+03	0	0.000e+00
23719	2.133e+03	0	0.000e+00
23720	2.133e+03	0	0.000e+00
23721	2.133e+03	1	2.890e-05
23722	2.133e+03	0	0.000e+00
23723	2.133e+03	0	0.000e+00
23724	2.133e+03	0	0.000e+00
23725	2.133e+03	0	0.000e+00
23726	2.133e+03	0	0.000e+00
23727	2.133e+03	0	0.000e+00
23728	2.134e+03	0	0.000e+00
23729	2.134e+03	0	0.000e+00
23730	2.134e+03	0	0.000e+00
23731	2.134e+03	0	0.000e+00
23732	2.134e+03	0	0.000e+00
23733	2.134e+03	1	2.890e-05
23734	2.134e+03	0	0.000e+00
23735	2.134e+03	0	0.000e+00
23736	2.134e+03	0	0.000e+00
23737	2.134e+03	0	0.000e+00
23738	2.134e+03	0	0.000e+00
23739	2.135e+03	0	0.000e+00
23740	2.135e+03	0	0.000e+00
23741	2.135e+03	0	0.000e+00
23742	2.135e+03	0	0.000e+00
23743	2.135e+03	0	0.000e+00
23744	2.135e+03	0	0.000e+00
23745	2.135e+03	0	0.000e+00
23746	2.135e+03	0	0.000e+00
23747	2.135e+03	0	0.000e+00
23748	2.135e+03	0	0.000e+00
23749	2.135e+03	0	0.000e+00
23750	2.136e+03	0	0.000e+00
23751	2.136e+03	0	0.000e+00
23752	2.136e+03	0	0.000e+00
23753	2.136e+03	0	0.000e+00
23754	2.136e+03	0	0.000e+00
23755	2.136e+03	0	0.000e+00
23756	2.136e+03	1	2.890e-05
23757	2.136e+03	0	0.000e+00
23758	2.136e+03	0	0.000e+00
23759	2.136e+03	0	0.000e+00
23760	2.136e+03	0	0.000e+00
23761	2.136e+03	0	0.000e+00
23762	2.137e+03	0	0.000e+00
23763	2.137e+03	0	0.000e+00
23764	2.137e+03	0	0.000e+00
23765	2.137e+03	0	0.000e+00
23766	2.137e+03	0	0.000e+00
23767	2.137e+03	0	0.000e+00
23768	2.137e+03	0	0.000e+00
23769	2.137e+03	0	0.000e+00
23770	2.137e+03	0	0.000e+00
23771	2.137e+03	0	0.000e+00
23772	2.137e+03	0	0.000e+00
23773	2.138e+03	0	0.000e+00
23774	2.138e+03	0	0.000e+00
23775	2.138e+03	0	0.000e+00
23776	2.138e+03	0	0.000e+00
23777	2.138e+03	0	0.000e+00
23778	2.138e+03	0	0.000e+00
23779	2.138e+03	0	0.000e+00
23780	2.138e+03	0	0.000e+00
23781	2.138e+03	0	0.000e+00
23782	2.138e+03	0	0.000e+00
23783	2.138e+03	0	0.000e+00
23784	2.139e+03	0	0.000e+00
23785	2.139e+03	0	0.000e+00
23786	2.139e+03	0	0.000e+00
23787	2.139e+03	0	0.000e+00
23788	2.139e+03	0	0.000e+00
23789	2.139e+03	0	0.000e+00
23790	2.139e+03	0	0.000e+00
23791	2.139e+03	0	0.000e+00
23792	2.139e+03	0	0.000e+00
23793	2.139e+03	0	0.000e+00
23794	2.139e+03	0	0.000e+00
23795	2.140e+03	0	0.000e+00
23796	2.140e+03	0	0.000e+00
23797	2.140e+03	0	0.000e+00
23798	2.140e+03	0	0.000e+00
23799	2.140e+03	0	0.000e+00
23800	2.140e+03	0	0.000e+00
23801	2.140e+03	0	0.000e+00
23802	2.140e+03	0	0.000e+00
23803	2.140e+03	0	0.000e+00
23804	2.140e+03	0	0.000e+00
23805	2.140e+03	0	0.000e+00
23806	2.141e+03	0	0.000e+00
23807	2.141e+03	0	0.000e+00
23808	2.141e+03	0	0.000e+00
23809	2.141e+03	0	0.000e+00
23810	2.141e+03	0	0.000e+00
23811	2.141e+03	0	0.000e+00
23812	2.141e+03	1	2.890e-05
23813	2.141e+03	0	0.000e+00
23814	2.141e+03	0	0.000e+00
23815	2.141e+03	0	0.000e+00
23816	2.141e+03	0	0.000e+00
23817	2.142e+03	0	0.000e+00
23818	2.142e+03	0	0.000e+00
23819	2.142e+03	0	0.000e+00
23820	2.142e+03	0	0.000e+00
23821	2.142e+03	0	0.000e+00
23822	2.142e+03	0	0.000e+00
23823	2.142e+03	1	2.890e-05
23824	2.142e+03	0	0.000e+00
23825	2.142e+03	1	2.890e-05
23826	2.142e+03	0	0.000e+00
23827	2.142e+03	0	0.000e+00
23828	2.143e+03	0	0.000e+00
23829	2.143e+03	0	0.000e+00
23830	2.143e+03	0	0.000e+00
23831	2.143e+03	2	5.780e-05
23832	2.143e+03	0	0.000e+00
23833	2.143e+03	1	2.890e-05
23834	2.143e+03	0	0.000e+00
23835	2.143e+03	0	0.000e+00
23836	2.143e+03	0	0.000e+00
23837	2.143e+03	0	0.000e+00
23838	2.143e+03	0	0.000e+00
23839	2.144e+03	0	0.000e+00
23840	2.144e+03	0	0.000e+00
23841	2.144e+03	0	0.000e+00
23842	2.144e+03	0	0.000e+00
23843	2.144e+03	0	0.000e+00
23844	2.144e+03	0	0.000e+00
23845	2.144e+03	0	0.000e+00
23846	2.144e+03	0	0.000e+00
23847	2.144e+03	0	0.000e+00
23848	2.144e+03	0	0.000e+00
23849	2.144e+03	1	2.890e-05
23850	2.145e+03	0	0.000e+00
23851	2.145e+03	0	0.000e+00
23852	2.145e+03	0	0.000e+00
23853	2.145e+03	0	0.000e+00
23854	2.145e+03	0	0.000e+00
23855	2.145e+03	0	0.000e+00
23856	2.145e+03	0	0.000e+00
23857	2.145e+03	0	0.000e+00
23858	2.145e+03	0	0.000e+00
23859	2.145e+03	1	2.890e-05
23860	2.145e+03	0	0.000e+00
23861	2.145e+03	0	0.000e+00
23862	2.146e+03	0	0.000e+00
23863	2.146e+03	1	2.890e-05
23864	2.146e+03	0	0.000e+00
23865	2.146e+03	0	0.000e+00
23866	2.146e+03	0	0.000e+00
23867	2.146e+03	0	0.000e+00
23868	2.146e+03	0	0.000e+00
23869	2.146e+03	0	0.000e+00
23870	2.146e+03	0	0.000e+00
23871	2.146e+03	0	0.000e+00
23872	2.146e+03	0	0.000e+00
23873	2.147e+03	0	0.000e+00
23874	2.147e+03	0	0.000e+00
23875	2.147e+03	0	0.000e+00
23876	2.147e+03	0	0.000e+00
23877	2.147e+03	0	0.000e+00
23878	2.147e+03	0	0.000e+00
23879	2.147e+03	0	0.000e+00
23880	2.147e+03	0	0.000e+00
23881	2.147e+03	0	0.000e+00
23882	2.147e+03	0	0.000e+00
23883	2.147e+03	0	0.000e+00
23884	2.148e+03	0	0.000e+00
23885	2.148e+03	0	0.000e+00
23886	2.148e+03	1	2.890e-05
23887	2.148e+03	0	0.000e+00
23888	2.148e+03	0	0.000e+00
23889	2.148e+03	0	0.000e+00
23890	2.148e+03	1	2.890e-05
23891	2.148e+03	0	0.000e+00
23892	2.148e+03	0	0.000e+00
23893	2.148e+03	0	0.000e+00
23894	2.148e+03	0	0.000e+00
23895	2.149e+03	0	0.000e+00
23896	2.149e+03	0	0.000e+00
23897	2.149e+03	0	0.000e+00
23898	2.149e+03	0	0.000e+00
23899	2.149e+03	0	0.000e+00
23900	2.149e+03	0	0.000e+00
23901	2.149e+03	0	0.000e+00
23902	2.149e+03	0	0.000e+00
23903	2.149e+03	0	0.000e+00
23904	2.149e+03	0	0.000e+00
23905	2.149e+03	0	0.000e+00
23906	2.150e+03	0	0.000e+00
23907	2.150e+03	0	0.000e+00
23908	2.150e+03	0	0.000e+00
23909	2.150e+03	0	0.000e+00
23910	2.150e+03	0	0.000e+00
23911	2.150e+03	0	0.000e+00
23912	2.150e+03	0	0.000e+00
23913	2.150e+03	0	0.000e+00
23914	2.150e+03	0	0.000e+00
23915	2.150e+03	0	0.000e+00
23916	2.150e+03	0	0.000e+00
23917	2.151e+03	0	0.000e+00
23918	2.151e+03	0	0.000e+00
23919	2.151e+03	0	0.000e+00
23920	2.151e+03	0	0.000e+00
23921	2.151e+03	0	0.000e+00
23922	2.151e+03	0	0.000e+00
23923	2.151e+03	0	0.000e+00
23924	2.151e+03	0	0.000e+00
23925	2.151e+03	0	0.000e+00
23926	2.151e+03	0	0.000e+00
23927	2.151e+03	0	0.000e+00
23928	2.152e+03	0	0.000e+00
23929	2.152e+03	0	0.000e+00
23930	2.152e+03	0	0.000e+00
23931	2.152e+03	0	0.000e+00
23932	2.152e+03	0	0.000e+00
23933	2.152e+03	0	0.000e+00
23934	2.152e+03	0	0.000e+00
23935	2.152e+03	0	0.000e+00
23936	2.152e+03	0	0.000e+00
23937	2.152e+03	0	0.000e+00
23938	2.152e+03	0	0.000e+00
23939	2.153e+03	0	0.000e+00
23940	2.153e+03	0	0.000e+00
23941	2.153e+03	0	0.000e+00
23942	2.153e+03	0	0.000e+00
23943	2.153e+03	0	0.000e+00
23944	2.153e+03	0	0.000e+00
23945	2.153e+03	1	2.890e-05
23946	2.153e+03	0	0.000e+00
23947	2.153e+03	0	0.000e+00
23948	2.153e+03	0	0.000e+00
23949	2.153e+03	1	2.890e-05
23950	2.153e+03	0	0.000e+00
23951	2.154e+03	0	0.000e+00
23952	2.154e+03	0	0.000e+00
23953	2.154e+03	0	0.000e+00
23954	2.154e+03	1	2.890e-05
23955	2.154e+03	0	0.000e+00
23956	2.154e+03	2	5.780e-05
23957	2.154e+03	0	0.000e+00
23958	2.154e+03	0	0.000e+00
23959	2.154e+03	0	0.000e+00
23960	2.154e+03	0	0.000e+00
23961	2.154e+03	0	0.000e+00
23962	2.155e+03	0	0.000e+00
23963	2.155e+03	0	0.000e+00
23964	2.155e+03	2	5.780e-05
23965	2.155e+03	0	0.000e+00
23966	2.155e+03	0	0.000e+00
23967	2.155e+03	0	0.000e+00
23968	2.155e+03	0	0.000e+00
23969	2.155e+03	0	0.000e+00
23970	2.155e+03	0	0.000e+00
23971	2.155e+03	0	0.000e+00
23972	2.155e+03	0	0.000e+00
23973	2.156e+03	0	0.000e+00
23974	2.156e+03	0	0.000e+00
23975	2.156e+03	0	0.000e+00
23976	2.156e+03	0	0.000e+00
23977	2.156e+03	0	0.000e+00
23978	2.156e+03	0	0.000e+00
23979	2.156e+03	0	0.000e+00
23980	2.156e+03	0	0.000e+00
23981	2.156e+03	0	0.000e+00
23982	2.156e+03	0	0.000e+00
23983	2.156e+03	0	0.000e+00
23984	2.157e+03	0	0.000e+00
23985	2.157e+03	0	0.000e+00
23986	2.157e+03	0	0.000e+00
23987	2.157e+03	0	0.000e+00
23988	2.157e+03	0	0.000e+00
23989	2.157e+03	0	0.000e+00
23990	2.157e+03	0	0.000e+00
23991	2.157e+03	0	0.000e+00
23992	2.157e+03	0	0.000e+00
23993	2.157e+03	1	2.890e-05
23994	2.157e+03	0	0.000e+00
23995	2.158e+03	0	0.000e+00
23996	2.158e+03	0	0.000e+00
23997	2.158e+03	0	0.000e+00
23998	2.158e+03	0	0.000e+00
23999	2.158e+03	0	0.000e+00
24000	2.158e+03	1	2.890e-05
24001	2.158e+03	0	0.000e+00
24002	2.158e+03	0	0.000e+00
24003	2.158e+03	0	0.000e+00
24004	2.158e+03	0	0.000e+00
24005	2.158e+03	0	0.000e+00
24006	2.159e+03	0	0.000e+00
24007	2.159e+03	0	0.000e+00
24008	2.159e+03	0	0.000e+00
24009	2.159e+03	0	0.000e+00
24010	2.159e+03	0	0.000e+00
24011	2.159e+03	0	0.000e+00
24012	2.159e+03	0	0.000e+00
24013	2.159e+03	0	0.000e+00
24014	2.159e+03	0	0.000e+00
24015	2.159e+03	0	0.000e+00
24016	2.159e+03	0	0.000e+00
24017	2.160e+03	0	0.000e+00
24018	2.160e+03	0	0.000e+00
24019	2.160e+03	0	0.000e+00
24020	2.160e+03	0	0.000e+00
24021	2.160e+03	1	2.890e-05
24022	2.160e+03	0	0.000e+00
24023	2.160e+03	0	0.000e+00
24024	2.160e+03	0	0.000e+00
24025	2.160e+03	0	0.000e+00
24026	2.160e+03	0	0.000e+00
24027	2.160e+03	0	0.000e+00
24028	2.161e+03	0	0.000e+00
24029	2.161e+03	0	0.000e+00
24030	2.161e+03	1	2.890e-05
24031	2.161e+03	0	0.000e+00
24032	2.161e+03	0	0.000e+00
24033	2.161e+03	0	0.000e+00
24034	2.161e+03	0	0.000e+00
24035	2.161e+03	0	0.000e+00
24036	2.161e+03	0	0.000e+00
24037	2.161e+03	0	0.000e+00
24038	2.161e+03	0	0.000e+00
24039	2.161e+03	0	0.000e+00
24040	2.162e+03	0	0.000e+00
24041	2.162e+03	0	0.000e+00
24042	2.162e+03	0	0.000e+00
24043	2.162e+03	0	0.000e+00
24044	2.162e+03	0	0.000e+00
24045	2.162e+03	0	0.000e+00
24046	2.162e+03	0	0.000e+00
24047	2.162e+03	0	0.000e+00
24048	2.162e+03	0	0.000e+00
24049	2.162e+03	1	2.890e-05
24050	2.162e+03	0	0.000e+00
24051	2.163e+03	0	0.000e+00
24052	2.163e+03	0	0.000e+00
24053	2.163e+03	0	0.000e+00
24054	2.163e+03	0	0.000e+00
24055	2.163e+03	0	0.000e+00
24056	2.163e+03	0	0.000e+00
24057	2.163e+03	0	0.000e+00
24058	2.163e+03	0	0.000e+00
24059	2.163e+03	0	0.000e+00
24060	2.163e+03	0	0.000e+00
24061	2.163e+03	0	0.000e+00
24062	2.164e+03	1	2.890e-05
24063	2.164e+03	0	0.000e+00
24064	2.164e+03	0	0.000e+00
24065	2.164e+03	0	0.000e+00
24066	2.164e+03	0	0.000e+00
24067	2.164e+03	0	0.000e+00
24068	2.164e+03	1	2.890e-05
24069	2.164e+03	0	0.000e+00
24070	2.164e+03	0	0.000e+00
24071	2.164e+03	0	0.000e+00
24072	2.164e+03	0	0.000e+00
24073	2.165e+03	0	0.000e+00
24074	2.165e+03	0	0.000e+00
24075	2.165e+03	0	0.000e+00
24076	2.165e+03	2	5.780e-05
24077	2.165e+03	0	0.000e+00
24078	2.165e+03	0	0.000e+00
24079	2.165e+03	0	0.000e+00
24080	2.165e+03	0	0.000e+00
24081	2.165e+03	0	0.000e+00
24082	2.165e+03	0	0.000e+00
24083	2.165e+03	0	0.000e+00
24084	2.166e+03	0	0.000e+00
24085	2.166e+03	0	0.000e+00
24086	2.166e+03	0	0.000e+00
24087	2.166e+03	0	0.000e+00
24088	2.166e+03	0	0.000e+00
24089	2.166e+03	0	0.000e+00
24090	2.166e+03	0	0.000e+00
24091	2.166e+03	0	0.000e+00
24092	2.166e+03	0	0.000e+00
24093	2.166e+03	0	0.000e+00
24094	2.166e+03	1	2.890e-05
24095	2.167e+03	0	0.000e+00
24096	2.167e+03	0	0.000e+00
24097	2.167e+03	0	0.000e+00
24098	2.167e+03	0	0.000e+00
24099	2.167e+03	0	0.000e+00
24100	2.167e+03	0	0.000e+00
24101	2.167e+03	1	2.890e-05
24102	2.167e+03	0	0.000e+00
24103	2.167e+03	0	0.000e+00
24104	2.167e+03	0	0.000e+00
24105	2.167e+03	0	0.000e+00
24106	2.168e+03	0	0.000e+00
24107	2.168e+03	0	0.000e+00
24108	2.168e+03	0	0.000e+00
24109	2.168e+03	0	0.000e+00
24110	2.168e+03	0	0.000e+00
24111	2.168e+03	0	0.000e+00
24112	2.168e+03	0	0.000e+00
24113	2.168e+03	0	0.000e+00
24114	2.168e+03	0	0.000e+00
24115	2.168e+03	0	0.000e+00
24116	2.168e+03	0	0.000e+00
24117	2.169e+03	1	2.890e-05
24118	2.169e+03	0	0.000e+00
24119	2.169e+03	1	2.890e-05
24120	2.169e+03	0	0.000e+00
24121	2.169e+03	0	0.000e+00
24122	2.169e+03	0	0.000e+00
24123	2.169e+03	0	0.000e+00
24124	2.169e+03	0	0.000e+00
24125	2.169e+03	0	0.000e+00
24126	2.169e+03	1	2.890e-05
24127	2.169e+03	0	0.000e+00
24128	2.170e+03	0	0.000e+00
24129	2.170e+03	0	0.000e+00
24130	2.170e+03	0	0.000e+00
24131	2.170e+03	2	5.780e-05
24132	2.170e+03	0	0.000e+00
24133	2.170e+03	0	0.000e+00
24134	2.170e+03	0	0.000e+00
24135	2.170e+03	1	2.890e-05
24136	2.170e+03	0	0.000e+00
24137	2.170e+03	0	0.000e+00
24138	2.170e+03	0	0.000e+00
24139	2.170e+03	0	0.000e+00
24140	2.171e+03	0	0.000e+00
24141	2.171e+03	0	0.000e+00
24142	2.171e+03	0	0.000e+00
24143	2.171e+03	0	0.000e+00
24144	2.171e+03	0	0.000e+00
24145	2.171e+03	0	0.000e+00
24146	2.171e+03	0	0.000e+00
24147	2.171e+03	0	0.000e+00
24148	2.171e+03	0	0.000e+00
24149	2.171e+03	0	0.000e+00
24150	2.171e+03	0	0.000e+00
24151	2.172e+03	0	0.000e+00
24152	2.172e+03	0	0.000e+00
24153	2.172e+03	0	0.000e+00
24154	2.172e+03	0	0.000e+00
24155	2.172e+03	0	0.000e+00
24156	2.172e+03	0	0.000e+00
24157	2.172e+03	0	0.000e+00
24158	2.172e+03	1	2.890e-05
24159	2.172e+03	0	0.000e+00
24160	2.172e+03	0	0.000e+00
24161	2.172e+03	0	0.000e+00
24162	2.173e+03	0	0.000e+00
24163	2.173e+03	0	0.000e+00
24164	2.173e+03	0	0.000e+00
24165	2.173e+03	0	0.000e+00
24166	2.173e+03	0	0.000e+00
24167	2.173e+03	1	2.890e-05
24168	2.173e+03	0	0.000e+00
24169	2.173e+03	0	0.000e+00
24170	2.173e+03	0	0.000e+00
24171	2.173e+03	0	0.000e+00
24172	2.173e+03	0	0.000e+00
24173	2.174e+03	0	0.000e+00
24174	2.174e+03	0	0.000e+00
24175	2.174e+03	0	0.000e+00
24176	2.174e+03	0	0.000e+00
24177	2.174e+03	0	0.000e+00
24178	2.174e+03	0	0.000e+00
24179	2.174e+03	0	0.000e+00
24180	2.174e+03	0	0.000e+00
24181	2.174e+03	0	0.000e+00
24182	2.174e+03	0	0.000e+00
24183	2.174e+03	0	0.000e+00
24184	2.175e+03	0	0.000e+00
24185	2.175e+03	0	0.000e+00
24186	2.175e+03	0	0.000e+00
24187	2.175e+03	0	0.000e+00
24188	2.175e+03	0	0.000e+00
24189	2.175e+03	0	0.000e+00
24190	2.175e+03	0	0.000e+00
24191	2.175e+03	0	0.000e+00
24192	2.175e+03	0	0.000e+00
24193	2.175e+03	0	0.000e+00
24194	2.175e+03	0	0.000e+00
24195	2.176e+03	0	0.000e+00
24196	2.176e+03	0	0.000e+00
24197	2.176e+03	0	0.000e+00
24198	2.176e+03	1	2.890e-05
24199	2.176e+03	0	0.000e+00
24200	2.176e+03	0	0.000e+00
24201	2.176e+03	0	0.000e+00
24202	2.176e+03	0	0.000e+00
24203	2.176e+03	0	0.000e+00
24204	2.176e+03	0	0.000e+00
24205	2.176e+03	0	0.000e+00
24206	2.177e+03	0	0.000e+00
24207	2.177e+03	0	0.000e+00
24208	2.177e+03	0	0.000e+00
24209	2.177e+03	0	0.000e+00
24210	2.177e+03	0	0.000e+00
24211	2.177e+03	0	0.000e+00
24212	2.177e+03	0	0.000e+00
24213	2.177e+03	0	0.000e+00
24214	2.177e+03	0	0.000e+00
24215	2.177e+03	0	0.000e+00
24216	2.177e+03	0	0.000e+00
24217	2.178e+03	0	0.000e+00
24218	2.178e+03	1	2.890e-05
24219	2.178e+03	0	0.000e+00
24220	2.178e+03	0	0.000e+00
24221	2.178e+03	0	0.000e+00
24222	2.178e+03	0	0.000e+00
24223	2.178e+03	0	0.000e+00
24224	2.178e+03	0	0.000e+00
24225	2.178e+03	0	0.000e+00
24226	2.178e+03	0	0.000e+00
24227	2.178e+03	0	0.000e+00
24228	2.178e+03	0	0.000e+00
24229	2.179e+03	0	0.000e+00
24230	2.179e+03	0	0.000e+00
24231	2.179e+03	0	0.000e+00
24232	2.179e+03	0	0.000e+00
24233	2.179e+03	0	0.000e+00
24234	2.179e+03	0	0.000e+00
24235	2.179e+03	0	0.000e+00
24236	2.179e+03	0	0.000e+00
24237	2.179e+03	0	0.000e+00
24238	2.179e+03	0	0.000e+00
24239	2.179e+03	0	0.000e+00
24240	2.180e+03	0	0.000e+00
24241	2.180e+03	0	0.000e+00
24242	2.180e+03	0	0.000e+00
24243	2.180e+03	0	0.000e+00
24244	2.180e+03	0	0.000e+00
24245	2.180e+03	1	2.890e-05
24246	2.180e+03	0	0.000e+00
24247	2.180e+03	0	0.000e+00
24248	2.180e+03	0	0.000e+00
24249	2.180e+03	0	0.000e+00
24250	2.180e+03	0	0.000e+00
24251	2.181e+03	0	0.000e+00
24252	2.181e+03	0	0.000e+00
24253	2.181e+03	0	0.000e+00
24254	2.181e+03	0	0.000e+00
24255	2.181e+03	0	0.000e+00
24256	2.181e+03	0	0.000e+00
24257	2.181e+03	0	0.000e+00
24258	2.181e+03	0	0.000e+00
24259	2.181e+03	2	5.780e-05
24260	2.181e+03	0	0.000e+00
24261	2.181e+03	0	0.000e+00
24262	2.182e+03	0	0.000e+00
24263	2.182e+03	0	0.000e+00
24264	2.182e+03	0	0.000e+00
24265	2.182e+03	1	2.890e-05
24266	2.182e+03	1	2.890e-05
24267	2.182e+03	0	0.000e+00
24268	2.182e+03	0	0.000e+00
24269	2.182e+03	0	0.000e+00
24270	2.182e+03	0	0.000e+00
24271	2.182e+03	0	0.000e+00
24272	2.182e+03	0	0.000e+00
24273	2.183e+03	0	0.000e+00
24274	2.183e+03	0	0.000e+00
24275	2.183e+03	0	0.000e+00
24276	2.183e+03	0	0.000e+00
24277	2.183e+03	0	0.000e+00
24278	2.183e+03	0	0.000e+00
24279	2.183e+03	0	0.000e+00
24280	2.183e+03	0	0.000e+00
24281	2.183e+03	0	0.000e+00
24282	2.183e+03	0	0.000e+00
24283	2.183e+03	0	0.000e+00
24284	2.184e+03	0	0.000e+00
24285	2.184e+03	0	0.000e+00
24286	2.184e+03	0	0.000e+00
24287	2.184e+03	0	0.000e+00
24288	2.184e+03	0	0.000e+00
24289	2.184e+03	0	0.000e+00
24290	2.184e+03	0	0.000e+00
24291	2.184e+03	0	0.000e+00
24292	2.184e+03	0	0.000e+00
24293	2.184e+03	0	0.000e+00
24294	2.184e+03	0	0.000e+00
24295	2.185e+03	0	0.000e+00
24296	2.185e+03	0	0.000e+00
24297	2.185e+03	0	0.000e+00
24298	2.185e+03	0	0.000e+00
24299	2.185e+03	0	0.000e+00
24300	2.185e+03	1	2.890e-05
24301	2.185e+03	0	0.000e+00
24302	2.185e+03	0	0.000e+00
24303	2.185e+03	0	0.000e+00
24304	2.185e+03	0	0.000e+00
24305	2.185e+03	0	0.000e+00
24306	2.186e+03	0	0.000e+00
24307	2.186e+03	0	0.000e+00
24308	2.186e+03	0	0.000e+00
24309	2.186e+03	0	0.000e+00
24310	2.186e+03	0	0.000e+00
24311	2.186e+03	0	0.000e+00
24312	2.186e+03	0	0.000e+00
24313	2.186e+03	0	0.000e+00
24314	2.186e+03	0	0.000e+00
24315	2.186e+03	0	0.000e+00
24316	2.186e+03	1	2.890e-05
24317	2.186e+03	0	0.000e+00
24318	2.187e+03	0	0.000e+00
24319	2.187e+03	0	0.000e+00
24320	2.187e+03	0	0.000e+00
24321	2.187e+03	0	0.000e+00
24322	2.187e+03	0	0.000e+00
24323	2.187e+03	0	0.000e+00
24324	2.187e+03	0	0.000e+00
24325	2.187e+03	0	0.000e+00
24326	2.187e+03	0	0.000e+00
24327	2.187e+03	0	0.000e+00
24328	2.187e+03	0	0.000e+00
24329	2.188e+03	0	0.000e+00
24330	2.188e+03	0	0.000e+00
24331	2.188e+03	0	0.000e+00
24332	2.188e+03	0	0.000e+00
24333	2.188e+03	0	0.000e+00
24334	2.188e+03	0	0.000e+00
24335	2.188e+03	0	0.000e+00
24336	2.188e+03	0	0.000e+00
24337	2.188e+03	0	0.000e+00
24338	2.188e+03	0	0.000e+00
24339	2.188e+03	0	0.000e+00
24340	2.189e+03	0	0.000e+00
24341	2.189e+03	0	0.000e+00
24342	2.189e+03	0	0.000e+00
24343	2.189e+03	0	0.000e+00
24344	2.189e+03	0	0.000e+00
24345	2.189e+03	0	0.000e+00
24346	2.189e+03	0	0.000e+00
24347	2.189e+03	2	5.780e-05
24348	2.189e+03	0	0.000e+00
24349	2.189e+03	0	0.000e+00
24350	2.189e+03	0	0.000e+00
24351	2.190e+03	0	0.000e+00
24352	2.190e+03	0	0.000e+00
24353	2.190e+03	0	0.000e+00
24354	2.190e+03	0	0.000e+00
24355	2.190e+03	1	2.890e-05
24356	2.190e+03	0	0.000e+00
24357	2.190e+03	0	0.000e+00
24358	2.190e+03	0	0.000e+00
24359	2.190e+03	0	0.000e+00
24360	2.190e+03	1	2.890e-05
24361	2.190e+03	0	0.000e+00
24362	2.191e+03	0	0.000e+00
24363	2.191e+03	0	0.000e+00
24364	2.191e+03	0	0.000e+00
24365	2.191e+03	0	0.000e+00
24366	2.191e+03	0	0.000e+00
24367	2.191e+03	0	0.000e+00
24368	2.191e+03	0	0.000e+00
24369	2.191e+03	0	0.000e+00
24370	2.191e+03	0	0.000e+00
24371	2.191e+03	0	0.000e+00
24372	2.191e+03	0	0.000e+00
24373	2.192e+03	0	0.000e+00
24374	2.192e+03	0	0.000e+00
24375	2.192e+03	0	0.000e+00
24376	2.192e+03	0	0.000e+00
24377	2.192e+03	0	0.000e+00
24378	2.192e+03	0	0.000e+00
24379	2.192e+03	0	0.000e+00
24380	2.192e+03	0	0.000e+00
24381	2.192e+03	0	0.000e+00
24382	2.192e+03	1	2.890e-05
24383	2.192e+03	0	0.000e+00
24384	2.193e+03	0	0.000e+00
24385	2.193e+03	0	0.000e+00
24386	2.193e+03	0	0.000e+00
24387	2.193e+03	0	0.000e+00
24388	2.193e+03	0	0.000e+00
24389	2.193e+03	0	0.000e+00
24390	2.193e+03	0	0.000e+00
24391	2.193e+03	0	0.000e+00
24392	2.193e+03	0	0.000e+00
24393	2.193e+03	0	0.000e+00
24394	2.193e+03	0	0.000e+00
24395	2.194e+03	1	2.890e-05
24396	2.194e+03	0	0.000e+00
24397	2.194e+03	0	0.000e+00
24398	2.194e+03	0	0.000e+00
24399	2.194e+03	0	0.000e+00
24400	2.194e+03	0	0.000e+00
24401	2.194e+03	0	0.000e+00
24402	2.194e+03	0	0.000e+00
24403	2.194e+03	0	0.000e+00
24404	2.194e+03	1	2.890e-05
24405	2.194e+03	0	0.000e+00
24406	2.194e+03	0	0.000e+00
24407	2.195e+03	0	0.000e+00
24408	2.195e+03	0	0.000e+00
24409	2.195e+03	0	0.000e+00
24410	2.195e+03	0	0.000e+00
24411	2.195e+03	1	2.890e-05
24412	2.195e+03	0	0.000e+00
24413	2.195e+03	0	0.000e+00
24414	2.195e+03	0	0.000e+00
24415	2.195e+03	0	0.000e+00
24416	2.195e+03	0	0.000e+00
24417	2.195e+03	0	0.000e+00
24418	2.196e+03	0	0.000e+00
24419	2.196e+03	0	0.000e+00
24420	2.196e+03	0	0.000e+00
24421	2.196e+03	0	0.000e+00
24422	2.196e+03	0	0.000e+00
24423	2.196e+03	0	0.000e+00
24424	2.196e+03	0	0.000e+00
24425	2.196e+03	0	0.000e+00
24426	2.196e+03	0	0.000e+00
24427	2.196e+03	0	0.000e+00
24428	2.196e+03	0	0.000e+00
24429	2.197e+03	0	0.000e+00
24430	2.197e+03	0	0.000e+00
24431	2.197e+03	0	0.000e+00
24432	2.197e+03	0	0.000e+00
24433	2.197e+03	0	0.000e+00
24434	2.197e+03	0	0.000e+00
24435	2.197e+03	1	2.890e-05
24436	2.197e+03	0	0.000e+00
24437	2.197e+03	0	0.000e+00
24438	2.197e+03	0	0.000e+00
24439	2.197e+03	0	0.000e+00
24440	2.198e+03	0	0.000e+00
24441	2.198e+03	0	0.000e+00
24442	2.198e+03	0	0.000e+00
24443	2.198e+03	0	0.000e+00
24444	2.198e+03	0	0.000e+00
24445	2.198e+03	0	0.000e+00
24446	2.198e+03	0	0.000e+00
24447	2.198e+03	1	2.890e-05
24448	2.198e+03	0	0.000e+00
24449	2.198e+03	0	0.000e+00
24450	2.198e+03	0	0.000e+00
24451	2.199e+03	0	0.000e+00
24452	2.199e+03	0	0.000e+00
24453	2.199e+03	0	0.000e+00
24454	2.199e+03	0	0.000e+00
24455	2.199e+03	0	0.000e+00
24456	2.199e+03	0	0.000e+00
24457	2.199e+03	0	0.000e+00
24458	2.199e+03	0	0.000e+00
24459	2.199e+03	0	0.000e+00
24460	2.199e+03	0	0.000e+00
24461	2.199e+03	0	0.000e+00
24462	2.200e+03	2	5.780e-05
24463	2.200e+03	0	0.000e+00
24464	2.200e+03	0	0.000e+00
24465	2.200e+03	0	0.000e+00
24466	2.200e+03	0	0.000e+00
24467	2.200e+03	0	0.000e+00
24468	2.200e+03	0	0.000e+00
24469	2.200e+03	0	0.000e+00
24470	2.200e+03	0	0.000e+00
24471	2.200e+03	1	2.890e-05
24472	2.200e+03	0	0.000e+00
24473	2.201e+03	0	0.000e+00
24474	2.201e+03	0	0.000e+00
24475	2.201e+03	0	0.000e+00
24476	2.201e+03	0	0.000e+00
24477	2.201e+03	0	0.000e+00
24478	2.201e+03	0	0.000e+00
24479	2.201e+03	0	0.000e+00
24480	2.201e+03	0	0.000e+00
24481	2.201e+03	0	0.000e+00
24482	2.201e+03	0	0.000e+00
24483	2.201e+03	0	0.000e+00
24484	2.202e+03	0	0.000e+00
24485	2.202e+03	0	0.000e+00
24486	2.202e+03	0	0.000e+00
24487	2.202e+03	0	0.000e+00
24488	2.202e+03	0	0.000e+00
24489	2.202e+03	0	0.000e+00
24490	2.202e+03	0	0.000e+00
24491	2.202e+03	0	0.000e+00
24492	2.202e+03	0	0.000e+00
24493	2.202e+03	0	0.000e+00
24494	2.202e+03	0	0.000e+00
24495	2.203e+03	1	2.890e-05
24496	2.203e+03	0	0.000e+00
24497	2.203e+03	0	0.000e+00
24498	2.203e+03	1	2.890e-05
24499	2.203e+03	0	0.000e+00
24500	2.203e+03	0	0.000e+00
24501	2.203e+03	0	0.000e+00
24502	2.203e+03	0	0.000e+00
24503	2.203e+03	0	0.000e+00
24504	2.203e+03	0	0.000e+00
24505	2.203e+03	0	0.000e+00
24506	2.203e+03	0	0.000e+00
24507	2.204e+03	0	0.000e+00
24508	2.204e+03	0	0.000e+00
24509	2.204e+03	0	0.000e+00
24510	2.204e+03	0	0.000e+00
24511	2.204e+03	0	0.000e+00
24512	2.204e+03	0	0.000e+00
24513	2.204e+03	0	0.000e+00
24514	2.204e+03	0	0.000e+00
24515	2.204e+03	0	0.000e+00
24516	2.204e+03	0	0.000e+00
24517	2.204e+03	0	0.000e+00
24518	2.205e+03	0	0.000e+00
24519	2.205e+03	0	0.000e+00
24520	2.205e+03	0	0.000e+00
24521	2.205e+03	0	0.000e+00
24522	2.205e+03	0	0.000e+00
24523	2.205e+03	0	0.000e+00
24524	2.205e+03	0	0.000e+00
24525	2.205e+03	0	0.000e+00
24526	2.205e+03	0	0.000e+00
24527	2.205e+03	0	0.000e+00
24528	2.205e+03	0	0.000e+00
24529	2.206e+03	0	0.000e+00
24530	2.206e+03	0	0.000e+00
24531	2.206e+03	0	0.000e+00
24532	2.206e+03	0	0.000e+00
24533	2.206e+03	0	0.000e+00
24534	2.206e+03	0	0.000e+00
24535	2.206e+03	0	0.000e+00
24536	2.206e+03	0	0.000e+00
24537	2.206e+03	0	0.000e+00
24538	2.206e+03	0	0.000e+00
24539	2.206e+03	0	0.000e+00
24540	2.207e+03	1	2.890e-05
24541	2.207e+03	0	0.000e+00
24542	2.207e+03	0	0.000e+00
24543	2.207e+03	0	0.000e+00
24544	2.207e+03	0	0.000e+00
24545	2.207e+03	0	0.000e+00
24546	2.207e+03	0	0.000e+00
24547	2.207e+03	0	0.000e+00
24548	2.207e+03	0	0.000e+00
24549	2.207e+03	0	0.000e+00
24550	2.207e+03	0	0.000e+00
24551	2.208e+03	0	0.000e+00
24552	2.208e+03	0	0.000e+00
24553	2.208e+03	0	0.000e+00
24554	2.208e+03	0	0.000e+00
24555	2.208e+03	0	0.000e+00
24556	2.208e+03	0	0.000e+00
24557	2.208e+03	0	0.000e+00
24558	2.208e+03	0	0.000e+00
24559	2.208e+03	0	0.000e+00
24560	2.208e+03	0	0.000e+00
24561	2.208e+03	0	0.000e+00
24562	2.209e+03	0	0.000e+00
24563	2.209e+03	0	0.000e+00
24564	2.209e+03	0	0.000e+00
24565	2.209e+03	0	0.000e+00
24566	2.209e+03	0	0.000e+00
24567	2.209e+03	1	2.890e-05
24568	2.209e+03	0	0.000e+00
24569	2.209e+03	0	0.000e+00
24570	2.209e+03	0	0.000e+00
24571	2.209e+03	0	0.000e+00
24572	2.209e+03	0	0.000e+00
24573	2.210e+03	0	0.000e+00
24574	2.210e+03	2	5.780e-05
24575	2.210e+03	0	0.000e+00
24576	2.210e+03	0	0.000e+00
24577	2.210e+03	0	0.000e+00
24578	2.210e+03	0	0.000e+00
24579	2.210e+03	0	0.000e+00
24580	2.210e+03	0	0.000e+00
24581	2.210e+03	0	0.000e+00
24582	2.210e+03	0	0.000e+00
24583	2.210e+03	0	0.000e+00
24584	2.211e+03	0	0.000e+00
24585	2.211e+03	0	0.000e+00
24586	2.211e+03	0	0.000e+00
24587	2.211e+03	0	0.000e+00
24588	2.211e+03	0	0.000e+00
24589	2.211e+03	0	0.000e+00
24590	2.211e+03	0	0.000e+00
24591	2.211e+03	0	0.000e+00
24592	2.211e+03	2	5.780e-05
24593	2.211e+03	0	0.000e+00
24594	2.211e+03	0	0.000e+00
24595	2.211e+03	0	0.000e+00
24596	2.212e+03	0	0.000e+00
24597	2.212e+03	0	0.000e+00
24598	2.212e+03	0	0.000e+00
24599	2.212e+03	0	0.000e+00
24600	2.212e+03	0	0.000e+00
24601	2.212e+03	0	0.000e+00
24602	2.212e+03	0	0.000e+00
24603	2.212e+03	0	0.000e+00
24604	2.212e+03	0	0.000e+00
24605	2.212e+03	0	0.000e+00
24606	2.212e+03	1	2.890e-05
24607	2.213e+03	0	0.000e+00
24608	2.213e+03	0	0.000e+00
24609	2.213e+03	0	0.000e+00
24610	2.213e+03	1	2.890e-05
24611	2.213e+03	0	0.000e+00
24612	2.213e+03	0	0.000e+00
24613	2.213e+03	0	0.000e+00
24614	2.213e+03	0	0.000e+00
24615	2.213e+03	0	0.000e+00
24616	2.213e+03	0	0.000e+00
24617	2.213e+03	0	0.000e+00
24618	2.214e+03	0	0.000e+00
24619	2.214e+03	0	0.000e+00
24620	2.214e+03	0	0.000e+00
24621	2.214e+03	0	0.000e+00
24622	2.214e+03	0	0.000e+00
24623	2.214e+03	0	0.000e+00
24624	2.214e+03	0	0.000e+00
24625	2.214e+03	0	0.000e+00
24626	2.214e+03	0	0.000e+00
24627	2.214e+03	2	5.780e-05
24628	2.214e+03	0	0.000e+00
24629	2.215e+03	0	0.000e+00
24630	2.215e+03	0	0.000e+00
24631	2.215e+03	0	0.000e+00
24632	2.215e+03	0	0.000e+00
24633	2.215e+03	0	0.000e+00
24634	2.215e+03	0	0.000e+00
24635	2.215e+03	0	0.000e+00
24636	2.215e+03	0	0.000e+00
24637	2.215e+03	0	0.000e+00
24638	2.215e+03	0	0.000e+00
24639	2.215e+03	0	0.000e+00
24640	2.216e+03	0	0.000e+00
24641	2.216e+03	0	0.000e+00
24642	2.216e+03	0	0.000e+00
24643	2.216e+03	0	0.000e+00
24644	2.216e+03	0	0.000e+00
24645	2.216e+03	0	0.000e+00
24646	2.216e+03	0	0.000e+00
24647	2.216e+03	0	0.000e+00
24648	2.216e+03	0	0.000e+00
24649	2.216e+03	0	0.000e+00
24650	2.216e+03	0	0.000e+00
24651	2.217e+03	0	0.000e+00
24652	2.217e+03	0	0.000e+00
24653	2.217e+03	0	0.000e+00
24654	2.217e+03	0	0.000e+00
24655	2.217e+03	0	0.000e+00
24656	2.217e+03	0	0.000e+00
24657	2.217e+03	0	0.000e+00
24658	2.217e+03	0	0.000e+00
24659	2.217e+03	0	0.000e+00
24660	2.217e+03	0	0.000e+00
24661	2.217e+03	0	0.000e+00
24662	2.218e+03	0	0.000e+00
24663	2.218e+03	0	0.000e+00
24664	2.218e+03	0	0.000e+00
24665	2.218e+03	0	0.000e+00
24666	2.218e+03	0	0.000e+00
24667	2.218e+03	0	0.000e+00
24668	2.218e+03	0	0.000e+00
24669	2.218e+03	0	0.000e+00
24670	2.218e+03	0	0.000e+00
24671	2.218e+03	0	0.000e+00
24672	2.218e+03	0	0.000e+00
24673	2.219e+03	0	0.000e+00
24674	2.219e+03	0	0.000e+00
24675	2.219e+03	0	0.000e+00
24676	2.219e+03	0	0.000e+00
24677	2.219e+03	0	0.000e+00
24678	2.219e+03	0	0.000e+00
24679	2.219e+03	0	0.000e+00
24680	2.219e+03	0	0.000e+00
24681	2.219e+03	0	0.000e+00
24682	2.219e+03	0	0.000e+00
24683	2.219e+03	0	0.000e+00
24684	2.219e+03	0	0.000e+00
24685	2.220e+03	0	0.000e+00
24686	2.220e+03	0	0.000e+00
24687	2.220e+03	0	0.000e+00
24688	2.220e+03	2	5.780e-05
24689	2.220e+03	0	0.000e+00
24690	2.220e+03	0	0.000e+00
24691	2.220e+03	0	0.000e+00
24692	2.220e+03	0	0.000e+00
24693	2.220e+03	0	0.000e+00
24694	2.220e+03	0	0.000e+00
24695	2.220e+03	1	2.890e-05
24696	2.221e+03	0	0.000e+00
24697	2.221e+03	0	0.000e+00
24698	2.221e+03	0	0.000e+00
24699	2.221e+03	0	0.000e+00
24700	2.221e+03	1	2.890e-05
24701	2.221e+03	0	0.000e+00
24702	2.221e+03	0	0.000e+00
24703	2.221e+03	0	0.000e+00
24704	2.221e+03	0	0.000e+00
24705	2.221e+03	0	0.000e+00
24706	2.221e+03	0	0.000e+00
24707	2.222e+03	0	0.000e+00
24708	2.222e+03	0	0.000e+00
24709	2.222e+03	0	0.000e+00
24710	2.222e+03	0	0.000e+00
24711	2.222e+03	0	0.000e+00
24712	2.222e+03	0	0.000e+00
24713	2.222e+03	0	0.000e+00
24714	2.222e+03	0	0.000e+00
24715	2.222e+03	0	0.000e+00
24716	2.222e+03	0	0.000e+00
24717	2.222e+03	1	2.890e-05
24718	2.223e+03	0	0.000e+00
24719	2.223e+03	0	0.000e+00
24720	2.223e+03	0	0.000e+00
24721	2.223e+03	0	0.000e+00
24722	2.223e+03	0	0.000e+00
24723	2.223e+03	0	0.000e+00
24724	2.223e+03	0	0.000e+00
24725	2.223e+03	0	0.000e+00
24726	2.223e+03	0	0.000e+00
24727	2.223e+03	0	0.000e+00
24728	2.223e+03	0	0.000e+00
24729	2.224e+03	0	0.000e+00
24730	2.224e+03	0	0.000e+00
24731	2.224e+03	0	0.000e+00
24732	2.224e+03	2	5.780e-05
24733	2.224e+03	0	0.000e+00
24734	2.224e+03	0	0.000e+00
24735	2.224e+03	0	0.000e+00
24736	2.224e+03	0	0.000e+00
24737	2.224e+03	0	0.000e+00
24738	2.224e+03	0	0.000e+00
24739	2.224e+03	0	0.000e+00
24740	2.225e+03	0	0.000e+00
24741	2.225e+03	0	0.000e+00
24742	2.225e+03	0	0.000e+00
24743	2.225e+03	0	0.000e+00
24744	2.225e+03	0	0.000e+00
24745	2.225e+03	0	0.000e+00
24746	2.225e+03	0	0.000e+00
24747	2.225e+03	0	0.000e+00
24748	2.225e+03	0	0.000e+00
24749	2.225e+03	1	2.890e-05
24750	2.225e+03	0	0.000e+00
24751	2.226e+03	0	0.000e+00
24752	2.226e+03	0	0.000e+00
24753	2.226e+03	0	0.000e+00
24754	2.226e+03	0	0.000e+00
24755	2.226e+03	0	0.000e+00
24756	2.226e+03	0	0.000e+00
24757	2.226e+03	0	0.000e+00
24758	2.226e+03	0	0.000e+00
24759	2.226e+03	0	0.000e+00
24760	2.226e+03	0	0.000e+00
24761	2.226e+03	0	0.000e+00
24762	2.227e+03	0	0.000e+00
24763	2.227e+03	0	0.000e+00
24764	2.227e+03	0	0.000e+00
24765	2.227e+03	0	0.000e+00
24766	2.227e+03	0	0.000e+00
24767	2.227e+03	0	0.000e+00
24768	2.227e+03	0	0.000e+00
24769	2.227e+03	0	0.000e+00
24770	2.227e+03	0	0.000e+00
24771	2.227e+03	0	0.000e+00
24772	2.227e+03	0	0.000e+00
24773	2.227e+03	0	0.000e+00
24774	2.228e+03	0	0.000e+00
24775	2.228e+03	0	0.000e+00
24776	2.228e+03	0	0.000e+00
24777	2.228e+03	0	0.000e+00
24778	2.228e+03	0	0.000e+00
24779	2.228e+03	0	0.000e+00
24780	2.228e+03	0	0.000e+00
24781	2.228e+03	0	0.000e+00
24782	2.228e+03	0	0.000e+00
24783	2.228e+03	0	0.000e+00
24784	2.228e+03	0	0.000e+00
24785	2.229e+03	0	0.000e+00
24786	2.229e+03	0	0.000e+00
24787	2.229e+03	0	0.000e+00
24788	2.229e+03	0	0.000e+00
24789	2.229e+03	0	0.000e+00
24790	2.229e+03	0	0.000e+00
24791	2.229e+03	0	0.000e+00
24792	2.229e+03	0	0.000e+00
24793	2.229e+03	0	0.000e+00
24794	2.229e+03	0	0.000e+00
24795	2.229e+03	0	0.000e+00
24796	2.230e+03	0	0.000e+00
24797	2.230e+03	0	0.000e+00
24798	2.230e+03	0	0.000e+00
24799	2.230e+03	1	2.890e-05
24800	2.230e+03	0	0.000e+00
24801	2.230e+03	0	0.000e+00
24802	2.230e+03	0	0.000e+00
24803	2.230e+03	0	0.000e+00
24804	2.230e+03	0	0.000e+00
24805	2.230e+03	0	0.000e+00
24806	2.230e+03	0	0.000e+00
24807	2.231e+03	0	0.000e+00
24808	2.231e+03	0	0.000e+00
24809	2.231e+03	0	0.000e+00
24810	2.231e+03	0	0.000e+00
24811	2.231e+03	1	2.890e-05
24812	2.231e+03	0	0.000e+00
24813	2.231e+03	1	2.890e-05
24814	2.231e+03	0	0.000e+00
24815	2.231e+03	0	0.000e+00
24816	2.231e+03	0	0.000e+00
24817	2.231e+03	0	0.000e+00
24818	2.232e+03	0	0.000e+00
24819	2.232e+03	0	0.000e+00
24820	2.232e+03	0	0.000e+00
24821	2.232e+03	0	0.000e+00
24822	2.232e+03	0	0.000e+00
24823	2.232e+03	0	0.000e+00
24824	2.232e+03	0	0.000e+00
24825	2.232e+03	0	0.000e+00
24826	2.232e+03	0	0.000e+00
24827	2.232e+03	0	0.000e+00
24828	2.232e+03	0	0.000e+00
24829	2.233e+03	0	0.000e+00
24830	2.233e+03	0	0.000e+00
24831	2.233e+03	0	0.000e+00
24832	2.233e+03	0	0.000e+00
24833	2.233e+03	0	0.000e+00
24834	2.233e+03	0	0.000e+00
24835	2.233e+03	0	0.000e+00
24836	2.233e+03	0	0.000e+00
24837	2.233e+03	0	0.000e+00
24838	2.233e+03	0	0.000e+00
24839	2.233e+03	0	0.000e+00
24840	2.234e+03	0	0.000e+00
24841	2.234e+03	0	0.000e+00
24842	2.234e+03	0	0.000e+00
24843	2.234e+03	0	0.000e+00
24844	2.234e+03	0	0.000e+00
24845	2.234e+03	0	0.000e+00
24846	2.234e+03	0	0.000e+00
24847	2.234e+03	1	2.890e-05
24848	2.234e+03	0	0.000e+00
24849	2.234e+03	0	0.000e+00
24850	2.234e+03	0	0.000e+00
24851	2.235e+03	0	0.000e+00
24852	2.235e+03	0	0.000e+00
24853	2.235e+03	0	0.000e+00
24854	2.235e+03	0	0.000e+00
24855	2.235e+03	0	0.000e+00
24856	2.235e+03	0	0.000e+00
24857	2.235e+03	0	0.000e+00
24858	2.235e+03	0	0.000e+00
24859	2.235e+03	0	0.000e+00
24860	2.235e+03	0	0.000e+00
24861	2.235e+03	0	0.000e+00
24862	2.236e+03	0	0.000e+00
24863	2.236e+03	0	0.000e+00
24864	2.236e+03	0	0.000e+00
24865	2.236e+03	0	0.000e+00
24866	2.236e+03	0	0.000e+00
24867	2.236e+03	0	0.000e+00
24868	2.236e+03	0	0.000e+00
24869	2.236e+03	0	0.000e+00
24870	2.236e+03	0	0.000e+00
24871	2.236e+03	0	0.000e+00
24872	2.236e+03	0	0.000e+00
24873	2.236e+03	0	0.000e+00
24874	2.237e+03	0	0.000e+00
24875	2.237e+03	0	0.000e+00
24876	2.237e+03	1	2.890e-05
24877	2.237e+03	0	0.000e+00
24878	2.237e+03	0	0.000e+00
24879	2.237e+03	0	0.000e+00
24880	2.237e+03	0	0.000e+00
24881	2.237e+03	0	0.000e+00
24882	2.237e+03	0	0.000e+00
24883	2.237e+03	0	0.000e+00
24884	2.237e+03	0	0.000e+00
24885	2.238e+03	0	0.000e+00
24886	2.238e+03	0	0.000e+00
24887	2.238e+03	0	0.000e+00
24888	2.238e+03	0	0.000e+00
24889	2.238e+03	0	0.000e+00
24890	2.238e+03	0	0.000e+00
24891	2.238e+03	0	0.000e+00
24892	2.238e+03	0	0.000e+00
24893	2.238e+03	0	0.000e+00
24894	2.238e+03	0	0.000e+00
24895	2.238e+03	0	0.000e+00
24896	2.239e+03	0	0.000e+00
24897	2.239e+03	0	0.000e+00
24898	2.239e+03	0	0.000e+00
24899	2.239e+03	0	0.000e+00
24900	2.239e+03	0	0.000e+00
24901	2.239e+03	0	0.000e+00
24902	2.239e+03	0	0.000e+00
24903	2.239e+03	0	0.000e+00
24904	2.239e+03	0	0.000e+00
24905	2.239e+03	0	0.000e+00
24906	2.239e+03	0	0.000e+00
24907	2.240e+03	0	0.000e+00
24908	2.240e+03	0	0.000e+00
24909	2.240e+03	0	0.000e+00
24910	2.240e+03	0	0.000e+00
24911	2.240e+03	0	0.000e+00
24912	2.240e+03	0	0.000e+00
24913	2.240e+03	0	0.000e+00
24914	2.240e+03	0	0.000e+00
24915	2.240e+03	0	0.000e+00
24916	2.240e+03	0	0.000e+00
24917	2.240e+03	0	0.000e+00
24918	2.241e+03	0	0.000e+00
24919	2.241e+03	0	0.000e+00
24920	2.241e+03	0	0.000e+00
24921	2.241e+03	0	0.000e+00
24922	2.241e+03	0	0.000e+00
24923	2.241e+03	0	0.000e+00
24924	2.241e+03	0	0.000e+00
24925	2.241e+03	0	0.000e+00
24926	2.241e+03	0	0.000e+00
24927	2.241e+03	1	2.890e-05
24928	2.241e+03	0	0.000e+00
24929	2.242e+03	0	0.000e+00
24930	2.242e+03	0	0.000e+00
24931	2.242e+03	0	0.000e+00
24932	2.242e+03	0	0.000e+00
24933	2.242e+03	0	0.000e+00
24934	2.242e+03	0	0.000e+00
24935	2.242e+03	0	0.000e+00
24936	2.242e+03	0	0.000e+00
24937	2.242e+03	0	0.000e+00
24938	2.242e+03	0	0.000e+00
24939	2.242e+03	0	0.000e+00
24940	2.243e+03	0	0.000e+00
24941	2.243e+03	0	0.000e+00
24942	2.243e+03	0	0.000e+00
24943	2.243e+03	0	0.000e+00
24944	2.243e+03	0	0.000e+00
24945	2.243e+03	0	0.000e+00
24946	2.243e+03	0	0.000e+00
24947	2.243e+03	0	0.000e+00
24948	2.243e+03	0	0.000e+00
24949	2.243e+03	0	0.000e+00
24950	2.243e+03	0	0.000e+00
24951	2.244e+03	0	0.000e+00
24952	2.244e+03	0	0.000e+00
24953	2.244e+03	0	0.000e+00
24954	2.244e+03	0	0.000e+00
24955	2.244e+03	0	0.000e+00
24956	2.244e+03	0	0.000e+00
24957	2.244e+03	1	2.890e-05
24958	2.244e+03	0	0.000e+00
24959	2.244e+03	0	0.000e+00
24960	2.244e+03	0	0.000e+00
24961	2.244e+03	0	0.000e+00
24962	2.244e+03	0	0.000e+00
24963	2.245e+03	0	0.000e+00
24964	2.245e+03	0	0.000e+00
24965	2.245e+03	0	0.000e+00
24966	2.245e+03	0	0.000e+00
24967	2.245e+03	0	0.000e+00
24968	2.245e+03	0	0.000e+00
24969	2.245e+03	0	0.000e+00
24970	2.245e+03	0	0.000e+00
24971	2.245e+03	0	0.000e+00
24972	2.245e+03	0	0.000e+00
24973	2.245e+03	0	0.000e+00
24974	2.246e+03	0	0.000e+00
24975	2.246e+03	0	0.000e+00
24976	2.246e+03	0	0.000e+00
24977	2.246e+03	0	0.000e+00
24978	2.246e+03	0	0.000e+00
24979	2.246e+03	0	0.000e+00
24980	2.246e+03	0	0.000e+00
24981	2.246e+03	0	0.000e+00
24982	2.246e+03	0	0.000e+00
24983	2.246e+03	0	0.000e+00
24984	2.246e+03	2	5.780e-05
24985	2.247e+03	0	0.000e+00
24986	2.247e+03	0	0.000e+00
24987	2.247e+03	0	0.000e+00
24988	2.247e+03	1	2.890e-05
24989	2.247e+03	0	0.000e+00
24990	2.247e+03	0	0.000e+00
24991	2.247e+03	0	0.000e+00
24992	2.247e+03	0	0.000e+00
24993	2.247e+03	0	0.000e+00
24994	2.247e+03	0	0.000e+00
24995	2.247e+03	0	0.000e+00
24996	2.248e+03	0	0.000e+00
24997	2.248e+03	0	0.000e+00
24998	2.248e+03	0	0.000e+00
24999	2.248e+03	0	0.000e+00
25000	2.248e+03	0	0.000e+00
25001	2.248e+03	0	0.000e+00
25002	2.248e+03	0	0.000e+00
25003	2.248e+03	0	0.000e+00
25004	2.248e+03	0	0.000e+00
25005	2.248e+03	0	0.000e+00
25006	2.248e+03	0	0.000e+00
25007	2.249e+03	0	0.000e+00
25008	2.249e+03	0	0.000e+00
25009	2.249e+03	0	0.000e+00
25010	2.249e+03	0	0.000e+00
25011	2.249e+03	0	0.000e+00
25012	2.249e+03	0	0.000e+00
25013	2.249e+03	0	0.000e+00
25014	2.249e+03	0	0.000e+00
25015	2.249e+03	1	2.890e-05
25016	2.249e+03	0	0.000e+00
25017	2.249e+03	0	0.000e+00
25018	2.250e+03	0	0.000e+00
25019	2.250e+03	0	0.000e+00
25020	2.250e+03	0	0.000e+00
25021	2.250e+03	0	0.000e+00
25022	2.250e+03	0	0.000e+00
25023	2.250e+03	0	0.000e+00
25024	2.250e+03	0	0.000e+00
25025	2.250e+03	0	0.000e+00
25026	2.250e+03	0	0.000e+00
25027	2.250e+03	0	0.000e+00
25028	2.250e+03	0	0.000e+00
25029	2.251e+03	0	0.000e+00
25030	2.251e+03	0	0.000e+00
25031	2.251e+03	0	0.000e+00
25032	2.251e+03	0	0.000e+00
25033	2.251e+03	0	0.000e+00
25034	2.251e+03	0	0.000e+00
25035	2.251e+03	0	0.000e+00
25036	2.251e+03	1	2.890e-05
25037	2.251e+03	0	0.000e+00
25038	2.251e+03	1	2.890e-05
25039	2.251e+03	0	0.000e+00
25040	2.252e+03	0	0.000e+00
25041	2.252e+03	0	0.000e+00
25042	2.252e+03	0	0.000e+00
25043	2.252e+03	0	0.000e+00
25044	2.252e+03	0	0.000e+00
25045	2.252e+03	0	0.000e+00
25046	2.252e+03	2	5.780e-05
25047	2.252e+03	0	0.000e+00
25048	2.252e+03	0	0.000e+00
25049	2.252e+03	0	0.000e+00
25050	2.252e+03	0	0.000e+00
25051	2.252e+03	0	0.000e+00
25052	2.253e+03	0	0.000e+00
25053	2.253e+03	2	5.780e-05
25054	2.253e+03	0	0.000e+00
25055	2.253e+03	0	0.000e+00
25056	2.253e+03	0	0.000e+00
25057	2.253e+03	0	0.000e+00
25058	2.253e+03	0	0.000e+00
25059	2.253e+03	0	0.000e+00
25060	2.253e+03	0	0.000e+00
25061	2.253e+03	0	0.000e+00
25062	2.253e+03	0	0.000e+00
25063	2.254e+03	0	0.000e+00
25064	2.254e+03	0	0.000e+00
25065	2.254e+03	0	0.000e+00
25066	2.254e+03	1	2.890e-05
25067	2.254e+03	0	0.000e+00
25068	2.254e+03	0	0.000e+00
25069	2.254e+03	0	0.000e+00
25070	2.254e+03	0	0.000e+00
25071	2.254e+03	0	0.000e+00
25072	2.254e+03	1	2.890e-05
25073	2.254e+03	0	0.000e+00
25074	2.255e+03	0	0.000e+00
25075	2.255e+03	0	0.000e+00
25076	2.255e+03	0	0.000e+00
25077	2.255e+03	0	0.000e+00
25078	2.255e+03	0	0.000e+00
25079	2.255e+03	0	0.000e+00
25080	2.255e+03	0	0.000e+00
25081	2.255e+03	0	0.000e+00
25082	2.255e+03	0	0.000e+00
25083	2.255e+03	0	0.000e+00
25084	2.255e+03	0	0.000e+00
25085	2.256e+03	0	0.000e+00
25086	2.256e+03	0	0.000e+00
25087	2.256e+03	0	0.000e+00
25088	2.256e+03	0	0.000e+00
25089	2.256e+03	0	0.000e+00
25090	2.256e+03	0	0.000e+00
25091	2.256e+03	0	0.000e+00
25092	2.256e+03	0	0.000e+00
25093	2.256e+03	0	0.000e+00
25094	2.256e+03	0	0.000e+00
25095	2.256e+03	0	0.000e+00
25096	2.257e+03	0	0.000e+00
25097	2.257e+03	0	0.000e+00
25098	2.257e+03	0	0.000e+00
25099	2.257e+03	1	2.890e-05
25100	2.257e+03	0	0.000e+00
25101	2.257e+03	0	0.000e+00
25102	2.257e+03	0	0.000e+00
25103	2.257e+03	0	0.000e+00
25104	2.257e+03	0	0.000e+00
25105	2.257e+03	0	0.000e+00
25106	2.257e+03	0	0.000e+00
25107	2.258e+03	0	0.000e+00
25108	2.258e+03	0	0.000e+00
25109	2.258e+03	0	0.000e+00
25110	2.258e+03	0	0.000e+00
25111	2.258e+03	0	0.000e+00
25112	2.258e+03	0	0.000e+00
25113	2.258e+03	0	0.000e+00
25114	2.258e+03	0	0.000e+00
25115	2.258e+03	0	0.000e+00
25116	2.258e+03	0	0.000e+00
25117	2.258e+03	0	0.000e+00
25118	2.259e+03	0	0.000e+00
25119	2.259e+03	0	0.000e+00
25120	2.259e+03	0	0.000e+00
25121	2.259e+03	0	0.000e+00
25122	2.259e+03	0	0.000e+00
25123	2.259e+03	0	0.000e+00
25124	2.259e+03	0	0.000e+00
25125	2.259e+03	0	0.000e+00
25126	2.259e+03	0	0.000e+00
25127	2.259e+03	0	0.000e+00
25128	2.259e+03	0	0.000e+00
25129	2.260e+03	0	0.000e+00
25130	2.260e+03	1	2.890e-05
25131	2.260e+03	0	0.000e+00
25132	2.260e+03	0	0.000e+00
25133	2.260e+03	1	2.890e-05
25134	2.260e+03	0	0.000e+00
25135	2.260e+03	0	0.000e+00
25136	2.260e+03	0	0.000e+00
25137	2.260e+03	1	2.890e-05
25138	2.260e+03	0	0.000e+00
25139	2.260e+03	0	0.000e+00
25140	2.260e+03	0	0.000e+00
25141	2.261e+03	1	2.890e-05
25142	2.261e+03	0	0.000e+00
25143	2.261e+03	0	0.000e+00
25144	2.261e+03	0	0.000e+00
25145	2.261e+03	0	0.000e+00
25146	2.261e+03	0	0.000e+00
25147	2.261e+03	0	0.000e+00
25148	2.261e+03	0	0.000e+00
25149	2.261e+03	0	0.000e+00
25150	2.261e+03	0	0.000e+00
25151	2.261e+03	0	0.000e+00
25152	2.262e+03	0	0.000e+00
25153	2.262e+03	0	0.000e+00
25154	2.262e+03	0	0.000e+00
25155	2.262e+03	0	0.000e+00
25156	2.262e+03	0	0.000e+00
25157	2.262e+03	1	2.890e-05
25158	2.262e+03	1	2.890e-05
25159	2.262e+03	0	0.000e+00
25160	2.262e+03	0	0.000e+00
25161	2.262e+03	0	0.000e+00
25162	2.262e+03	0	0.000e+00
25163	2.263e+03	0	0.000e+00
25164	2.263e+03	0	0.000e+00
25165	2.263e+03	0	0.000e+00
25166	2.263e+03	0	0.000e+00
25167	2.263e+03	0	0.000e+00
25168	2.263e+03	0	0.000e+00
25169	2.263e+03	2	5.780e-05
25170	2.263e+03	0	0.000e+00
25171	2.263e+03	0	0.000e+00
25172	2.263e+03	0	0.000e+00
25173	2.263e+03	0	0.000e+00
25174	2.264e+03	0	0.000e+00
25175	2.264e+03	0	0.000e+00
25176	2.264e+03	1	2.890e-05
25177	2.264e+03	0	0.000e+00
25178	2.264e+03	1	2.890e-05
25179	2.264e+03	0	0.000e+00
25180	2.264e+03	0	0.000e+00
25181	2.264e+03	0	0.000e+00
25182	2.264e+03	0	0.000e+00
25183	2.264e+03	0	0.000e+00
25184	2.264e+03	0	0.000e+00
25185	2.265e+03	0	0.000e+00
25186	2.265e+03	0	0.000e+00
25187	2.265e+03	0	0.000e+00
25188	2.265e+03	0	0.000e+00
25189	2.265e+03	0	0.000e+00
25190	2.265e+03	0	0.000e+00
25191	2.265e+03	0	0.000e+00
25192	2.265e+03	0	0.000e+00
25193	2.265e+03	0	0.000e+00
25194	2.265e+03	0	0.000e+00
25195	2.265e+03	0	0.000e+00
25196	2.266e+03	0	0.000e+00
25197	2.266e+03	0	0.000e+00
25198	2.266e+03	0	0.000e+00
25199	2.266e+03	0	0.000e+00
25200	2.266e+03	0	0.000e+00
25201	2.266e+03	1	2.890e-05
25202	2.266e+03	0	0.000e+00
25203	2.266e+03	0	0.000e+00
25204	2.266e+03	0	0.000e+00
25205	2.266e+03	0	0.000e+00
25206	2.266e+03	0	0.000e+00
25207	2.267e+03	0	0.000e+00
25208	2.267e+03	0	0.000e+00
25209	2.267e+03	0	0.000e+00
25210	2.267e+03	0	0.000e+00
25211	2.267e+03	0	0.000e+00
25212	2.267e+03	0	0.000e+00
25213	2.267e+03	0	0.000e+00
25214	2.267e+03	1	2.890e-05
25215	2.267e+03	0	0.000e+00
25216	2.267e+03	0	0.000e+00
25217	2.267e+03	0	0.000e+00
25218	2.268e+03	0	0.000e+00
25219	2.268e+03	0	0.000e+00
25220	2.268e+03	1	2.890e-05
25221	2.268e+03	0	0.000e+00
25222	2.268e+03	0	0.000e+00
25223	2.268e+03	0	0.000e+00
25224	2.268e+03	0	0.000e+00
25225	2.268e+03	0	0.000e+00
25226	2.268e+03	0	0.000e+00
25227	2.268e+03	0	0.000e+00
25228	2.268e+03	0	0.000e+00
25229	2.269e+03	0	0.000e+00
25230	2.269e+03	1	2.890e-05
25231	2.269e+03	0	0.000e+00
25232	2.269e+03	0	0.000e+00
25233	2.269e+03	0	0.000e+00
25234	2.269e+03	0	0.000e+00
25235	2.269e+03	0	0.000e+00
25236	2.269e+03	0	0.000e+00
25237	2.269e+03	0	0.000e+00
25238	2.269e+03	0	0.000e+00
25239	2.269e+03	0	0.000e+00
25240	2.269e+03	0	0.000e+00
25241	2.270e+03	0	0.000e+00
25242	2.270e+03	0	0.000e+00
25243	2.270e+03	0	0.000e+00
25244	2.270e+03	0	0.000e+00
25245	2.270e+03	2	5.780e-05
25246	2.270e+03	0	0.000e+00
25247	2.270e+03	0	0.000e+00
25248	2.270e+03	0	0.000e+00
25249	2.270e+03	0	0.000e+00
25250	2.270e+03	0	0.000e+00
25251	2.270e+03	0	0.000e+00
25252	2.271e+03	0	0.000e+00
25253	2.271e+03	0	0.000e+00
25254	2.271e+03	0	0.000e+00
25255	2.271e+03	0	0.000e+00
25256	2.271e+03	0	0.000e+00
25257	2.271e+03	0	0.000e+00
25258	2.271e+03	0	0.000e+00
25259	2.271e+03	0	0.000e+00
25260	2.271e+03	0	0.000e+00
25261	2.271e+03	0	0.000e+00
25262	2.271e+03	0	0.000e+00
25263	2.272e+03	0	0.000e+00
25264	2.272e+03	0	0.000e+00
25265	2.272e+03	0	0.000e+00
25266	2.272e+03	0	0.000e+00
25267	2.272e+03	0	0.000e+00
25268	2.272e+03	0	0.000e+00
25269	2.272e+03	0	0.000e+00
25270	2.272e+03	0	0.000e+00
25271	2.272e+03	0	0.000e+00
25272	2.272e+03	0	0.000e+00
25273	2.272e+03	0	0.000e+00
25274	2.273e+03	0	0.000e+00
25275	2.273e+03	0	0.000e+00
25276	2.273e+03	0	0.000e+00
25277	2.273e+03	0	0.000e+00
25278	2.273e+03	0	0.000e+00
25279	2.273e+03	0	0.000e+00
25280	2.273e+03	0	0.000e+00
25281	2.273e+03	0	0.000e+00
25282	2.273e+03	0	0.000e+00
25283	2.273e+03	0	0.000e+00
25284	2.273e+03	0	0.000e+00
25285	2.274e+03	0	0.000e+00
25286	2.274e+03	0	0.000e+00
25287	2.274e+03	0	0.000e+00
25288	2.274e+03	0	0.000e+00
25289	2.274e+03	0	0.000e+00
25290	2.274e+03	0	0.000e+00
25291	2.274e+03	1	2.890e-05
25292	2.274e+03	0	0.000e+00
25293	2.274e+03	1	2.890e-05
25294	2.274e+03	0	0.000e+00
25295	2.274e+03	0	0.000e+00
25296	2.275e+03	0	0.000e+00
25297	2.275e+03	0	0.000e+00
25298	2.275e+03	0	0.000e+00
25299	2.275e+03	0	0.000e+00
25300	2.275e+03	0	0.000e+00
25301	2.275e+03	0	0.000e+00
25302	2.275e+03	0	0.000e+00
25303	2.275e+03	0	0.000e+00
25304	2.275e+03	0	0.000e+00
25305	2.275e+03	0	0.000e+00
25306	2.275e+03	0	0.000e+00
25307	2.276e+03	0	0.000e+00
25308	2.276e+03	0	0.000e+00
25309	2.276e+03	0	0.000e+00
25310	2.276e+03	0	0.000e+00
25311	2.276e+03	0	0.000e+00
25312	2.276e+03	0	0.000e+00
25313	2.276e+03	0	0.000e+00
25314	2.276e+03	0	0.000e+00
25315	2.276e+03	0	0.000e+00
25316	2.276e+03	0	0.000e+00
25317	2.276e+03	0	0.000e+00
25318	2.277e+03	2	5.780e-05
25319	2.277e+03	0	0.000e+00
25320	2.277e+03	0	0.000e+00
25321	2.277e+03	0	0.000e+00
25322	2.277e+03	0	0.000e+00
25323	2.277e+03	0	0.000e+00
25324	2.277e+03	0	0.000e+00
25325	2.277e+03	0	0.000e+00
25326	2.277e+03	0	0.000e+00
25327	2.277e+03	0	0.000e+00
25328	2.277e+03	0	0.000e+00
25329	2.277e+03	0	0.000e+00
25330	2.278e+03	0	0.000e+00
25331	2.278e+03	0	0.000e+00
25332	2.278e+03	0	0.000e+00
25333	2.278e+03	0	0.000e+00
25334	2.278e+03	1	2.890e-05
25335	2.278e+03	1	2.890e-05
25336	2.278e+03	0	0.000e+00
25337	2.278e+03	0	0.000e+00
25338	2.278e+03	0	0.000e+00
25339	2.278e+03	0	0.000e+00
25340	2.278e+03	0	0.000e+00
25341	2.279e+03	0	0.000e+00
25342	2.279e+03	0	0.000e+00
25343	2.279e+03	0	0.000e+00
25344	2.279e+03	0	0.000e+00
25345	2.279e+03	1	2.890e-05
25346	2.279e+03	0	0.000e+00
25347	2.279e+03	0	0.000e+00
25348	2.279e+03	0	0.000e+00
25349	2.279e+03	0	0.000e+00
25350	2.279e+03	0	0.000e+00
25351	2.279e+03	0	0.000e+00
25352	2.280e+03	0	0.000e+00
25353	2.280e+03	0	0.000e+00
25354	2.280e+03	0	0.000e+00
25355	2.280e+03	0	0.000e+00
25356	2.280e+03	0	0.000e+00
25357	2.280e+03	0	0.000e+00
25358	2.280e+03	0	0.000e+00
25359	2.280e+03	0	0.000e+00
25360	2.280e+03	0	0.000e+00
25361	2.280e+03	0	0.000e+00
25362	2.280e+03	0	0.000e+00
25363	2.281e+03	0	0.000e+00
25364	2.281e+03	0	0.000e+00
25365	2.281e+03	0	0.000e+00
25366	2.281e+03	0	0.000e+00
25367	2.281e+03	0	0.000e+00
25368	2.281e+03	0	0.000e+00
25369	2.281e+03	0	0.000e+00
25370	2.281e+03	0	0.000e+00
25371	2.281e+03	0	0.000e+00
25372	2.281e+03	0	0.000e+00
25373	2.281e+03	0	0.000e+00
25374	2.282e+03	0	0.000e+00
25375	2.282e+03	0	0.000e+00
25376	2.282e+03	0	0.000e+00
25377	2.282e+03	0	0.000e+00
25378	2.282e+03	0	0.000e+00
25379	2.282e+03	1	2.890e-05
25380	2.282e+03	0	0.000e+00
25381	2.282e+03	0	0.000e+00
25382	2.282e+03	1	2.890e-05
25383	2.282e+03	0	0.000e+00
25384	2.282e+03	0	0.000e+00
25385	2.283e+03	1	2.890e-05
25386	2.283e+03	0	0.000e+00
25387	2.283e+03	0	0.000e+00
25388	2.283e+03	0	0.000e+00
25389	2.283e+03	0	0.000e+00
25390	2.283e+03	0	0.000e+00
25391	2.283e+03	0	0.000e+00
25392	2.283e+03	0	0.000e+00
25393	2.283e+03	0	0.000e+00
25394	2.283e+03	0	0.000e+00
25395	2.283e+03	0	0.000e+00
25396	2.284e+03	0	0.000e+00
25397	2.284e+03	0	0.000e+00
25398	2.284e+03	0	0.000e+00
25399	2.284e+03	0	0.000e+00
25400	2.284e+03	0	0.000e+00
25401	2.284e+03	0	0.000e+00
25402	2.284e+03	0	0.000e+00
25403	2.284e+03	0	0.000e+00
25404	2.284e+03	0	0.000e+00
25405	2.284e+03	0	0.000e+00
25406	2.284e+03	0	0.000e+00
25407	2.285e+03	0	0.000e+00
25408	2.285e+03	0	0.000e+00
25409	2.285e+03	0	0.000e+00
25410	2.285e+03	0	0.000e+00
25411	2.285e+03	0	0.000e+00
25412	2.285e+03	0	0.000e+00
25413	2.285e+03	0	0.000e+00
25414	2.285e+03	1	2.890e-05
25415	2.285e+03	0	0.000e+00
25416	2.285e+03	0	0.000e+00
25417	2.285e+03	0	0.000e+00
25418	2.285e+03	0	0.000e+00
25419	2.286e+03	0	0.000e+00
25420	2.286e+03	0	0.000e+00
25421	2.286e+03	0	0.000e+00
25422	2.286e+03	0	0.000e+00
25423	2.286e+03	0	0.000e+00
25424	2.286e+03	0	0.000e+00
25425	2.286e+03	0	0.000e+00
25426	2.286e+03	0	0.000e+00
25427	2.286e+03	0	0.000e+00
25428	2.286e+03	0	0.000e+00
25429	2.286e+03	0	0.000e+00
25430	2.287e+03	0	0.000e+00
25431	2.287e+03	0	0.000e+00
25432	2.287e+03	0	0.000e+00
25433	2.287e+03	0	0.000e+00
25434	2.287e+03	0	0.000e+00
25435	2.287e+03	0	0.000e+00
25436	2.287e+03	0	0.000e+00
25437	2.287e+03	0	0.000e+00
25438	2.287e+03	0	0.000e+00
25439	2.287e+03	1	2.890e-05
25440	2.287e+03	0	0.000e+00
25441	2.288e+03	0	0.000e+00
25442	2.288e+03	0	0.000e+00
25443	2.288e+03	0	0.000e+00
25444	2.288e+03	0	0.000e+00
25445	2.288e+03	0	0.000e+00
25446	2.288e+03	0	0.000e+00
25447	2.288e+03	0	0.000e+00
25448	2.288e+03	0	0.000e+00
25449	2.288e+03	0	0.000e+00
25450	2.288e+03	0	0.000e+00
25451	2.288e+03	0	0.000e+00
25452	2.289e+03	0	0.000e+00
25453	2.289e+03	0	0.000e+00
25454	2.289e+03	0	0.000e+00
25455	2.289e+03	2	5.780e-05
25456	2.289e+03	0	0.000e+00
25457	2.289e+03	0	0.000e+00
25458	2.289e+03	0	0.000e+00
25459	2.289e+03	0	0.000e+00
25460	2.289e+03	0	0.000e+00
25461	2.289e+03	1	2.890e-05
25462	2.289e+03	0	0.000e+00
25463	2.290e+03	0	0.000e+00
25464	2.290e+03	0	0.000e+00
25465	2.290e+03	0	0.000e+00
25466	2.290e+03	0	0.000e+00
25467	2.290e+03	0	0.000e+00
25468	2.290e+03	0	0.000e+00
25469	2.290e+03	1	2.890e-05
25470	2.290e+03	0	0.000e+00
25471	2.290e+03	0	0.000e+00
25472	2.290e+03	0	0.000e+00
25473	2.290e+03	0	0.000e+00
25474	2.291e+03	0	0.000e+00
25475	2.291e+03	0	0.000e+00
25476	2.291e+03	0	0.000e+00
25477	2.291e+03	0	0.000e+00
25478	2.291e+03	0	0.000e+00
25479	2.291e+03	0	0.000e+00
25480	2.291e+03	0	0.000e+00
25481	2.291e+03	0	0.000e+00
25482	2.291e+03	0	0.000e+00
25483	2.291e+03	0	0.000e+00
25484	2.291e+03	0	0.000e+00
25485	2.292e+03	0	0.000e+00
25486	2.292e+03	0	0.000e+00
25487	2.292e+03	0	0.000e+00
25488	2.292e+03	0	0.000e+00
25489	2.292e+03	0	0.000e+00
25490	2.292e+03	0	0.000e+00
25491	2.292e+03	0	0.000e+00
25492	2.292e+03	0	0.000e+00
25493	2.292e+03	0	0.000e+00
25494	2.292e+03	0	0.000e+00
25495	2.292e+03	0	0.000e+00
25496	2.293e+03	0	0.000e+00
25497	2.293e+03	0	0.000e+00
25498	2.293e+03	0	0.000e+00
25499	2.293e+03	0	0.000e+00
25500	2.293e+03	0	0.000e+00
25501	2.293e+03	0	0.000e+00
25502	2.293e+03	0	0.000e+00
25503	2.293e+03	0	0.000e+00
25504	2.293e+03	0	0.000e+00
25505	2.293e+03	0	0.000e+00
25506	2.293e+03	0	0.000e+00
25507	2.293e+03	0	0.000e+00
25508	2.294e+03	0	0.000e+00
25509	2.294e+03	0	0.000e+00
25510	2.294e+03	0	0.000e+00
25511	2.294e+03	3	8.671e-05
25512	2.294e+03	0	0.000e+00
25513	2.294e+03	0	0.000e+00
25514	2.294e+03	0	0.000e+00
25515	2.294e+03	0	0.000e+00
25516	2.294e+03	1	2.890e-05
25517	2.294e+03	0	0.000e+00
25518	2.294e+03	0	0.000e+00
25519	2.295e+03	0	0.000e+00
25520	2.295e+03	0	0.000e+00
25521	2.295e+03	0	0.000e+00
25522	2.295e+03	0	0.000e+00
25523	2.295e+03	1	2.890e-05
25524	2.295e+03	0	0.000e+00
25525	2.295e+03	0	0.000e+00
25526	2.295e+03	0	0.000e+00
25527	2.295e+03	0	0.000e+00
25528	2.295e+03	0	0.000e+00
25529	2.295e+03	0	0.000e+00
25530	2.296e+03	0	0.000e+00
25531	2.296e+03	0	0.000e+00
25532	2.296e+03	0	0.000e+00
25533	2.296e+03	0	0.000e+00
25534	2.296e+03	0	0.000e+00
25535	2.296e+03	0	0.000e+00
25536	2.296e+03	0	0.000e+00
25537	2.296e+03	0	0.000e+00
25538	2.296e+03	0	0.000e+00
25539	2.296e+03	0	0.000e+00
25540	2.296e+03	0	0.000e+00
25541	2.297e+03	0	0.000e+00
25542	2.297e+03	0	0.000e+00
25543	2.297e+03	0	0.000e+00
25544	2.297e+03	0	0.000e+00
25545	2.297e+03	0	0.000e+00
25546	2.297e+03	0	0.000e+00
25547	2.297e+03	0	0.000e+00
25548	2.297e+03	0	0.000e+00
25549	2.297e+03	0	0.000e+00
25550	2.297e+03	0	0.000e+00
25551	2.297e+03	0	0.000e+00
25552	2.298e+03	0	0.000e+00
25553	2.298e+03	0	0.000e+00
25554	2.298e+03	0	0.000e+00
25555	2.298e+03	0	0.000e+00
25556	2.298e+03	0	0.000e+00
25557	2.298e+03	0	0.000e+00
25558	2.298e+03	0	0.000e+00
25559	2.298e+03	0	0.000e+00
25560	2.298e+03	0	0.000e+00
25561	2.298e+03	0	0.000e+00
25562	2.298e+03	0	0.000e+00
25563	2.299e+03	0	0.000e+00
25564	2.299e+03	0	0.000e+00
25565	2.299e+03	0	0.000e+00
25566	2.299e+03	0	0.000e+00
25567	2.299e+03	0	0.000e+00
25568	2.299e+03	0	0.000e+00
25569	2.299e+03	0	0.000e+00
25570	2.299e+03	0	0.000e+00
25571	2.299e+03	0	0.000e+00
25572	2.299e+03	0	0.000e+00
25573	2.299e+03	0	0.000e+00
25574	2.300e+03	0	0.000e+00
25575	2.300e+03	0	0.000e+00
25576	2.300e+03	0	0.000e+00
25577	2.300e+03	0	0.000e+00
25578	2.300e+03	0	0.000e+00
25579	2.300e+03	0	0.000e+00
25580	2.300e+03	1	2.890e-05
25581	2.300e+03	0	0.000e+00
25582	2.300e+03	0	0.000e+00
25583	2.300e+03	0	0.000e+00
25584	2.300e+03	0	0.000e+00
25585	2.301e+03	0	0.000e+00
25586	2.301e+03	0	0.000e+00
25587	2.301e+03	0	0.000e+00
25588	2.301e+03	0	0.000e+00
25589	2.301e+03	0	0.000e+00
25590	2.301e+03	0	0.000e+00
25591	2.301e+03	0	0.000e+00
25592	2.301e+03	0	0.000e+00
25593	2.301e+03	0	0.000e+00
25594	2.301e+03	0	0.000e+00
25595	2.301e+03	0	0.000e+00
25596	2.302e+03	0	0.000e+00
25597	2.302e+03	0	0.000e+00
25598	2.302e+03	0	0.000e+00
25599	2.302e+03	0	0.000e+00
25600	2.302e+03	0	0.000e+00
25601	2.302e+03	0	0.000e+00
25602	2.302e+03	1	2.890e-05
25603	2.302e+03	1	2.890e-05
25604	2.302e+03	0	0.000e+00
25605	2.302e+03	0	0.000e+00
25606	2.302e+03	0	0.000e+00
25607	2.302e+03	0	0.000e+00
25608	2.303e+03	0	0.000e+00
25609	2.303e+03	0	0.000e+00
25610	2.303e+03	0	0.000e+00
25611	2.303e+03	0	0.000e+00
25612	2.303e+03	0	0.000e+00
25613	2.303e+03	0	0.000e+00
25614	2.303e+03	0	0.000e+00
25615	2.303e+03	0	0.000e+00
25616	2.303e+03	0	0.000e+00
25617	2.303e+03	0	0.000e+00
25618	2.303e+03	0	0.000e+00
25619	2.304e+03	0	0.000e+00
25620	2.304e+03	0	0.000e+00
25621	2.304e+03	0	0.000e+00
25622	2.304e+03	0	0.000e+00
25623	2.304e+03	0	0.000e+00
25624	2.304e+03	0	0.000e+00
25625	2.304e+03	0	0.000e+00
25626	2.304e+03	0	0.000e+00
25627	2.304e+03	0	0.000e+00
25628	2.304e+03	1	2.890e-05
25629	2.304e+03	0	0.000e+00
25630	2.305e+03	0	0.000e+00
25631	2.305e+03	0	0.000e+00
25632	2.305e+03	0	0.000e+00
25633	2.305e+03	0	0.000e+00
25634	2.305e+03	0	0.000e+00
25635	2.305e+03	0	0.000e+00
25636	2.305e+03	0	0.000e+00
25637	2.305e+03	0	0.000e+00
25638	2.305e+03	0	0.000e+00
25639	2.305e+03	0	0.000e+00
25640	2.305e+03	0	0.000e+00
25641	2.306e+03	0	0.000e+00
25642	2.306e+03	0	0.000e+00
25643	2.306e+03	0	0.000e+00
25644	2.306e+03	0	0.000e+00
25645	2.306e+03	0	0.000e+00
25646	2.306e+03	0	0.000e+00
25647	2.306e+03	0	0.000e+00
25648	2.306e+03	0	0.000e+00
25649	2.306e+03	0	0.000e+00
25650	2.306e+03	1	2.890e-05
25651	2.306e+03	0	0.000e+00
25652	2.307e+03	0	0.000e+00
25653	2.307e+03	0	0.000e+00
25654	2.307e+03	0	0.000e+00
25655	2.307e+03	0	0.000e+00
25656	2.307e+03	0	0.000e+00
25657	2.307e+03	0	0.000e+00
25658	2.307e+03	0	0.000e+00
25659	2.307e+03	0	0.000e+00
25660	2.307e+03	0	0.000e+00
25661	2.307e+03	0	0.000e+00
25662	2.307e+03	1	2.890e-05
25663	2.308e+03	0	0.000e+00
25664	2.308e+03	0	0.000e+00
25665	2.308e+03	0	0.000e+00
25666	2.308e+03	0	0.000e+00
25667	2.308e+03	0	0.000e+00
25668	2.308e+03	0	0.000e+00
25669	2.308e+03	0	0.000e+00
25670	2.308e+03	0	0.000e+00
25671	2.308e+03	0	0.000e+00
25672	2.308e+03	0	0.000e+00
25673	2.308e+03	0	0.000e+00
25674	2.309e+03	1	2.890e-05
25675	2.309e+03	0	0.000e+00
25676	2.309e+03	0	0.000e+00
25677	2.309e+03	0	0.000e+00
25678	2.309e+03	0	0.000e+00
25679	2.309e+03	0	0.000e+00
25680	2.309e+03	0	0.000e+00
25681	2.309e+03	0	0.000e+00
25682	2.309e+03	0	0.000e+00
25683	2.309e+03	0	0.000e+00
25684	2.309e+03	1	2.890e-05
25685	2.310e+03	0	0.000e+00
25686	2.310e+03	0	0.000e+00
25687	2.310e+03	0	0.000e+00
25688	2.310e+03	0	0.000e+00
25689	2.310e+03	0	0.000e+00
25690	2.310e+03	0	0.000e+00
25691	2.310e+03	0	0.000e+00
25692	2.310e+03	0	0.000e+00
25693	2.310e+03	0	0.000e+00
25694	2.310e+03	0	0.000e+00
25695	2.310e+03	0	0.000e+00
25696	2.310e+03	0	0.000e+00
25697	2.311e+03	0	0.000e+00
25698	2.311e+03	0	0.000e+00
25699	2.311e+03	0	0.000e+00
25700	2.311e+03	0	0.000e+00
25701	2.311e+03	0	0.000e+00
25702	2.311e+03	0	0.000e+00
25703	2.311e+03	0	0.000e+00
25704	2.311e+03	0	0.000e+00
25705	2.311e+03	0	0.000e+00
25706	2.311e+03	0	0.000e+00
25707	2.311e+03	0	0.000e+00
25708	2.312e+03	0	0.000e+00
25709	2.312e+03	0	0.000e+00
25710	2.312e+03	0	0.000e+00
25711	2.312e+03	0	0.000e+00
25712	2.312e+03	0	0.000e+00
25713	2.312e+03	0	0.000e+00
25714	2.312e+03	0	0.000e+00
25715	2.312e+03	0	0.000e+00
25716	2.312e+03	0	0.000e+00
25717	2.312e+03	0	0.000e+00
25718	2.312e+03	0	0.000e+00
25719	2.313e+03	0	0.000e+00
25720	2.313e+03	0	0.000e+00
25721	2.313e+03	0	0.000e+00
25722	2.313e+03	0	0.000e+00
25723	2.313e+03	2	5.780e-05
25724	2.313e+03	0	0.000e+00
25725	2.313e+03	0	0.000e+00
25726	2.313e+03	0	0.000e+00
25727	2.313e+03	1	2.890e-05
25728	2.313e+03	0	0.000e+00
25729	2.313e+03	0	0.000e+00
25730	2.314e+03	1	2.890e-05
25731	2.314e+03	0	0.000e+00
25732	2.314e+03	0	0.000e+00
25733	2.314e+03	0	0.000e+00
25734	2.314e+03	0	0.000e+00
25735	2.314e+03	0	0.000e+00
25736	2.314e+03	1	2.890e-05
25737	2.314e+03	0	0.000e+00
25738	2.314e+03	0	0.000e+00
25739	2.314e+03	0	0.000e+00
25740	2.314e+03	0	0.000e+00
25741	2.315e+03	0	0.000e+00
25742	2.315e+03	0	0.000e+00
25743	2.315e+03	0	0.000e+00
25744	2.315e+03	0	0.000e+00
25745	2.315e+03	0	0.000e+00
25746	2.315e+03	0	0.000e+00
25747	2.315e+03	0	0.000e+00
25748	2.315e+03	0	0.000e+00
25749	2.315e+03	0	0.000e+00
25750	2.315e+03	0	0.000e+00
25751	2.315e+03	0	0.000e+00
25752	2.316e+03	0	0.000e+00
25753	2.316e+03	0	0.000e+00
25754	2.316e+03	0	0.000e+00
25755	2.316e+03	0	0.000e+00
25756	2.316e+03	0	0.000e+00
25757	2.316e+03	0	0.000e+00
25758	2.316e+03	0	0.000e+00
25759	2.316e+03	0	0.000e+00
25760	2.316e+03	0	0.000e+00
25761	2.316e+03	1	2.890e-05
25762	2.316e+03	1	2.890e-05
25763	2.317e+03	0	0.000e+00
25764	2.317e+03	0	0.000e+00
25765	2.317e+03	0	0.000e+00
25766	2.317e+03	0	0.000e+00
25767	2.317e+03	0	0.000e+00
25768	2.317e+03	0	0.000e+00
25769	2.317e+03	0	0.000e+00
25770	2.317e+03	0	0.000e+00
25771	2.317e+03	0	0.000e+00
25772	2.317e+03	0	0.000e+00
25773	2.317e+03	0	0.000e+00
25774	2.318e+03	1	2.890e-05
25775	2.318e+03	0	0.000e+00
25776	2.318e+03	1	2.890e-05
25777	2.318e+03	0	0.000e+00
25778	2.318e+03	0	0.000e+00
25779	2.318e+03	0	0.000e+00
25780	2.318e+03	0	0.000e+00
25781	2.318e+03	0	0.000e+00
25782	2.318e+03	0	0.000e+00
25783	2.318e+03	0	0.000e+00
25784	2.318e+03	0	0.000e+00
25785	2.318e+03	0	0.000e+00
25786	2.319e+03	0	0.000e+00
25787	2.319e+03	0	0.000e+00
25788	2.319e+03	0	0.000e+00
25789	2.319e+03	0	0.000e+00
25790	2.319e+03	0	0.000e+00
25791	2.319e+03	0	0.000e+00
25792	2.319e+03	0	0.000e+00
25793	2.319e+03	0	0.000e+00
25794	2.319e+03	0	0.000e+00
25795	2.319e+03	0	0.000e+00
25796	2.319e+03	0	0.000e+00
25797	2.320e+03	0	0.000e+00
25798	2.320e+03	0	0.000e+00
25799	2.320e+03	0	0.000e+00
25800	2.320e+03	0	0.000e+00
25801	2.320e+03	0	0.000e+00
25802	2.320e+03	0	0.000e+00
25803	2.320e+03	0	0.000e+00
25804	2.320e+03	0	0.000e+00
25805	2.320e+03	0	0.000e+00
25806	2.320e+03	0	0.000e+00
25807	2.320e+03	0	0.000e+00
25808	2.321e+03	0	0.000e+00
25809	2.321e+03	0	0.000e+00
25810	2.321e+03	0	0.000e+00
25811	2.321e+03	0	0.000e+00
25812	2.321e+03	0	0.000e+00
25813	2.321e+03	0	0.000e+00
25814	2.321e+03	0	0.000e+00
25815	2.321e+03	0	0.000e+00
25816	2.321e+03	0	0.000e+00
25817	2.321e+03	0	0.000e+00
25818	2.321e+03	0	0.000e+00
25819	2.322e+03	0	0.000e+00
25820	2.322e+03	0	0.000e+00
25821	2.322e+03	0	0.000e+00
25822	2.322e+03	0	0.000e+00
25823	2.322e+03	0	0.000e+00
25824	2.322e+03	0	0.000e+00
25825	2.322e+03	0	0.000e+00
25826	2.322e+03	0	0.000e+00
25827	2.322e+03	0	0.000e+00
25828	2.322e+03	0	0.000e+00
25829	2.322e+03	0	0.000e+00
25830	2.323e+03	0	0.000e+00
25831	2.323e+03	0	0.000e+00
25832	2.323e+03	0	0.000e+00
25833	2.323e+03	0	0.000e+00
25834	2.323e+03	0	0.000e+00
25835	2.323e+03	0	0.000e+00
25836	2.323e+03	0	0.000e+00
25837	2.323e+03	0	0.000e+00
25838	2.323e+03	0	0.000e+00
25839	2.323e+03	0	0.000e+00
25840	2.323e+03	0	0.000e+00
25841	2.324e+03	0	0.000e+00
25842	2.324e+03	0	0.000e+00
25843	2.324e+03	0	0.000e+00
25844	2.324e+03	0	0.000e+00
25845	2.324e+03	0	0.000e+00
25846	2.324e+03	0	0.000e+00
25847	2.324e+03	0	0.000e+00
25848	2.324e+03	0	0.000e+00
25849	2.324e+03	0	0.000e+00
25850	2.324e+03	0	0.000e+00
25851	2.324e+03	0	0.000e+00
25852	2.325e+03	0	0.000e+00
25853	2.325e+03	0	0.000e+00
25854	2.325e+03	0	0.000e+00
25855	2.325e+03	0	0.000e+00
25856	2.325e+03	0	0.000e+00
25857	2.325e+03	0	0.000e+00
25858	2.325e+03	0	0.000e+00
25859	2.325e+03	0	0.000e+00
25860	2.325e+03	0	0.000e+00
25861	2.325e+03	0	0.000e+00
25862	2.325e+03	0	0.000e+00
25863	2.326e+03	0	0.000e+00
25864	2.326e+03	0	0.000e+00
25865	2.326e+03	0	0.000e+00
25866	2.326e+03	0	0.000e+00
25867	2.326e+03	0	0.000e+00
25868	2.326e+03	0	0.000e+00
25869	2.326e+03	0	0.000e+00
25870	2.326e+03	0	0.000e+00
25871	2.326e+03	0	0.000e+00
25872	2.326e+03	0	0.000e+00
25873	2.326e+03	0	0.000e+00
25874	2.327e+03	0	0.000e+00
25875	2.327e+03	0	0.000e+00
25876	2.327e+03	0	0.000e+00
25877	2.327e+03	0	0.000e+00
25878	2.327e+03	0	0.000e+00
25879	2.327e+03	0	0.000e+00
25880	2.327e+03	0	0.000e+00
25881	2.327e+03	0	0.000e+00
25882	2.327e+03	0	0.000e+00
25883	2.327e+03	0	0.000e+00
25884	2.327e+03	0	0.000e+00
25885	2.327e+03	0	0.000e+00
25886	2.328e+03	0	0.000e+00
25887	2.328e+03	0	0.000e+00
25888	2.328e+03	0	0.000e+00
25889	2.328e+03	1	2.890e-05
25890	2.328e+03	0	0.000e+00
25891	2.328e+03	0	0.000e+00
25892	2.328e+03	0	0.000e+00
25893	2.328e+03	1	2.890e-05
25894	2.328e+03	0	0.000e+00
25895	2.328e+03	0	0.000e+00
25896	2.328e+03	0	0.000e+00
25897	2.329e+03	1	2.890e-05
25898	2.329e+03	0	0.000e+00
25899	2.329e+03	0	0.000e+00
25900	2.329e+03	0	0.000e+00
25901	2.329e+03	0	0.000e+00
25902	2.329e+03	0	0.000e+00
25903	2.329e+03	0	0.000e+00
25904	2.329e+03	0	0.000e+00
25905	2.329e+03	0	0.000e+00
25906	2.329e+03	1	2.890e-05
25907	2.329e+03	0	0.000e+00
25908	2.330e+03	0	0.000e+00
25909	2.330e+03	0	0.000e+00
25910	2.330e+03	0	0.000e+00
25911	2.330e+03	0	0.000e+00
25912	2.330e+03	0	0.000e+00
25913	2.330e+03	0	0.000e+00
25914	2.330e+03	0	0.000e+00
25915	2.330e+03	1	2.890e-05
25916	2.330e+03	0	0.000e+00
25917	2.330e+03	0	0.000e+00
25918	2.330e+03	0	0.000e+00
25919	2.331e+03	0	0.000e+00
25920	2.331e+03	0	0.000e+00
25921	2.331e+03	0	0.000e+00
25922	2.331e+03	0	0.000e+00
25923	2.331e+03	0	0.000e+00
25924	2.331e+03	0	0.000e+00
25925	2.331e+03	0	0.000e+00
25926	2.331e+03	0	0.000e+00
25927	2.331e+03	0	0.000e+00
25928	2.331e+03	0	0.000e+00
25929	2.331e+03	0	0.000e+00
25930	2.332e+03	0	0.000e+00
25931	2.332e+03	0	0.000e+00
25932	2.332e+03	0	0.000e+00
25933	2.332e+03	1	2.890e-05
25934	2.332e+03	0	0.000e+00
25935	2.332e+03	0	0.000e+00
25936	2.332e+03	0	0.000e+00
25937	2.332e+03	0	0.000e+00
25938	2.332e+03	0	0.000e+00
25939	2.332e+03	0	0.000e+00
25940	2.332e+03	0	0.000e+00
25941	2.333e+03	0	0.000e+00
25942	2.333e+03	0	0.000e+00
25943	2.333e+03	0	0.000e+00
25944	2.333e+03	0	0.000e+00
25945	2.333e+03	0	0.000e+00
25946	2.333e+03	0	0.000e+00
25947	2.333e+03	1	2.890e-05
25948	2.333e+03	0	0.000e+00
25949	2.333e+03	0	0.000e+00
25950	2.333e+03	0	0.000e+00
25951	2.333e+03	0	0.000e+00
25952	2.334e+03	0	0.000e+00
25953	2.334e+03	0	0.000e+00
25954	2.334e+03	0	0.000e+00
25955	2.334e+03	0	0.000e+00
25956	2.334e+03	0	0.000e+00
25957	2.334e+03	0	0.000e+00
25958	2.334e+03	0	0.000e+00
25959	2.334e+03	0	0.000e+00
25960	2.334e+03	0	0.000e+00
25961	2.334e+03	0	0.000e+00
25962	2.334e+03	0	0.000e+00
25963	2.335e+03	0	0.000e+00
25964	2.335e+03	0	0.000e+00
25965	2.335e+03	0	0.000e+00
25966	2.335e+03	0	0.000e+00
25967	2.335e+03	0	0.000e+00
25968	2.335e+03	0	0.000e+00
25969	2.335e+03	0	0.000e+00
25970	2.335e+03	0	0.000e+00
25971	2.335e+03	0	0.000e+00
25972	2.335e+03	0	0.000e+00
25973	2.335e+03	1	2.890e-05
25974	2.335e+03	0	0.000e+00
25975	2.336e+03	0	0.000e+00
25976	2.336e+03	0	0.000e+00
25977	2.336e+03	0	0.000e+00
25978	2.336e+03	0	0.000e+00
25979	2.336e+03	1	2.890e-05
25980	2.336e+03	0	0.000e+00
25981	2.336e+03	0	0.000e+00
25982	2.336e+03	0	0.000e+00
25983	2.336e+03	1	2.890e-05
25984	2.336e+03	0	0.000e+00
25985	2.336e+03	0	0.000e+00
25986	2.337e+03	0	0.000e+00
25987	2.337e+03	0	0.000e+00
25988	2.337e+03	0	0.000e+00
25989	2.337e+03	0	0.000e+00
25990	2.337e+03	0	0.000e+00
25991	2.337e+03	0	0.000e+00
25992	2.337e+03	1	2.890e-05
25993	2.337e+03	0	0.000e+00
25994	2.337e+03	0	0.000e+00
25995	2.337e+03	0	0.000e+00
25996	2.337e+03	0	0.000e+00
25997	2.338e+03	0	0.000e+00
25998	2.338e+03	0	0.000e+00
25999	2.338e+03	0	0.000e+00
26000	2.338e+03	0	0.000e+00
26001	2.338e+03	0	0.000e+00
26002	2.338e+03	0	0.000e+00
26003	2.338e+03	0	0.000e+00
26004	2.338e+03	1	2.890e-05
26005	2.338e+03	0	0.000e+00
26006	2.338e+03	0	0.000e+00
26007	2.338e+03	0	0.000e+00
26008	2.339e+03	0	0.000e+00
26009	2.339e+03	0	0.000e+00
26010	2.339e+03	0	0.000e+00
26011	2.339e+03	0	0.000e+00
26012	2.339e+03	0	0.000e+00
26013	2.339e+03	0	0.000e+00
26014	2.339e+03	0	0.000e+00
26015	2.339e+03	0	0.000e+00
26016	2.339e+03	0	0.000e+00
26017	2.339e+03	0	0.000e+00
26018	2.339e+03	0	0.000e+00
26019	2.340e+03	0	0.000e+00
26020	2.340e+03	0	0.000e+00
26021	2.340e+03	0	0.000e+00
26022	2.340e+03	0	0.000e+00
26023	2.340e+03	0	0.000e+00
26024	2.340e+03	0	0.000e+00
26025	2.340e+03	0	0.000e+00
26026	2.340e+03	0	0.000e+00
26027	2.340e+03	0	0.000e+00
26028	2.340e+03	0	0.000e+00
26029	2.340e+03	0	0.000e+00
26030	2.341e+03	0	0.000e+00
26031	2.341e+03	0	0.000e+00
26032	2.341e+03	0	0.000e+00
26033	2.341e+03	0	0.000e+00
26034	2.341e+03	0	0.000e+00
26035	2.341e+03	1	2.890e-05
26036	2.341e+03	0	0.000e+00
26037	2.341e+03	0	0.000e+00
26038	2.341e+03	0	0.000e+00
26039	2.341e+03	0	0.000e+00
26040	2.341e+03	0	0.000e+00
26041	2.342e+03	0	0.000e+00
26042	2.342e+03	0	0.000e+00
26043	2.342e+03	0	0.000e+00
26044	2.342e+03	0	0.000e+00
26045	2.342e+03	0	0.000e+00
26046	2.342e+03	0	0.000e+00
26047	2.342e+03	0	0.000e+00
26048	2.342e+03	0	0.000e+00
26049	2.342e+03	0	0.000e+00
26050	2.342e+03	0	0.000e+00
26051	2.342e+03	0	0.000e+00
26052	2.343e+03	0	0.000e+00
26053	2.343e+03	0	0.000e+00
26054	2.343e+03	0	0.000e+00
26055	2.343e+03	0	0.000e+00
26056	2.343e+03	0	0.000e+00
26057	2.343e+03	0	0.000e+00
26058	2.343e+03	1	2.890e-05
26059	2.343e+03	0	0.000e+00
26060	2.343e+03	0	0.000e+00
26061	2.343e+03	0	0.000e+00
26062	2.343e+03	0	0.000e+00
26063	2.343e+03	0	0.000e+00
26064	2.344e+03	0	0.000e+00
26065	2.344e+03	0	0.000e+00
26066	2.344e+03	0	0.000e+00
26067	2.344e+03	0	0.000e+00
26068	2.344e+03	0	0.000e+00
26069	2.344e+03	0	0.000e+00
26070	2.344e+03	0	0.000e+00
26071	2.344e+03	0	0.000e+00
26072	2.344e+03	0	0.000e+00
26073	2.344e+03	0	0.000e+00
26074	2.344e+03	0	0.000e+00
26075	2.345e+03	0	0.000e+00
26076	2.345e+03	0	0.000e+00
26077	2.345e+03	0	0.000e+00
26078	2.345e+03	0	0.000e+00
26079	2.345e+03	0	0.000e+00
26080	2.345e+03	0	0.000e+00
26081	2.345e+03	0	0.000e+00
26082	2.345e+03	0	0.000e+00
26083	2.345e+03	0	0.000e+00
26084	2.345e+03	0	0.000e+00
26085	2.345e+03	0	0.000e+00
26086	2.346e+03	0	0.000e+00
26087	2.346e+03	0	0.000e+00
26088	2.346e+03	0	0.000e+00
26089	2.346e+03	0	0.000e+00
26090	2.346e+03	0	0.000e+00
26091	2.346e+03	0	0.000e+00
26092	2.346e+03	0	0.000e+00
26093	2.346e+03	0	0.000e+00
26094	2.346e+03	0	0.000e+00
26095	2.346e+03	0	0.000e+00
26096	2.346e+03	0	0.000e+00
26097	2.347e+03	0	0.000e+00
26098	2.347e+03	0	0.000e+00
26099	2.347e+03	0	0.000e+00
26100	2.347e+03	1	2.890e-05
26101	2.347e+03	0	0.000e+00
26102	2.347e+03	0	0.000e+00
26103	2.347e+03	0	0.000e+00
26104	2.347e+03	0	0.000e+00
26105	2.347e+03	0	0.000e+00
26106	2.347e+03	0	0.000e+00
26107	2.347e+03	0	0.000e+00
26108	2.348e+03	0	0.000e+00
26109	2.348e+03	0	0.000e+00
26110	2.348e+03	0	0.000e+00
26111	2.348e+03	0	0.000e+00
26112	2.348e+03	0	0.000e+00
26113	2.348e+03	0	0.000e+00
26114	2.348e+03	0	0.000e+00
26115	2.348e+03	0	0.000e+00
26116	2.348e+03	0	0.000e+00
26117	2.348e+03	0	0.000e+00
26118	2.348e+03	0	0.000e+00
26119	2.349e+03	0	0.000e+00
26120	2.349e+03	0	0.000e+00
26121	2.349e+03	0	0.000e+00
26122	2.349e+03	0	0.000e+00
26123	2.349e+03	0	0.000e+00
26124	2.349e+03	0	0.000e+00
26125	2.349e+03	0	0.000e+00
26126	2.349e+03	0	0.000e+00
26127	2.349e+03	0	0.000e+00
26128	2.349e+03	0	0.000e+00
26129	2.349e+03	0	0.000e+00
26130	2.350e+03	0	0.000e+00
26131	2.350e+03	0	0.000e+00
26132	2.350e+03	0	0.000e+00
26133	2.350e+03	0	0.000e+00
26134	2.350e+03	0	0.000e+00
26135	2.350e+03	0	0.000e+00
26136	2.350e+03	0	0.000e+00
26137	2.350e+03	0	0.000e+00
26138	2.350e+03	0	0.000e+00
26139	2.350e+03	0	0.000e+00
26140	2.350e+03	0	0.000e+00
26141	2.351e+03	0	0.000e+00
26142	2.351e+03	0	0.000e+00
26143	2.351e+03	0	0.000e+00
26144	2.351e+03	0	0.000e+00
26145	2.351e+03	0	0.000e+00
26146	2.351e+03	1	2.890e-05
26147	2.351e+03	0	0.000e+00
26148	2.351e+03	1	2.890e-05
26149	2.351e+03	0	0.000e+00
26150	2.351e+03	0	0.000e+00
26151	2.351e+03	0	0.000e+00
26152	2.351e+03	0	0.000e+00
26153	2.352e+03	0	0.000e+00
26154	2.352e+03	0	0.000e+00
26155	2.352e+03	0	0.000e+00
26156	2.352e+03	0	0.000e+00
26157	2.352e+03	1	2.890e-05
26158	2.352e+03	0	0.000e+00
26159	2.352e+03	0	0.000e+00
26160	2.352e+03	0	0.000e+00
26161	2.352e+03	0	0.000e+00
26162	2.352e+03	0	0.000e+00
26163	2.352e+03	0	0.000e+00
26164	2.353e+03	0	0.000e+00
26165	2.353e+03	0	0.000e+00
26166	2.353e+03	0	0.000e+00
26167	2.353e+03	0	0.000e+00
26168	2.353e+03	0	0.000e+00
26169	2.353e+03	0	0.000e+00
26170	2.353e+03	0	0.000e+00
26171	2.353e+03	0	0.000e+00
26172	2.353e+03	0	0.000e+00
26173	2.353e+03	0	0.000e+00
26174	2.353e+03	0	0.000e+00
26175	2.354e+03	0	0.000e+00
26176	2.354e+03	0	0.000e+00
26177	2.354e+03	0	0.000e+00
26178	2.354e+03	0	0.000e+00
26179	2.354e+03	0	0.000e+00
26180	2.354e+03	0	0.000e+00
26181	2.354e+03	0	0.000e+00
26182	2.354e+03	0	0.000e+00
26183	2.354e+03	0	0.000e+00
26184	2.354e+03	0	0.000e+00
26185	2.354e+03	0	0.000e+00
26186	2.355e+03	0	0.000e+00
26187	2.355e+03	0	0.000e+00
26188	2.355e+03	2	5.780e-05
26189	2.355e+03	0	0.000e+00
26190	2.355e+03	0	0.000e+00
26191	2.355e+03	0	0.000e+00
26192	2.355e+03	0	0.000e+00
26193	2.355e+03	0	0.000e+00
26194	2.355e+03	0	0.000e+00
26195	2.355e+03	0	0.000e+00
26196	2.355e+03	0	0.000e+00
26197	2.356e+03	0	0.000e+00
26198	2.356e+03	0	0.000e+00
26199	2.356e+03	0	0.000e+00
26200	2.356e+03	0	0.000e+00
26201	2.356e+03	0	0.000e+00
26202	2.356e+03	0	0.000e+00
26203	2.356e+03	0	0.000e+00
26204	2.356e+03	0	0.000e+00
26205	2.356e+03	0	0.000e+00
26206	2.356e+03	0	0.000e+00
26207	2.356e+03	1	2.890e-05
26208	2.357e+03	1	2.890e-05
26209	2.357e+03	0	0.000e+00
26210	2.357e+03	0	0.000e+00
26211	2.357e+03	0	0.000e+00
26212	2.357e+03	0	0.000e+00
26213	2.357e+03	0	0.000e+00
26214	2.357e+03	0	0.000e+00
26215	2.357e+03	0	0.000e+00
26216	2.357e+03	0	0.000e+00
26217	2.357e+03	0	0.000e+00
26218	2.357e+03	0	0.000e+00
26219	2.358e+03	0	0.000e+00
26220	2.358e+03	0	0.000e+00
26221	2.358e+03	0	0.000e+00
26222	2.358e+03	0	0.000e+00
26223	2.358e+03	0	0.000e+00
26224	2.358e+03	0	0.000e+00
26225	2.358e+03	0	0.000e+00
26226	2.358e+03	0	0.000e+00
26227	2.358e+03	0	0.000e+00
26228	2.358e+03	0	0.000e+00
26229	2.358e+03	0	0.000e+00
26230	2.359e+03	0	0.000e+00
26231	2.359e+03	0	0.000e+00
26232	2.359e+03	0	0.000e+00
26233	2.359e+03	0	0.000e+00
26234	2.359e+03	0	0.000e+00
26235	2.359e+03	0	0.000e+00
26236	2.359e+03	0	0.000e+00
26237	2.359e+03	0	0.000e+00
26238	2.359e+03	0	0.000e+00
26239	2.359e+03	0	0.000e+00
26240	2.359e+03	0	0.000e+00
26241	2.360e+03	1	2.890e-05
26242	2.360e+03	0	0.000e+00
26243	2.360e+03	0	0.000e+00
26244	2.360e+03	0	0.000e+00
26245	2.360e+03	0	0.000e+00
26246	2.360e+03	1	2.890e-05
26247	2.360e+03	0	0.000e+00
26248	2.360e+03	0	0.000e+00
26249	2.360e+03	0	0.000e+00
26250	2.360e+03	0	0.000e+00
26251	2.360e+03	0	0.000e+00
26252	2.360e+03	0	0.000e+00
26253	2.361e+03	0	0.000e+00
26254	2.361e+03	0	0.000e+00
26255	2.361e+03	0	0.000e+00
26256	2.361e+03	0	0.000e+00
26257	2.361e+03	0	0.000e+00
26258	2.361e+03	0	0.000e+00
26259	2.361e+03	0	0.000e+00
26260	2.361e+03	0	0.000e+00
26261	2.361e+03	0	0.000e+00
26262	2.361e+03	0	0.000e+00
26263	2.361e+03	0	0.000e+00
26264	2.362e+03	0	0.000e+00
26265	2.362e+03	0	0.000e+00
26266	2.362e+03	0	0.000e+00
26267	2.362e+03	0	0.000e+00
26268	2.362e+03	0	0.000e+00
26269	2.362e+03	0	0.000e+00
26270	2.362e+03	0	0.000e+00
26271	2.362e+03	0	0.000e+00
26272	2.362e+03	0	0.000e+00
26273	2.362e+03	0	0.000e+00
26274	2.362e+03	0	0.000e+00
26275	2.363e+03	0	0.000e+00
26276	2.363e+03	0	0.000e+00
26277	2.363e+03	0	0.000e+00
26278	2.363e+03	0	0.000e+00
26279	2.363e+03	0	0.000e+00
26280	2.363e+03	0	0.000e+00
26281	2.363e+03	0	0.000e+00
26282	2.363e+03	0	0.000e+00
26283	2.363e+03	0	0.000e+00
26284	2.363e+03	0	0.000e+00
26285	2.363e+03	0	0.000e+00
26286	2.364e+03	0	0.000e+00
26287	2.364e+03	0	0.000e+00
26288	2.364e+03	0	0.000e+00
26289	2.364e+03	0	0.000e+00
26290	2.364e+03	0	0.000e+00
26291	2.364e+03	0	0.000e+00
26292	2.364e+03	0	0.000e+00
26293	2.364e+03	0	0.000e+00
26294	2.364e+03	0	0.000e+00
26295	2.364e+03	0	0.000e+00
26296	2.364e+03	0	0.000e+00
26297	2.365e+03	0	0.000e+00
26298	2.365e+03	0	0.000e+00
26299	2.365e+03	0	0.000e+00
26300	2.365e+03	0	0.000e+00
26301	2.365e+03	0	0.000e+00
26302	2.365e+03	0	0.000e+00
26303	2.365e+03	0	0.000e+00
26304	2.365e+03	0	0.000e+00
26305	2.365e+03	0	0.000e+00
26306	2.365e+03	0	0.000e+00
26307	2.365e+03	0	0.000e+00
26308	2.366e+03	0	0.000e+00
26309	2.366e+03	1	2.890e-05
26310	2.366e+03	0	0.000e+00
26311	2.366e+03	0	0.000e+00
26312	2.366e+03	0	0.000e+00
26313	2.366e+03	0	0.000e+00
26314	2.366e+03	0	0.000e+00
26315	2.366e+03	0	0.000e+00
26316	2.366e+03	0	0.000e+00
26317	2.366e+03	0	0.000e+00
26318	2.366e+03	0	0.000e+00
26319	2.367e+03	0	0.000e+00
26320	2.367e+03	0	0.000e+00
26321	2.367e+03	0	0.000e+00
26322	2.367e+03	0	0.000e+00
26323	2.367e+03	0	0.000e+00
26324	2.367e+03	0	0.000e+00
26325	2.367e+03	0	0.000e+00
26326	2.367e+03	0	0.000e+00
26327	2.367e+03	0	0.000e+00
26328	2.367e+03	0	0.000e+00
26329	2.367e+03	1	2.890e-05
26330	2.368e+03	0	0.000e+00
26331	2.368e+03	0	0.000e+00
26332	2.368e+03	0	0.000e+00
26333	2.368e+03	0	0.000e+00
26334	2.368e+03	0	0.000e+00
26335	2.368e+03	0	0.000e+00
26336	2.368e+03	0	0.000e+00
26337	2.368e+03	0	0.000e+00
26338	2.368e+03	0	0.000e+00
26339	2.368e+03	0	0.000e+00
26340	2.368e+03	0	0.000e+00
26341	2.368e+03	0	0.000e+00
26342	2.369e+03	0	0.000e+00
26343	2.369e+03	0	0.000e+00
26344	2.369e+03	0	0.000e+00
26345	2.369e+03	0	0.000e+00
26346	2.369e+03	2	5.780e-05
26347	2.369e+03	0	0.000e+00
26348	2.369e+03	0	0.000e+00
26349	2.369e+03	1	2.890e-05
26350	2.369e+03	0	0.000e+00
26351	2.369e+03	0	0.000e+00
26352	2.369e+03	0	0.000e+00
26353	2.370e+03	0	0.000e+00
26354	2.370e+03	0	0.000e+00
26355	2.370e+03	0	0.000e+00
26356	2.370e+03	0	0.000e+00
26357	2.370e+03	0	0.000e+00
26358	2.370e+03	1	2.890e-05
26359	2.370e+03	0	0.000e+00
26360	2.370e+03	1	2.890e-05
26361	2.370e+03	0	0.000e+00
26362	2.370e+03	0	0.000e+00
26363	2.370e+03	0	0.000e+00
26364	2.371e+03	0	0.000e+00
26365	2.371e+03	0	0.000e+00
26366	2.371e+03	0	0.000e+00
26367	2.371e+03	1	2.890e-05
26368	2.371e+03	0	0.000e+00
26369	2.371e+03	0	0.000e+00
26370	2.371e+03	1	2.890e-05
26371	2.371e+03	0	0.000e+00
26372	2.371e+03	0	0.000e+00
26373	2.371e+03	0	0.000e+00
26374	2.371e+03	0	0.000e+00
26375	2.372e+03	0	0.000e+00
26376	2.372e+03	0	0.000e+00
26377	2.372e+03	0	0.000e+00
26378	2.372e+03	0	0.000e+00
26379	2.372e+03	0	0.000e+00
26380	2.372e+03	0	0.000e+00
26381	2.372e+03	0	0.000e+00
26382	2.372e+03	0	0.000e+00
26383	2.372e+03	0	0.000e+00
26384	2.372e+03	0	0.000e+00
26385	2.372e+03	1	2.890e-05
26386	2.373e+03	0	0.000e+00
26387	2.373e+03	0	0.000e+00
26388	2.373e+03	0	0.000e+00
26389	2.373e+03	0	0.000e+00
26390	2.373e+03	0	0.000e+00
26391	2.373e+03	0	0.000e+00
26392	2.373e+03	0	0.000e+00
26393	2.373e+03	0	0.000e+00
26394	2.373e+03	0	0.000e+00
26395	2.373e+03	0	0.000e+00
26396	2.373e+03	0	0.000e+00
26397	2.374e+03	0	0.000e+00
26398	2.374e+03	0	0.000e+00
26399	2.374e+03	0	0.000e+00
26400	2.374e+03	1	2.890e-05
26401	2.374e+03	0	0.000e+00
26402	2.374e+03	0	0.000e+00
26403	2.374e+03	0	0.000e+00
26404	2.374e+03	0	0.000e+00
26405	2.374e+03	1	2.890e-05
26406	2.374e+03	0	0.000e+00
26407	2.374e+03	0	0.000e+00
26408	2.375e+03	0	0.000e+00
26409	2.375e+03	1	2.890e-05
26410	2.375e+03	0	0.000e+00
26411	2.375e+03	0	0.000e+00
26412	2.375e+03	0	0.000e+00
26413	2.375e+03	0	0.000e+00
26414	2.375e+03	0	0.000e+00
26415	2.375e+03	0	0.000e+00
26416	2.375e+03	0	0.000e+00
26417	2.375e+03	0	0.000e+00
26418	2.375e+03	0	0.000e+00
26419	2.376e+03	1	2.890e-05
26420	2.376e+03	0	0.000e+00
26421	2.376e+03	0	0.000e+00
26422	2.376e+03	0	0.000e+00
26423	2.376e+03	0	0.000e+00
26424	2.376e+03	0	0.000e+00
26425	2.376e+03	0	0.000e+00
26426	2.376e+03	0	0.000e+00
26427	2.376e+03	0	0.000e+00
26428	2.376e+03	0	0.000e+00
26429	2.376e+03	0	0.000e+00
26430	2.376e+03	0	0.000e+00
26431	2.377e+03	0	0.000e+00
26432	2.377e+03	0	0.000e+00
26433	2.377e+03	0	0.000e+00
26434	2.377e+03	0	0.000e+00
26435	2.377e+03	0	0.000e+00
26436	2.377e+03	0	0.000e+00
26437	2.377e+03	0	0.000e+00
26438	2.377e+03	0	0.000e+00
26439	2.377e+03	0	0.000e+00
26440	2.377e+03	0	0.000e+00
26441	2.377e+03	0	0.000e+00
26442	2.378e+03	0	0.000e+00
26443	2.378e+03	0	0.000e+00
26444	2.378e+03	0	0.000e+00
26445	2.378e+03	0	0.000e+00
26446	2.378e+03	0	0.000e+00
26447	2.378e+03	0	0.000e+00
26448	2.378e+03	0	0.000e+00
26449	2.378e+03	0	0.000e+00
26450	2.378e+03	0	0.000e+00
26451	2.378e+03	0	0.000e+00
26452	2.378e+03	0	0.000e+00
26453	2.379e+03	2	5.780e-05
26454	2.379e+03	0	0.000e+00
26455	2.379e+03	0	0.000e+00
26456	2.379e+03	0	0.000e+00
26457	2.379e+03	0	0.000e+00
26458	2.379e+03	0	0.000e+00
26459	2.379e+03	1	2.890e-05
26460	2.379e+03	0	0.000e+00
26461	2.379e+03	0	0.000e+00
26462	2.379e+03	0	0.000e+00
26463	2.379e+03	0	0.000e+00
26464	2.380e+03	0	0.000e+00
26465	2.380e+03	0	0.000e+00
26466	2.380e+03	0	0.000e+00
26467	2.380e+03	0	0.000e+00
26468	2.380e+03	0	0.000e+00
26469	2.380e+03	0	0.000e+00
26470	2.380e+03	0	0.000e+00
26471	2.380e+03	0	0.000e+00
26472	2.380e+03	0	0.000e+00
26473	2.380e+03	0	0.000e+00
26474	2.380e+03	0	0.000e+00
26475	2.381e+03	1	2.890e-05
26476	2.381e+03	0	0.000e+00
26477	2.381e+03	0	0.000e+00
26478	2.381e+03	0	0.000e+00
26479	2.381e+03	0	0.000e+00
26480	2.381e+03	0	0.000e+00
26481	2.381e+03	0	0.000e+00
26482	2.381e+03	0	0.000e+00
26483	2.381e+03	0	0.000e+00
26484	2.381e+03	0	0.000e+00
26485	2.381e+03	0	0.000e+00
26486	2.382e+03	0	0.000e+00
26487	2.382e+03	0	0.000e+00
26488	2.382e+03	0	0.000e+00
26489	2.382e+03	0	0.000e+00
26490	2.382e+03	0	0.000e+00
26491	2.382e+03	0	0.000e+00
26492	2.382e+03	0	0.000e+00
26493	2.382e+03	0	0.000e+00
26494	2.382e+03	0	0.000e+00
26495	2.382e+03	0	0.000e+00
26496	2.382e+03	0	0.000e+00
26497	2.383e+03	0	0.000e+00
26498	2.383e+03	1	2.890e-05
26499	2.383e+03	0	0.000e+00
26500	2.383e+03	1	2.890e-05
26501	2.383e+03	0	0.000e+00
26502	2.383e+03	0	0.000e+00
26503	2.383e+03	0	0.000e+00
26504	2.383e+03	0	0.000e+00
26505	2.383e+03	0	0.000e+00
26506	2.383e+03	0	0.000e+00
26507	2.383e+03	0	0.000e+00
26508	2.384e+03	0	0.000e+00
26509	2.384e+03	0	0.000e+00
26510	2.384e+03	0	0.000e+00
26511	2.384e+03	0	0.000e+00
26512	2.384e+03	0	0.000e+00
26513	2.384e+03	0	0.000e+00
26514	2.384e+03	0	0.000e+00
26515	2.384e+03	1	2.890e-05
26516	2.384e+03	0	0.000e+00
26517	2.384e+03	0	0.000e+00
26518	2.384e+03	0	0.000e+00
26519	2.384e+03	0	0.000e+00
26520	2.385e+03	0	0.000e+00
26521	2.385e+03	0	0.000e+00
26522	2.385e+03	0	0.000e+00
26523	2.385e+03	0	0.000e+00
26524	2.385e+03	0	0.000e+00
26525	2.385e+03	0	0.000e+00
26526	2.385e+03	0	0.000e+00
26527	2.385e+03	0	0.000e+00
26528	2.385e+03	0	0.000e+00
26529	2.385e+03	0	0.000e+00
26530	2.385e+03	0	0.000e+00
26531	2.386e+03	0	0.000e+00
26532	2.386e+03	0	0.000e+00
26533	2.386e+03	0	0.000e+00
26534	2.386e+03	0	0.000e+00
26535	2.386e+03	0	0.000e+00
26536	2.386e+03	0	0.000e+00
26537	2.386e+03	0	0.000e+00
26538	2.386e+03	1	2.890e-05
26539	2.386e+03	0	0.000e+00
26540	2.386e+03	0	0.000e+00
26541	2.386e+03	0	0.000e+00
26542	2.387e+03	0	0.000e+00
26543	2.387e+03	1	2.890e-05
26544	2.387e+03	0	0.000e+00
26545	2.387e+03	0	0.000e+00
26546	2.387e+03	0	0.000e+00
26547	2.387e+03	0	0.000e+00
26548	2.387e+03	0	0.000e+00
26549	2.387e+03	0	0.000e+00
26550	2.387e+03	0	0.000e+00
26551	2.387e+03	0	0.000e+00
26552	2.387e+03	0	0.000e+00
26553	2.388e+03	0	0.000e+00
26554	2.388e+03	0	0.000e+00
26555	2.388e+03	0	0.000e+00
26556	2.388e+03	0	0.000e+00
26557	2.388e+03	0	0.000e+00
26558	2.388e+03	0	0.000e+00
26559	2.388e+03	0	0.000e+00
26560	2.388e+03	0	0.000e+00
26561	2.388e+03	0	0.000e+00
26562	2.388e+03	0	0.000e+00
26563	2.388e+03	0	0.000e+00
26564	2.389e+03	0	0.000e+00
26565	2.389e+03	0	0.000e+00
26566	2.389e+03	0	0.000e+00
26567	2.389e+03	0	0.000e+00
26568	2.389e+03	0	0.000e+00
26569	2.389e+03	0	0.000e+00
26570	2.389e+03	0	0.000e+00
26571	2.389e+03	0	0.000e+00
26572	2.389e+03	1	2.890e-05
26573	2.389e+03	0	0.000e+00
26574	2.389e+03	0	0.000e+00
26575	2.390e+03	0	0.000e+00
26576	2.390e+03	1	2.890e-05
26577	2.390e+03	0	0.000e+00
26578	2.390e+03	0	0.000e+00
26579	2.390e+03	0	0.000e+00
26580	2.390e+03	0	0.000e+00
26581	2.390e+03	0	0.000e+00
26582	2.390e+03	0	0.000e+00
26583	2.390e+03	0	0.000e+00
26584	2.390e+03	0	0.000e+00
26585	2.390e+03	0	0.000e+00
26586	2.391e+03	0	0.000e+00
26587	2.391e+03	0	0.000e+00
26588	2.391e+03	0	0.000e+00
26589	2.391e+03	0	0.000e+00
26590	2.391e+03	0	0.000e+00
26591	2.391e+03	0	0.000e+00
26592	2.391e+03	1	2.890e-05
26593	2.391e+03	0	0.000e+00
26594	2.391e+03	0	0.000e+00
26595	2.391e+03	0	0.000e+00
26596	2.391e+03	0	0.000e+00
26597	2.392e+03	0	0.000e+00
26598	2.392e+03	0	0.000e+00
26599	2.392e+03	0	0.000e+00
26600	2.392e+03	0	0.000e+00
26601	2.392e+03	0	0.000e+00
26602	2.392e+03	0	0.000e+00
26603	2.392e+03	1	2.890e-05
26604	2.392e+03	0	0.000e+00
26605	2.392e+03	0	0.000e+00
26606	2.392e+03	0	0.000e+00
26607	2.392e+03	0	0.000e+00
26608	2.393e+03	1	2.890e-05
26609	2.393e+03	0	0.000e+00
26610	2.393e+03	0	0.000e+00
26611	2.393e+03	0	0.000e+00
26612	2.393e+03	0	0.000e+00
26613	2.393e+03	0	0.000e+00
26614	2.393e+03	0	0.000e+00
26615	2.393e+03	0	0.000e+00
26616	2.393e+03	0	0.000e+00
26617	2.393e+03	0	0.000e+00
26618	2.393e+03	0	0.000e+00
26619	2.393e+03	0	0.000e+00
26620	2.394e+03	0	0.000e+00
26621	2.394e+03	0	0.000e+00
26622	2.394e+03	0	0.000e+00
26623	2.394e+03	0	0.000e+00
26624	2.394e+03	0	0.000e+00
26625	2.394e+03	0	0.000e+00
26626	2.394e+03	0	0.000e+00
26627	2.394e+03	0	0.000e+00
26628	2.394e+03	0	0.000e+00
26629	2.394e+03	0	0.000e+00
26630	2.394e+03	0	0.000e+00
26631	2.395e+03	0	0.000e+00
26632	2.395e+03	0	0.000e+00
26633	2.395e+03	0	0.000e+00
26634	2.395e+03	0	0.000e+00
26635	2.395e+03	0	0.000e+00
26636	2.395e+03	0	0.000e+00
26637	2.395e+03	0	0.000e+00
26638	2.395e+03	0	0.000e+00
26639	2.395e+03	0	0.000e+00
26640	2.395e+03	0	0.000e+00
26641	2.395e+03	0	0.000e+00
26642	2.396e+03	0	0.000e+00
26643	2.396e+03	1	2.890e-05
26644	2.396e+03	0	0.000e+00
26645	2.396e+03	0	0.000e+00
26646	2.396e+03	0	0.000e+00
26647	2.396e+03	0	0.000e+00
26648	2.396e+03	0	0.000e+00
26649	2.396e+03	0	0.000e+00
26650	2.396e+03	0	0.000e+00
26651	2.396e+03	0	0.000e+00
26652	2.396e+03	0	0.000e+00
26653	2.397e+03	0	0.000e+00
26654	2.397e+03	0	0.000e+00
26655	2.397e+03	2	5.780e-05
26656	2.397e+03	0	0.000e+00
26657	2.397e+03	0	0.000e+00
26658	2.397e+03	0	0.000e+00
26659	2.397e+03	0	0.000e+00
26660	2.397e+03	0	0.000e+00
26661	2.397e+03	0	0.000e+00
26662	2.397e+03	0	0.000e+00
26663	2.397e+03	0	0.000e+00
26664	2.398e+03	0	0.000e+00
26665	2.398e+03	0	0.000e+00
26666	2.398e+03	0	0.000e+00
26667	2.398e+03	0	0.000e+00
26668	2.398e+03	0	0.000e+00
26669	2.398e+03	0	0.000e+00
26670	2.398e+03	0	0.000e+00
26671	2.398e+03	1	2.890e-05
26672	2.398e+03	0	0.000e+00
26673	2.398e+03	0	0.000e+00
26674	2.398e+03	0	0.000e+00
26675	2.399e+03	0	0.000e+00
26676	2.399e+03	0	0.000e+00
26677	2.399e+03	0	0.000e+00
26678	2.399e+03	0	0.000e+00
26679	2.399e+03	0	0.000e+00
26680	2.399e+03	0	0.000e+00
26681	2.399e+03	0	0.000e+00
26682	2.399e+03	0	0.000e+00
26683	2.399e+03	0	0.000e+00
26684	2.399e+03	0	0.000e+00
26685	2.399e+03	0	0.000e+00
26686	2.400e+03	0	0.000e+00
26687	2.400e+03	1	2.890e-05
26688	2.400e+03	0	0.000e+00
26689	2.400e+03	0	0.000e+00
26690	2.400e+03	0	0.000e+00
26691	2.400e+03	0	0.000e+00
26692	2.400e+03	0	0.000e+00
26693	2.400e+03	0	0.000e+00
26694	2.400e+03	0	0.000e+00
26695	2.400e+03	0	0.000e+00
26696	2.400e+03	0	0.000e+00
26697	2.401e+03	0	0.000e+00
26698	2.401e+03	0	0.000e+00
26699	2.401e+03	0	0.000e+00
26700	2.401e+03	0	0.000e+00
26701	2.401e+03	0	0.000e+00
26702	2.401e+03	0	0.000e+00
26703	2.401e+03	0	0.000e+00
26704	2.401e+03	0	0.000e+00
26705	2.401e+03	0	0.000e+00
26706	2.401e+03	0	0.000e+00
26707	2.401e+03	0	0.000e+00
26708	2.401e+03	0	0.000e+00
26709	2.402e+03	0	0.000e+00
26710	2.402e+03	0	0.000e+00
26711	2.402e+03	0	0.000e+00
26712	2.402e+03	0	0.000e+00
26713	2.402e+03	0	0.000e+00
26714	2.402e+03	0	0.000e+00
26715	2.402e+03	0	0.000e+00
26716	2.402e+03	0	0.000e+00
26717	2.402e+03	0	0.000e+00
26718	2.402e+03	0	0.000e+00
26719	2.402e+03	0	0.000e+00
26720	2.403e+03	0	0.000e+00
26721	2.403e+03	0	0.000e+00
26722	2.403e+03	0	0.000e+00
26723	2.403e+03	0	0.000e+00
26724	2.403e+03	0	0.000e+00
26725	2.403e+03	0	0.000e+00
26726	2.403e+03	0	0.000e+00
26727	2.403e+03	0	0.000e+00
26728	2.403e+03	0	0.000e+00
26729	2.403e+03	0	0.000e+00
26730	2.403e+03	0	0.000e+00
26731	2.404e+03	0	0.000e+00
26732	2.404e+03	0	0.000e+00
26733	2.404e+03	0	0.000e+00
26734	2.404e+03	0	0.000e+00
26735	2.404e+03	0	0.000e+00
26736	2.404e+03	0	0.000e+00
26737	2.404e+03	0	0.000e+00
26738	2.404e+03	0	0.000e+00
26739	2.404e+03	0	0.000e+00
26740	2.404e+03	0	0.000e+00
26741	2.404e+03	0	0.000e+00
26742	2.405e+03	0	0.000e+00
26743	2.405e+03	0	0.000e+00
26744	2.405e+03	0	0.000e+00
26745	2.405e+03	0	0.000e+00
26746	2.405e+03	0	0.000e+00
26747	2.405e+03	0	0.000e+00
26748	2.405e+03	0	0.000e+00
26749	2.405e+03	0	0.000e+00
26750	2.405e+03	0	0.000e+00
26751	2.405e+03	0	0.000e+00
26752	2.405e+03	0	0.000e+00
26753	2.406e+03	0	0.000e+00
26754	2.406e+03	0	0.000e+00
26755	2.406e+03	0	0.000e+00
26756	2.406e+03	0	0.000e+00
26757	2.406e+03	0	0.000e+00
26758	2.406e+03	0	0.000e+00
26759	2.406e+03	0	0.000e+00
26760	2.406e+03	0	0.000e+00
26761	2.406e+03	0	0.000e+00
26762	2.406e+03	0	0.000e+00
26763	2.406e+03	0	0.000e+00
26764	2.407e+03	1	2.890e-05
26765	2.407e+03	0	0.000e+00
26766	2.407e+03	0	0.000e+00
26767	2.407e+03	0	0.000e+00
26768	2.407e+03	0	0.000e+00
26769	2.407e+03	1	2.890e-05
26770	2.407e+03	1	2.890e-05
26771	2.407e+03	0	0.000e+00
26772	2.407e+03	0	0.000e+00
26773	2.407e+03	0	0.000e+00
26774	2.407e+03	0	0.000e+00
26775	2.408e+03	0	0.000e+00
26776	2.408e+03	2	5.780e-05
26777	2.408e+03	0	0.000e+00
26778	2.408e+03	1	2.890e-05
26779	2.408e+03	1	2.890e-05
26780	2.408e+03	0	0.000e+00
26781	2.408e+03	0	0.000e+00
26782	2.408e+03	0	0.000e+00
26783	2.408e+03	0	0.000e+00
26784	2.408e+03	0	0.000e+00
26785	2.408e+03	0	0.000e+00
26786	2.409e+03	0	0.000e+00
26787	2.409e+03	0	0.000e+00
26788	2.409e+03	0	0.000e+00
26789	2.409e+03	0	0.000e+00
26790	2.409e+03	0	0.000e+00
26791	2.409e+03	0	0.000e+00
26792	2.409e+03	0	0.000e+00
26793	2.409e+03	0	0.000e+00
26794	2.409e+03	0	0.000e+00
26795	2.409e+03	0	0.000e+00
26796	2.409e+03	0	0.000e+00
26797	2.409e+03	0	0.000e+00
26798	2.410e+03	0	0.000e+00
26799	2.410e+03	0	0.000e+00
26800	2.410e+03	0	0.000e+00
26801	2.410e+03	0	0.000e+00
26802	2.410e+03	0	0.000e+00
26803	2.410e+03	0	0.000e+00
26804	2.410e+03	0	0.000e+00
26805	2.410e+03	0	0.000e+00
26806	2.410e+03	0	0.000e+00
26807	2.410e+03	0	0.000e+00
26808	2.410e+03	0	0.000e+00
26809	2.411e+03	0	0.000e+00
26810	2.411e+03	0	0.000e+00
26811	2.411e+03	1	2.890e-05
26812	2.411e+03	0	0.000e+00
26813	2.411e+03	0	0.000e+00
26814	2.411e+03	0	0.000e+00
26815	2.411e+03	0	0.000e+00
26816	2.411e+03	0	0.000e+00
26817	2.411e+03	0	0.000e+00
26818	2.411e+03	1	2.890e-05
26819	2.411e+03	0	0.000e+00
26820	2.412e+03	0	0.000e+00
26821	2.412e+03	0	0.000e+00
26822	2.412e+03	0	0.000e+00
26823	2.412e+03	0	0.000e+00
26824	2.412e+03	0	0.000e+00
26825	2.412e+03	0	0.000e+00
26826	2.412e+03	0	0.000e+00
26827	2.412e+03	1	2.890e-05
26828	2.412e+03	0	0.000e+00
26829	2.412e+03	0	0.000e+00
26830	2.412e+03	0	0.000e+00
26831	2.413e+03	0	0.000e+00
26832	2.413e+03	1	2.890e-05
26833	2.413e+03	0	0.000e+00
26834	2.413e+03	0	0.000e+00
26835	2.413e+03	0	0.000e+00
26836	2.413e+03	1	2.890e-05
26837	2.413e+03	0	0.000e+00
26838	2.413e+03	0	0.000e+00
26839	2.413e+03	0	0.000e+00
26840	2.413e+03	1	2.890e-05
26841	2.413e+03	0	0.000e+00
26842	2.414e+03	0	0.000e+00
26843	2.414e+03	0	0.000e+00
26844	2.414e+03	1	2.890e-05
26845	2.414e+03	0	0.000e+00
26846	2.414e+03	0	0.000e+00
26847	2.414e+03	0	0.000e+00
26848	2.414e+03	0	0.000e+00
26849	2.414e+03	0	0.000e+00
26850	2.414e+03	0	0.000e+00
26851	2.414e+03	0	0.000e+00
26852	2.414e+03	0	0.000e+00
26853	2.415e+03	0	0.000e+00
26854	2.415e+03	0	0.000e+00
26855	2.415e+03	0	0.000e+00
26856	2.415e+03	0	0.000e+00
26857	2.415e+03	0	0.000e+00
26858	2.415e+03	0	0.000e+00
26859	2.415e+03	0	0.000e+00
26860	2.415e+03	0	0.000e+00
26861	2.415e+03	0	0.000e+00
26862	2.415e+03	1	2.890e-05
26863	2.415e+03	0	0.000e+00
26864	2.416e+03	0	0.000e+00
26865	2.416e+03	0	0.000e+00
26866	2.416e+03	0	0.000e+00
26867	2.416e+03	0	0.000e+00
26868	2.416e+03	0	0.000e+00
26869	2.416e+03	0	0.000e+00
26870	2.416e+03	0	0.000e+00
26871	2.416e+03	0	0.000e+00
26872	2.416e+03	0	0.000e+00
26873	2.416e+03	0	0.000e+00
26874	2.416e+03	0	0.000e+00
26875	2.417e+03	0	0.000e+00
26876	2.417e+03	0	0.000e+00
26877	2.417e+03	0	0.000e+00
26878	2.417e+03	0	0.000e+00
26879	2.417e+03	0	0.000e+00
26880	2.417e+03	0	0.000e+00
26881	2.417e+03	1	2.890e-05
26882	2.417e+03	0	0.000e+00
26883	2.417e+03	0	0.000e+00
26884	2.417e+03	0	0.000e+00
26885	2.417e+03	0	0.000e+00
26886	2.417e+03	0	0.000e+00
26887	2.418e+03	0	0.000e+00
26888	2.418e+03	0	0.000e+00
26889	2.418e+03	0	0.000e+00
26890	2.418e+03	0	0.000e+00
26891	2.418e+03	0	0.000e+00
26892	2.418e+03	0	0.000e+00
26893	2.418e+03	0	0.000e+00
26894	2.418e+03	0	0.000e+00
26895	2.418e+03	0	0.000e+00
26896	2.418e+03	0	0.000e+00
26897	2.418e+03	0	0.000e+00
26898	2.419e+03	0	0.000e+00
26899	2.419e+03	0	0.000e+00
26900	2.419e+03	0	0.000e+00
26901	2.419e+03	0	0.000e+00
26902	2.419e+03	0	0.000e+00
26903	2.419e+03	0	0.000e+00
26904	2.419e+03	0	0.000e+00
26905	2.419e+03	0	0.000e+00
26906	2.419e+03	0	0.000e+00
26907	2.419e+03	0	0.000e+00
26908	2.419e+03	0	0.000e+00
26909	2.420e+03	2	5.780e-05
26910	2.420e+03	0	0.000e+00
26911	2.420e+03	0	0.000e+00
26912	2.420e+03	0	0.000e+00
26913	2.420e+03	0	0.000e+00
26914	2.420e+03	0	0.000e+00
26915	2.420e+03	0	0.000e+00
26916	2.420e+03	0	0.000e+00
26917	2.420e+03	0	0.000e+00
26918	2.420e+03	0	0.000e+00
26919	2.420e+03	0	0.000e+00
26920	2.421e+03	0	0.000e+00
26921	2.421e+03	0	0.000e+00
26922	2.421e+03	0	0.000e+00
26923	2.421e+03	1	2.890e-05
26924	2.421e+03	0	0.000e+00
26925	2.421e+03	0	0.000e+00
26926	2.421e+03	0	0.000e+00
26927	2.421e+03	0	0.000e+00
26928	2.421e+03	0	0.000e+00
26929	2.421e+03	0	0.000e+00
26930	2.421e+03	0	0.000e+00
26931	2.422e+03	0	0.000e+00
26932	2.422e+03	0	0.000e+00
26933	2.422e+03	0	0.000e+00
26934	2.422e+03	0	0.000e+00
26935	2.422e+03	0	0.000e+00
26936	2.422e+03	0	0.000e+00
26937	2.422e+03	0	0.000e+00
26938	2.422e+03	0	0.000e+00
26939	2.422e+03	0	0.000e+00
26940	2.422e+03	0	0.000e+00
26941	2.422e+03	0	0.000e+00
26942	2.423e+03	0	0.000e+00
26943	2.423e+03	0	0.000e+00
26944	2.423e+03	0	0.000e+00
26945	2.423e+03	0	0.000e+00
26946	2.423e+03	0	0.000e+00
26947	2.423e+03	0	0.000e+00
26948	2.423e+03	1	2.890e-05
26949	2.423e+03	0	0.000e+00
26950	2.423e+03	0	0.000e+00
26951	2.423e+03	0	0.000e+00
26952	2.423e+03	1	2.890e-05
26953	2.424e+03	0	0.000e+00
26954	2.424e+03	0	0.000e+00
26955	2.424e+03	0	0.000e+00
26956	2.424e+03	0	0.000e+00
26957	2.424e+03	0	0.000e+00
26958	2.424e+03	0	0.000e+00
26959	2.424e+03	0	0.000e+00
26960	2.424e+03	0	0.000e+00
26961	2.424e+03	1	2.890e-05
26962	2.424e+03	0	0.000e+00
26963	2.424e+03	0	0.000e+00
26964	2.425e+03	0	0.000e+00
26965	2.425e+03	0	0.000e+00
26966	2.425e+03	0	0.000e+00
26967	2.425e+03	0	0.000e+00
26968	2.425e+03	0	0.000e+00
26969	2.425e+03	0	0.000e+00
26970	2.425e+03	0	0.000e+00
26971	2.425e+03	0	0.000e+00
26972	2.425e+03	0	0.000e+00
26973	2.425e+03	0	0.000e+00
26974	2.425e+03	0	0.000e+00
26975	2.426e+03	0	0.000e+00
26976	2.426e+03	0	0.000e+00
26977	2.426e+03	0	0.000e+00
26978	2.426e+03	1	2.890e-05
26979	2.426e+03	1	2.890e-05
26980	2.426e+03	0	0.000e+00
26981	2.426e+03	0	0.000e+00
26982	2.426e+03	0	0.000e+00
26983	2.426e+03	0	0.000e+00
26984	2.426e+03	1	2.890e-05
26985	2.426e+03	1	2.890e-05
26986	2.426e+03	0	0.000e+00
26987	2.427e+03	0	0.000e+00
26988	2.427e+03	0	0.000e+00
26989	2.427e+03	0	0.000e+00
26990	2.427e+03	0	0.000e+00
26991	2.427e+03	0	0.000e+00
26992	2.427e+03	0	0.000e+00
26993	2.427e+03	0	0.000e+00
26994	2.427e+03	0	0.000e+00
26995	2.427e+03	0	0.000e+00
26996	2.427e+03	1	2.890e-05
26997	2.427e+03	0	0.000e+00
26998	2.428e+03	0	0.000e+00
26999	2.428e+03	0	0.000e+00
27000	2.428e+03	0	0.000e+00
27001	2.428e+03	0	0.000e+00
27002	2.428e+03	0	0.000e+00
27003	2.428e+03	0	0.000e+00
27004	2.428e+03	0	0.000e+00
27005	2.428e+03	0	0.000e+00
27006	2.428e+03	1	2.890e-05
27007	2.428e+03	0	0.000e+00
27008	2.428e+03	0	0.000e+00
27009	2.429e+03	0	0.000e+00
27010	2.429e+03	0	0.000e+00
27011	2.429e+03	0	0.000e+00
27012	2.429e+03	0	0.000e+00
27013	2.429e+03	0	0.000e+00
27014	2.429e+03	0	0.000e+00
27015	2.429e+03	0	0.000e+00
27016	2.429e+03	0	0.000e+00
27017	2.429e+03	0	0.000e+00
27018	2.429e+03	0	0.000e+00
27019	2.429e+03	0	0.000e+00
27020	2.430e+03	0	0.000e+00
27021	2.430e+03	0	0.000e+00
27022	2.430e+03	0	0.000e+00
27023	2.430e+03	0	0.000e+00
27024	2.430e+03	0	0.000e+00
27025	2.430e+03	0	0.000e+00
27026	2.430e+03	0	0.000e+00
27027	2.430e+03	0	0.000e+00
27028	2.430e+03	0	0.000e+00
27029	2.430e+03	0	0.000e+00
27030	2.430e+03	0	0.000e+00
27031	2.431e+03	0	0.000e+00
27032	2.431e+03	0	0.000e+00
27033	2.431e+03	0	0.000e+00
27034	2.431e+03	0	0.000e+00
27035	2.431e+03	0	0.000e+00
27036	2.431e+03	1	2.890e-05
27037	2.431e+03	0	0.000e+00
27038	2.431e+03	0	0.000e+00
27039	2.431e+03	0	0.000e+00
27040	2.431e+03	0	0.000e+00
27041	2.431e+03	0	0.000e+00
27042	2.432e+03	0	0.000e+00
27043	2.432e+03	0	0.000e+00
27044	2.432e+03	0	0.000e+00
27045	2.432e+03	1	2.890e-05
27046	2.432e+03	0	0.000e+00
27047	2.432e+03	0	0.000e+00
27048	2.432e+03	0	0.000e+00
27049	2.432e+03	0	0.000e+00
27050	2.432e+03	0	0.000e+00
27051	2.432e+03	0	0.000e+00
27052	2.432e+03	2	5.780e-05
27053	2.433e+03	0	0.000e+00
27054	2.433e+03	0	0.000e+00
27055	2.433e+03	0	0.000e+00
27056	2.433e+03	0	0.000e+00
27057	2.433e+03	0	0.000e+00
27058	2.433e+03	0	0.000e+00
27059	2.433e+03	0	0.000e+00
27060	2.433e+03	0	0.000e+00
27061	2.433e+03	0	0.000e+00
27062	2.433e+03	0	0.000e+00
27063	2.433e+03	0	0.000e+00
27064	2.434e+03	0	0.000e+00
27065	2.434e+03	0	0.000e+00
27066	2.434e+03	0	0.000e+00
27067	2.434e+03	0	0.000e+00
27068	2.434e+03	0	0.000e+00
27069	2.434e+03	0	0.000e+00
27070	2.434e+03	1	2.890e-05
27071	2.434e+03	0	0.000e+00
27072	2.434e+03	0	0.000e+00
27073	2.434e+03	0	0.000e+00
27074	2.434e+03	0	0.000e+00
27075	2.434e+03	0	0.000e+00
27076	2.435e+03	0	0.000e+00
27077	2.435e+03	0	0.000e+00
27078	2.435e+03	0	0.000e+00
27079	2.435e+03	0	0.000e+00
27080	2.435e+03	1	2.890e-05
27081	2.435e+03	0	0.000e+00
27082	2.435e+03	0	0.000e+00
27083	2.435e+03	0	0.000e+00
27084	2.435e+03	0	0.000e+00
27085	2.435e+03	0	0.000e+00
27086	2.435e+03	0	0.000e+00
27087	2.436e+03	0	0.000e+00
27088	2.436e+03	0	0.000e+00
27089	2.436e+03	0	0.000e+00
27090	2.436e+03	0	0.000e+00
27091	2.436e+03	0	0.000e+00
27092	2.436e+03	0	0.000e+00
27093	2.436e+03	1	2.890e-05
27094	2.436e+03	0	0.000e+00
27095	2.436e+03	0	0.000e+00
27096	2.436e+03	0	0.000e+00
27097	2.436e+03	0	0.000e+00
27098	2.437e+03	0	0.000e+00
27099	2.437e+03	0	0.000e+00
27100	2.437e+03	0	0.000e+00
27101	2.437e+03	1	2.890e-05
27102	2.437e+03	0	0.000e+00
27103	2.437e+03	0	0.000e+00
27104	2.437e+03	0	0.000e+00
27105	2.437e+03	0	0.000e+00
27106	2.437e+03	0	0.000e+00
27107	2.437e+03	0	0.000e+00
27108	2.437e+03	0	0.000e+00
27109	2.438e+03	0	0.000e+00
27110	2.438e+03	0	0.000e+00
27111	2.438e+03	0	0.000e+00
27112	2.438e+03	0	0.000e+00
27113	2.438e+03	0	0.000e+00
27114	2.438e+03	0	0.000e+00
27115	2.438e+03	1	2.890e-05
27116	2.438e+03	0	0.000e+00
27117	2.438e+03	0	0.000e+00
27118	2.438e+03	1	2.890e-05
27119	2.438e+03	0	0.000e+00
27120	2.439e+03	0	0.000e+00
27121	2.439e+03	0	0.000e+00
27122	2.439e+03	0	0.000e+00
27123	2.439e+03	0	0.000e+00
27124	2.439e+03	1	2.890e-05
27125	2.439e+03	0	0.000e+00
27126	2.439e+03	0	0.000e+00
27127	2.439e+03	0	0.000e+00
27128	2.439e+03	0	0.000e+00
27129	2.439e+03	0	0.000e+00
27130	2.439e+03	0	0.000e+00
27131	2.440e+03	0	0.000e+00
27132	2.440e+03	0	0.000e+00
27133	2.440e+03	1	2.890e-05
27134	2.440e+03	0	0.000e+00
27135	2.440e+03	0	0.000e+00
27136	2.440e+03	0	0.000e+00
27137	2.440e+03	0	0.000e+00
27138	2.440e+03	0	0.000e+00
27139	2.440e+03	0	0.000e+00
27140	2.440e+03	0	0.000e+00
27141	2.440e+03	0	0.000e+00
27142	2.441e+03	0	0.000e+00
27143	2.441e+03	0	0.000e+00
27144	2.441e+03	0	0.000e+00
27145	2.441e+03	0	0.000e+00
27146	2.441e+03	1	2.890e-05
27147	2.441e+03	0	0.000e+00
27148	2.441e+03	0	0.000e+00
27149	2.441e+03	0	0.000e+00
27150	2.441e+03	0	0.000e+00
27151	2.441e+03	0	0.000e+00
27152	2.441e+03	0	0.000e+00
27153	2.442e+03	0	0.000e+00
27154	2.442e+03	0	0.000e+00
27155	2.442e+03	0	0.000e+00
27156	2.442e+03	0	0.000e+00
27157	2.442e+03	0	0.000e+00
27158	2.442e+03	0	0.000e+00
27159	2.442e+03	1	2.890e-05
27160	2.442e+03	0	0.000e+00
27161	2.442e+03	0	0.000e+00
27162	2.442e+03	0	0.000e+00
27163	2.442e+03	0	0.000e+00
27164	2.442e+03	0	0.000e+00
27165	2.443e+03	0	0.000e+00
27166	2.443e+03	0	0.000e+00
27167	2.443e+03	0	0.000e+00
27168	2.443e+03	0	0.000e+00
27169	2.443e+03	0	0.000e+00
27170	2.443e+03	0	0.000e+00
27171	2.443e+03	0	0.000e+00
27172	2.443e+03	0	0.000e+00
27173	2.443e+03	0	0.000e+00
27174	2.443e+03	0	0.000e+00
27175	2.443e+03	0	0.000e+00
27176	2.444e+03	0	0.000e+00
27177	2.444e+03	0	0.000e+00
27178	2.444e+03	0	0.000e+00
27179	2.444e+03	0	0.000e+00
27180	2.444e+03	1	2.890e-05
27181	2.444e+03	0	0.000e+00
27182	2.444e+03	0	0.000e+00
27183	2.444e+03	0	0.000e+00
27184	2.444e+03	0	0.000e+00
27185	2.444e+03	0	0.000e+00
27186	2.444e+03	0	0.000e+00
27187	2.445e+03	0	0.000e+00
27188	2.445e+03	0	0.000e+00
27189	2.445e+03	0	0.000e+00
27190	2.445e+03	0	0.000e+00
27191	2.445e+03	0	0.000e+00
27192	2.445e+03	0	0.000e+00
27193	2.445e+03	0	0.000e+00
27194	2.445e+03	0	0.000e+00
27195	2.445e+03	0	0.000e+00
27196	2.445e+03	0	0.000e+00
27197	2.445e+03	0	0.000e+00
27198	2.446e+03	0	0.000e+00
27199	2.446e+03	0	0.000e+00
27200	2.446e+03	0	0.000e+00
27201	2.446e+03	0	0.000e+00
27202	2.446e+03	0	0.000e+00
27203	2.446e+03	0	0.000e+00
27204	2.446e+03	2	5.780e-05
27205	2.446e+03	0	0.000e+00
27206	2.446e+03	0	0.000e+00
27207	2.446e+03	0	0.000e+00
27208	2.446e+03	0	0.000e+00
27209	2.447e+03	0	0.000e+00
27210	2.447e+03	0	0.000e+00
27211	2.447e+03	0	0.000e+00
27212	2.447e+03	0	0.000e+00
27213	2.447e+03	0	0.000e+00
27214	2.447e+03	0	0.000e+00
27215	2.447e+03	0	0.000e+00
27216	2.447e+03	0	0.000e+00
27217	2.447e+03	0	0.000e+00
27218	2.447e+03	0	0.000e+00
27219	2.447e+03	0	0.000e+00
27220	2.448e+03	0	0.000e+00
27221	2.448e+03	0	0.000e+00
27222	2.448e+03	0	0.000e+00
27223	2.448e+03	0	0.000e+00
27224	2.448e+03	1	2.890e-05
27225	2.448e+03	0	0.000e+00
27226	2.448e+03	0	0.000e+00
27227	2.448e+03	0	0.000e+00
27228	2.448e+03	0	0.000e+00
27229	2.448e+03	0	0.000e+00
27230	2.448e+03	0	0.000e+00
27231	2.449e+03	0	0.000e+00
27232	2.449e+03	0	0.000e+00
27233	2.449e+03	0	0.000e+00
27234	2.449e+03	0	0.000e+00
27235	2.449e+03	0	0.000e+00
27236	2.449e+03	0	0.000e+00
27237	2.449e+03	0	0.000e+00
27238	2.449e+03	1	2.890e-05
27239	2.449e+03	0	0.000e+00
27240	2.449e+03	0	0.000e+00
27241	2.449e+03	0	0.000e+00
27242	2.450e+03	0	0.000e+00
27243	2.450e+03	0	0.000e+00
27244	2.450e+03	0	0.000e+00
27245	2.450e+03	0	0.000e+00
27246	2.450e+03	0	0.000e+00
27247	2.450e+03	0	0.000e+00
27248	2.450e+03	1	2.890e-05
27249	2.450e+03	0	0.000e+00
27250	2.450e+03	0	0.000e+00
27251	2.450e+03	0	0.000e+00
27252	2.450e+03	2	5.780e-05
27253	2.451e+03	0	0.000e+00
27254	2.451e+03	0	0.000e+00
27255	2.451e+03	0	0.000e+00
27256	2.451e+03	0	0.000e+00
27257	2.451e+03	0	0.000e+00
27258	2.451e+03	1	2.890e-05
27259	2.451e+03	0	0.000e+00
27260	2.451e+03	0	0.000e+00
27261	2.451e+03	0	0.000e+00
27262	2.451e+03	0	0.000e+00
27263	2.451e+03	0	0.000e+00
27264	2.451e+03	0	0.000e+00
27265	2.452e+03	0	0.000e+00
27266	2.452e+03	0	0.000e+00
27267	2.452e+03	0	0.000e+00
27268	2.452e+03	0	0.000e+00
27269	2.452e+03	0	0.000e+00
27270	2.452e+03	0	0.000e+00
27271	2.452e+03	1	2.890e-05
27272	2.452e+03	0	0.000e+00
27273	2.452e+03	0	0.000e+00
27274	2.452e+03	0	0.000e+00
27275	2.452e+03	0	0.000e+00
27276	2.453e+03	0	0.000e+00
27277	2.453e+03	0	0.000e+00
27278	2.453e+03	0	0.000e+00
27279	2.453e+03	1	2.890e-05
27280	2.453e+03	0	0.000e+00
27281	2.453e+03	0	0.000e+00
27282	2.453e+03	0	0.000e+00
27283	2.453e+03	0	0.000e+00
27284	2.453e+03	0	0.000e+00
27285	2.453e+03	0	0.000e+00
27286	2.453e+03	0	0.000e+00
27287	2.454e+03	0	0.000e+00
27288	2.454e+03	0	0.000e+00
27289	2.454e+03	0	0.000e+00
27290	2.454e+03	0	0.000e+00
27291	2.454e+03	0	0.000e+00
27292	2.454e+03	0	0.000e+00
27293	2.454e+03	0	0.000e+00
27294	2.454e+03	1	2.890e-05
27295	2.454e+03	0	0.000e+00
27296	2.454e+03	0	0.000e+00
27297	2.454e+03	0	0.000e+00
27298	2.455e+03	0	0.000e+00
27299	2.455e+03	0	0.000e+00
27300	2.455e+03	0	0.000e+00
27301	2.455e+03	0	0.000e+00
27302	2.455e+03	0	0.000e+00
27303	2.455e+03	0	0.000e+00
27304	2.455e+03	0	0.000e+00
27305	2.455e+03	0	0.000e+00
27306	2.455e+03	0	0.000e+00
27307	2.455e+03	0	0.000e+00
27308	2.455e+03	1	2.890e-05
27309	2.456e+03	0	0.000e+00
27310	2.456e+03	0	0.000e+00
27311	2.456e+03	0	0.000e+00
27312	2.456e+03	0	0.000e+00
27313	2.456e+03	1	2.890e-05
27314	2.456e+03	0	0.000e+00
27315	2.456e+03	0	0.000e+00
27316	2.456e+03	0	0.000e+00
27317	2.456e+03	0	0.000e+00
27318	2.456e+03	0	0.000e+00
27319	2.456e+03	0	0.000e+00
27320	2.457e+03	0	0.000e+00
27321	2.457e+03	0	0.000e+00
27322	2.457e+03	0	0.000e+00
27323	2.457e+03	0	0.000e+00
27324	2.457e+03	0	0.000e+00
27325	2.457e+03	0	0.000e+00
27326	2.457e+03	1	2.890e-05
27327	2.457e+03	0	0.000e+00
27328	2.457e+03	0	0.000e+00
27329	2.457e+03	0	0.000e+00
27330	2.457e+03	0	0.000e+00
27331	2.458e+03	0	0.000e+00
27332	2.458e+03	0	0.000e+00
27333	2.458e+03	0	0.000e+00
27334	2.458e+03	1	2.890e-05
27335	2.458e+03	0	0.000e+00
27336	2.458e+03	0	0.000e+00
27337	2.458e+03	0	0.000e+00
27338	2.458e+03	0	0.000e+00
27339	2.458e+03	0	0.000e+00
27340	2.458e+03	0	0.000e+00
27341	2.458e+03	0	0.000e+00
27342	2.459e+03	0	0.000e+00
27343	2.459e+03	0	0.000e+00
27344	2.459e+03	0	0.000e+00
27345	2.459e+03	0	0.000e+00
27346	2.459e+03	0	0.000e+00
27347	2.459e+03	0	0.000e+00
27348	2.459e+03	0	0.000e+00
27349	2.459e+03	0	0.000e+00
27350	2.459e+03	0	0.000e+00
27351	2.459e+03	0	0.000e+00
27352	2.459e+03	0	0.000e+00
27353	2.459e+03	0	0.000e+00
27354	2.460e+03	0	0.000e+00
27355	2.460e+03	0	0.000e+00
27356	2.460e+03	0	0.000e+00
27357	2.460e+03	0	0.000e+00
27358	2.460e+03	1	2.890e-05
27359	2.460e+03	0	0.000e+00
27360	2.460e+03	0	0.000e+00
27361	2.460e+03	0	0.000e+00
27362	2.460e+03	0	0.000e+00
27363	2.460e+03	0	0.000e+00
27364	2.460e+03	0	0.000e+00
27365	2.461e+03	0	0.000e+00
27366	2.461e+03	0	0.000e+00
27367	2.461e+03	0	0.000e+00
27368	2.461e+03	0	0.000e+00
27369	2.461e+03	0	0.000e+00
27370	2.461e+03	0	0.000e+00
27371	2.461e+03	0	0.000e+00
27372	2.461e+03	0	0.000e+00
27373	2.461e+03	1	2.890e-05
27374	2.461e+03	0	0.000e+00
27375	2.461e+03	0	0.000e+00
27376	2.462e+03	1	2.890e-05
27377	2.462e+03	0	0.000e+00
27378	2.462e+03	0	0.000e+00
27379	2.462e+03	0	0.000e+00
27380	2.462e+03	0	0.000e+00
27381	2.462e+03	0	0.000e+00
27382	2.462e+03	0	0.000e+00
27383	2.462e+03	0	0.000e+00
27384	2.462e+03	0	0.000e+00
27385	2.462e+03	0	0.000e+00
27386	2.462e+03	0	0.000e+00
27387	2.463e+03	0	0.000e+00
27388	2.463e+03	0	0.000e+00
27389	2.463e+03	1	2.890e-05
27390	2.463e+03	0	0.000e+00
27391	2.463e+03	0	0.000e+00
27392	2.463e+03	0	0.000e+00
27393	2.463e+03	0	0.000e+00
27394	2.463e+03	0	0.000e+00
27395	2.463e+03	0	0.000e+00
27396	2.463e+03	0	0.000e+00
27397	2.463e+03	0	0.000e+00
27398	2.464e+03	0	0.000e+00
27399	2.464e+03	0	0.000e+00
27400	2.464e+03	0	0.000e+00
27401	2.464e+03	0	0.000e+00
27402	2.464e+03	0	0.000e+00
27403	2.464e+03	0	0.000e+00
27404	2.464e+03	0	0.000e+00
27405	2.464e+03	0	0.000e+00
27406	2.464e+03	0	0.000e+00
27407	2.464e+03	0	0.000e+00
27408	2.464e+03	2	5.780e-05
27409	2.465e+03	0	0.000e+00
27410	2.465e+03	0	0.000e+00
27411	2.465e+03	0	0.000e+00
27412	2.465e+03	0	0.000e+00
27413	2.465e+03	1	2.890e-05
27414	2.465e+03	0	0.000e+00
27415	2.465e+03	0	0.000e+00
27416	2.465e+03	0	0.000e+00
27417	2.465e+03	0	0.000e+00
27418	2.465e+03	0	0.000e+00
27419	2.465e+03	0	0.000e+00
27420	2.466e+03	0	0.000e+00
27421	2.466e+03	0	0.000e+00
27422	2.466e+03	0	0.000e+00
27423	2.466e+03	0	0.000e+00
27424	2.466e+03	0	0.000e+00
27425	2.466e+03	0	0.000e+00
27426	2.466e+03	0	0.000e+00
27427	2.466e+03	0	0.000e+00
27428	2.466e+03	0	0.000e+00
27429	2.466e+03	0	0.000e+00
27430	2.466e+03	1	2.890e-05
27431	2.467e+03	0	0.000e+00
27432	2.467e+03	0	0.000e+00
27433	2.467e+03	0	0.000e+00
27434	2.467e+03	0	0.000e+00
27435	2.467e+03	1	2.890e-05
27436	2.467e+03	0	0.000e+00
27437	2.467e+03	0	0.000e+00
27438	2.467e+03	0	0.000e+00
27439	2.467e+03	0	0.000e+00
27440	2.467e+03	0	0.000e+00
27441	2.467e+03	0	0.000e+00
27442	2.467e+03	0	0.000e+00
27443	2.468e+03	0	0.000e+00
27444	2.468e+03	0	0.000e+00
27445	2.468e+03	0	0.000e+00
27446	2.468e+03	0	0.000e+00
27447	2.468e+03	0	0.000e+00
27448	2.468e+03	0	0.000e+00
27449	2.468e+03	0	0.000e+00
27450	2.468e+03	0	0.000e+00
27451	2.468e+03	0	0.000e+00
27452	2.468e+03	0	0.000e+00
27453	2.468e+03	0	0.000e+00
27454	2.469e+03	0	0.000e+00
27455	2.469e+03	0	0.000e+00
27456	2.469e+03	0	0.000e+00
27457	2.469e+03	0	0.000e+00
27458	2.469e+03	0	0.000e+00
27459	2.469e+03	0	0.000e+00
27460	2.469e+03	0	0.000e+00
27461	2.469e+03	0	0.000e+00
27462	2.469e+03	0	0.000e+00
27463	2.469e+03	0	0.000e+00
27464	2.469e+03	1	2.890e-05
27465	2.470e+03	0	0.000e+00
27466	2.470e+03	0	0.000e+00
27467	2.470e+03	0	0.000e+00
27468	2.470e+03	0	0.000e+00
27469	2.470e+03	0	0.000e+00
27470	2.470e+03	0	0.000e+00
27471	2.470e+03	0	0.000e+00
27472	2.470e+03	0	0.000e+00
27473	2.470e+03	0	0.000e+00
27474	2.470e+03	0	0.000e+00
27475	2.470e+03	0	0.000e+00
27476	2.471e+03	0	0.000e+00
27477	2.471e+03	0	0.000e+00
27478	2.471e+03	0	0.000e+00
27479	2.471e+03	1	2.890e-05
27480	2.471e+03	0	0.000e+00
27481	2.471e+03	0	0.000e+00
27482	2.471e+03	0	0.000e+00
27483	2.471e+03	0	0.000e+00
27484	2.471e+03	1	2.890e-05
27485	2.471e+03	0	0.000e+00
27486	2.471e+03	0	0.000e+00
27487	2.472e+03	0	0.000e+00
27488	2.472e+03	0	0.000e+00
27489	2.472e+03	0	0.000e+00
27490	2.472e+03	0	0.000e+00
27491	2.472e+03	0	0.000e+00
27492	2.472e+03	1	2.890e-05
27493	2.472e+03	0	0.000e+00
27494	2.472e+03	0	0.000e+00
27495	2.472e+03	0	0.000e+00
27496	2.472e+03	0	0.000e+00
27497	2.472e+03	0	0.000e+00
27498	2.473e+03	0	0.000e+00
27499	2.473e+03	0	0.000e+00
27500	2.473e+03	0	0.000e+00
27501	2.473e+03	0	0.000e+00
27502	2.473e+03	0	0.000e+00
27503	2.473e+03	0	0.000e+00
27504	2.473e+03	0	0.000e+00
27505	2.473e+03	1	2.890e-05
27506	2.473e+03	0	0.000e+00
27507	2.473e+03	0	0.000e+00
27508	2.473e+03	1	2.890e-05
27509	2.474e+03	0	0.000e+00
27510	2.474e+03	0	0.000e+00
27511	2.474e+03	0	0.000e+00
27512	2.474e+03	0	0.000e+00
27513	2.474e+03	0	0.000e+00
27514	2.474e+03	0	0.000e+00
27515	2.474e+03	0	0.000e+00
27516	2.474e+03	0	0.000e+00
27517	2.474e+03	0	0.000e+00
27518	2.474e+03	0	0.000e+00
27519	2.474e+03	0	0.000e+00
27520	2.475e+03	0	0.000e+00
27521	2.475e+03	0	0.000e+00
27522	2.475e+03	0	0.000e+00
27523	2.475e+03	0	0.000e+00
27524	2.475e+03	0	0.000e+00
27525	2.475e+03	0	0.000e+00
27526	2.475e+03	0	0.000e+00
27527	2.475e+03	0	0.000e+00
27528	2.475e+03	0	0.000e+00
27529	2.475e+03	0	0.000e+00
27530	2.475e+03	0	0.000e+00
27531	2.475e+03	0	0.000e+00
27532	2.476e+03	0	0.000e+00
27533	2.476e+03	0	0.000e+00
27534	2.476e+03	0	0.000e+00
27535	2.476e+03	0	0.000e+00
27536	2.476e+03	0	0.000e+00
27537	2.476e+03	0	0.000e+00
27538	2.476e+03	0	0.000e+00
27539	2.476e+03	0	0.000e+00
27540	2.476e+03	0	0.000e+00
27541	2.476e+03	0	0.000e+00
27542	2.476e+03	0	0.000e+00
27543	2.477e+03	0	0.000e+00
27544	2.477e+03	0	0.000e+00
27545	2.477e+03	0	0.000e+00
27546	2.477e+03	0	0.000e+00
27547	2.477e+03	0	0.000e+00
27548	2.477e+03	0	0.000e+00
27549	2.477e+03	0	0.000e+00
27550	2.477e+03	0	0.000e+00
27551	2.477e+03	0	0.000e+00
27552	2.477e+03	0	0.000e+00
27553	2.477e+03	0	0.000e+00
27554	2.478e+03	0	0.000e+00
27555	2.478e+03	0	0.000e+00
27556	2.478e+03	0	0.000e+00
27557	2.478e+03	0	0.000e+00
27558	2.478e+03	0	0.000e+00
27559	2.478e+03	0	0.000e+00
27560	2.478e+03	0	0.000e+00
27561	2.478e+03	0	0.000e+00
27562	2.478e+03	0	0.000e+00
27563	2.478e+03	0	0.000e+00
27564	2.478e+03	0	0.000e+00
27565	2.479e+03	0	0.000e+00
27566	2.479e+03	0	0.000e+00
27567	2.479e+03	0	0.000e+00
27568	2.479e+03	1	2.890e-05
27569	2.479e+03	0	0.000e+00
27570	2.479e+03	0	0.000e+00
27571	2.479e+03	0	0.000e+00
27572	2.479e+03	0	0.000e+00
27573	2.479e+03	0	0.000e+00
27574	2.479e+03	0	0.000e+00
27575	2.479e+03	0	0.000e+00
27576	2.480e+03	0	0.000e+00
27577	2.480e+03	0	0.000e+00
27578	2.480e+03	0	0.000e+00
27579	2.480e+03	0	0.000e+00
27580	2.480e+03	0	0.000e+00
27581	2.480e+03	0	0.000e+00
27582	2.480e+03	0	0.000e+00
27583	2.480e+03	0	0.000e+00
27584	2.480e+03	0	0.000e+00
27585	2.480e+03	0	0.000e+00
27586	2.480e+03	0	0.000e+00
27587	2.481e+03	1	2.890e-05
27588	2.481e+03	1	2.890e-05
27589	2.481e+03	0	0.000e+00
27590	2.481e+03	0	0.000e+00
27591	2.481e+03	0	0.000e+00
27592	2.481e+03	0	0.000e+00
27593	2.481e+03	0	0.000e+00
27594	2.481e+03	0	0.000e+00
27595	2.481e+03	0	0.000e+00
27596	2.481e+03	0	0.000e+00
27597	2.481e+03	0	0.000e+00
27598	2.482e+03	0	0.000e+00
27599	2.482e+03	0	0.000e+00
27600	2.482e+03	0	0.000e+00
27601	2.482e+03	2	5.780e-05
27602	2.482e+03	0	0.000e+00
27603	2.482e+03	0	0.000e+00
27604	2.482e+03	0	0.000e+00
27605	2.482e+03	0	0.000e+00
27606	2.482e+03	0	0.000e+00
27607	2.482e+03	1	2.890e-05
27608	2.482e+03	1	2.890e-05
27609	2.483e+03	0	0.000e+00
27610	2.483e+03	0	0.000e+00
27611	2.483e+03	0	0.000e+00
27612	2.483e+03	0	0.000e+00
27613	2.483e+03	0	0.000e+00
27614	2.483e+03	0	0.000e+00
27615	2.483e+03	0	0.000e+00
27616	2.483e+03	0	0.000e+00
27617	2.483e+03	0	0.000e+00
27618	2.483e+03	1	2.890e-05
27619	2.483e+03	0	0.000e+00
27620	2.484e+03	0	0.000e+00
27621	2.484e+03	0	0.000e+00
27622	2.484e+03	0	0.000e+00
27623	2.484e+03	0	0.000e+00
27624	2.484e+03	1	2.890e-05
27625	2.484e+03	0	0.000e+00
27626	2.484e+03	0	0.000e+00
27627	2.484e+03	0	0.000e+00
27628	2.484e+03	0	0.000e+00
27629	2.484e+03	0	0.000e+00
27630	2.484e+03	0	0.000e+00
27631	2.484e+03	0	0.000e+00
27632	2.485e+03	0	0.000e+00
27633	2.485e+03	0	0.000e+00
27634	2.485e+03	0	0.000e+00
27635	2.485e+03	0	0.000e+00
27636	2.485e+03	0	0.000e+00
27637	2.485e+03	0	0.000e+00
27638	2.485e+03	0	0.000e+00
27639	2.485e+03	0	0.000e+00
27640	2.485e+03	0	0.000e+00
27641	2.485e+03	0	0.000e+00
27642	2.485e+03	0	0.000e+00
27643	2.486e+03	0	0.000e+00
27644	2.486e+03	0	0.000e+00
27645	2.486e+03	0	0.000e+00
27646	2.486e+03	0	0.000e+00
27647	2.486e+03	1	2.890e-05
27648	2.486e+03	0	0.000e+00
27649	2.486e+03	0	0.000e+00
27650	2.486e+03	0	0.000e+00
27651	2.486e+03	0	0.000e+00
27652	2.486e+03	0	0.000e+00
27653	2.486e+03	0	0.000e+00
27654	2.487e+03	0	0.000e+00
27655	2.487e+03	0	0.000e+00
27656	2.487e+03	0	0.000e+00
27657	2.487e+03	0	0.000e+00
27658	2.487e+03	1	2.890e-05
27659	2.487e+03	0	0.000e+00
27660	2.487e+03	0	0.000e+00
27661	2.487e+03	0	0.000e+00
27662	2.487e+03	0	0.000e+00
27663	2.487e+03	1	2.890e-05
27664	2.487e+03	0	0.000e+00
27665	2.488e+03	0	0.000e+00
27666	2.488e+03	0	0.000e+00
27667	2.488e+03	0	0.000e+00
27668	2.488e+03	0	0.000e+00
27669	2.488e+03	0	0.000e+00
27670	2.488e+03	0	0.000e+00
27671	2.488e+03	0	0.000e+00
27672	2.488e+03	0	0.000e+00
27673	2.488e+03	0	0.000e+00
27674	2.488e+03	0	0.000e+00
27675	2.488e+03	0	0.000e+00
27676	2.489e+03	0	0.000e+00
27677	2.489e+03	0	0.000e+00
27678	2.489e+03	0	0.000e+00
27679	2.489e+03	0	0.000e+00
27680	2.489e+03	0	0.000e+00
27681	2.489e+03	0	0.000e+00
27682	2.489e+03	0	0.000e+00
27683	2.489e+03	0	0.000e+00
27684	2.489e+03	0	0.000e+00
27685	2.489e+03	0	0.000e+00
27686	2.489e+03	0	0.000e+00
27687	2.490e+03	0	0.000e+00
27688	2.490e+03	0	0.000e+00
27689	2.490e+03	0	0.000e+00
27690	2.490e+03	0	0.000e+00
27691	2.490e+03	0	0.000e+00
27692	2.490e+03	0	0.000e+00
27693	2.490e+03	0	0.000e+00
27694	2.490e+03	0	0.000e+00
27695	2.490e+03	0	0.000e+00
27696	2.490e+03	1	2.890e-05
27697	2.490e+03	0	0.000e+00
27698	2.491e+03	0	0.000e+00
27699	2.491e+03	0	0.000e+00
27700	2.491e+03	0	0.000e+00
27701	2.491e+03	0	0.000e+00
27702	2.491e+03	0	0.000e+00
27703	2.491e+03	0	0.000e+00
27704	2.491e+03	0	0.000e+00
27705	2.491e+03	0	0.000e+00
27706	2.491e+03	0	0.000e+00
27707	2.491e+03	0	0.000e+00
27708	2.491e+03	0	0.000e+00
27709	2.492e+03	0	0.000e+00
27710	2.492e+03	0	0.000e+00
27711	2.492e+03	0	0.000e+00
27712	2.492e+03	0	0.000e+00
27713	2.492e+03	0	0.000e+00
27714	2.492e+03	0	0.000e+00
27715	2.492e+03	0	0.000e+00
27716	2.492e+03	0	0.000e+00
27717	2.492e+03	0	0.000e+00
27718	2.492e+03	0	0.000e+00
27719	2.492e+03	0	0.000e+00
27720	2.492e+03	0	0.000e+00
27721	2.493e+03	0	0.000e+00
27722	2.493e+03	0	0.000e+00
27723	2.493e+03	0	0.000e+00
27724	2.493e+03	1	2.890e-05
27725	2.493e+03	0	0.000e+00
27726	2.493e+03	0	0.000e+00
27727	2.493e+03	0	0.000e+00
27728	2.493e+03	0	0.000e+00
27729	2.493e+03	0	0.000e+00
27730	2.493e+03	0	0.000e+00
27731	2.493e+03	0	0.000e+00
27732	2.494e+03	0	0.000e+00
27733	2.494e+03	0	0.000e+00
27734	2.494e+03	0	0.000e+00
27735	2.494e+03	0	0.000e+00
27736	2.494e+03	0	0.000e+00
27737	2.494e+03	0	0.000e+00
27738	2.494e+03	0	0.000e+00
27739	2.494e+03	0	0.000e+00
27740	2.494e+03	0	0.000e+00
27741	2.494e+03	0	0.000e+00
27742	2.494e+03	0	0.000e+00
27743	2.495e+03	0	0.000e+00
27744	2.495e+03	0	0.000e+00
27745	2.495e+03	0	0.000e+00
27746	2.495e+03	0	0.000e+00
27747	2.495e+03	0	0.000e+00
27748	2.495e+03	0	0.000e+00
27749	2.495e+03	0	0.000e+00
27750	2.495e+03	0	0.000e+00
27751	2.495e+03	0	0.000e+00
27752	2.495e+03	0	0.000e+00
27753	2.495e+03	0	0.000e+00
27754	2.496e+03	0	0.000e+00
27755	2.496e+03	0	0.000e+00
27756	2.496e+03	0	0.000e+00
27757	2.496e+03	0	0.000e+00
27758	2.496e+03	0	0.000e+00
27759	2.496e+03	0	0.000e+00
27760	2.496e+03	1	2.890e-05
27761	2.496e+03	0	0.000e+00
27762	2.496e+03	0	0.000e+00
27763	2.496e+03	0	0.000e+00
27764	2.496e+03	0	0.000e+00
27765	2.497e+03	0	0.000e+00
27766	2.497e+03	0	0.000e+00
27767	2.497e+03	0	0.000e+00
27768	2.497e+03	0	0.000e+00
27769	2.497e+03	0	0.000e+00
27770	2.497e+03	0	0.000e+00
27771	2.497e+03	0	0.000e+00
27772	2.497e+03	0	0.000e+00
27773	2.497e+03	0	0.000e+00
27774	2.497e+03	1	2.890e-05
27775	2.497e+03	0	0.000e+00
27776	2.498e+03	0	0.000e+00
27777	2.498e+03	0	0.000e+00
27778	2.498e+03	0	0.000e+00
27779	2.498e+03	0	0.000e+00
27780	2.498e+03	0	0.000e+00
27781	2.498e+03	0	0.000e+00
27782	2.498e+03	0	0.000e+00
27783	2.498e+03	0	0.000e+00
27784	2.498e+03	0	0.000e+00
27785	2.498e+03	0	0.000e+00
27786	2.498e+03	1	2.890e-05
27787	2.499e+03	0	0.000e+00
27788	2.499e+03	0	0.000e+00
27789	2.499e+03	0	0.000e+00
27790	2.499e+03	0	0.000e+00
27791	2.499e+03	0	0.000e+00
27792	2.499e+03	0	0.000e+00
27793	2.499e+03	0	0.000e+00
27794	2.499e+03	0	0.000e+00
27795	2.499e+03	0	0.000e+00
27796	2.499e+03	0	0.000e+00
27797	2.499e+03	0	0.000e+00
27798	2.500e+03	0	0.000e+00
27799	2.500e+03	0	0.000e+00
27800	2.500e+03	0	0.000e+00
27801	2.500e+03	0	0.000e+00
27802	2.500e+03	0	0.000e+00
27803	2.500e+03	0	0.000e+00
27804	2.500e+03	0	0.000e+00
27805	2.500e+03	0	0.000e+00
27806	2.500e+03	0	0.000e+00
27807	2.500e+03	1	2.890e-05
27808	2.500e+03	1	2.890e-05
27809	2.500e+03	0	0.000e+00
27810	2.501e+03	0	0.000e+00
27811	2.501e+03	0	0.000e+00
27812	2.501e+03	0	0.000e+00
27813	2.501e+03	0	0.000e+00
27814	2.501e+03	1	2.890e-05
27815	2.501e+03	0	0.000e+00
27816	2.501e+03	0	0.000e+00
27817	2.501e+03	0	0.000e+00
27818	2.501e+03	0	0.000e+00
27819	2.501e+03	0	0.000e+00
27820	2.501e+03	0	0.000e+00
27821	2.502e+03	0	0.000e+00
27822	2.502e+03	0	0.000e+00
27823	2.502e+03	0	0.000e+00
27824	2.502e+03	0	0.000e+00
27825	2.502e+03	0	0.000e+00
27826	2.502e+03	1	2.890e-05
27827	2.502e+03	0	0.000e+00
27828	2.502e+03	0	0.000e+00
27829	2.502e+03	0	0.000e+00
27830	2.502e+03	0	0.000e+00
27831	2.502e+03	2	5.780e-05
27832	2.503e+03	0	0.000e+00
27833	2.503e+03	0	0.000e+00
27834	2.503e+03	0	0.000e+00
27835	2.503e+03	2	5.780e-05
27836	2.503e+03	0	0.000e+00
27837	2.503e+03	0	0.000e+00
27838	2.503e+03	0	0.000e+00
27839	2.503e+03	0	0.000e+00
27840	2.503e+03	0	0.000e+00
27841	2.503e+03	0	0.000e+00
27842	2.503e+03	0	0.000e+00
27843	2.504e+03	0	0.000e+00
27844	2.504e+03	0	0.000e+00
27845	2.504e+03	0	0.000e+00
27846	2.504e+03	0	0.000e+00
27847	2.504e+03	0	0.000e+00
27848	2.504e+03	0	0.000e+00
27849	2.504e+03	0	0.000e+00
27850	2.504e+03	0	0.000e+00
27851	2.504e+03	1	2.890e-05
27852	2.504e+03	0	0.000e+00
27853	2.504e+03	0	0.000e+00
27854	2.505e+03	0	0.000e+00
27855	2.505e+03	0	0.000e+00
27856	2.505e+03	0	0.000e+00
27857	2.505e+03	0	0.000e+00
27858	2.505e+03	0	0.000e+00
27859	2.505e+03	0	0.000e+00
27860	2.505e+03	0	0.000e+00
27861	2.505e+03	0	0.000e+00
27862	2.505e+03	0	0.000e+00
27863	2.505e+03	0	0.000e+00
27864	2.505e+03	0	0.000e+00
27865	2.506e+03	0	0.000e+00
27866	2.506e+03	0	0.000e+00
27867	2.506e+03	0	0.000e+00
27868	2.506e+03	0	0.000e+00
27869	2.506e+03	0	0.000e+00
27870	2.506e+03	0	0.000e+00
27871	2.506e+03	0	0.000e+00
27872	2.506e+03	1	2.890e-05
27873	2.506e+03	0	0.000e+00
27874	2.506e+03	0	0.000e+00
27875	2.506e+03	0	0.000e+00
27876	2.507e+03	0	0.000e+00
27877	2.507e+03	0	0.000e+00
27878	2.507e+03	0	0.000e+00
27879	2.507e+03	0	0.000e+00
27880	2.507e+03	0	0.000e+00
27881	2.507e+03	0	0.000e+00
27882	2.507e+03	0	0.000e+00
27883	2.507e+03	0	0.000e+00
27884	2.507e+03	1	2.890e-05
27885	2.507e+03	0	0.000e+00
27886	2.507e+03	0	0.000e+00
27887	2.508e+03	0	0.000e+00
27888	2.508e+03	0	0.000e+00
27889	2.508e+03	0	0.000e+00
27890	2.508e+03	0	0.000e+00
27891	2.508e+03	0	0.000e+00
27892	2.508e+03	0	0.000e+00
27893	2.508e+03	0	0.000e+00
27894	2.508e+03	0	0.000e+00
27895	2.508e+03	1	2.890e-05
27896	2.508e+03	0	0.000e+00
27897	2.508e+03	0	0.000e+00
27898	2.508e+03	0	0.000e+00
27899	2.509e+03	0	0.000e+00
27900	2.509e+03	0	0.000e+00
27901	2.509e+03	0	0.000e+00
27902	2.509e+03	0	0.000e+00
27903	2.509e+03	0	0.000e+00
27904	2.509e+03	0	0.000e+00
27905	2.509e+03	1	2.890e-05
27906	2.509e+03	0	0.000e+00
27907	2.509e+03	0	0.000e+00
27908	2.509e+03	0	0.000e+00
27909	2.509e+03	0	0.000e+00
27910	2.510e+03	0	0.000e+00
27911	2.510e+03	0	0.000e+00
27912	2.510e+03	0	0.000e+00
27913	2.510e+03	0	0.000e+00
27914	2.510e+03	0	0.000e+00
27915	2.510e+03	0	0.000e+00
27916	2.510e+03	0	0.000e+00
27917	2.510e+03	1	2.890e-05
27918	2.510e+03	0	0.000e+00
27919	2.510e+03	0	0.000e+00
27920	2.510e+03	0	0.000e+00
27921	2.511e+03	0	0.000e+00
27922	2.511e+03	0	0.000e+00
27923	2.511e+03	0	0.000e+00
27924	2.511e+03	0	0.000e+00
27925	2.511e+03	0	0.000e+00
27926	2.511e+03	0	0.000e+00
27927	2.511e+03	0	0.000e+00
27928	2.511e+03	0	0.000e+00
27929	2.511e+03	0	0.000e+00
27930	2.511e+03	0	0.000e+00
27931	2.511e+03	0	0.000e+00
27932	2.512e+03	0	0.000e+00
27933	2.512e+03	0	0.000e+00
27934	2.512e+03	0	0.000e+00
27935	2.512e+03	0	0.000e+00
27936	2.512e+03	1	2.890e-05
27937	2.512e+03	0	0.000e+00
27938	2.512e+03	0	0.000e+00
27939	2.512e+03	1	2.890e-05
27940	2.512e+03	0	0.000e+00
27941	2.512e+03	0	0.000e+00
27942	2.512e+03	0	0.000e+00
27943	2.513e+03	0	0.000e+00
27944	2.513e+03	0	0.000e+00
27945	2.513e+03	0	0.000e+00
27946	2.513e+03	0	0.000e+00
27947	2.513e+03	0	0.000e+00
27948	2.513e+03	0	0.000e+00
27949	2.513e+03	0	0.000e+00
27950	2.513e+03	0	0.000e+00
27951	2.513e+03	0	0.000e+00
27952	2.513e+03	0	0.000e+00
27953	2.513e+03	0	0.000e+00
27954	2.514e+03	0	0.000e+00
27955	2.514e+03	0	0.000e+00
27956	2.514e+03	0	0.000e+00
27957	2.514e+03	0	0.000e+00
27958	2.514e+03	0	0.000e+00
27959	2.514e+03	0	0.000e+00
27960	2.514e+03	0	0.000e+00
27961	2.514e+03	0	0.000e+00
27962	2.514e+03	0	0.000e+00
27963	2.514e+03	0	0.000e+00
27964	2.514e+03	0	0.000e+00
27965	2.515e+03	0	0.000e+00
27966	2.515e+03	0	0.000e+00
27967	2.515e+03	0	0.000e+00
27968	2.515e+03	0	0.000e+00
27969	2.515e+03	0	0.000e+00
27970	2.515e+03	0	0.000e+00
27971	2.515e+03	0	0.000e+00
27972	2.515e+03	0	0.000e+00
27973	2.515e+03	0	0.000e+00
27974	2.515e+03	0	0.000e+00
27975	2.515e+03	0	0.000e+00
27976	2.516e+03	0	0.000e+00
27977	2.516e+03	0	0.000e+00
27978	2.516e+03	0	0.000e+00
27979	2.516e+03	0	0.000e+00
27980	2.516e+03	0	0.000e+00
27981	2.516e+03	0	0.000e+00
27982	2.516e+03	0	0.000e+00
27983	2.516e+03	0	0.000e+00
27984	2.516e+03	0	0.000e+00
27985	2.516e+03	0	0.000e+00
27986	2.516e+03	0	0.000e+00
27987	2.517e+03	0	0.000e+00
27988	2.517e+03	0	0.000e+00
27989	2.517e+03	0	0.000e+00
27990	2.517e+03	0	0.000e+00
27991	2.517e+03	0	0.000e+00
27992	2.517e+03	0	0.000e+00
27993	2.517e+03	0	0.000e+00
27994	2.517e+03	0	0.000e+00
27995	2.517e+03	0	0.000e+00
27996	2.517e+03	0	0.000e+00
27997	2.517e+03	1	2.890e-05
27998	2.517e+03	0	0.000e+00
27999	2.518e+03	0	0.000e+00
28000	2.518e+03	0	0.000e+00
28001	2.518e+03	0	0.000e+00
28002	2.518e+03	0	0.000e+00
28003	2.518e+03	0	0.000e+00
28004	2.518e+03	0	0.000e+00
28005	2.518e+03	0	0.000e+00
28006	2.518e+03	0	0.000e+00
28007	2.518e+03	0	0.000e+00
28008	2.518e+03	0	0.000e+00
28009	2.518e+03	0	0.000e+00
28010	2.519e+03	0	0.000e+00
28011	2.519e+03	0	0.000e+00
28012	2.519e+03	0	0.000e+00
28013	2.519e+03	0	0.000e+00
28014	2.519e+03	1	2.890e-05
28015	2.519e+03	0	0.000e+00
28016	2.519e+03	0	0.000e+00
28017	2.519e+03	0	0.000e+00
28018	2.519e+03	0	0.000e+00
28019	2.519e+03	0	0.000e+00
28020	2.519e+03	0	0.000e+00
28021	2.520e+03	0	0.000e+00
28022	2.520e+03	0	0.000e+00
28023	2.520e+03	1	2.890e-05
28024	2.520e+03	1	2.890e-05
28025	2.520e+03	0	0.000e+00
28026	2.520e+03	0	0.000e+00
28027	2.520e+03	0	0.000e+00
28028	2.520e+03	1	2.890e-05
28029	2.520e+03	0	0.000e+00
28030	2.520e+03	0	0.000e+00
28031	2.520e+03	0	0.000e+00
28032	2.521e+03	0	0.000e+00
28033	2.521e+03	0	0.000e+00
28034	2.521e+03	0	0.000e+00
28035	2.521e+03	0	0.000e+00
28036	2.521e+03	0	0.000e+00
28037	2.521e+03	0	0.000e+00
28038	2.521e+03	0	0.000e+00
28039	2.521e+03	0	0.000e+00
28040	2.521e+03	0	0.000e+00
28041	2.521e+03	0	0.000e+00
28042	2.521e+03	0	0.000e+00
28043	2.522e+03	0	0.000e+00
28044	2.522e+03	0	0.000e+00
28045	2.522e+03	0	0.000e+00
28046	2.522e+03	0	0.000e+00
28047	2.522e+03	0	0.000e+00
28048	2.522e+03	0	0.000e+00
28049	2.522e+03	0	0.000e+00
28050	2.522e+03	0	0.000e+00
28051	2.522e+03	0	0.000e+00
28052	2.522e+03	0	0.000e+00
28053	2.522e+03	0	0.000e+00
28054	2.523e+03	0	0.000e+00
28055	2.523e+03	0	0.000e+00
28056	2.523e+03	0	0.000e+00
28057	2.523e+03	0	0.000e+00
28058	2.523e+03	0	0.000e+00
28059	2.523e+03	0	0.000e+00
28060	2.523e+03	0	0.000e+00
28061	2.523e+03	0	0.000e+00
28062	2.523e+03	0	0.000e+00
28063	2.523e+03	0	0.000e+00
28064	2.523e+03	0	0.000e+00
28065	2.524e+03	0	0.000e+00
28066	2.524e+03	0	0.000e+00
28067	2.524e+03	0	0.000e+00
28068	2.524e+03	0	0.000e+00
28069	2.524e+03	0	0.000e+00
28070	2.524e+03	0	0.000e+00
28071	2.524e+03	0	0.000e+00
28072	2.524e+03	0	0.000e+00
28073	2.524e+03	0	0.000e+00
28074	2.524e+03	1	2.890e-05
28075	2.524e+03	0	0.000e+00
28076	2.525e+03	0	0.000e+00
28077	2.525e+03	0	0.000e+00
28078	2.525e+03	0	0.000e+00
28079	2.525e+03	0	0.000e+00
28080	2.525e+03	0	0.000e+00
28081	2.525e+03	0	0.000e+00
28082	2.525e+03	0	0.000e+00
28083	2.525e+03	0	0.000e+00
28084	2.525e+03	0	0.000e+00
28085	2.525e+03	0	0.000e+00
28086	2.525e+03	0	0.000e+00
28087	2.525e+03	0	0.000e+00
28088	2.526e+03	0	0.000e+00
28089	2.526e+03	0	0.000e+00
28090	2.526e+03	0	0.000e+00
28091	2.526e+03	0	0.000e+00
28092	2.526e+03	0	0.000e+00
28093	2.526e+03	0	0.000e+00
28094	2.526e+03	0	0.000e+00
28095	2.526e+03	0	0.000e+00
28096	2.526e+03	0	0.000e+00
28097	2.526e+03	0	0.000e+00
28098	2.526e+03	0	0.000e+00
28099	2.527e+03	0	0.000e+00
28100	2.527e+03	0	0.000e+00
28101	2.527e+03	0	0.000e+00
28102	2.527e+03	0	0.000e+00
28103	2.527e+03	0	0.000e+00
28104	2.527e+03	0	0.000e+00
28105	2.527e+03	0	0.000e+00
28106	2.527e+03	0	0.000e+00
28107	2.527e+03	0	0.000e+00
28108	2.527e+03	0	0.000e+00
28109	2.527e+03	0	0.000e+00
28110	2.528e+03	0	0.000e+00
28111	2.528e+03	0	0.000e+00
28112	2.528e+03	0	0.000e+00
28113	2.528e+03	0	0.000e+00
28114	2.528e+03	0	0.000e+00
28115	2.528e+03	0	0.000e+00
28116	2.528e+03	0	0.000e+00
28117	2.528e+03	0	0.000e+00
28118	2.528e+03	0	0.000e+00
28119	2.528e+03	0	0.000e+00
28120	2.528e+03	0	0.000e+00
28121	2.529e+03	0	0.000e+00
28122	2.529e+03	0	0.000e+00
28123	2.529e+03	0	0.000e+00
28124	2.529e+03	0	0.000e+00
28125	2.529e+03	0	0.000e+00
28126	2.529e+03	0	0.000e+00
28127	2.529e+03	0	0.000e+00
28128	2.529e+03	0	0.000e+00
28129	2.529e+03	0	0.000e+00
28130	2.529e+03	0	0.000e+00
28131	2.529e+03	0	0.000e+00
28132	2.530e+03	0	0.000e+00
28133	2.530e+03	0	0.000e+00
28134	2.530e+03	0	0.000e+00
28135	2.530e+03	0	0.000e+00
28136	2.530e+03	0	0.000e+00
28137	2.530e+03	0	0.000e+00
28138	2.530e+03	0	0.000e+00
28139	2.530e+03	0	0.000e+00
28140	2.530e+03	0	0.000e+00
28141	2.530e+03	0	0.000e+00
28142	2.530e+03	0	0.000e+00
28143	2.531e+03	0	0.000e+00
28144	2.531e+03	0	0.000e+00
28145	2.531e+03	0	0.000e+00
28146	2.531e+03	0	0.000e+00
28147	2.531e+03	0	0.000e+00
28148	2.531e+03	0	0.000e+00
28149	2.531e+03	0	0.000e+00
28150	2.531e+03	0	0.000e+00
28151	2.531e+03	0	0.000e+00
28152	2.531e+03	0	0.000e+00
28153	2.531e+03	0	0.000e+00
28154	2.532e+03	0	0.000e+00
28155	2.532e+03	0	0.000e+00
28156	2.532e+03	0	0.000e+00
28157	2.532e+03	0	0.000e+00
28158	2.532e+03	0	0.000e+00
28159	2.532e+03	0	0.000e+00
28160	2.532e+03	0	0.000e+00
28161	2.532e+03	0	0.000e+00
28162	2.532e+03	0	0.000e+00
28163	2.532e+03	0	0.000e+00
28164	2.532e+03	0	0.000e+00
28165	2.533e+03	0	0.000e+00
28166	2.533e+03	0	0.000e+00
28167	2.533e+03	1	2.890e-05
28168	2.533e+03	0	0.000e+00
28169	2.533e+03	0	0.000e+00
28170	2.533e+03	0	0.000e+00
28171	2.533e+03	0	0.000e+00
28172	2.533e+03	0	0.000e+00
28173	2.533e+03	0	0.000e+00
28174	2.533e+03	0	0.000e+00
28175	2.533e+03	0	0.000e+00
28176	2.533e+03	0	0.000e+00
28177	2.534e+03	0	0.000e+00
28178	2.534e+03	0	0.000e+00
28179	2.534e+03	0	0.000e+00
28180	2.534e+03	0	0.000e+00
28181	2.534e+03	0	0.000e+00
28182	2.534e+03	0	0.000e+00
28183	2.534e+03	0	0.000e+00
28184	2.534e+03	0	0.000e+00
28185	2.534e+03	0	0.000e+00
28186	2.534e+03	0	0.000e+00
28187	2.534e+03	1	2.890e-05
28188	2.535e+03	0	0.000e+00
28189	2.535e+03	0	0.000e+00
28190	2.535e+03	0	0.000e+00
28191	2.535e+03	1	2.890e-05
28192	2.535e+03	0	0.000e+00
28193	2.535e+03	1	2.890e-05
28194	2.535e+03	0	0.000e+00
28195	2.535e+03	0	0.000e+00
28196	2.535e+03	1	2.890e-05
28197	2.535e+03	0	0.000e+00
28198	2.535e+03	0	0.000e+00
28199	2.536e+03	0	0.000e+00
28200	2.536e+03	0	0.000e+00
28201	2.536e+03	3	8.671e-05
28202	2.536e+03	0	0.000e+00
28203	2.536e+03	0	0.000e+00
28204	2.536e+03	0	0.000e+00
28205	2.536e+03	0	0.000e+00
28206	2.536e+03	0	0.000e+00
28207	2.536e+03	1	2.890e-05
28208	2.536e+03	0	0.000e+00
28209	2.536e+03	0	0.000e+00
28210	2.537e+03	0	0.000e+00
28211	2.537e+03	0	0.000e+00
28212	2.537e+03	0	0.000e+00
28213	2.537e+03	0	0.000e+00
28214	2.537e+03	0	0.000e+00
28215	2.537e+03	0	0.000e+00
28216	2.537e+03	1	2.890e-05
28217	2.537e+03	0	0.000e+00
28218	2.537e+03	0	0.000e+00
28219	2.537e+03	0	0.000e+00
28220	2.537e+03	0	0.000e+00
28221	2.538e+03	0	0.000e+00
28222	2.538e+03	0	0.000e+00
28223	2.538e+03	0	0.000e+00
28224	2.538e+03	0	0.000e+00
28225	2.538e+03	1	2.890e-05
28226	2.538e+03	0	0.000e+00
28227	2.538e+03	0	0.000e+00
28228	2.538e+03	0	0.000e+00
28229	2.538e+03	0	0.000e+00
28230	2.538e+03	0	0.000e+00
28231	2.538e+03	0	0.000e+00
28232	2.539e+03	0	0.000e+00
28233	2.539e+03	0	0.000e+00
28234	2.539e+03	0	0.000e+00
28235	2.539e+03	0	0.000e+00
28236	2.539e+03	0	0.000e+00
28237	2.539e+03	0	0.000e+00
28238	2.539e+03	0	0.000e+00
28239	2.539e+03	0	0.000e+00
28240	2.539e+03	0	0.000e+00
28241	2.539e+03	0	0.000e+00
28242	2.539e+03	0	0.000e+00
28243	2.540e+03	0	0.000e+00
28244	2.540e+03	0	0.000e+00
28245	2.540e+03	0	0.000e+00
28246	2.540e+03	0	0.000e+00
28247	2.540e+03	0	0.000e+00
28248	2.540e+03	0	0.000e+00
28249	2.540e+03	0	0.000e+00
28250	2.540e+03	0	0.000e+00
28251	2.540e+03	0	0.000e+00
28252	2.540e+03	0	0.000e+00
28253	2.540e+03	0	0.000e+00
28254	2.541e+03	0	0.000e+00
28255	2.541e+03	0	0.000e+00
28256	2.541e+03	0	0.000e+00
28257	2.541e+03	0	0.000e+00
28258	2.541e+03	0	0.000e+00
28259	2.541e+03	0	0.000e+00
28260	2.541e+03	0	0.000e+00
28261	2.541e+03	0	0.000e+00
28262	2.541e+03	0	0.000e+00
28263	2.541e+03	0	0.000e+00
28264	2.541e+03	0	0.000e+00
28265	2.541e+03	0	0.000e+00
28266	2.542e+03	0	0.000e+00
28267	2.542e+03	1	2.890e-05
28268	2.542e+03	0	0.000e+00
28269	2.542e+03	0	0.000e+00
28270	2.542e+03	0	0.000e+00
28271	2.542e+03	0	0.000e+00
28272	2.542e+03	0	0.000e+00
28273	2.542e+03	0	0.000e+00
28274	2.542e+03	0	0.000e+00
28275	2.542e+03	0	0.000e+00
28276	2.542e+03	0	0.000e+00
28277	2.543e+03	0	0.000e+00
28278	2.543e+03	0	0.000e+00
28279	2.543e+03	0	0.000e+00
28280	2.543e+03	0	0.000e+00
28281	2.543e+03	0	0.000e+00
28282	2.543e+03	0	0.000e+00
28283	2.543e+03	0	0.000e+00
28284	2.543e+03	0	0.000e+00
28285	2.543e+03	0	0.000e+00
28286	2.543e+03	0	0.000e+00
28287	2.543e+03	0	0.000e+00
28288	2.544e+03	1	2.890e-05
28289	2.544e+03	1	2.890e-05
28290	2.544e+03	0	0.000e+00
28291	2.544e+03	1	2.890e-05
28292	2.544e+03	0	0.000e+00
28293	2.544e+03	0	0.000e+00
28294	2.544e+03	0	0.000e+00
28295	2.544e+03	0	0.000e+00
28296	2.544e+03	0	0.000e+00
28297	2.544e+03	0	0.000e+00
28298	2.544e+03	0	0.000e+00
28299	2.545e+03	0	0.000e+00
28300	2.545e+03	0	0.000e+00
28301	2.545e+03	0	0.000e+00
28302	2.545e+03	0	0.000e+00
28303	2.545e+03	0	0.000e+00
28304	2.545e+03	0	0.000e+00
28305	2.545e+03	0	0.000e+00
28306	2.545e+03	0	0.000e+00
28307	2.545e+03	0	0.000e+00
28308	2.545e+03	0	0.000e+00
28309	2.545e+03	0	0.000e+00
28310	2.546e+03	0	0.000e+00
28311	2.546e+03	0	0.000e+00
28312	2.546e+03	1	2.890e-05
28313	2.546e+03	0	0.000e+00
28314	2.546e+03	0	0.000e+00
28315	2.546e+03	0	0.000e+00
28316	2.546e+03	0	0.000e+00
28317	2.546e+03	0	0.000e+00
28318	2.546e+03	0	0.000e+00
28319	2.546e+03	0	0.000e+00
28320	2.546e+03	0	0.000e+00
28321	2.547e+03	0	0.000e+00
28322	2.547e+03	0	0.000e+00
28323	2.547e+03	0	0.000e+00
28324	2.547e+03	1	2.890e-05
28325	2.547e+03	0	0.000e+00
28326	2.547e+03	0	0.000e+00
28327	2.547e+03	1	2.890e-05
28328	2.547e+03	0	0.000e+00
28329	2.547e+03	0	0.000e+00
28330	2.547e+03	0	0.000e+00
28331	2.547e+03	0	0.000e+00
28332	2.548e+03	0	0.000e+00
28333	2.548e+03	1	2.890e-05
28334	2.548e+03	0	0.000e+00
28335	2.548e+03	1	2.890e-05
28336	2.548e+03	0	0.000e+00
28337	2.548e+03	0	0.000e+00
28338	2.548e+03	0	0.000e+00
28339	2.548e+03	0	0.000e+00
28340	2.548e+03	0	0.000e+00
28341	2.548e+03	0	0.000e+00
28342	2.548e+03	1	2.890e-05
28343	2.549e+03	0	0.000e+00
28344	2.549e+03	0	0.000e+00
28345	2.549e+03	0	0.000e+00
28346	2.549e+03	0	0.000e+00
28347	2.549e+03	0	0.000e+00
28348	2.549e+03	0	0.000e+00
28349	2.549e+03	0	0.000e+00
28350	2.549e+03	0	0.000e+00
28351	2.549e+03	0	0.000e+00
28352	2.549e+03	0	0.000e+00
28353	2.549e+03	1	2.890e-05
28354	2.550e+03	0	0.000e+00
28355	2.550e+03	0	0.000e+00
28356	2.550e+03	1	2.890e-05
28357	2.550e+03	0	0.000e+00
28358	2.550e+03	0	0.000e+00
28359	2.550e+03	0	0.000e+00
28360	2.550e+03	0	0.000e+00
28361	2.550e+03	0	0.000e+00
28362	2.550e+03	0	0.000e+00
28363	2.550e+03	0	0.000e+00
28364	2.550e+03	0	0.000e+00
28365	2.550e+03	0	0.000e+00
28366	2.551e+03	0	0.000e+00
28367	2.551e+03	1	2.890e-05
28368	2.551e+03	0	0.000e+00
28369	2.551e+03	0	0.000e+00
28370	2.551e+03	0	0.000e+00
28371	2.551e+03	0	0.000e+00
28372	2.551e+03	1	2.890e-05
28373	2.551e+03	0	0.000e+00
28374	2.551e+03	0	0.000e+00
28375	2.551e+03	0	0.000e+00
28376	2.551e+03	0	0.000e+00
28377	2.552e+03	0	0.000e+00
28378	2.552e+03	0	0.000e+00
28379	2.552e+03	0	0.000e+00
28380	2.552e+03	0	0.000e+00
28381	2.552e+03	0	0.000e+00
28382	2.552e+03	0	0.000e+00
28383	2.552e+03	0	0.000e+00
28384	2.552e+03	1	2.890e-05
28385	2.552e+03	0	0.000e+00
28386	2.552e+03	0	0.000e+00
28387	2.552e+03	0	0.000e+00
28388	2.553e+03	0	0.000e+00
28389	2.553e+03	0	0.000e+00
28390	2.553e+03	0	0.000e+00
28391	2.553e+03	0	0.000e+00
28392	2.553e+03	0	0.000e+00
28393	2.553e+03	0	0.000e+00
28394	2.553e+03	0	0.000e+00
28395	2.553e+03	0	0.000e+00
28396	2.553e+03	0	0.000e+00
28397	2.553e+03	0	0.000e+00
28398	2.553e+03	0	0.000e+00
28399	2.554e+03	0	0.000e+00
28400	2.554e+03	0	0.000e+00
28401	2.554e+03	1	2.890e-05
28402	2.554e+03	0	0.000e+00
28403	2.554e+03	0	0.000e+00
28404	2.554e+03	1	2.890e-05
28405	2.554e+03	0	0.000e+00
28406	2.554e+03	0	0.000e+00
28407	2.554e+03	0	0.000e+00
28408	2.554e+03	0	0.000e+00
28409	2.554e+03	0	0.000e+00
28410	2.555e+03	0	0.000e+00
28411	2.555e+03	0	0.000e+00
28412	2.555e+03	0	0.000e+00
28413	2.555e+03	0	0.000e+00
28414	2.555e+03	0	0.000e+00
28415	2.555e+03	0	0.000e+00
28416	2.555e+03	0	0.000e+00
28417	2.555e+03	0	0.000e+00
28418	2.555e+03	0	0.000e+00
28419	2.555e+03	0	0.000e+00
28420	2.555e+03	0	0.000e+00
28421	2.556e+03	0	0.000e+00
28422	2.556e+03	0	0.000e+00
28423	2.556e+03	1	2.890e-05
28424	2.556e+03	0	0.000e+00
28425	2.556e+03	0	0.000e+00
28426	2.556e+03	0	0.000e+00
28427	2.556e+03	0	0.000e+00
28428	2.556e+03	0	0.000e+00
28429	2.556e+03	0	0.000e+00
28430	2.556e+03	0	0.000e+00
28431	2.556e+03	0	0.000e+00
28432	2.557e+03	0	0.000e+00
28433	2.557e+03	0	0.000e+00
28434	2.557e+03	0	0.000e+00
28435	2.557e+03	0	0.000e+00
28436	2.557e+03	0	0.000e+00
28437	2.557e+03	0	0.000e+00
28438	2.557e+03	0	0.000e+00
28439	2.557e+03	0	0.000e+00
28440	2.557e+03	0	0.000e+00
28441	2.557e+03	0	0.000e+00
28442	2.557e+03	0	0.000e+00
28443	2.558e+03	0	0.000e+00
28444	2.558e+03	0	0.000e+00
28445	2.558e+03	0	0.000e+00
28446	2.558e+03	0	0.000e+00
28447	2.558e+03	0	0.000e+00
28448	2.558e+03	0	0.000e+00
28449	2.558e+03	1	2.890e-05
28450	2.558e+03	0	0.000e+00
28451	2.558e+03	0	0.000e+00
28452	2.558e+03	0	0.000e+00
28453	2.558e+03	0	0.000e+00
28454	2.558e+03	0	0.000e+00
28455	2.559e+03	0	0.000e+00
28456	2.559e+03	0	0.000e+00
28457	2.559e+03	0	0.000e+00
28458	2.559e+03	0	0.000e+00
28459	2.559e+03	0	0.000e+00
28460	2.559e+03	1	2.890e-05
28461	2.559e+03	0	0.000e+00
28462	2.559e+03	0	0.000e+00
28463	2.559e+03	0	0.000e+00
28464	2.559e+03	0	0.000e+00
28465	2.559e+03	0	0.000e+00
28466	2.560e+03	0	0.000e+00
28467	2.560e+03	0	0.000e+00
28468	2.560e+03	0	0.000e+00
28469	2.560e+03	0	0.000e+00
28470	2.560e+03	0	0.000e+00
28471	2.560e+03	0	0.000e+00
28472	2.560e+03	0	0.000e+00
28473	2.560e+03	0	0.000e+00
28474	2.560e+03	0	0.000e+00
28475	2.560e+03	0	0.000e+00
28476	2.560e+03	0	0.000e+00
28477	2.561e+03	0	0.000e+00
28478	2.561e+03	0	0.000e+00
28479	2.561e+03	0	0.000e+00
28480	2.561e+03	0	0.000e+00
28481	2.561e+03	1	2.890e-05
28482	2.561e+03	0	0.000e+00
28483	2.561e+03	0	0.000e+00
28484	2.561e+03	0	0.000e+00
28485	2.561e+03	0	0.000e+00
28486	2.561e+03	0	0.000e+00
28487	2.561e+03	0	0.000e+00
28488	2.562e+03	0	0.000e+00
28489	2.562e+03	0	0.000e+00
28490	2.562e+03	0	0.000e+00
28491	2.562e+03	0	0.000e+00
28492	2.562e+03	1	2.890e-05
28493	2.562e+03	0	0.000e+00
28494	2.562e+03	0	0.000e+00
28495	2.562e+03	0	0.000e+00
28496	2.562e+03	0	0.000e+00
28497	2.562e+03	0	0.000e+00
28498	2.562e+03	0	0.000e+00
28499	2.563e+03	0	0.000e+00
28500	2.563e+03	0	0.000e+00
28501	2.563e+03	0	0.000e+00
28502	2.563e+03	0	0.000e+00
28503	2.563e+03	0	0.000e+00
28504	2.563e+03	0	0.000e+00
28505	2.563e+03	0	0.000e+00
28506	2.563e+03	0	0.000e+00
28507	2.563e+03	1	2.890e-05
28508	2.563e+03	0	0.000e+00
28509	2.563e+03	0	0.000e+00
28510	2.564e+03	0	0.000e+00
28511	2.564e+03	0	0.000e+00
28512	2.564e+03	0	0.000e+00
28513	2.564e+03	0	0.000e+00
28514	2.564e+03	0	0.000e+00
28515	2.564e+03	0	0.000e+00
28516	2.564e+03	0	0.000e+00
28517	2.564e+03	0	0.000e+00
28518	2.564e+03	0	0.000e+00
28519	2.564e+03	0	0.000e+00
28520	2.564e+03	1	2.890e-05
28521	2.565e+03	0	0.000e+00
28522	2.565e+03	0	0.000e+00
28523	2.565e+03	0	0.000e+00
28524	2.565e+03	0	0.000e+00
28525	2.565e+03	0	0.000e+00
28526	2.565e+03	0	0.000e+00
28527	2.565e+03	0	0.000e+00
28528	2.565e+03	0	0.000e+00
28529	2.565e+03	0	0.000e+00
28530	2.565e+03	0	0.000e+00
28531	2.565e+03	0	0.000e+00
28532	2.566e+03	0	0.000e+00
28533	2.566e+03	0	0.000e+00
28534	2.566e+03	0	0.000e+00
28535	2.566e+03	0	0.000e+00
28536	2.566e+03	0	0.000e+00
28537	2.566e+03	0	0.000e+00
28538	2.566e+03	0	0.000e+00
28539	2.566e+03	0	0.000e+00
28540	2.566e+03	0	0.000e+00
28541	2.566e+03	0	0.000e+00
28542	2.566e+03	0	0.000e+00
28543	2.566e+03	0	0.000e+00
28544	2.567e+03	0	0.000e+00
28545	2.567e+03	0	0.000e+00
28546	2.567e+03	0	0.000e+00
28547	2.567e+03	0	0.000e+00
28548	2.567e+03	0	0.000e+00
28549	2.567e+03	0	0.000e+00
28550	2.567e+03	1	2.890e-05
28551	2.567e+03	0	0.000e+00
28552	2.567e+03	0	0.000e+00
28553	2.567e+03	0	0.000e+00
28554	2.567e+03	0	0.000e+00
28555	2.568e+03	0	0.000e+00
28556	2.568e+03	0	0.000e+00
28557	2.568e+03	0	0.000e+00
28558	2.568e+03	0	0.000e+00
28559	2.568e+03	0	0.000e+00
28560	2.568e+03	2	5.780e-05
28561	2.568e+03	0	0.000e+00
28562	2.568e+03	0	0.000e+00
28563	2.568e+03	0	0.000e+00
28564	2.568e+03	0	0.000e+00
28565	2.568e+03	0	0.000e+00
28566	2.569e+03	0	0.000e+00
28567	2.569e+03	0	0.000e+00
28568	2.569e+03	1	2.890e-05
28569	2.569e+03	0	0.000e+00
28570	2.569e+03	0	0.000e+00
28571	2.569e+03	0	0.000e+00
28572	2.569e+03	0	0.000e+00
28573	2.569e+03	0	0.000e+00
28574	2.569e+03	0	0.000e+00
28575	2.569e+03	0	0.000e+00
28576	2.569e+03	0	0.000e+00
28577	2.570e+03	2	5.780e-05
28578	2.570e+03	0	0.000e+00
28579	2.570e+03	0	0.000e+00
28580	2.570e+03	0	0.000e+00
28581	2.570e+03	0	0.000e+00
28582	2.570e+03	0	0.000e+00
28583	2.570e+03	0	0.000e+00
28584	2.570e+03	0	0.000e+00
28585	2.570e+03	0	0.000e+00
28586	2.570e+03	0	0.000e+00
28587	2.570e+03	1	2.890e-05
28588	2.571e+03	0	0.000e+00
28589	2.571e+03	0	0.000e+00
28590	2.571e+03	0	0.000e+00
28591	2.571e+03	0	0.000e+00
28592	2.571e+03	0	0.000e+00
28593	2.571e+03	0	0.000e+00
28594	2.571e+03	1	2.890e-05
28595	2.571e+03	0	0.000e+00
28596	2.571e+03	0	0.000e+00
28597	2.571e+03	0	0.000e+00
28598	2.571e+03	0	0.000e+00
28599	2.572e+03	0	0.000e+00
28600	2.572e+03	0	0.000e+00
28601	2.572e+03	1	2.890e-05
28602	2.572e+03	0	0.000e+00
28603	2.572e+03	0	0.000e+00
28604	2.572e+03	1	2.890e-05
28605	2.572e+03	0	0.000e+00
28606	2.572e+03	0	0.000e+00
28607	2.572e+03	0	0.000e+00
28608	2.572e+03	0	0.000e+00
28609	2.572e+03	0	0.000e+00
28610	2.573e+03	0	0.000e+00
28611	2.573e+03	0	0.000e+00
28612	2.573e+03	0	0.000e+00
28613	2.573e+03	1	2.890e-05
28614	2.573e+03	0	0.000e+00
28615	2.573e+03	1	2.890e-05
28616	2.573e+03	0	0.000e+00
28617	2.573e+03	0	0.000e+00
28618	2.573e+03	1	2.890e-05
28619	2.573e+03	0	0.000e+00
28620	2.573e+03	1	2.890e-05
28621	2.574e+03	0	0.000e+00
28622	2.574e+03	1	2.890e-05
28623	2.574e+03	0	0.000e+00
28624	2.574e+03	0	0.000e+00
28625	2.574e+03	0	0.000e+00
28626	2.574e+03	0	0.000e+00
28627	2.574e+03	0	0.000e+00
28628	2.574e+03	1	2.890e-05
28629	2.574e+03	0	0.000e+00
28630	2.574e+03	0	0.000e+00
28631	2.574e+03	0	0.000e+00
28632	2.574e+03	0	0.000e+00
28633	2.575e+03	0	0.000e+00
28634	2.575e+03	0	0.000e+00
28635	2.575e+03	0	0.000e+00
28636	2.575e+03	0	0.000e+00
28637	2.575e+03	0	0.000e+00
28638	2.575e+03	0	0.000e+00
28639	2.575e+03	0	0.000e+00
28640	2.575e+03	0	0.000e+00
28641	2.575e+03	0	0.000e+00
28642	2.575e+03	0	0.000e+00
28643	2.575e+03	0	0.000e+00
28644	2.576e+03	0	0.000e+00
28645	2.576e+03	0	0.000e+00
28646	2.576e+03	0	0.000e+00
28647	2.576e+03	0	0.000e+00
28648	2.576e+03	0	0.000e+00
28649	2.576e+03	0	0.000e+00
28650	2.576e+03	0	0.000e+00
28651	2.576e+03	0	0.000e+00
28652	2.576e+03	0	0.000e+00
28653	2.576e+03	0	0.000e+00
28654	2.576e+03	0	0.000e+00
28655	2.577e+03	0	0.000e+00
28656	2.577e+03	0	0.000e+00
28657	2.577e+03	0	0.000e+00
28658	2.577e+03	0	0.000e+00
28659	2.577e+03	0	0.000e+00
28660	2.577e+03	0	0.000e+00
28661	2.577e+03	0	0.000e+00
28662	2.577e+03	0	0.000e+00
28663	2.577e+03	0	0.000e+00
28664	2.577e+03	0	0.000e+00
28665	2.577e+03	0	0.000e+00
28666	2.578e+03	0	0.000e+00
28667	2.578e+03	0	0.000e+00
28668	2.578e+03	0	0.000e+00
28669	2.578e+03	0	0.000e+00
28670	2.578e+03	0	0.000e+00
28671	2.578e+03	0	0.000e+00
28672	2.578e+03	0	0.000e+00
28673	2.578e+03	0	0.000e+00
28674	2.578e+03	0	0.000e+00
28675	2.578e+03	0	0.000e+00
28676	2.578e+03	0	0.000e+00
28677	2.579e+03	0	0.000e+00
28678	2.579e+03	0	0.000e+00
28679	2.579e+03	0	0.000e+00
28680	2.579e+03	0	0.000e+00
28681	2.579e+03	0	0.000e+00
28682	2.579e+03	0	0.000e+00
28683	2.579e+03	0	0.000e+00
28684	2.579e+03	0	0.000e+00
28685	2.579e+03	0	0.000e+00
28686	2.579e+03	0	0.000e+00
28687	2.579e+03	0	0.000e+00
28688	2.580e+03	0	0.000e+00
28689	2.580e+03	0	0.000e+00
28690	2.580e+03	0	0.000e+00
28691	2.580e+03	0	0.000e+00
28692	2.580e+03	0	0.000e+00
28693	2.580e+03	0	0.000e+00
28694	2.580e+03	0	0.000e+00
28695	2.580e+03	1	2.890e-05
28696	2.580e+03	0	0.000e+00
28697	2.580e+03	0	0.000e+00
28698	2.580e+03	0	0.000e+00
28699	2.581e+03	0	0.000e+00
28700	2.581e+03	0	0.000e+00
28701	2.581e+03	1	2.890e-05
28702	2.581e+03	1	2.890e-05
28703	2.581e+03	0	0.000e+00
28704	2.581e+03	0	0.000e+00
28705	2.581e+03	0	0.000e+00
28706	2.581e+03	0	0.000e+00
28707	2.581e+03	0	0.000e+00
28708	2.581e+03	0	0.000e+00
28709	2.581e+03	0	0.000e+00
28710	2.582e+03	0	0.000e+00
28711	2.582e+03	0	0.000e+00
28712	2.582e+03	0	0.000e+00
28713	2.582e+03	0	0.000e+00
28714	2.582e+03	0	0.000e+00
28715	2.582e+03	0	0.000e+00
28716	2.582e+03	0	0.000e+00
28717	2.582e+03	0	0.000e+00
28718	2.582e+03	0	0.000e+00
28719	2.582e+03	0	0.000e+00
28720	2.582e+03	0	0.000e+00
28721	2.583e+03	0	0.000e+00
28722	2.583e+03	0	0.000e+00
28723	2.583e+03	0	0.000e+00
28724	2.583e+03	0	0.000e+00
28725	2.583e+03	0	0.000e+00
28726	2.583e+03	0	0.000e+00
28727	2.583e+03	0	0.000e+00
28728	2.583e+03	0	0.000e+00
28729	2.583e+03	0	0.000e+00
28730	2.583e+03	0	0.000e+00
28731	2.583e+03	0	0.000e+00
28732	2.583e+03	0	0.000e+00
28733	2.584e+03	0	0.000e+00
28734	2.584e+03	0	0.000e+00
28735	2.584e+03	0	0.000e+00
28736	2.584e+03	0	0.000e+00
28737	2.584e+03	0	0.000e+00
28738	2.584e+03	0	0.000e+00
28739	2.584e+03	0	0.000e+00
28740	2.584e+03	0	0.000e+00
28741	2.584e+03	0	0.000e+00
28742	2.584e+03	0	0.000e+00
28743	2.584e+03	0	0.000e+00
28744	2.585e+03	0	0.000e+00
28745	2.585e+03	0	0.000e+00
28746	2.585e+03	0	0.000e+00
28747	2.585e+03	0	0.000e+00
28748	2.585e+03	0	0.000e+00
28749	2.585e+03	0	0.000e+00
28750	2.585e+03	0	0.000e+00
28751	2.585e+03	0	0.000e+00
28752	2.585e+03	0	0.000e+00
28753	2.585e+03	0	0.000e+00
28754	2.585e+03	0	0.000e+00
28755	2.586e+03	0	0.000e+00
28756	2.586e+03	0	0.000e+00
28757	2.586e+03	0	0.000e+00
28758	2.586e+03	0	0.000e+00
28759	2.586e+03	0	0.000e+00
28760	2.586e+03	0	0.000e+00
28761	2.586e+03	0	0.000e+00
28762	2.586e+03	0	0.000e+00
28763	2.586e+03	0	0.000e+00
28764	2.586e+03	0	0.000e+00
28765	2.586e+03	0	0.000e+00
28766	2.587e+03	0	0.000e+00
28767	2.587e+03	0	0.000e+00
28768	2.587e+03	0	0.000e+00
28769	2.587e+03	0	0.000e+00
28770	2.587e+03	0	0.000e+00
28771	2.587e+03	0	0.000e+00
28772	2.587e+03	0	0.000e+00
28773	2.587e+03	0	0.000e+00
28774	2.587e+03	0	0.000e+00
28775	2.587e+03	0	0.000e+00
28776	2.587e+03	0	0.000e+00
28777	2.588e+03	0	0.000e+00
28778	2.588e+03	0	0.000e+00
28779	2.588e+03	0	0.000e+00
28780	2.588e+03	0	0.000e+00
28781	2.588e+03	0	0.000e+00
28782	2.588e+03	0	0.000e+00
28783	2.588e+03	0	0.000e+00
28784	2.588e+03	0	0.000e+00
28785	2.588e+03	0	0.000e+00
28786	2.588e+03	0	0.000e+00
28787	2.588e+03	1	2.890e-05
28788	2.589e+03	0	0.000e+00
28789	2.589e+03	0	0.000e+00
28790	2.589e+03	0	0.000e+00
28791	2.589e+03	0	0.000e+00
28792	2.589e+03	0	0.000e+00
28793	2.589e+03	0	0.000e+00
28794	2.589e+03	0	0.000e+00
28795	2.589e+03	0	0.000e+00
28796	2.589e+03	0	0.000e+00
28797	2.589e+03	0	0.000e+00
28798	2.589e+03	0	0.000e+00
28799	2.590e+03	0	0.000e+00
28800	2.590e+03	0	0.000e+00
28801	2.590e+03	0	0.000e+00
28802	2.590e+03	0	0.000e+00
28803	2.590e+03	0	0.000e+00
28804	2.590e+03	0	0.000e+00
28805	2.590e+03	0	0.000e+00
28806	2.590e+03	0	0.000e+00
28807	2.590e+03	1	2.890e-05
28808	2.590e+03	0	0.000e+00
28809	2.590e+03	1	2.890e-05
28810	2.591e+03	1	2.890e-05
28811	2.591e+03	0	0.000e+00
28812	2.591e+03	0	0.000e+00
28813	2.591e+03	0	0.000e+00
28814	2.591e+03	0	0.000e+00
28815	2.591e+03	0	0.000e+00
28816	2.591e+03	0	0.000e+00
28817	2.591e+03	0	0.000e+00
28818	2.591e+03	0	0.000e+00
28819	2.591e+03	0	0.000e+00
28820	2.591e+03	0	0.000e+00
28821	2.591e+03	0	0.000e+00
28822	2.592e+03	0	0.000e+00
28823	2.592e+03	0	0.000e+00
28824	2.592e+03	0	0.000e+00
28825	2.592e+03	0	0.000e+00
28826	2.592e+03	0	0.000e+00
28827	2.592e+03	0	0.000e+00
28828	2.592e+03	0	0.000e+00
28829	2.592e+03	0	0.000e+00
28830	2.592e+03	1	2.890e-05
28831	2.592e+03	0	0.000e+00
28832	2.592e+03	0	0.000e+00
28833	2.593e+03	0	0.000e+00
28834	2.593e+03	0	0.000e+00
28835	2.593e+03	0	0.000e+00
28836	2.593e+03	0	0.000e+00
28837	2.593e+03	0	0.000e+00
28838	2.593e+03	0	0.000e+00
28839	2.593e+03	0	0.000e+00
28840	2.593e+03	0	0.000e+00
28841	2.593e+03	0	0.000e+00
28842	2.593e+03	0	0.000e+00
28843	2.593e+03	0	0.000e+00
28844	2.594e+03	0	0.000e+00
28845	2.594e+03	0	0.000e+00
28846	2.594e+03	0	0.000e+00
28847	2.594e+03	0	0.000e+00
28848	2.594e+03	0	0.000e+00
28849	2.594e+03	0	0.000e+00
28850	2.594e+03	0	0.000e+00
28851	2.594e+03	0	0.000e+00
28852	2.594e+03	0	0.000e+00
28853	2.594e+03	0	0.000e+00
28854	2.594e+03	0	0.000e+00
28855	2.595e+03	0	0.000e+00
28856	2.595e+03	0	0.000e+00
28857	2.595e+03	0	0.000e+00
28858	2.595e+03	0	0.000e+00
28859	2.595e+03	0	0.000e+00
28860	2.595e+03	0	0.000e+00
28861	2.595e+03	0	0.000e+00
28862	2.595e+03	0	0.000e+00
28863	2.595e+03	0	0.000e+00
28864	2.595e+03	0	0.000e+00
28865	2.595e+03	0	0.000e+00
28866	2.596e+03	0	0.000e+00
28867	2.596e+03	0	0.000e+00
28868	2.596e+03	0	0.000e+00
28869	2.596e+03	0	0.000e+00
28870	2.596e+03	0	0.000e+00
28871	2.596e+03	0	0.000e+00
28872	2.596e+03	0	0.000e+00
28873	2.596e+03	0	0.000e+00
28874	2.596e+03	0	0.000e+00
28875	2.596e+03	0	0.000e+00
28876	2.596e+03	0	0.000e+00
28877	2.597e+03	0	0.000e+00
28878	2.597e+03	0	0.000e+00
28879	2.597e+03	0	0.000e+00
28880	2.597e+03	0	0.000e+00
28881	2.597e+03	0	0.000e+00
28882	2.597e+03	0	0.000e+00
28883	2.597e+03	0	0.000e+00
28884	2.597e+03	2	5.780e-05
28885	2.597e+03	0	0.000e+00
28886	2.597e+03	0	0.000e+00
28887	2.597e+03	0	0.000e+00
28888	2.598e+03	0	0.000e+00
28889	2.598e+03	0	0.000e+00
28890	2.598e+03	0	0.000e+00
28891	2.598e+03	0	0.000e+00
28892	2.598e+03	0	0.000e+00
28893	2.598e+03	0	0.000e+00
28894	2.598e+03	0	0.000e+00
28895	2.598e+03	0	0.000e+00
28896	2.598e+03	0	0.000e+00
28897	2.598e+03	0	0.000e+00
28898	2.598e+03	0	0.000e+00
28899	2.599e+03	0	0.000e+00
28900	2.599e+03	0	0.000e+00
28901	2.599e+03	0	0.000e+00
28902	2.599e+03	0	0.000e+00
28903	2.599e+03	0	0.000e+00
28904	2.599e+03	0	0.000e+00
28905	2.599e+03	0	0.000e+00
28906	2.599e+03	0	0.000e+00
28907	2.599e+03	0	0.000e+00
28908	2.599e+03	0	0.000e+00
28909	2.599e+03	0	0.000e+00
28910	2.599e+03	0	0.000e+00
28911	2.600e+03	0	0.000e+00
28912	2.600e+03	0	0.000e+00
28913	2.600e+03	0	0.000e+00
28914	2.600e+03	0	0.000e+00
28915	2.600e+03	0	0.000e+00
28916	2.600e+03	0	0.000e+00
28917	2.600e+03	0	0.000e+00
28918	2.600e+03	0	0.000e+00
28919	2.600e+03	0	0.000e+00
28920	2.600e+03	0	0.000e+00
28921	2.600e+03	0	0.000e+00
28922	2.601e+03	0	0.000e+00
28923	2.601e+03	1	2.890e-05
28924	2.601e+03	0	0.000e+00
28925	2.601e+03	0	0.000e+00
28926	2.601e+03	0	0.000e+00
28927	2.601e+03	0	0.000e+00
28928	2.601e+03	0	0.000e+00
28929	2.601e+03	0	0.000e+00
28930	2.601e+03	0	0.000e+00
28931	2.601e+03	0	0.000e+00
28932	2.601e+03	0	0.000e+00
28933	2.602e+03	0	0.000e+00
28934	2.602e+03	0	0.000e+00
28935	2.602e+03	0	0.000e+00
28936	2.602e+03	0	0.000e+00
28937	2.602e+03	0	0.000e+00
28938	2.602e+03	0	0.000e+00
28939	2.602e+03	0	0.000e+00
28940	2.602e+03	0	0.000e+00
28941	2.602e+03	0	0.000e+00
28942	2.602e+03	0	0.000e+00
28943	2.602e+03	1	2.890e-05
28944	2.603e+03	0	0.000e+00
28945	2.603e+03	0	0.000e+00
28946	2.603e+03	0	0.000e+00
28947	2.603e+03	0	0.000e+00
28948	2.603e+03	1	2.890e-05
28949	2.603e+03	0	0.000e+00
28950	2.603e+03	0	0.000e+00
28951	2.603e+03	0	0.000e+00
28952	2.603e+03	0	0.000e+00
28953	2.603e+03	0	0.000e+00
28954	2.603e+03	0	0.000e+00
28955	2.604e+03	0	0.000e+00
28956	2.604e+03	0	0.000e+00
28957	2.604e+03	0	0.000e+00
28958	2.604e+03	0	0.000e+00
28959	2.604e+03	0	0.000e+00
28960	2.604e+03	0	0.000e+00
28961	2.604e+03	0	0.000e+00
28962	2.604e+03	0	0.000e+00
28963	2.604e+03	0	0.000e+00
28964	2.604e+03	0	0.000e+00
28965	2.604e+03	0	0.000e+00
28966	2.605e+03	1	2.890e-05
28967	2.605e+03	0	0.000e+00
28968	2.605e+03	0	0.000e+00
28969	2.605e+03	0	0.000e+00
28970	2.605e+03	0	0.000e+00
28971	2.605e+03	0	0.000e+00
28972	2.605e+03	1	2.890e-05
28973	2.605e+03	0	0.000e+00
28974	2.605e+03	0	0.000e+00
28975	2.605e+03	0	0.000e+00
28976	2.605e+03	0	0.000e+00
28977	2.606e+03	0	0.000e+00
28978	2.606e+03	0	0.000e+00
28979	2.606e+03	0	0.000e+00
28980	2.606e+03	0	0.000e+00
28981	2.606e+03	0	0.000e+00
28982	2.606e+03	0	0.000e+00
28983	2.606e+03	0	0.000e+00
28984	2.606e+03	0	0.000e+00
28985	2.606e+03	0	0.000e+00
28986	2.606e+03	0	0.000e+00
28987	2.606e+03	0	0.000e+00
28988	2.607e+03	0	0.000e+00
28989	2.607e+03	0	0.000e+00
28990	2.607e+03	0	0.000e+00
28991	2.607e+03	1	2.890e-05
28992	2.607e+03	0	0.000e+00
28993	2.607e+03	0	0.000e+00
28994	2.607e+03	0	0.000e+00
28995	2.607e+03	0	0.000e+00
28996	2.607e+03	0	0.000e+00
28997	2.607e+03	0	0.000e+00
28998	2.607e+03	0	0.000e+00
28999	2.608e+03	1	2.890e-05
29000	2.608e+03	0	0.000e+00
29001	2.608e+03	0	0.000e+00
29002	2.608e+03	0	0.000e+00
29003	2.608e+03	0	0.000e+00
29004	2.608e+03	0	0.000e+00
29005	2.608e+03	0	0.000e+00
29006	2.608e+03	0	0.000e+00
29007	2.608e+03	0	0.000e+00
29008	2.608e+03	0	0.000e+00
29009	2.608e+03	0	0.000e+00
29010	2.608e+03	1	2.890e-05
29011	2.609e+03	0	0.000e+00
29012	2.609e+03	0	0.000e+00
29013	2.609e+03	1	2.890e-05
29014	2.609e+03	0	0.000e+00
29015	2.609e+03	0	0.000e+00
29016	2.609e+03	0	0.000e+00
29017	2.609e+03	0	0.000e+00
29018	2.609e+03	0	0.000e+00
29019	2.609e+03	0	0.000e+00
29020	2.609e+03	0	0.000e+00
29021	2.609e+03	1	2.890e-05
29022	2.610e+03	0	0.000e+00
29023	2.610e+03	1	2.890e-05
29024	2.610e+03	0	0.000e+00
29025	2.610e+03	0	0.000e+00
29026	2.610e+03	0	0.000e+00
29027	2.610e+03	0	0.000e+00
29028	2.610e+03	0	0.000e+00
29029	2.610e+03	0	0.000e+00
29030	2.610e+03	0	0.000e+00
29031	2.610e+03	0	0.000e+00
29032	2.610e+03	0	0.000e+00
29033	2.611e+03	0	0.000e+00
29034	2.611e+03	0	0.000e+00
29035	2.611e+03	0	0.000e+00
29036	2.611e+03	1	2.890e-05
29037	2.611e+03	0	0.000e+00
29038	2.611e+03	0	0.000e+00
29039	2.611e+03	0	0.000e+00
29040	2.611e+03	0	0.000e+00
29041	2.611e+03	0	0.000e+00
29042	2.611e+03	0	0.000e+00
29043	2.611e+03	1	2.890e-05
29044	2.612e+03	0	0.000e+00
29045	2.612e+03	0	0.000e+00
29046	2.612e+03	0	0.000e+00
29047	2.612e+03	0	0.000e+00
29048	2.612e+03	0	0.000e+00
29049	2.612e+03	0	0.000e+00
29050	2.612e+03	1	2.890e-05
29051	2.612e+03	0	0.000e+00
29052	2.612e+03	0	0.000e+00
29053	2.612e+03	0	0.000e+00
29054	2.612e+03	0	0.000e+00
29055	2.613e+03	0	0.000e+00
29056	2.613e+03	0	0.000e+00
29057	2.613e+03	1	2.890e-05
29058	2.613e+03	0	0.000e+00
29059	2.613e+03	0	0.000e+00
29060	2.613e+03	0	0.000e+00
29061	2.613e+03	0	0.000e+00
29062	2.613e+03	0	0.000e+00
29063	2.613e+03	0	0.000e+00
29064	2.613e+03	0	0.000e+00
29065	2.613e+03	0	0.000e+00
29066	2.614e+03	0	0.000e+00
29067	2.614e+03	0	0.000e+00
29068	2.614e+03	0	0.000e+00
29069	2.614e+03	0	0.000e+00
29070	2.614e+03	0	0.000e+00
29071	2.614e+03	0	0.000e+00
29072	2.614e+03	0	0.000e+00
29073	2.614e+03	0	0.000e+00
29074	2.614e+03	0	0.000e+00
29075	2.614e+03	0	0.000e+00
29076	2.614e+03	0	0.000e+00
29077	2.615e+03	0	0.000e+00
29078	2.615e+03	0	0.000e+00
29079	2.615e+03	0	0.000e+00
29080	2.615e+03	0	0.000e+00
29081	2.615e+03	0	0.000e+00
29082	2.615e+03	0	0.000e+00
29083	2.615e+03	0	0.000e+00
29084	2.615e+03	0	0.000e+00
29085	2.615e+03	0	0.000e+00
29086	2.615e+03	0	0.000e+00
29087	2.615e+03	0	0.000e+00
29088	2.616e+03	0	0.000e+00
29089	2.616e+03	0	0.000e+00
29090	2.616e+03	0	0.000e+00
29091	2.616e+03	0	0.000e+00
29092	2.616e+03	0	0.000e+00
29093	2.616e+03	0	0.000e+00
29094	2.616e+03	0	0.000e+00
29095	2.616e+03	0	0.000e+00
29096	2.616e+03	0	0.000e+00
29097	2.616e+03	0	0.000e+00
29098	2.616e+03	0	0.000e+00
29099	2.616e+03	0	0.000e+00
29100	2.617e+03	0	0.000e+00
29101	2.617e+03	0	0.000e+00
29102	2.617e+03	0	0.000e+00
29103	2.617e+03	0	0.000e+00
29104	2.617e+03	0	0.000e+00
29105	2.617e+03	0	0.000e+00
29106	2.617e+03	0	0.000e+00
29107	2.617e+03	0	0.000e+00
29108	2.617e+03	0	0.000e+00
29109	2.617e+03	0	0.000e+00
29110	2.617e+03	0	0.000e+00
29111	2.618e+03	0	0.000e+00
29112	2.618e+03	0	0.000e+00
29113	2.618e+03	0	0.000e+00
29114	2.618e+03	0	0.000e+00
29115	2.618e+03	0	0.000e+00
29116	2.618e+03	0	0.000e+00
29117	2.618e+03	0	0.000e+00
29118	2.618e+03	0	0.000e+00
29119	2.618e+03	1	2.890e-05
29120	2.618e+03	0	0.000e+00
29121	2.618e+03	0	0.000e+00
29122	2.619e+03	0	0.000e+00
29123	2.619e+03	0	0.000e+00
29124	2.619e+03	0	0.000e+00
29125	2.619e+03	0	0.000e+00
29126	2.619e+03	0	0.000e+00
29127	2.619e+03	0	0.000e+00
29128	2.619e+03	0	0.000e+00
29129	2.619e+03	0	0.000e+00
29130	2.619e+03	0	0.000e+00
29131	2.619e+03	1	2.890e-05
29132	2.619e+03	0	0.000e+00
29133	2.620e+03	0	0.000e+00
29134	2.620e+03	0	0.000e+00
29135	2.620e+03	0	0.000e+00
29136	2.620e+03	0	0.000e+00
29137	2.620e+03	0	0.000e+00
29138	2.620e+03	0	0.000e+00
29139	2.620e+03	0	0.000e+00
29140	2.620e+03	0	0.000e+00
29141	2.620e+03	0	0.000e+00
29142	2.620e+03	0	0.000e+00
29143	2.620e+03	0	0.000e+00
29144	2.621e+03	0	0.000e+00
29145	2.621e+03	0	0.000e+00
29146	2.621e+03	0	0.000e+00
29147	2.621e+03	0	0.000e+00
29148	2.621e+03	0	0.000e+00
29149	2.621e+03	0	0.000e+00
29150	2.621e+03	0	0.000e+00
29151	2.621e+03	0	0.000e+00
29152	2.621e+03	0	0.000e+00
29153	2.621e+03	0	0.000e+00
29154	2.621e+03	0	0.000e+00
29155	2.622e+03	0	0.000e+00
29156	2.622e+03	0	0.000e+00
29157	2.622e+03	0	0.000e+00
29158	2.622e+03	0	0.000e+00
29159	2.622e+03	0	0.000e+00
29160	2.622e+03	0	0.000e+00
29161	2.622e+03	0	0.000e+00
29162	2.622e+03	0	0.000e+00
29163	2.622e+03	0	0.000e+00
29164	2.622e+03	0	0.000e+00
29165	2.622e+03	0	0.000e+00
29166	2.623e+03	0	0.000e+00
29167	2.623e+03	0	0.000e+00
29168	2.623e+03	0	0.000e+00
29169	2.623e+03	0	0.000e+00
29170	2.623e+03	0	0.000e+00
29171	2.623e+03	0	0.000e+00
29172	2.623e+03	0	0.000e+00
29173	2.623e+03	0	0.000e+00
29174	2.623e+03	0	0.000e+00
29175	2.623e+03	0	0.000e+00
29176	2.623e+03	0	0.000e+00
29177	2.624e+03	0	0.000e+00
29178	2.624e+03	0	0.000e+00
29179	2.624e+03	0	0.000e+00
29180	2.624e+03	0	0.000e+00
29181	2.624e+03	0	0.000e+00
29182	2.624e+03	0	0.000e+00
29183	2.624e+03	0	0.000e+00
29184	2.624e+03	0	0.000e+00
29185	2.624e+03	0	0.000e+00
29186	2.624e+03	0	0.000e+00
29187	2.624e+03	0	0.000e+00
29188	2.624e+03	0	0.000e+00
29189	2.625e+03	0	0.000e+00
29190	2.625e+03	0	0.000e+00
29191	2.625e+03	0	0.000e+00
29192	2.625e+03	0	0.000e+00
29193	2.625e+03	1	2.890e-05
29194	2.625e+03	0	0.000e+00
29195	2.625e+03	0	0.000e+00
29196	2.625e+03	0	0.000e+00
29197	2.625e+03	0	0.000e+00
29198	2.625e+03	0	0.000e+00
29199	2.625e+03	0	0.000e+00
29200	2.626e+03	0	0.000e+00
29201	2.626e+03	0	0.000e+00
29202	2.626e+03	0	0.000e+00
29203	2.626e+03	0	0.000e+00
29204	2.626e+03	0	0.000e+00
29205	2.626e+03	0	0.000e+00
29206	2.626e+03	0	0.000e+00
29207	2.626e+03	0	0.000e+00
29208	2.626e+03	0	0.000e+00
29209	2.626e+03	0	0.000e+00
29210	2.626e+03	0	0.000e+00
29211	2.627e+03	0	0.000e+00
29212	2.627e+03	0	0.000e+00
29213	2.627e+03	0	0.000e+00
29214	2.627e+03	0	0.000e+00
29215	2.627e+03	0	0.000e+00
29216	2.627e+03	0	0.000e+00
29217	2.627e+03	0	0.000e+00
29218	2.627e+03	0	0.000e+00
29219	2.627e+03	0	0.000e+00
29220	2.627e+03	0	0.000e+00
29221	2.627e+03	0	0.000e+00
29222	2.628e+03	0	0.000e+00
29223	2.628e+03	0	0.000e+00
29224	2.628e+03	0	0.000e+00
29225	2.628e+03	0	0.000e+00
29226	2.628e+03	0	0.000e+00
29227	2.628e+03	0	0.000e+00
29228	2.628e+03	0	0.000e+00
29229	2.628e+03	0	0.000e+00
29230	2.628e+03	0	0.000e+00
29231	2.628e+03	0	0.000e+00
29232	2.628e+03	0	0.000e+00
29233	2.629e+03	0	0.000e+00
29234	2.629e+03	0	0.000e+00
29235	2.629e+03	0	0.000e+00
29236	2.629e+03	0	0.000e+00
29237	2.629e+03	0	0.000e+00
29238	2.629e+03	0	0.000e+00
29239	2.629e+03	0	0.000e+00
29240	2.629e+03	0	0.000e+00
29241	2.629e+03	0	0.000e+00
29242	2.629e+03	0	0.000e+00
29243	2.629e+03	0	0.000e+00
29244	2.630e+03	0	0.000e+00
29245	2.630e+03	0	0.000e+00
29246	2.630e+03	0	0.000e+00
29247	2.630e+03	2	5.780e-05
29248	2.630e+03	0	0.000e+00
29249	2.630e+03	0	0.000e+00
29250	2.630e+03	0	0.000e+00
29251	2.630e+03	0	0.000e+00
29252	2.630e+03	0	0.000e+00
29253	2.630e+03	0	0.000e+00
29254	2.630e+03	1	2.890e-05
29255	2.631e+03	0	0.000e+00
29256	2.631e+03	0	0.000e+00
29257	2.631e+03	0	0.000e+00
29258	2.631e+03	0	0.000e+00
29259	2.631e+03	0	0.000e+00
29260	2.631e+03	0	0.000e+00
29261	2.631e+03	0	0.000e+00
29262	2.631e+03	0	0.000e+00
29263	2.631e+03	0	0.000e+00
29264	2.631e+03	0	0.000e+00
29265	2.631e+03	0	0.000e+00
29266	2.632e+03	0	0.000e+00
29267	2.632e+03	0	0.000e+00
29268	2.632e+03	1	2.890e-05
29269	2.632e+03	1	2.890e-05
29270	2.632e+03	0	0.000e+00
29271	2.632e+03	0	0.000e+00
29272	2.632e+03	0	0.000e+00
29273	2.632e+03	1	2.890e-05
29274	2.632e+03	0	0.000e+00
29275	2.632e+03	0	0.000e+00
29276	2.632e+03	0	0.000e+00
29277	2.632e+03	0	0.000e+00
29278	2.633e+03	0	0.000e+00
29279	2.633e+03	1	2.890e-05
29280	2.633e+03	0	0.000e+00
29281	2.633e+03	0	0.000e+00
29282	2.633e+03	0	0.000e+00
29283	2.633e+03	0	0.000e+00
29284	2.633e+03	0	0.000e+00
29285	2.633e+03	0	0.000e+00
29286	2.633e+03	0	0.000e+00
29287	2.633e+03	0	0.000e+00
29288	2.633e+03	0	0.000e+00
29289	2.634e+03	0	0.000e+00
29290	2.634e+03	0	0.000e+00
29291	2.634e+03	0	0.000e+00
29292	2.634e+03	0	0.000e+00
29293	2.634e+03	0	0.000e+00
29294	2.634e+03	0	0.000e+00
29295	2.634e+03	0	0.000e+00
29296	2.634e+03	0	0.000e+00
29297	2.634e+03	1	2.890e-05
29298	2.634e+03	0	0.000e+00
29299	2.634e+03	0	0.000e+00
29300	2.635e+03	0	0.000e+00
29301	2.635e+03	0	0.000e+00
29302	2.635e+03	0	0.000e+00
29303	2.635e+03	0	0.000e+00
29304	2.635e+03	0	0.000e+00
29305	2.635e+03	0	0.000e+00
29306	2.635e+03	1	2.890e-05
29307	2.635e+03	0	0.000e+00
29308	2.635e+03	0	0.000e+00
29309	2.635e+03	0	0.000e+00
29310	2.635e+03	0	0.000e+00
29311	2.636e+03	0	0.000e+00
29312	2.636e+03	0	0.000e+00
29313	2.636e+03	0	0.000e+00
29314	2.636e+03	0	0.000e+00
29315	2.636e+03	0	0.000e+00
29316	2.636e+03	0	0.000e+00
29317	2.636e+03	0	0.000e+00
29318	2.636e+03	0	0.000e+00
29319	2.636e+03	0	0.000e+00
29320	2.636e+03	0	0.000e+00
29321	2.636e+03	0	0.000e+00
29322	2.637e+03	0	0.000e+00
29323	2.637e+03	0	0.000e+00
29324	2.637e+03	0	0.000e+00
29325	2.637e+03	0	0.000e+00
29326	2.637e+03	0	0.000e+00
29327	2.637e+03	0	0.000e+00
29328	2.637e+03	0	0.000e+00
29329	2.637e+03	0	0.000e+00
29330	2.637e+03	0	0.000e+00
29331	2.637e+03	0	0.000e+00
29332	2.637e+03	0	0.000e+00
29333	2.638e+03	0	0.000e+00
29334	2.638e+03	0	0.000e+00
29335	2.638e+03	0	0.000e+00
29336	2.638e+03	0	0.000e+00
29337	2.638e+03	0	0.000e+00
29338	2.638e+03	0	0.000e+00
29339	2.638e+03	0	0.000e+00
29340	2.638e+03	0	0.000e+00
29341	2.638e+03	0	0.000e+00
29342	2.638e+03	0	0.000e+00
29343	2.638e+03	0	0.000e+00
29344	2.639e+03	0	0.000e+00
29345	2.639e+03	0	0.000e+00
29346	2.639e+03	0	0.000e+00
29347	2.639e+03	0	0.000e+00
29348	2.639e+03	0	0.000e+00
29349	2.639e+03	0	0.000e+00
29350	2.639e+03	0	0.000e+00
29351	2.639e+03	0	0.000e+00
29352	2.639e+03	0	0.000e+00
29353	2.639e+03	0	0.000e+00
29354	2.639e+03	0	0.000e+00
29355	2.640e+03	0	0.000e+00
29356	2.640e+03	0	0.000e+00
29357	2.640e+03	0	0.000e+00
29358	2.640e+03	0	0.000e+00
29359	2.640e+03	0	0.000e+00
29360	2.640e+03	0	0.000e+00
29361	2.640e+03	0	0.000e+00
29362	2.640e+03	0	0.000e+00
29363	2.640e+03	1	2.890e-05
29364	2.640e+03	0	0.000e+00
29365	2.640e+03	0	0.000e+00
29366	2.641e+03	0	0.000e+00
29367	2.641e+03	0	0.000e+00
29368	2.641e+03	1	2.890e-05
29369	2.641e+03	0	0.000e+00
29370	2.641e+03	0	0.000e+00
29371	2.641e+03	0	0.000e+00
29372	2.641e+03	0	0.000e+00
29373	2.641e+03	0	0.000e+00
29374	2.641e+03	0	0.000e+00
29375	2.641e+03	0	0.000e+00
29376	2.641e+03	0	0.000e+00
29377	2.641e+03	0	0.000e+00
29378	2.642e+03	0	0.000e+00
29379	2.642e+03	1	2.890e-05
29380	2.642e+03	0	0.000e+00
29381	2.642e+03	0	0.000e+00
29382	2.642e+03	1	2.890e-05
29383	2.642e+03	0	0.000e+00
29384	2.642e+03	0	0.000e+00
29385	2.642e+03	0	0.000e+00
29386	2.642e+03	0	0.000e+00
29387	2.642e+03	0	0.000e+00
29388	2.642e+03	0	0.000e+00
29389	2.643e+03	0	0.000e+00
29390	2.643e+03	0	0.000e+00
29391	2.643e+03	1	2.890e-05
29392	2.643e+03	0	0.000e+00
29393	2.643e+03	0	0.000e+00
29394	2.643e+03	0	0.000e+00
29395	2.643e+03	0	0.000e+00
29396	2.643e+03	0	0.000e+00
29397	2.643e+03	0	0.000e+00
29398	2.643e+03	0	0.000e+00
29399	2.643e+03	0	0.000e+00
29400	2.644e+03	0	0.000e+00
29401	2.644e+03	0	0.000e+00
29402	2.644e+03	0	0.000e+00
29403	2.644e+03	0	0.000e+00
29404	2.644e+03	0	0.000e+00
29405	2.644e+03	0	0.000e+00
29406	2.644e+03	0	0.000e+00
29407	2.644e+03	1	2.890e-05
29408	2.644e+03	0	0.000e+00
29409	2.644e+03	0	0.000e+00
29410	2.644e+03	0	0.000e+00
29411	2.645e+03	0	0.000e+00
29412	2.645e+03	0	0.000e+00
29413	2.645e+03	0	0.000e+00
29414	2.645e+03	0	0.000e+00
29415	2.645e+03	1	2.890e-05
29416	2.645e+03	0	0.000e+00
29417	2.645e+03	0	0.000e+00
29418	2.645e+03	1	2.890e-05
29419	2.645e+03	0	0.000e+00
29420	2.645e+03	0	0.000e+00
29421	2.645e+03	0	0.000e+00
29422	2.646e+03	1	2.890e-05
29423	2.646e+03	0	0.000e+00
29424	2.646e+03	0	0.000e+00
29425	2.646e+03	0	0.000e+00
29426	2.646e+03	0	0.000e+00
29427	2.646e+03	1	2.890e-05
29428	2.646e+03	0	0.000e+00
29429	2.646e+03	0	0.000e+00
29430	2.646e+03	0	0.000e+00
29431	2.646e+03	0	0.000e+00
29432	2.646e+03	0	0.000e+00
29433	2.647e+03	0	0.000e+00
29434	2.647e+03	0	0.000e+00
29435	2.647e+03	0	0.000e+00
29436	2.647e+03	0	0.000e+00
29437	2.647e+03	0	0.000e+00
29438	2.647e+03	0	0.000e+00
29439	2.647e+03	0	0.000e+00
29440	2.647e+03	0	0.000e+00
29441	2.647e+03	0	0.000e+00
29442	2.647e+03	0	0.000e+00
29443	2.647e+03	0	0.000e+00
29444	2.648e+03	0	0.000e+00
29445	2.648e+03	0	0.000e+00
29446	2.648e+03	0	0.000e+00
29447	2.648e+03	0	0.000e+00
29448	2.648e+03	0	0.000e+00
29449	2.648e+03	0	0.000e+00
29450	2.648e+03	0	0.000e+00
29451	2.648e+03	0	0.000e+00
29452	2.648e+03	0	0.000e+00
29453	2.648e+03	0	0.000e+00
29454	2.648e+03	0	0.000e+00
29455	2.649e+03	0	0.000e+00
29456	2.649e+03	0	0.000e+00
29457	2.649e+03	0	0.000e+00
29458	2.649e+03	0	0.000e+00
29459	2.649e+03	0	0.000e+00
29460	2.649e+03	0	0.000e+00
29461	2.649e+03	0	0.000e+00
29462	2.649e+03	0	0.000e+00
29463	2.649e+03	0	0.000e+00
29464	2.649e+03	0	0.000e+00
29465	2.649e+03	0	0.000e+00
29466	2.649e+03	0	0.000e+00
29467	2.650e+03	0	0.000e+00
29468	2.650e+03	0	0.000e+00
29469	2.650e+03	0	0.000e+00
29470	2.650e+03	0	0.000e+00
29471	2.650e+03	0	0.000e+00
29472	2.650e+03	0	0.000e+00
29473	2.650e+03	0	0.000e+00
29474	2.650e+03	0	0.000e+00
29475	2.650e+03	0	0.000e+00
29476	2.650e+03	0	0.000e+00
29477	2.650e+03	0	0.000e+00
29478	2.651e+03	0	0.000e+00
29479	2.651e+03	0	0.000e+00
29480	2.651e+03	0	0.000e+00
29481	2.651e+03	0	0.000e+00
29482	2.651e+03	0	0.000e+00
29483	2.651e+03	0	0.000e+00
29484	2.651e+03	0	0.000e+00
29485	2.651e+03	0	0.000e+00
29486	2.651e+03	0	0.000e+00
29487	2.651e+03	0	0.000e+00
29488	2.651e+03	0	0.000e+00
29489	2.652e+03	2	5.780e-05
29490	2.652e+03	0	0.000e+00
29491	2.652e+03	0	0.000e+00
29492	2.652e+03	0	0.000e+00
29493	2.652e+03	0	0.000e+00
29494	2.652e+03	0	0.000e+00
29495	2.652e+03	0	0.000e+00
29496	2.652e+03	0	0.000e+00
29497	2.652e+03	0	0.000e+00
29498	2.652e+03	0	0.000e+00
29499	2.652e+03	0	0.000e+00
29500	2.653e+03	0	0.000e+00
29501	2.653e+03	0	0.000e+00
29502	2.653e+03	0	0.000e+00
29503	2.653e+03	0	0.000e+00
29504	2.653e+03	0	0.000e+00
29505	2.653e+03	0	0.000e+00
29506	2.653e+03	0	0.000e+00
29507	2.653e+03	0	0.000e+00
29508	2.653e+03	0	0.000e+00
29509	2.653e+03	0	0.000e+00
29510	2.653e+03	0	0.000e+00
29511	2.654e+03	0	0.000e+00
29512	2.654e+03	0	0.000e+00
29513	2.654e+03	0	0.000e+00
29514	2.654e+03	0	0.000e+00
29515	2.654e+03	0	0.000e+00
29516	2.654e+03	0	0.000e+00
29517	2.654e+03	0	0.000e+00
29518	2.654e+03	0	0.000e+00
29519	2.654e+03	0	0.000e+00
29520	2.654e+03	0	0.000e+00
29521	2.654e+03	0	0.000e+00
29522	2.655e+03	0	0.000e+00
29523	2.655e+03	0	0.000e+00
29524	2.655e+03	1	2.890e-05
29525	2.655e+03	0	0.000e+00
29526	2.655e+03	0	0.000e+00
29527	2.655e+03	0	0.000e+00
29528	2.655e+03	0	0.000e+00
29529	2.655e+03	0	0.000e+00
29530	2.655e+03	0	0.000e+00
29531	2.655e+03	0	0.000e+00
29532	2.655e+03	0	0.000e+00
29533	2.656e+03	0	0.000e+00
29534	2.656e+03	0	0.000e+00
29535	2.656e+03	0	0.000e+00
29536	2.656e+03	0	0.000e+00
29537	2.656e+03	0	0.000e+00
29538	2.656e+03	0	0.000e+00
29539	2.656e+03	0	0.000e+00
29540	2.656e+03	0	0.000e+00
29541	2.656e+03	0	0.000e+00
29542	2.656e+03	0	0.000e+00
29543	2.656e+03	0	0.000e+00
29544	2.657e+03	0	0.000e+00
29545	2.657e+03	0	0.000e+00
29546	2.657e+03	0	0.000e+00
29547	2.657e+03	0	0.000e+00
29548	2.657e+03	0	0.000e+00
29549	2.657e+03	0	0.000e+00
29550	2.657e+03	0	0.000e+00
29551	2.657e+03	0	0.000e+00
29552	2.657e+03	0	0.000e+00
29553	2.657e+03	0	0.000e+00
29554	2.657e+03	0	0.000e+00
29555	2.657e+03	0	0.000e+00
29556	2.658e+03	0	0.000e+00
29557	2.658e+03	0	0.000e+00
29558	2.658e+03	0	0.000e+00
29559	2.658e+03	1	2.890e-05
29560	2.658e+03	0	0.000e+00
29561	2.658e+03	0	0.000e+00
29562	2.658e+03	0	0.000e+00
29563	2.658e+03	0	0.000e+00
29564	2.658e+03	0	0.000e+00
29565	2.658e+03	0	0.000e+00
29566	2.658e+03	0	0.000e+00
29567	2.659e+03	0	0.000e+00
29568	2.659e+03	0	0.000e+00
29569	2.659e+03	0	0.000e+00
29570	2.659e+03	0	0.000e+00
29571	2.659e+03	0	0.000e+00
29572	2.659e+03	0	0.000e+00
29573	2.659e+03	0	0.000e+00
29574	2.659e+03	0	0.000e+00
29575	2.659e+03	0	0.000e+00
29576	2.659e+03	1	2.890e-05
29577	2.659e+03	0	0.000e+00
29578	2.660e+03	1	2.890e-05
29579	2.660e+03	0	0.000e+00
29580	2.660e+03	0	0.000e+00
29581	2.660e+03	0	0.000e+00
29582	2.660e+03	1	2.890e-05
29583	2.660e+03	0	0.000e+00
29584	2.660e+03	0	0.000e+00
29585	2.660e+03	0	0.000e+00
29586	2.660e+03	0	0.000e+00
29587	2.660e+03	0	0.000e+00
29588	2.660e+03	0	0.000e+00
29589	2.661e+03	0	0.000e+00
29590	2.661e+03	0	0.000e+00
29591	2.661e+03	0	0.000e+00
29592	2.661e+03	0	0.000e+00
29593	2.661e+03	0	0.000e+00
29594	2.661e+03	0	0.000e+00
29595	2.661e+03	0	0.000e+00
29596	2.661e+03	0	0.000e+00
29597	2.661e+03	0	0.000e+00
29598	2.661e+03	0	0.000e+00
29599	2.661e+03	0	0.000e+00
29600	2.662e+03	0	0.000e+00
29601	2.662e+03	0	0.000e+00
29602	2.662e+03	0	0.000e+00
29603	2.662e+03	0	0.000e+00
29604	2.662e+03	0	0.000e+00
29605	2.662e+03	0	0.000e+00
29606	2.662e+03	0	0.000e+00
29607	2.662e+03	0	0.000e+00
29608	2.662e+03	1	2.890e-05
29609	2.662e+03	0	0.000e+00
29610	2.662e+03	0	0.000e+00
29611	2.663e+03	1	2.890e-05
29612	2.663e+03	0	0.000e+00
29613	2.663e+03	0	0.000e+00
29614	2.663e+03	0	0.000e+00
29615	2.663e+03	0	0.000e+00
29616	2.663e+03	0	0.000e+00
29617	2.663e+03	0	0.000e+00
29618	2.663e+03	0	0.000e+00
29619	2.663e+03	0	0.000e+00
29620	2.663e+03	0	0.000e+00
29621	2.663e+03	0	0.000e+00
29622	2.664e+03	0	0.000e+00
29623	2.664e+03	0	0.000e+00
29624	2.664e+03	0	0.000e+00
29625	2.664e+03	0	0.000e+00
29626	2.664e+03	0	0.000e+00
29627	2.664e+03	0	0.000e+00
29628	2.664e+03	0	0.000e+00
29629	2.664e+03	0	0.000e+00
29630	2.664e+03	0	0.000e+00
29631	2.664e+03	0	0.000e+00
29632	2.664e+03	0	0.000e+00
29633	2.665e+03	0	0.000e+00
29634	2.665e+03	0	0.000e+00
29635	2.665e+03	0	0.000e+00
29636	2.665e+03	0	0.000e+00
29637	2.665e+03	0	0.000e+00
29638	2.665e+03	0	0.000e+00
29639	2.665e+03	0	0.000e+00
29640	2.665e+03	1	2.890e-05
29641	2.665e+03	0	0.000e+00
29642	2.665e+03	0	0.000e+00
29643	2.665e+03	0	0.000e+00
29644	2.665e+03	1	2.890e-05
29645	2.666e+03	0	0.000e+00
29646	2.666e+03	1	2.890e-05
29647	2.666e+03	0	0.000e+00
29648	2.666e+03	0	0.000e+00
29649	2.666e+03	0	0.000e+00
29650	2.666e+03	0	0.000e+00
29651	2.666e+03	0	0.000e+00
29652	2.666e+03	0	0.000e+00
29653	2.666e+03	0	0.000e+00
29654	2.666e+03	1	2.890e-05
29655	2.666e+03	0	0.000e+00
29656	2.667e+03	0	0.000e+00
29657	2.667e+03	0	0.000e+00
29658	2.667e+03	0	0.000e+00
29659	2.667e+03	0	0.000e+00
29660	2.667e+03	1	2.890e-05
29661	2.667e+03	1	2.890e-05
29662	2.667e+03	0	0.000e+00
29663	2.667e+03	0	0.000e+00
29664	2.667e+03	0	0.000e+00
29665	2.667e+03	0	0.000e+00
29666	2.667e+03	0	0.000e+00
29667	2.668e+03	0	0.000e+00
29668	2.668e+03	0	0.000e+00
29669	2.668e+03	0	0.000e+00
29670	2.668e+03	0	0.000e+00
29671	2.668e+03	1	2.890e-05
29672	2.668e+03	0	0.000e+00
29673	2.668e+03	0	0.000e+00
29674	2.668e+03	0	0.000e+00
29675	2.668e+03	0	0.000e+00
29676	2.668e+03	0	0.000e+00
29677	2.668e+03	0	0.000e+00
29678	2.669e+03	0	0.000e+00
29679	2.669e+03	0	0.000e+00
29680	2.669e+03	0	0.000e+00
29681	2.669e+03	0	0.000e+00
29682	2.669e+03	0	0.000e+00
29683	2.669e+03	0	0.000e+00
29684	2.669e+03	0	0.000e+00
29685	2.669e+03	0	0.000e+00
29686	2.669e+03	0	0.000e+00
29687	2.669e+03	0	0.000e+00
29688	2.669e+03	0	0.000e+00
29689	2.670e+03	0	0.000e+00
29690	2.670e+03	0	0.000e+00
29691	2.670e+03	0	0.000e+00
29692	2.670e+03	0	0.000e+00
29693	2.670e+03	1	2.890e-05
29694	2.670e+03	0	0.000e+00
29695	2.670e+03	0	0.000e+00
29696	2.670e+03	0	0.000e+00
29697	2.670e+03	0	0.000e+00
29698	2.670e+03	0	0.000e+00
29699	2.670e+03	1	2.890e-05
29700	2.671e+03	1	2.890e-05
29701	2.671e+03	0	0.000e+00
29702	2.671e+03	0	0.000e+00
29703	2.671e+03	0	0.000e+00
29704	2.671e+03	1	2.890e-05
29705	2.671e+03	0	0.000e+00
29706	2.671e+03	0	0.000e+00
29707	2.671e+03	1	2.890e-05
29708	2.671e+03	0	0.000e+00
29709	2.671e+03	0	0.000e+00
29710	2.671e+03	0	0.000e+00
29711	2.672e+03	0	0.000e+00
29712	2.672e+03	0	0.000e+00
29713	2.672e+03	0	0.000e+00
29714	2.672e+03	0	0.000e+00
29715	2.672e+03	0	0.000e+00
29716	2.672e+03	0	0.000e+00
29717	2.672e+03	0	0.000e+00
29718	2.672e+03	0	0.000e+00
29719	2.672e+03	0	0.000e+00
29720	2.672e+03	0	0.000e+00
29721	2.672e+03	0	0.000e+00
29722	2.673e+03	1	2.890e-05
29723	2.673e+03	0	0.000e+00
29724	2.673e+03	0	0.000e+00
29725	2.673e+03	0	0.000e+00
29726	2.673e+03	0	0.000e+00
29727	2.673e+03	0	0.000e+00
29728	2.673e+03	0	0.000e+00
29729	2.673e+03	0	0.000e+00
29730	2.673e+03	0	0.000e+00
29731	2.673e+03	0	0.000e+00
29732	2.673e+03	0	0.000e+00
29733	2.674e+03	0	0.000e+00
29734	2.674e+03	0	0.000e+00
29735	2.674e+03	0	0.000e+00
29736	2.674e+03	0	0.000e+00
29737	2.674e+03	0	0.000e+00
29738	2.674e+03	1	2.890e-05
29739	2.674e+03	0	0.000e+00
29740	2.674e+03	0	0.000e+00
29741	2.674e+03	0	0.000e+00
29742	2.674e+03	0	0.000e+00
29743	2.674e+03	0	0.000e+00
29744	2.674e+03	0	0.000e+00
29745	2.675e+03	0	0.000e+00
29746	2.675e+03	0	0.000e+00
29747	2.675e+03	0	0.000e+00
29748	2.675e+03	0	0.000e+00
29749	2.675e+03	0	0.000e+00
29750	2.675e+03	0	0.000e+00
29751	2.675e+03	0	0.000e+00
29752	2.675e+03	0	0.000e+00
29753	2.675e+03	0	0.000e+00
29754	2.675e+03	0	0.000e+00
29755	2.675e+03	0	0.000e+00
29756	2.676e+03	0	0.000e+00
29757	2.676e+03	0	0.000e+00
29758	2.676e+03	0	0.000e+00
29759	2.676e+03	0	0.000e+00
29760	2.676e+03	0	0.000e+00
29761	2.676e+03	0	0.000e+00
29762	2.676e+03	0	0.000e+00
29763	2.676e+03	0	0.000e+00
29764	2.676e+03	0	0.000e+00
29765	2.676e+03	0	0.000e+00
29766	2.676e+03	0	0.000e+00
29767	2.677e+03	0	0.000e+00
29768	2.677e+03	0	0.000e+00
29769	2.677e+03	0	0.000e+00
29770	2.677e+03	0	0.000e+00
29771	2.677e+03	0	0.000e+00
29772	2.677e+03	0	0.000e+00
29773	2.677e+03	0	0.000e+00
29774	2.677e+03	0	0.000e+00
29775	2.677e+03	0	0.000e+00
29776	2.677e+03	0	0.000e+00
29777	2.677e+03	0	0.000e+00
29778	2.678e+03	0	0.000e+00
29779	2.678e+03	0	0.000e+00
29780	2.678e+03	0	0.000e+00
29781	2.678e+03	0	0.000e+00
29782	2.678e+03	0	0.000e+00
29783	2.678e+03	0	0.000e+00
29784	2.678e+03	0	0.000e+00
29785	2.678e+03	0	0.000e+00
29786	2.678e+03	0	0.000e+00
29787	2.678e+03	0	0.000e+00
29788	2.678e+03	1	2.890e-05
29789	2.679e+03	0	0.000e+00
29790	2.679e+03	0	0.000e+00
29791	2.679e+03	0	0.000e+00
29792	2.679e+03	0	0.000e+00
29793	2.679e+03	0	0.000e+00
29794	2.679e+03	2	5.780e-05
29795	2.679e+03	0	0.000e+00
29796	2.679e+03	0	0.000e+00
29797	2.679e+03	0	0.000e+00
29798	2.679e+03	0	0.000e+00
29799	2.679e+03	0	0.000e+00
29800	2.680e+03	0	0.000e+00
29801	2.680e+03	0	0.000e+00
29802	2.680e+03	0	0.000e+00
29803	2.680e+03	0	0.000e+00
29804	2.680e+03	0	0.000e+00
29805	2.680e+03	0	0.000e+00
29806	2.680e+03	0	0.000e+00
29807	2.680e+03	0	0.000e+00
29808	2.680e+03	0	0.000e+00
29809	2.680e+03	0	0.000e+00
29810	2.680e+03	0	0.000e+00
29811	2.681e+03	0	0.000e+00
29812	2.681e+03	0	0.000e+00
29813	2.681e+03	0	0.000e+00
29814	2.681e+03	0	0.000e+00
29815	2.681e+03	0	0.000e+00
29816	2.681e+03	0	0.000e+00
29817	2.681e+03	0	0.000e+00
29818	2.681e+03	0	0.000e+00
29819	2.681e+03	0	0.000e+00
29820	2.681e+03	0	0.000e+00
29821	2.681e+03	0	0.000e+00
29822	2.682e+03	1	2.890e-05
29823	2.682e+03	0	0.000e+00
29824	2.682e+03	0	0.000e+00
29825	2.682e+03	0	0.000e+00
29826	2.682e+03	0	0.000e+00
29827	2.682e+03	0	0.000e+00
29828	2.682e+03	0	0.000e+00
29829	2.682e+03	0	0.000e+00
29830	2.682e+03	0	0.000e+00
29831	2.682e+03	0	0.000e+00
29832	2.682e+03	0	0.000e+00
29833	2.682e+03	0	0.000e+00
29834	2.683e+03	0	0.000e+00
29835	2.683e+03	0	0.000e+00
29836	2.683e+03	0	0.000e+00
29837	2.683e+03	0	0.000e+00
29838	2.683e+03	0	0.000e+00
29839	2.683e+03	0	0.000e+00
29840	2.683e+03	0	0.000e+00
29841	2.683e+03	0	0.000e+00
29842	2.683e+03	0	0.000e+00
29843	2.683e+03	0	0.000e+00
29844	2.683e+03	0	0.000e+00
29845	2.684e+03	0	0.000e+00
29846	2.684e+03	0	0.000e+00
29847	2.684e+03	0	0.000e+00
29848	2.684e+03	0	0.000e+00
29849	2.684e+03	0	0.000e+00
29850	2.684e+03	0	0.000e+00
29851	2.684e+03	1	2.890e-05
29852	2.684e+03	0	0.000e+00
29853	2.684e+03	0	0.000e+00
29854	2.684e+03	0	0.000e+00
29855	2.684e+03	1	2.890e-05
29856	2.685e+03	0	0.000e+00
29857	2.685e+03	0	0.000e+00
29858	2.685e+03	0	0.000e+00
29859	2.685e+03	0	0.000e+00
29860	2.685e+03	0	0.000e+00
29861	2.685e+03	0	0.000e+00
29862	2.685e+03	0	0.000e+00
29863	2.685e+03	0	0.000e+00
29864	2.685e+03	0	0.000e+00
29865	2.685e+03	0	0.000e+00
29866	2.685e+03	0	0.000e+00
29867	2.686e+03	0	0.000e+00
29868	2.686e+03	0	0.000e+00
29869	2.686e+03	1	2.890e-05
29870	2.686e+03	0	0.000e+00
29871	2.686e+03	0	0.000e+00
29872	2.686e+03	0	0.000e+00
29873	2.686e+03	0	0.000e+00
29874	2.686e+03	0	0.000e+00
29875	2.686e+03	0	0.000e+00
29876	2.686e+03	0	0.000e+00
29877	2.686e+03	0	0.000e+00
29878	2.687e+03	0	0.000e+00
29879	2.687e+03	0	0.000e+00
29880	2.687e+03	0	0.000e+00
29881	2.687e+03	0	0.000e+00
29882	2.687e+03	0	0.000e+00
29883	2.687e+03	1	2.890e-05
29884	2.687e+03	1	2.890e-05
29885	2.687e+03	1	2.890e-05
29886	2.687e+03	0	0.000e+00
29887	2.687e+03	0	0.000e+00
29888	2.687e+03	0	0.000e+00
29889	2.688e+03	0	0.000e+00
29890	2.688e+03	0	0.000e+00
29891	2.688e+03	0	0.000e+00
29892	2.688e+03	0	0.000e+00
29893	2.688e+03	0	0.000e+00
29894	2.688e+03	0	0.000e+00
29895	2.688e+03	0	0.000e+00
29896	2.688e+03	0	0.000e+00
29897	2.688e+03	0	0.000e+00
29898	2.688e+03	0	0.000e+00
29899	2.688e+03	0	0.000e+00
29900	2.689e+03	0	0.000e+00
29901	2.689e+03	0	0.000e+00
29902	2.689e+03	0	0.000e+00
29903	2.689e+03	0	0.000e+00
29904	2.689e+03	0	0.000e+00
29905	2.689e+03	0	0.000e+00
29906	2.689e+03	0	0.000e+00
29907	2.689e+03	0	0.000e+00
29908	2.689e+03	0	0.000e+00
29909	2.689e+03	0	0.000e+00
29910	2.689e+03	0	0.000e+00
29911	2.690e+03	0	0.000e+00
29912	2.690e+03	0	0.000e+00
29913	2.690e+03	0	0.000e+00
29914	2.690e+03	0	0.000e+00
29915	2.690e+03	0	0.000e+00
29916	2.690e+03	0	0.000e+00
29917	2.690e+03	0	0.000e+00
29918	2.690e+03	0	0.000e+00
29919	2.690e+03	0	0.000e+00
29920	2.690e+03	0	0.000e+00
29921	2.690e+03	0	0.000e+00
29922	2.690e+03	0	0.000e+00
29923	2.691e+03	0	0.000e+00
29924	2.691e+03	0	0.000e+00
29925	2.691e+03	1	2.890e-05
29926	2.691e+03	0	0.000e+00
29927	2.691e+03	0	0.000e+00
29928	2.691e+03	0	0.000e+00
29929	2.691e+03	0	0.000e+00
29930	2.691e+03	0	0.000e+00
29931	2.691e+03	0	0.000e+00
29932	2.691e+03	0	0.000e+00
29933	2.691e+03	0	0.000e+00
29934	2.692e+03	0	0.000e+00
29935	2.692e+03	0	0.000e+00
29936	2.692e+03	0	0.000e+00
29937	2.692e+03	0	0.000e+00
29938	2.692e+03	0	0.000e+00
29939	2.692e+03	0	0.000e+00
29940	2.692e+03	0	0.000e+00
29941	2.692e+03	0	0.000e+00
29942	2.692e+03	0	0.000e+00
29943	2.692e+03	0	0.000e+00
29944	2.692e+03	0	0.000e+00
29945	2.693e+03	0	0.000e+00
29946	2.693e+03	0	0.000e+00
29947	2.693e+03	0	0.000e+00
29948	2.693e+03	0	0.000e+00
29949	2.693e+03	0	0.000e+00
29950	2.693e+03	0	0.000e+00
29951	2.693e+03	0	0.000e+00
29952	2.693e+03	0	0.000e+00
29953	2.693e+03	0	0.000e+00
29954	2.693e+03	0	0.000e+00
29955	2.693e+03	0	0.000e+00
29956	2.694e+03	0	0.000e+00
29957	2.694e+03	1	2.890e-05
29958	2.694e+03	0	0.000e+00
29959	2.694e+03	0	0.000e+00
29960	2.694e+03	0	0.000e+00
29961	2.694e+03	0	0.000e+00
29962	2.694e+03	0	0.000e+00
29963	2.694e+03	0	0.000e+00
29964	2.694e+03	0	0.000e+00
29965	2.694e+03	0	0.000e+00
29966	2.694e+03	0	0.000e+00
29967	2.695e+03	0	0.000e+00
29968	2.695e+03	0	0.000e+00
29969	2.695e+03	0	0.000e+00
29970	2.695e+03	0	0.000e+00
29971	2.695e+03	0	0.000e+00
29972	2.695e+03	0	0.000e+00
29973	2.695e+03	0	0.000e+00
29974	2.695e+03	0	0.000e+00
29975	2.695e+03	0	0.000e+00
29976	2.695e+03	0	0.000e+00
29977	2.695e+03	0	0.000e+00
29978	2.696e+03	0	0.000e+00
29979	2.696e+03	0	0.000e+00
29980	2.696e+03	0	0.000e+00
29981	2.696e+03	0	0.000e+00
29982	2.696e+03	0	0.000e+00
29983	2.696e+03	0	0.000e+00
29984	2.696e+03	0	0.000e+00
29985	2.696e+03	0	0.000e+00
29986	2.696e+03	0	0.000e+00
29987	2.696e+03	0	0.000e+00
29988	2.696e+03	0	0.000e+00
29989	2.697e+03	0	0.000e+00
29990	2.697e+03	0	0.000e+00
29991	2.697e+03	0	0.000e+00
29992	2.697e+03	0	0.000e+00
29993	2.697e+03	0	0.000e+00
29994	2.697e+03	0	0.000e+00
29995	2.697e+03	0	0.000e+00
29996	2.697e+03	0	0.000e+00
29997	2.697e+03	1	2.890e-05
29998	2.697e+03	0	0.000e+00
29999	2.697e+03	0	0.000e+00
30000	2.698e+03	1	2.890e-05
30001	2.698e+03	0	0.000e+00
30002	2.698e+03	0	0.000e+00
30003	2.698e+03	0	0.000e+00
30004	2.698e+03	0	0.000e+00
30005	2.698e+03	0	0.000e+00
30006	2.698e+03	0	0.000e+00
30007	2.698e+03	0	0.000e+00
30008	2.698e+03	0	0.000e+00
30009	2.698e+03	0	0.000e+00
30010	2.698e+03	0	0.000e+00
30011	2.698e+03	1	2.890e-05
30012	2.699e+03	0	0.000e+00
30013	2.699e+03	0	0.000e+00
30014	2.699e+03	0	0.000e+00
30015	2.699e+03	0	0.000e+00
30016	2.699e+03	0	0.000e+00
30017	2.699e+03	0	0.000e+00
30018	2.699e+03	0	0.000e+00
30019	2.699e+03	0	0.000e+00
30020	2.699e+03	0	0.000e+00
30021	2.699e+03	0	0.000e+00
30022	2.699e+03	0	0.000e+00
30023	2.700e+03	0	0.000e+00
30024	2.700e+03	0	0.000e+00
30025	2.700e+03	0	0.000e+00
30026	2.700e+03	0	0.000e+00
30027	2.700e+03	0	0.000e+00
30028	2.700e+03	0	0.000e+00
30029	2.700e+03	0	0.000e+00
30030	2.700e+03	1	2.890e-05
30031	2.700e+03	0	0.000e+00
30032	2.700e+03	0	0.000e+00
30033	2.700e+03	0	0.000e+00
30034	2.701e+03	0	0.000e+00
30035	2.701e+03	0	0.000e+00
30036	2.701e+03	0	0.000e+00
30037	2.701e+03	1	2.890e-05
30038	2.701e+03	0	0.000e+00
30039	2.701e+03	0	0.000e+00
30040	2.701e+03	0	0.000e+00
30041	2.701e+03	0	0.000e+00
30042	2.701e+03	0	0.000e+00
30043	2.701e+03	0	0.000e+00
30044	2.701e+03	0	0.000e+00
30045	2.702e+03	1	2.890e-05
30046	2.702e+03	0	0.000e+00
30047	2.702e+03	0	0.000e+00
30048	2.702e+03	0	0.000e+00
30049	2.702e+03	0	0.000e+00
30050	2.702e+03	0	0.000e+00
30051	2.702e+03	0	0.000e+00
30052	2.702e+03	0	0.000e+00
30053	2.702e+03	0	0.000e+00
30054	2.702e+03	0	0.000e+00
30055	2.702e+03	0	0.000e+00
30056	2.703e+03	0	0.000e+00
30057	2.703e+03	0	0.000e+00
30058	2.703e+03	0	0.000e+00
30059	2.703e+03	0	0.000e+00
30060	2.703e+03	0	0.000e+00
30061	2.703e+03	0	0.000e+00
30062	2.703e+03	0	0.000e+00
30063	2.703e+03	0	0.000e+00
30064	2.703e+03	0	0.000e+00
30065	2.703e+03	1	2.890e-05
30066	2.703e+03	0	0.000e+00
30067	2.704e+03	0	0.000e+00
30068	2.704e+03	0	0.000e+00
30069	2.704e+03	0	0.000e+00
30070	2.704e+03	0	0.000e+00
30071	2.704e+03	0	0.000e+00
30072	2.704e+03	0	0.000e+00
30073	2.704e+03	0	0.000e+00
30074	2.704e+03	0	0.000e+00
30075	2.704e+03	0	0.000e+00
30076	2.704e+03	0	0.000e+00
30077	2.704e+03	0	0.000e+00
30078	2.705e+03	0	0.000e+00
30079	2.705e+03	0	0.000e+00
30080	2.705e+03	0	0.000e+00
30081	2.705e+03	0	0.000e+00
30082	2.705e+03	0	0.000e+00
30083	2.705e+03	0	0.000e+00
30084	2.705e+03	0	0.000e+00
30085	2.705e+03	0	0.000e+00
30086	2.705e+03	0	0.000e+00
30087	2.705e+03	0	0.000e+00
30088	2.705e+03	0	0.000e+00
30089	2.706e+03	0	0.000e+00
30090	2.706e+03	0	0.000e+00
30091	2.706e+03	0	0.000e+00
30092	2.706e+03	0	0.000e+00
30093	2.706e+03	0	0.000e+00
30094	2.706e+03	0	0.000e+00
30095	2.706e+03	0	0.000e+00
30096	2.706e+03	0	0.000e+00
30097	2.706e+03	0	0.000e+00
30098	2.706e+03	0	0.000e+00
30099	2.706e+03	0	0.000e+00
30100	2.707e+03	0	0.000e+00
30101	2.707e+03	0	0.000e+00
30102	2.707e+03	0	0.000e+00
30103	2.707e+03	0	0.000e+00
30104	2.707e+03	0	0.000e+00
30105	2.707e+03	0	0.000e+00
30106	2.707e+03	0	0.000e+00
30107	2.707e+03	2	5.780e-05
30108	2.707e+03	0	0.000e+00
30109	2.707e+03	0	0.000e+00
30110	2.707e+03	0	0.000e+00
30111	2.707e+03	0	0.000e+00
30112	2.708e+03	0	0.000e+00
30113	2.708e+03	0	0.000e+00
30114	2.708e+03	0	0.000e+00
30115	2.708e+03	0	0.000e+00
30116	2.708e+03	0	0.000e+00
30117	2.708e+03	0	0.000e+00
30118	2.708e+03	0	0.000e+00
30119	2.708e+03	0	0.000e+00
30120	2.708e+03	0	0.000e+00
30121	2.708e+03	0	0.000e+00
30122	2.708e+03	0	0.000e+00
30123	2.709e+03	0	0.000e+00
30124	2.709e+03	1	2.890e-05
30125	2.709e+03	0	0.000e+00
30126	2.709e+03	0	0.000e+00
30127	2.709e+03	0	0.000e+00
30128	2.709e+03	0	0.000e+00
30129	2.709e+03	0	0.000e+00
30130	2.709e+03	0	0.000e+00
30131	2.709e+03	0	0.000e+00
30132	2.709e+03	0	0.000e+00
30133	2.709e+03	0	0.000e+00
30134	2.710e+03	0	0.000e+00
30135	2.710e+03	0	0.000e+00
30136	2.710e+03	0	0.000e+00
30137	2.710e+03	0	0.000e+00
30138	2.710e+03	0	0.000e+00
30139	2.710e+03	0	0.000e+00
30140	2.710e+03	0	0.000e+00
30141	2.710e+03	0	0.000e+00
30142	2.710e+03	0	0.000e+00
30143	2.710e+03	0	0.000e+00
30144	2.710e+03	0	0.000e+00
30145	2.711e+03	0	0.000e+00
30146	2.711e+03	0	0.000e+00
30147	2.711e+03	0	0.000e+00
30148	2.711e+03	0	0.000e+00
30149	2.711e+03	0	0.000e+00
30150	2.711e+03	0	0.000e+00
30151	2.711e+03	0	0.000e+00
30152	2.711e+03	0	0.000e+00
30153	2.711e+03	0	0.000e+00
30154	2.711e+03	0	0.000e+00
30155	2.711e+03	0	0.000e+00
30156	2.712e+03	0	0.000e+00
30157	2.712e+03	0	0.000e+00
30158	2.712e+03	0	0.000e+00
30159	2.712e+03	0	0.000e+00
30160	2.712e+03	0	0.000e+00
30161	2.712e+03	0	0.000e+00
30162	2.712e+03	0	0.000e+00
30163	2.712e+03	0	0.000e+00
30164	2.712e+03	0	0.000e+00
30165	2.712e+03	0	0.000e+00
30166	2.712e+03	0	0.000e+00
30167	2.713e+03	0	0.000e+00
30168	2.713e+03	0	0.000e+00
30169	2.713e+03	0	0.000e+00
30170	2.713e+03	1	2.890e-05
30171	2.713e+03	0	0.000e+00
30172	2.713e+03	0	0.000e+00
30173	2.713e+03	0	0.000e+00
30174	2.713e+03	0	0.000e+00
30175	2.713e+03	0	0.000e+00
30176	2.713e+03	0	0.000e+00
30177	2.713e+03	0	0.000e+00
30178	2.714e+03	0	0.000e+00
30179	2.714e+03	0	0.000e+00
30180	2.714e+03	0	0.000e+00
30181	2.714e+03	0	0.000e+00
30182	2.714e+03	0	0.000e+00
30183	2.714e+03	0	0.000e+00
30184	2.714e+03	0	0.000e+00
30185	2.714e+03	0	0.000e+00
30186	2.714e+03	0	0.000e+00
30187	2.714e+03	0	0.000e+00
30188	2.714e+03	0	0.000e+00
30189	2.715e+03	0	0.000e+00
30190	2.715e+03	0	0.000e+00
30191	2.715e+03	0	0.000e+00
30192	2.715e+03	0	0.000e+00
30193	2.715e+03	0	0.000e+00
30194	2.715e+03	0	0.000e+00
30195	2.715e+03	0	0.000e+00
30196	2.715e+03	0	0.000e+00
30197	2.715e+03	0	0.000e+00
30198	2.715e+03	0	0.000e+00
30199	2.715e+03	0	0.000e+00
30200	2.715e+03	0	0.000e+00
30201	2.716e+03	0	0.000e+00
30202	2.716e+03	0	0.000e+00
30203	2.716e+03	0	0.000e+00
30204	2.716e+03	0	0.000e+00
30205	2.716e+03	0	0.000e+00
30206	2.716e+03	0	0.000e+00
30207	2.716e+03	1	2.890e-05
30208	2.716e+03	0	0.000e+00
30209	2.716e+03	0	0.000e+00
30210	2.716e+03	0	0.000e+00
30211	2.716e+03	0	0.000e+00
30212	2.717e+03	0	0.000e+00
30213	2.717e+03	0	0.000e+00
30214	2.717e+03	1	2.890e-05
30215	2.717e+03	0	0.000e+00
30216	2.717e+03	0	0.000e+00
30217	2.717e+03	0	0.000e+00
30218	2.717e+03	0	0.000e+00
30219	2.717e+03	0	0.000e+00
30220	2.717e+03	0	0.000e+00
30221	2.717e+03	0	0.000e+00
30222	2.717e+03	0	0.000e+00
30223	2.718e+03	0	0.000e+00
30224	2.718e+03	0	0.000e+00
30225	2.718e+03	0	0.000e+00
30226	2.718e+03	0	0.000e+00
30227	2.718e+03	0	0.000e+00
30228	2.718e+03	0	0.000e+00
30229	2.718e+03	0	0.000e+00
30230	2.718e+03	0	0.000e+00
30231	2.718e+03	0	0.000e+00
30232	2.718e+03	0	0.000e+00
30233	2.718e+03	0	0.000e+00
30234	2.719e+03	0	0.000e+00
30235	2.719e+03	0	0.000e+00
30236	2.719e+03	0	0.000e+00
30237	2.719e+03	0	0.000e+00
30238	2.719e+03	0	0.000e+00
30239	2.719e+03	1	2.890e-05
30240	2.719e+03	0	0.000e+00
30241	2.719e+03	0	0.000e+00
30242	2.719e+03	0	0.000e+00
30243	2.719e+03	0	0.000e+00
30244	2.719e+03	0	0.000e+00
30245	2.720e+03	0	0.000e+00
30246	2.720e+03	0	0.000e+00
30247	2.720e+03	0	0.000e+00
30248	2.720e+03	0	0.000e+00
30249	2.720e+03	0	0.000e+00
30250	2.720e+03	0	0.000e+00
30251	2.720e+03	0	0.000e+00
30252	2.720e+03	0	0.000e+00
30253	2.720e+03	1	2.890e-05
30254	2.720e+03	0	0.000e+00
30255	2.720e+03	0	0.000e+00
30256	2.721e+03	0	0.000e+00
30257	2.721e+03	0	0.000e+00
30258	2.721e+03	0	0.000e+00
30259	2.721e+03	0	0.000e+00
30260	2.721e+03	0	0.000e+00
30261	2.721e+03	0	0.000e+00
30262	2.721e+03	0	0.000e+00
30263	2.721e+03	0	0.000e+00
30264	2.721e+03	0	0.000e+00
30265	2.721e+03	0	0.000e+00
30266	2.721e+03	0	0.000e+00
30267	2.722e+03	0	0.000e+00
30268	2.722e+03	0	0.000e+00
30269	2.722e+03	0	0.000e+00
30270	2.722e+03	0	0.000e+00
30271	2.722e+03	0	0.000e+00
30272	2.722e+03	0	0.000e+00
30273	2.722e+03	0	0.000e+00
30274	2.722e+03	0	0.000e+00
30275	2.722e+03	0	0.000e+00
30276	2.722e+03	0	0.000e+00
30277	2.722e+03	0	0.000e+00
30278	2.723e+03	0	0.000e+00
30279	2.723e+03	0	0.000e+00
30280	2.723e+03	0	0.000e+00
30281	2.723e+03	0	0.000e+00
30282	2.723e+03	0	0.000e+00
30283	2.723e+03	0	0.000e+00
30284	2.723e+03	0	0.000e+00
30285	2.723e+03	0	0.000e+00
30286	2.723e+03	0	0.000e+00
30287	2.723e+03	0	0.000e+00
30288	2.723e+03	0	0.000e+00
30289	2.723e+03	0	0.000e+00
30290	2.724e+03	0	0.000e+00
30291	2.724e+03	0	0.000e+00
30292	2.724e+03	0	0.000e+00
30293	2.724e+03	0	0.000e+00
30294	2.724e+03	0	0.000e+00
30295	2.724e+03	0	0.000e+00
30296	2.724e+03	0	0.000e+00
30297	2.724e+03	0	0.000e+00
30298	2.724e+03	0	0.000e+00
30299	2.724e+03	0	0.000e+00
30300	2.724e+03	0	0.000e+00
30301	2.725e+03	0	0.000e+00
30302	2.725e+03	0	0.000e+00
30303	2.725e+03	0	0.000e+00
30304	2.725e+03	0	0.000e+00
30305	2.725e+03	0	0.000e+00
30306	2.725e+03	0	0.000e+00
30307	2.725e+03	0	0.000e+00
30308	2.725e+03	1	2.890e-05
30309	2.725e+03	0	0.000e+00
30310	2.725e+03	0	0.000e+00
30311	2.725e+03	0	0.000e+00
30312	2.726e+03	0	0.000e+00
30313	2.726e+03	0	0.000e+00
30314	2.726e+03	0	0.000e+00
30315	2.726e+03	0	0.000e+00
30316	2.726e+03	0	0.000e+00
30317	2.726e+03	0	0.000e+00
30318	2.726e+03	1	2.890e-05
30319	2.726e+03	0	0.000e+00
30320	2.726e+03	0	0.000e+00
30321	2.726e+03	0	0.000e+00
30322	2.726e+03	0	0.000e+00
30323	2.727e+03	0	0.000e+00
30324	2.727e+03	0	0.000e+00
30325	2.727e+03	1	2.890e-05
30326	2.727e+03	0	0.000e+00
30327	2.727e+03	0	0.000e+00
30328	2.727e+03	0	0.000e+00
30329	2.727e+03	0	0.000e+00
30330	2.727e+03	0	0.000e+00
30331	2.727e+03	0	0.000e+00
30332	2.727e+03	0	0.000e+00
30333	2.727e+03	1	2.890e-05
30334	2.728e+03	0	0.000e+00
30335	2.728e+03	0	0.000e+00
30336	2.728e+03	0	0.000e+00
30337	2.728e+03	0	0.000e+00
30338	2.728e+03	0	0.000e+00
30339	2.728e+03	0	0.000e+00
30340	2.728e+03	0	0.000e+00
30341	2.728e+03	0	0.000e+00
30342	2.728e+03	0	0.000e+00
30343	2.728e+03	0	0.000e+00
30344	2.728e+03	0	0.000e+00
30345	2.729e+03	0	0.000e+00
30346	2.729e+03	0	0.000e+00
30347	2.729e+03	0	0.000e+00
30348	2.729e+03	0	0.000e+00
30349	2.729e+03	0	0.000e+00
30350	2.729e+03	0	0.000e+00
30351	2.729e+03	0	0.000e+00
30352	2.729e+03	0	0.000e+00
30353	2.729e+03	1	2.890e-05
30354	2.729e+03	0	0.000e+00
30355	2.729e+03	0	0.000e+00
30356	2.730e+03	1	2.890e-05
30357	2.730e+03	0	0.000e+00
30358	2.730e+03	1	2.890e-05
30359	2.730e+03	0	0.000e+00
30360	2.730e+03	0	0.000e+00
30361	2.730e+03	0	0.000e+00
30362	2.730e+03	0	0.000e+00
30363	2.730e+03	0	0.000e+00
30364	2.730e+03	0	0.000e+00
30365	2.730e+03	0	0.000e+00
30366	2.730e+03	1	2.890e-05
30367	2.731e+03	0	0.000e+00
30368	2.731e+03	0	0.000e+00
30369	2.731e+03	0	0.000e+00
30370	2.731e+03	0	0.000e+00
30371	2.731e+03	0	0.000e+00
30372	2.731e+03	0	0.000e+00
30373	2.731e+03	0	0.000e+00
30374	2.731e+03	0	0.000e+00
30375	2.731e+03	0	0.000e+00
30376	2.731e+03	0	0.000e+00
30377	2.731e+03	1	2.890e-05
30378	2.732e+03	0	0.000e+00
30379	2.732e+03	0	0.000e+00
30380	2.732e+03	0	0.000e+00
30381	2.732e+03	0	0.000e+00
30382	2.732e+03	0	0.000e+00
30383	2.732e+03	0	0.000e+00
30384	2.732e+03	0	0.000e+00
30385	2.732e+03	0	0.000e+00
30386	2.732e+03	0	0.000e+00
30387	2.732e+03	0	0.000e+00
30388	2.732e+03	0	0.000e+00
30389	2.732e+03	0	0.000e+00
30390	2.733e+03	0	0.000e+00
30391	2.733e+03	0	0.000e+00
30392	2.733e+03	0	0.000e+00
30393	2.733e+03	0	0.000e+00
30394	2.733e+03	1	2.890e-05
30395	2.733e+03	1	2.890e-05
30396	2.733e+03	0	0.000e+00
30397	2.733e+03	0	0.000e+00
30398	2.733e+03	1	2.890e-05
30399	2.733e+03	0	0.000e+00
30400	2.733e+03	0	0.000e+00
30401	2.734e+03	0	0.000e+00
30402	2.734e+03	0	0.000e+00
30403	2.734e+03	0	0.000e+00
30404	2.734e+03	0	0.000e+00
30405	2.734e+03	0	0.000e+00
30406	2.734e+03	0	0.000e+00
30407	2.734e+03	0	0.000e+00
30408	2.734e+03	0	0.000e+00
30409	2.734e+03	0	0.000e+00
30410	2.734e+03	0	0.000e+00
30411	2.734e+03	0	0.000e+00
30412	2.735e+03	0	0.000e+00
30413	2.735e+03	0	0.000e+00
30414	2.735e+03	0	0.000e+00
30415	2.735e+03	0	0.000e+00
30416	2.735e+03	0	0.000e+00
30417	2.735e+03	0	0.000e+00
30418	2.735e+03	0	0.000e+00
30419	2.735e+03	0	0.000e+00
30420	2.735e+03	0	0.000e+00
30421	2.735e+03	0	0.000e+00
30422	2.735e+03	1	2.890e-05
30423	2.736e+03	0	0.000e+00
30424	2.736e+03	0	0.000e+00
30425	2.736e+03	0	0.000e+00
30426	2.736e+03	0	0.000e+00
30427	2.736e+03	0	0.000e+00
30428	2.736e+03	0	0.000e+00
30429	2.736e+03	0	0.000e+00
30430	2.736e+03	0	0.000e+00
30431	2.736e+03	0	0.000e+00
30432	2.736e+03	1	2.890e-05
30433	2.736e+03	0	0.000e+00
30434	2.737e+03	0	0.000e+00
30435	2.737e+03	0	0.000e+00
30436	2.737e+03	0	0.000e+00
30437	2.737e+03	0	0.000e+00
30438	2.737e+03	0	0.000e+00
30439	2.737e+03	0	0.000e+00
30440	2.737e+03	0	0.000e+00
30441	2.737e+03	0	0.000e+00
30442	2.737e+03	1	2.890e-05
30443	2.737e+03	1	2.890e-05
30444	2.737e+03	0	0.000e+00
30445	2.738e+03	1	2.890e-05
30446	2.738e+03	0	0.000e+00
30447	2.738e+03	0	0.000e+00
30448	2.738e+03	0	0.000e+00
30449	2.738e+03	0	0.000e+00
30450	2.738e+03	1	2.890e-05
30451	2.738e+03	0	0.000e+00
30452	2.738e+03	0	0.000e+00
30453	2.738e+03	0	0.000e+00
30454	2.738e+03	0	0.000e+00
30455	2.738e+03	0	0.000e+00
30456	2.739e+03	0	0.000e+00
30457	2.739e+03	0	0.000e+00
30458	2.739e+03	0	0.000e+00
30459	2.739e+03	0	0.000e+00
30460	2.739e+03	0	0.000e+00
30461	2.739e+03	1	2.890e-05
30462	2.739e+03	0	0.000e+00
30463	2.739e+03	0	0.000e+00
30464	2.739e+03	0	0.000e+00
30465	2.739e+03	0	0.000e+00
30466	2.739e+03	0	0.000e+00
30467	2.740e+03	0	0.000e+00
30468	2.740e+03	0	0.000e+00
30469	2.740e+03	0	0.000e+00
30470	2.740e+03	0	0.000e+00
30471	2.740e+03	0	0.000e+00
30472	2.740e+03	1	2.890e-05
30473	2.740e+03	0	0.000e+00
30474	2.740e+03	0	0.000e+00
30475	2.740e+03	1	2.890e-05
30476	2.740e+03	0	0.000e+00
30477	2.740e+03	1	2.890e-05
30478	2.740e+03	0	0.000e+00
30479	2.741e+03	0	0.000e+00
30480	2.741e+03	0	0.000e+00
30481	2.741e+03	1	2.890e-05
30482	2.741e+03	0	0.000e+00
30483	2.741e+03	0	0.000e+00
30484	2.741e+03	0	0.000e+00
30485	2.741e+03	0	0.000e+00
30486	2.741e+03	1	2.890e-05
30487	2.741e+03	0	0.000e+00
30488	2.741e+03	0	0.000e+00
30489	2.741e+03	0	0.000e+00
30490	2.742e+03	0	0.000e+00
30491	2.742e+03	0	0.000e+00
30492	2.742e+03	0	0.000e+00
30493	2.742e+03	2	5.780e-05
30494	2.742e+03	0	0.000e+00
30495	2.742e+03	0	0.000e+00
30496	2.742e+03	0	0.000e+00
30497	2.742e+03	0	0.000e+00
30498	2.742e+03	0	0.000e+00
30499	2.742e+03	1	2.890e-05
30500	2.742e+03	0	0.000e+00
30501	2.743e+03	0	0.000e+00
30502	2.743e+03	0	0.000e+00
30503	2.743e+03	0	0.000e+00
30504	2.743e+03	0	0.000e+00
30505	2.743e+03	0	0.000e+00
30506	2.743e+03	0	0.000e+00
30507	2.743e+03	0	0.000e+00
30508	2.743e+03	0	0.000e+00
30509	2.743e+03	0	0.000e+00
30510	2.743e+03	1	2.890e-05
30511	2.743e+03	0	0.000e+00
30512	2.744e+03	0	0.000e+00
30513	2.744e+03	0	0.000e+00
30514	2.744e+03	0	0.000e+00
30515	2.744e+03	0	0.000e+00
30516	2.744e+03	0	0.000e+00
30517	2.744e+03	0	0.000e+00
30518	2.744e+03	0	0.000e+00
30519	2.744e+03	0	0.000e+00
30520	2.744e+03	0	0.000e+00
30521	2.744e+03	0	0.000e+00
30522	2.744e+03	2	5.780e-05
30523	2.745e+03	0	0.000e+00
30524	2.745e+03	0	0.000e+00
30525	2.745e+03	0	0.000e+00
30526	2.745e+03	0	0.000e+00
30527	2.745e+03	0	0.000e+00
30528	2.745e+03	0	0.000e+00
30529	2.745e+03	0	0.000e+00
30530	2.745e+03	0	0.000e+00
30531	2.745e+03	0	0.000e+00
30532	2.745e+03	0	0.000e+00
30533	2.745e+03	0	0.000e+00
30534	2.746e+03	0	0.000e+00
30535	2.746e+03	0	0.000e+00
30536	2.746e+03	0	0.000e+00
30537	2.746e+03	0	0.000e+00
30538	2.746e+03	0	0.000e+00
30539	2.746e+03	0	0.000e+00
30540	2.746e+03	0	0.000e+00
30541	2.746e+03	2	5.780e-05
30542	2.746e+03	0	0.000e+00
30543	2.746e+03	0	0.000e+00
30544	2.746e+03	1	2.890e-05
30545	2.747e+03	0	0.000e+00
30546	2.747e+03	0	0.000e+00
30547	2.747e+03	0	0.000e+00
30548	2.747e+03	0	0.000e+00
30549	2.747e+03	0	0.000e+00
30550	2.747e+03	0	0.000e+00
30551	2.747e+03	0	0.000e+00
30552	2.747e+03	0	0.000e+00
30553	2.747e+03	0	0.000e+00
30554	2.747e+03	1	2.890e-05
30555	2.747e+03	0	0.000e+00
30556	2.748e+03	0	0.000e+00
30557	2.748e+03	0	0.000e+00
30558	2.748e+03	0	0.000e+00
30559	2.748e+03	1	2.890e-05
30560	2.748e+03	0	0.000e+00
30561	2.748e+03	1	2.890e-05
30562	2.748e+03	0	0.000e+00
30563	2.748e+03	0	0.000e+00
30564	2.748e+03	0	0.000e+00
30565	2.748e+03	0	0.000e+00
30566	2.748e+03	1	2.890e-05
30567	2.748e+03	0	0.000e+00
30568	2.749e+03	0	0.000e+00
30569	2.749e+03	0	0.000e+00
30570	2.749e+03	0	0.000e+00
30571	2.749e+03	0	0.000e+00
30572	2.749e+03	0	0.000e+00
30573	2.749e+03	0	0.000e+00
30574	2.749e+03	0	0.000e+00
30575	2.749e+03	0	0.000e+00
30576	2.749e+03	0	0.000e+00
30577	2.749e+03	0	0.000e+00
30578	2.749e+03	0	0.000e+00
30579	2.750e+03	0	0.000e+00
30580	2.750e+03	0	0.000e+00
30581	2.750e+03	0	0.000e+00
30582	2.750e+03	0	0.000e+00
30583	2.750e+03	0	0.000e+00
30584	2.750e+03	0	0.000e+00
30585	2.750e+03	0	0.000e+00
30586	2.750e+03	0	0.000e+00
30587	2.750e+03	0	0.000e+00
30588	2.750e+03	0	0.000e+00
30589	2.750e+03	0	0.000e+00
30590	2.751e+03	0	0.000e+00
30591	2.751e+03	0	0.000e+00
30592	2.751e+03	0	0.000e+00
30593	2.751e+03	0	0.000e+00
30594	2.751e+03	0	0.000e+00
30595	2.751e+03	0	0.000e+00
30596	2.751e+03	0	0.000e+00
30597	2.751e+03	0	0.000e+00
30598	2.751e+03	0	0.000e+00
30599	2.751e+03	0	0.000e+00
30600	2.751e+03	0	0.000e+00
30601	2.752e+03	0	0.000e+00
30602	2.752e+03	1	2.890e-05
30603	2.752e+03	0	0.000e+00
30604	2.752e+03	0	0.000e+00
30605	2.752e+03	0	0.000e+00
30606	2.752e+03	0	0.000e+00
30607	2.752e+03	2	5.780e-05
30608	2.752e+03	0	0.000e+00
30609	2.752e+03	0	0.000e+00
30610	2.752e+03	1	2.890e-05
30611	2.752e+03	0	0.000e+00
30612	2.753e+03	0	0.000e+00
30613	2.753e+03	0	0.000e+00
30614	2.753e+03	0	0.000e+00
30615	2.753e+03	0	0.000e+00
30616	2.753e+03	0	0.000e+00
30617	2.753e+03	0	0.000e+00
30618	2.753e+03	0	0.000e+00
30619	2.753e+03	0	0.000e+00
30620	2.753e+03	0	0.000e+00
30621	2.753e+03	0	0.000e+00
30622	2.753e+03	0	0.000e+00
30623	2.754e+03	0	0.000e+00
30624	2.754e+03	0	0.000e+00
30625	2.754e+03	0	0.000e+00
30626	2.754e+03	0	0.000e+00
30627	2.754e+03	0	0.000e+00
30628	2.754e+03	0	0.000e+00
30629	2.754e+03	0	0.000e+00
30630	2.754e+03	0	0.000e+00
30631	2.754e+03	0	0.000e+00
30632	2.754e+03	0	0.000e+00
30633	2.754e+03	1	2.890e-05
30634	2.755e+03	0	0.000e+00
30635	2.755e+03	0	0.000e+00
30636	2.755e+03	0	0.000e+00
30637	2.755e+03	0	0.000e+00
30638	2.755e+03	0	0.000e+00
30639	2.755e+03	0	0.000e+00
30640	2.755e+03	0	0.000e+00
30641	2.755e+03	0	0.000e+00
30642	2.755e+03	0	0.000e+00
30643	2.755e+03	0	0.000e+00
30644	2.755e+03	0	0.000e+00
30645	2.756e+03	0	0.000e+00
30646	2.756e+03	0	0.000e+00
30647	2.756e+03	0	0.000e+00
30648	2.756e+03	0	0.000e+00
30649	2.756e+03	0	0.000e+00
30650	2.756e+03	0	0.000e+00
30651	2.756e+03	0	0.000e+00
30652	2.756e+03	0	0.000e+00
30653	2.756e+03	0	0.000e+00
30654	2.756e+03	0	0.000e+00
30655	2.756e+03	0	0.000e+00
30656	2.756e+03	0	0.000e+00
30657	2.757e+03	0	0.000e+00
30658	2.757e+03	0	0.000e+00
30659	2.757e+03	0	0.000e+00
30660	2.757e+03	0	0.000e+00
30661	2.757e+03	0	0.000e+00
30662	2.757e+03	0	0.000e+00
30663	2.757e+03	0	0.000e+00
30664	2.757e+03	0	0.000e+00
30665	2.757e+03	0	0.000e+00
30666	2.757e+03	0	0.000e+00
30667	2.757e+03	0	0.000e+00
30668	2.758e+03	0	0.000e+00
30669	2.758e+03	0	0.000e+00
30670	2.758e+03	0	0.000e+00
30671	2.758e+03	0	0.000e+00
30672	2.758e+03	0	0.000e+00
30673	2.758e+03	0	0.000e+00
30674	2.758e+03	0	0.000e+00
30675	2.758e+03	0	0.000e+00
30676	2.758e+03	0	0.000e+00
30677	2.758e+03	1	2.890e-05
30678	2.758e+03	0	0.000e+00
30679	2.759e+03	0	0.000e+00
30680	2.759e+03	0	0.000e+00
30681	2.759e+03	0	0.000e+00
30682	2.759e+03	0	0.000e+00
30683	2.759e+03	0	0.000e+00
30684	2.759e+03	1	2.890e-05
30685	2.759e+03	0	0.000e+00
30686	2.759e+03	0	0.000e+00
30687	2.759e+03	0	0.000e+00
30688	2.759e+03	0	0.000e+00
30689	2.759e+03	0	0.000e+00
30690	2.760e+03	0	0.000e+00
30691	2.760e+03	0	0.000e+00
30692	2.760e+03	0	0.000e+00
30693	2.760e+03	1	2.890e-05
30694	2.760e+03	0	0.000e+00
30695	2.760e+03	0	0.000e+00
30696	2.760e+03	0	0.000e+00
30697	2.760e+03	0	0.000e+00
30698	2.760e+03	0	0.000e+00
30699	2.760e+03	0	0.000e+00
30700	2.760e+03	0	0.000e+00
30701	2.761e+03	0	0.000e+00
30702	2.761e+03	0	0.000e+00
30703	2.761e+03	0	0.000e+00
30704	2.761e+03	0	0.000e+00
30705	2.761e+03	1	2.890e-05
30706	2.761e+03	0	0.000e+00
30707	2.761e+03	0	0.000e+00
30708	2.761e+03	0	0.000e+00
30709	2.761e+03	0	0.000e+00
30710	2.761e+03	0	0.000e+00
30711	2.761e+03	0	0.000e+00
30712	2.762e+03	0	0.000e+00
30713	2.762e+03	0	0.000e+00
30714	2.762e+03	0	0.000e+00
30715	2.762e+03	0	0.000e+00
30716	2.762e+03	0	0.000e+00
30717	2.762e+03	0	0.000e+00
30718	2.762e+03	0	0.000e+00
30719	2.762e+03	0	0.000e+00
30720	2.762e+03	0	0.000e+00
30721	2.762e+03	0	0.000e+00
30722	2.762e+03	0	0.000e+00
30723	2.763e+03	0	0.000e+00
30724	2.763e+03	0	0.000e+00
30725	2.763e+03	0	0.000e+00
30726	2.763e+03	0	0.000e+00
30727	2.763e+03	0	0.000e+00
30728	2.763e+03	0	0.000e+00
30729	2.763e+03	0	0.000e+00
30730	2.763e+03	0	0.000e+00
30731	2.763e+03	0	0.000e+00
30732	2.763e+03	0	0.000e+00
30733	2.763e+03	0	0.000e+00
30734	2.764e+03	0	0.000e+00
30735	2.764e+03	0	0.000e+00
30736	2.764e+03	0	0.000e+00
30737	2.764e+03	0	0.000e+00
30738	2.764e+03	0	0.000e+00
30739	2.764e+03	0	0.000e+00
30740	2.764e+03	0	0.000e+00
30741	2.764e+03	0	0.000e+00
30742	2.764e+03	0	0.000e+00
30743	2.764e+03	0	0.000e+00
30744	2.764e+03	0	0.000e+00
30745	2.765e+03	0	0.000e+00
30746	2.765e+03	0	0.000e+00
30747	2.765e+03	0	0.000e+00
30748	2.765e+03	0	0.000e+00
30749	2.765e+03	0	0.000e+00
30750	2.765e+03	0	0.000e+00
30751	2.765e+03	1	2.890e-05
30752	2.765e+03	0	0.000e+00
30753	2.765e+03	0	0.000e+00
30754	2.765e+03	0	0.000e+00
30755	2.765e+03	0	0.000e+00
30756	2.765e+03	0	0.000e+00
30757	2.766e+03	0	0.000e+00
30758	2.766e+03	0	0.000e+00
30759	2.766e+03	0	0.000e+00
30760	2.766e+03	0	0.000e+00
30761	2.766e+03	0	0.000e+00
30762	2.766e+03	0	0.000e+00
30763	2.766e+03	0	0.000e+00
30764	2.766e+03	0	0.000e+00
30765	2.766e+03	0	0.000e+00
30766	2.766e+03	0	0.000e+00
30767	2.766e+03	0	0.000e+00
30768	2.767e+03	1	2.890e-05
30769	2.767e+03	0	0.000e+00
30770	2.767e+03	0	0.000e+00
30771	2.767e+03	0	0.000e+00
30772	2.767e+03	0	0.000e+00
30773	2.767e+03	0	0.000e+00
30774	2.767e+03	1	2.890e-05
30775	2.767e+03	0	0.000e+00
30776	2.767e+03	0	0.000e+00
30777	2.767e+03	0	0.000e+00
30778	2.767e+03	0	0.000e+00
30779	2.768e+03	1	2.890e-05
30780	2.768e+03	0	0.000e+00
30781	2.768e+03	0	0.000e+00
30782	2.768e+03	0	0.000e+00
30783	2.768e+03	0	0.000e+00
30784	2.768e+03	0	0.000e+00
30785	2.768e+03	0	0.000e+00
30786	2.768e+03	0	0.000e+00
30787	2.768e+03	0	0.000e+00
30788	2.768e+03	0	0.000e+00
30789	2.768e+03	0	0.000e+00
30790	2.769e+03	0	0.000e+00
30791	2.769e+03	0	0.000e+00
30792	2.769e+03	0	0.000e+00
30793	2.769e+03	0	0.000e+00
30794	2.769e+03	0	0.000e+00
30795	2.769e+03	0	0.000e+00
30796	2.769e+03	0	0.000e+00
30797	2.769e+03	0	0.000e+00
30798	2.769e+03	0	0.000e+00
30799	2.769e+03	0	0.000e+00
30800	2.769e+03	0	0.000e+00
30801	2.770e+03	0	0.000e+00
30802	2.770e+03	0	0.000e+00
30803	2.770e+03	0	0.000e+00
30804	2.770e+03	1	2.890e-05
30805	2.770e+03	0	0.000e+00
30806	2.770e+03	1	2.890e-05
30807	2.770e+03	0	0.000e+00
30808	2.770e+03	0	0.000e+00
30809	2.770e+03	0	0.000e+00
30810	2.770e+03	0	0.000e+00
30811	2.770e+03	0	0.000e+00
30812	2.771e+03	0	0.000e+00
30813	2.771e+03	0	0.000e+00
30814	2.771e+03	0	0.000e+00
30815	2.771e+03	0	0.000e+00
30816	2.771e+03	0	0.000e+00
30817	2.771e+03	0	0.000e+00
30818	2.771e+03	0	0.000e+00
30819	2.771e+03	0	0.000e+00
30820	2.771e+03	0	0.000e+00
30821	2.771e+03	0	0.000e+00
30822	2.771e+03	0	0.000e+00
30823	2.772e+03	0	0.000e+00
30824	2.772e+03	0	0.000e+00
30825	2.772e+03	0	0.000e+00
30826	2.772e+03	0	0.000e+00
30827	2.772e+03	0	0.000e+00
30828	2.772e+03	0	0.000e+00
30829	2.772e+03	1	2.890e-05
30830	2.772e+03	0	0.000e+00
30831	2.772e+03	0	0.000e+00
30832	2.772e+03	0	0.000e+00
30833	2.772e+03	0	0.000e+00
30834	2.773e+03	0	0.000e+00
30835	2.773e+03	0	0.000e+00
30836	2.773e+03	0	0.000e+00
30837	2.773e+03	0	0.000e+00
30838	2.773e+03	1	2.890e-05
30839	2.773e+03	0	0.000e+00
30840	2.773e+03	2	5.780e-05
30841	2.773e+03	0	0.000e+00
30842	2.773e+03	0	0.000e+00
30843	2.773e+03	0	0.000e+00
30844	2.773e+03	0	0.000e+00
30845	2.773e+03	0	0.000e+00
30846	2.774e+03	0	0.000e+00
30847	2.774e+03	0	0.000e+00
30848	2.774e+03	0	0.000e+00
30849	2.774e+03	0	0.000e+00
30850	2.774e+03	0	0.000e+00
30851	2.774e+03	0	0.000e+00
30852	2.774e+03	0	0.000e+00
30853	2.774e+03	0	0.000e+00
30854	2.774e+03	0	0.000e+00
30855	2.774e+03	0	0.000e+00
30856	2.774e+03	0	0.000e+00
30857	2.775e+03	0	0.000e+00
30858	2.775e+03	0	0.000e+00
30859	2.775e+03	0	0.000e+00
30860	2.775e+03	0	0.000e+00
30861	2.775e+03	0	0.000e+00
30862	2.775e+03	0	0.000e+00
30863	2.775e+03	0	0.000e+00
30864	2.775e+03	0	0.000e+00
30865	2.775e+03	0	0.000e+00
30866	2.775e+03	0	0.000e+00
30867	2.775e+03	0	0.000e+00
30868	2.776e+03	0	0.000e+00
30869	2.776e+03	0	0.000e+00
30870	2.776e+03	0	0.000e+00
30871	2.776e+03	0	0.000e+00
30872	2.776e+03	0	0.000e+00
30873	2.776e+03	0	0.000e+00
30874	2.776e+03	0	0.000e+00
30875	2.776e+03	0	0.000e+00
30876	2.776e+03	0	0.000e+00
30877	2.776e+03	0	0.000e+00
30878	2.776e+03	0	0.000e+00
30879	2.777e+03	0	0.000e+00
30880	2.777e+03	0	0.000e+00
30881	2.777e+03	0	0.000e+00
30882	2.777e+03	0	0.000e+00
30883	2.777e+03	0	0.000e+00
30884	2.777e+03	0	0.000e+00
30885	2.777e+03	0	0.000e+00
30886	2.777e+03	0	0.000e+00
30887	2.777e+03	0	0.000e+00
30888	2.777e+03	0	0.000e+00
30889	2.777e+03	0	0.000e+00
30890	2.778e+03	0	0.000e+00
30891	2.778e+03	0	0.000e+00
30892	2.778e+03	0	0.000e+00
30893	2.778e+03	0	0.000e+00
30894	2.778e+03	0	0.000e+00
30895	2.778e+03	0	0.000e+00
30896	2.778e+03	0	0.000e+00
30897	2.778e+03	0	0.000e+00
30898	2.778e+03	0	0.000e+00
30899	2.778e+03	0	0.000e+00
30900	2.778e+03	0	0.000e+00
30901	2.779e+03	0	0.000e+00
30902	2.779e+03	0	0.000e+00
30903	2.779e+03	0	0.000e+00
30904	2.779e+03	1	2.890e-05
30905	2.779e+03	0	0.000e+00
30906	2.779e+03	0	0.000e+00
30907	2.779e+03	0	0.000e+00
30908	2.779e+03	0	0.000e+00
30909	2.779e+03	0	0.000e+00
30910	2.779e+03	0	0.000e+00
30911	2.779e+03	0	0.000e+00
30912	2.780e+03	0	0.000e+00
30913	2.780e+03	0	0.000e+00
30914	2.780e+03	0	0.000e+00
30915	2.780e+03	0	0.000e+00
30916	2.780e+03	0	0.000e+00
30917	2.780e+03	0	0.000e+00
30918	2.780e+03	0	0.000e+00
30919	2.780e+03	1	2.890e-05
30920	2.780e+03	0	0.000e+00
30921	2.780e+03	0	0.000e+00
30922	2.780e+03	0	0.000e+00
30923	2.781e+03	0	0.000e+00
30924	2.781e+03	0	0.000e+00
30925	2.781e+03	0	0.000e+00
30926	2.781e+03	0	0.000e+00
30927	2.781e+03	0	0.000e+00
30928	2.781e+03	0	0.000e+00
30929	2.781e+03	0	0.000e+00
30930	2.781e+03	0	0.000e+00
30931	2.781e+03	0	0.000e+00
30932	2.781e+03	0	0.000e+00
30933	2.781e+03	0	0.000e+00
30934	2.781e+03	0	0.000e+00
30935	2.782e+03	0	0.000e+00
30936	2.782e+03	0	0.000e+00
30937	2.782e+03	0	0.000e+00
30938	2.782e+03	0	0.000e+00
30939	2.782e+03	0	0.000e+00
30940	2.782e+03	0	0.000e+00
30941	2.782e+03	0	0.000e+00
30942	2.782e+03	0	0.000e+00
30943	2.782e+03	0	0.000e+00
30944	2.782e+03	0	0.000e+00
30945	2.782e+03	0	0.000e+00
30946	2.783e+03	0	0.000e+00
30947	2.783e+03	0	0.000e+00
30948	2.783e+03	0	0.000e+00
30949	2.783e+03	0	0.000e+00
30950	2.783e+03	0	0.000e+00
30951	2.783e+03	0	0.000e+00
30952	2.783e+03	0	0.000e+00
30953	2.783e+03	0	0.000e+00
30954	2.783e+03	0	0.000e+00
30955	2.783e+03	0	0.000e+00
30956	2.783e+03	0	0.000e+00
30957	2.784e+03	0	0.000e+00
30958	2.784e+03	0	0.000e+00
30959	2.784e+03	0	0.000e+00
30960	2.784e+03	0	0.000e+00
30961	2.784e+03	0	0.000e+00
30962	2.784e+03	0	0.000e+00
30963	2.784e+03	0	0.000e+00
30964	2.784e+03	0	0.000e+00
30965	2.784e+03	0	0.000e+00
30966	2.784e+03	0	0.000e+00
30967	2.784e+03	0	0.000e+00
30968	2.785e+03	0	0.000e+00
30969	2.785e+03	0	0.000e+00
30970	2.785e+03	0	0.000e+00
30971	2.785e+03	0	0.000e+00
30972	2.785e+03	0	0.000e+00
30973	2.785e+03	0	0.000e+00
30974	2.785e+03	1	2.890e-05
30975	2.785e+03	0	0.000e+00
30976	2.785e+03	0	0.000e+00
30977	2.785e+03	0	0.000e+00
30978	2.785e+03	0	0.000e+00
30979	2.786e+03	0	0.000e+00
30980	2.786e+03	0	0.000e+00
30981	2.786e+03	0	0.000e+00
30982	2.786e+03	0	0.000e+00
30983	2.786e+03	0	0.000e+00
30984	2.786e+03	0	0.000e+00
30985	2.786e+03	0	0.000e+00
30986	2.786e+03	0	0.000e+00
30987	2.786e+03	0	0.000e+00
30988	2.786e+03	0	0.000e+00
30989	2.786e+03	0	0.000e+00
30990	2.787e+03	0	0.000e+00
30991	2.787e+03	0	0.000e+00
30992	2.787e+03	0	0.000e+00
30993	2.787e+03	0	0.000e+00
30994	2.787e+03	0	0.000e+00
30995	2.787e+03	0	0.000e+00
30996	2.787e+03	0	0.000e+00
30997	2.787e+03	0	0.000e+00
30998	2.787e+03	0	0.000e+00
30999	2.787e+03	0	0.000e+00
31000	2.787e+03	0	0.000e+00
31001	2.788e+03	0	0.000e+00
31002	2.788e+03	0	0.000e+00
31003	2.788e+03	0	0.000e+00
31004	2.788e+03	0	0.000e+00
31005	2.788e+03	0	0.000e+00
31006	2.788e+03	0	0.000e+00
31007	2.788e+03	0	0.000e+00
31008	2.788e+03	0	0.000e+00
31009	2.788e+03	0	0.000e+00
31010	2.788e+03	0	0.000e+00
31011	2.788e+03	0	0.000e+00
31012	2.789e+03	0	0.000e+00
31013	2.789e+03	0	0.000e+00
31014	2.789e+03	0	0.000e+00
31015	2.789e+03	0	0.000e+00
31016	2.789e+03	0	0.000e+00
31017	2.789e+03	0	0.000e+00
31018	2.789e+03	0	0.000e+00
31019	2.789e+03	0	0.000e+00
31020	2.789e+03	0	0.000e+00
31021	2.789e+03	0	0.000e+00
31022	2.789e+03	0	0.000e+00
31023	2.789e+03	0	0.000e+00
31024	2.790e+03	0	0.000e+00
31025	2.790e+03	0	0.000e+00
31026	2.790e+03	0	0.000e+00
31027	2.790e+03	0	0.000e+00
31028	2.790e+03	0	0.000e+00
31029	2.790e+03	0	0.000e+00
31030	2.790e+03	0	0.000e+00
31031	2.790e+03	0	0.000e+00
31032	2.790e+03	0	0.000e+00
31033	2.790e+03	1	2.890e-05
31034	2.790e+03	0	0.000e+00
31035	2.791e+03	0	0.000e+00
31036	2.791e+03	0	0.000e+00
31037	2.791e+03	0	0.000e+00
31038	2.791e+03	0	0.000e+00
31039	2.791e+03	0	0.000e+00
31040	2.791e+03	0	0.000e+00
31041	2.791e+03	0	0.000e+00
31042	2.791e+03	0	0.000e+00
31043	2.791e+03	0	0.000e+00
31044	2.791e+03	0	0.000e+00
31045	2.791e+03	0	0.000e+00
31046	2.792e+03	0	0.000e+00
31047	2.792e+03	0	0.000e+00
31048	2.792e+03	0	0.000e+00
31049	2.792e+03	0	0.000e+00
31050	2.792e+03	0	0.000e+00
31051	2.792e+03	0	0.000e+00
31052	2.792e+03	0	0.000e+00
31053	2.792e+03	0	0.000e+00
31054	2.792e+03	0	0.000e+00
31055	2.792e+03	0	0.000e+00
31056	2.792e+03	0	0.000e+00
31057	2.793e+03	0	0.000e+00
31058	2.793e+03	0	0.000e+00
31059	2.793e+03	0	0.000e+00
31060	2.793e+03	0	0.000e+00
31061	2.793e+03	1	2.890e-05
31062	2.793e+03	0	0.000e+00
31063	2.793e+03	0	0.000e+00
31064	2.793e+03	0	0.000e+00
31065	2.793e+03	0	0.000e+00
31066	2.793e+03	0	0.000e+00
31067	2.793e+03	0	0.000e+00
31068	2.794e+03	0	0.000e+00
31069	2.794e+03	1	2.890e-05
31070	2.794e+03	0	0.000e+00
31071	2.794e+03	0	0.000e+00
31072	2.794e+03	0	0.000e+00
31073	2.794e+03	0	0.000e+00
31074	2.794e+03	0	0.000e+00
31075	2.794e+03	0	0.000e+00
31076	2.794e+03	0	0.000e+00
31077	2.794e+03	0	0.000e+00
31078	2.794e+03	0	0.000e+00
31079	2.795e+03	0	0.000e+00
31080	2.795e+03	0	0.000e+00
31081	2.795e+03	0	0.000e+00
31082	2.795e+03	0	0.000e+00
31083	2.795e+03	0	0.000e+00
31084	2.795e+03	0	0.000e+00
31085	2.795e+03	0	0.000e+00
31086	2.795e+03	0	0.000e+00
31087	2.795e+03	0	0.000e+00
31088	2.795e+03	0	0.000e+00
31089	2.795e+03	0	0.000e+00
31090	2.796e+03	0	0.000e+00
31091	2.796e+03	0	0.000e+00
31092	2.796e+03	0	0.000e+00
31093	2.796e+03	0	0.000e+00
31094	2.796e+03	0	0.000e+00
31095	2.796e+03	0	0.000e+00
31096	2.796e+03	0	0.000e+00
31097	2.796e+03	0	0.000e+00
31098	2.796e+03	0	0.000e+00
31099	2.796e+03	0	0.000e+00
31100	2.796e+03	0	0.000e+00
31101	2.797e+03	0	0.000e+00
31102	2.797e+03	0	0.000e+00
31103	2.797e+03	0	0.000e+00
31104	2.797e+03	0	0.000e+00
31105	2.797e+03	0	0.000e+00
31106	2.797e+03	0	0.000e+00
31107	2.797e+03	0	0.000e+00
31108	2.797e+03	0	0.000e+00
31109	2.797e+03	0	0.000e+00
31110	2.797e+03	0	0.000e+00
31111	2.797e+03	1	2.890e-05
31112	2.798e+03	0	0.000e+00
31113	2.798e+03	0	0.000e+00
31114	2.798e+03	0	0.000e+00
31115	2.798e+03	0	0.000e+00
31116	2.798e+03	0	0.000e+00
31117	2.798e+03	0	0.000e+00
31118	2.798e+03	0	0.000e+00
31119	2.798e+03	0	0.000e+00
31120	2.798e+03	1	2.890e-05
31121	2.798e+03	0	0.000e+00
31122	2.798e+03	0	0.000e+00
31123	2.798e+03	0	0.000e+00
31124	2.799e+03	0	0.000e+00
31125	2.799e+03	0	0.000e+00
31126	2.799e+03	0	0.000e+00
31127	2.799e+03	0	0.000e+00
31128	2.799e+03	1	2.890e-05
31129	2.799e+03	0	0.000e+00
31130	2.799e+03	0	0.000e+00
31131	2.799e+03	0	0.000e+00
31132	2.799e+03	0	0.000e+00
31133	2.799e+03	0	0.000e+00
31134	2.799e+03	1	2.890e-05
31135	2.800e+03	0	0.000e+00
31136	2.800e+03	0	0.000e+00
31137	2.800e+03	0	0.000e+00
31138	2.800e+03	0	0.000e+00
31139	2.800e+03	0	0.000e+00
31140	2.800e+03	0	0.000e+00
31141	2.800e+03	0	0.000e+00
31142	2.800e+03	0	0.000e+00
31143	2.800e+03	0	0.000e+00
31144	2.800e+03	0	0.000e+00
31145	2.800e+03	0	0.000e+00
31146	2.801e+03	0	0.000e+00
31147	2.801e+03	0	0.000e+00
31148	2.801e+03	0	0.000e+00
31149	2.801e+03	0	0.000e+00
31150	2.801e+03	0	0.000e+00
31151	2.801e+03	0	0.000e+00
31152	2.801e+03	0	0.000e+00
31153	2.801e+03	0	0.000e+00
31154	2.801e+03	0	0.000e+00
31155	2.801e+03	0	0.000e+00
31156	2.801e+03	0	0.000e+00
31157	2.802e+03	0	0.000e+00
31158	2.802e+03	1	2.890e-05
31159	2.802e+03	0	0.000e+00
31160	2.802e+03	0	0.000e+00
31161	2.802e+03	0	0.000e+00
31162	2.802e+03	0	0.000e+00
31163	2.802e+03	0	0.000e+00
31164	2.802e+03	0	0.000e+00
31165	2.802e+03	0	0.000e+00
31166	2.802e+03	0	0.000e+00
31167	2.802e+03	0	0.000e+00
31168	2.803e+03	0	0.000e+00
31169	2.803e+03	0	0.000e+00
31170	2.803e+03	0	0.000e+00
31171	2.803e+03	0	0.000e+00
31172	2.803e+03	0	0.000e+00
31173	2.803e+03	0	0.000e+00
31174	2.803e+03	0	0.000e+00
31175	2.803e+03	0	0.000e+00
31176	2.803e+03	0	0.000e+00
31177	2.803e+03	1	2.890e-05
31178	2.803e+03	0	0.000e+00
31179	2.804e+03	0	0.000e+00
31180	2.804e+03	1	2.890e-05
31181	2.804e+03	0	0.000e+00
31182	2.804e+03	0	0.000e+00
31183	2.804e+03	0	0.000e+00
31184	2.804e+03	0	0.000e+00
31185	2.804e+03	0	0.000e+00
31186	2.804e+03	0	0.000e+00
31187	2.804e+03	0	0.000e+00
31188	2.804e+03	0	0.000e+00
31189	2.804e+03	0	0.000e+00
31190	2.805e+03	0	0.000e+00
31191	2.805e+03	0	0.000e+00
31192	2.805e+03	0	0.000e+00
31193	2.805e+03	0	0.000e+00
31194	2.805e+03	0	0.000e+00
31195	2.805e+03	1	2.890e-05
31196	2.805e+03	0	0.000e+00
31197	2.805e+03	0	0.000e+00
31198	2.805e+03	0	0.000e+00
31199	2.805e+03	0	0.000e+00
31200	2.805e+03	0	0.000e+00
31201	2.806e+03	0	0.000e+00
31202	2.806e+03	0	0.000e+00
31203	2.806e+03	0	0.000e+00
31204	2.806e+03	0	0.000e+00
31205	2.806e+03	0	0.000e+00
31206	2.806e+03	1	2.890e-05
31207	2.806e+03	0	0.000e+00
31208	2.806e+03	0	0.000e+00
31209	2.806e+03	0	0.000e+00
31210	2.806e+03	0	0.000e+00
31211	2.806e+03	0	0.000e+00
31212	2.806e+03	0	0.000e+00
31213	2.807e+03	0	0.000e+00
31214	2.807e+03	0	0.000e+00
31215	2.807e+03	0	0.000e+00
31216	2.807e+03	0	0.000e+00
31217	2.807e+03	0	0.000e+00
31218	2.807e+03	0	0.000e+00
31219	2.807e+03	0	0.000e+00
31220	2.807e+03	0	0.000e+00
31221	2.807e+03	0	0.000e+00
31222	2.807e+03	0	0.000e+00
31223	2.807e+03	0	0.000e+00
31224	2.808e+03	1	2.890e-05
31225	2.808e+03	2	5.780e-05
31226	2.808e+03	1	2.890e-05
31227	2.808e+03	0	0.000e+00
31228	2.808e+03	0	0.000e+00
31229	2.808e+03	0	0.000e+00
31230	2.808e+03	1	2.890e-05
31231	2.808e+03	0	0.000e+00
31232	2.808e+03	0	0.000e+00
31233	2.808e+03	1	2.890e-05
31234	2.808e+03	0	0.000e+00
31235	2.809e+03	0	0.000e+00
31236	2.809e+03	0	0.000e+00
31237	2.809e+03	0	0.000e+00
31238	2.809e+03	0	0.000e+00
31239	2.809e+03	0	0.000e+00
31240	2.809e+03	0	0.000e+00
31241	2.809e+03	0	0.000e+00
31242	2.809e+03	0	0.000e+00
31243	2.809e+03	0	0.000e+00
31244	2.809e+03	0	0.000e+00
31245	2.809e+03	0	0.000e+00
31246	2.810e+03	0	0.000e+00
31247	2.810e+03	0	0.000e+00
31248	2.810e+03	0	0.000e+00
31249	2.810e+03	0	0.000e+00
31250	2.810e+03	0	0.000e+00
31251	2.810e+03	0	0.000e+00
31252	2.810e+03	0	0.000e+00
31253	2.810e+03	0	0.000e+00
31254	2.810e+03	0	0.000e+00
31255	2.810e+03	0	0.000e+00
31256	2.810e+03	0	0.000e+00
31257	2.811e+03	1	2.890e-05
31258	2.811e+03	0	0.000e+00
31259	2.811e+03	0	0.000e+00
31260	2.811e+03	0	0.000e+00
31261	2.811e+03	0	0.000e+00
31262	2.811e+03	1	2.890e-05
31263	2.811e+03	0	0.000e+00
31264	2.811e+03	0	0.000e+00
31265	2.811e+03	0	0.000e+00
31266	2.811e+03	0	0.000e+00
31267	2.811e+03	0	0.000e+00
31268	2.812e+03	0	0.000e+00
31269	2.812e+03	0	0.000e+00
31270	2.812e+03	0	0.000e+00
31271	2.812e+03	0	0.000e+00
31272	2.812e+03	0	0.000e+00
31273	2.812e+03	0	0.000e+00
31274	2.812e+03	0	0.000e+00
31275	2.812e+03	0	0.000e+00
31276	2.812e+03	0	0.000e+00
31277	2.812e+03	1	2.890e-05
31278	2.812e+03	0	0.000e+00
31279	2.813e+03	0	0.000e+00
31280	2.813e+03	0	0.000e+00
31281	2.813e+03	0	0.000e+00
31282	2.813e+03	0	0.000e+00
31283	2.813e+03	0	0.000e+00
31284	2.813e+03	0	0.000e+00
31285	2.813e+03	0	0.000e+00
31286	2.813e+03	0	0.000e+00
31287	2.813e+03	0	0.000e+00
31288	2.813e+03	0	0.000e+00
31289	2.813e+03	0	0.000e+00
31290	2.814e+03	0	0.000e+00
31291	2.814e+03	0	0.000e+00
31292	2.814e+03	0	0.000e+00
31293	2.814e+03	0	0.000e+00
31294	2.814e+03	1	2.890e-05
31295	2.814e+03	0	0.000e+00
31296	2.814e+03	0	0.000e+00
31297	2.814e+03	0	0.000e+00
31298	2.814e+03	0	0.000e+00
31299	2.814e+03	0	0.000e+00
31300	2.814e+03	0	0.000e+00
31301	2.814e+03	0	0.000e+00
31302	2.815e+03	0	0.000e+00
31303	2.815e+03	1	2.890e-05
31304	2.815e+03	0	0.000e+00
31305	2.815e+03	0	0.000e+00
31306	2.815e+03	0	0.000e+00
31307	2.815e+03	0	0.000e+00
31308	2.815e+03	0	0.000e+00
31309	2.815e+03	0	0.000e+00
31310	2.815e+03	0	0.000e+00
31311	2.815e+03	0	0.000e+00
31312	2.815e+03	0	0.000e+00
31313	2.816e+03	0	0.000e+00
31314	2.816e+03	0	0.000e+00
31315	2.816e+03	0	0.000e+00
31316	2.816e+03	0	0.000e+00
31317	2.816e+03	0	0.000e+00
31318	2.816e+03	0	0.000e+00
31319	2.816e+03	0	0.000e+00
31320	2.816e+03	0	0.000e+00
31321	2.816e+03	0	0.000e+00
31322	2.816e+03	0	0.000e+00
31323	2.816e+03	0	0.000e+00
31324	2.817e+03	0	0.000e+00
31325	2.817e+03	1	2.890e-05
31326	2.817e+03	0	0.000e+00
31327	2.817e+03	0	0.000e+00
31328	2.817e+03	0	0.000e+00
31329	2.817e+03	0	0.000e+00
31330	2.817e+03	0	0.000e+00
31331	2.817e+03	1	2.890e-05
31332	2.817e+03	0	0.000e+00
31333	2.817e+03	1	2.890e-05
31334	2.817e+03	0	0.000e+00
31335	2.818e+03	0	0.000e+00
31336	2.818e+03	0	0.000e+00
31337	2.818e+03	0	0.000e+00
31338	2.818e+03	0	0.000e+00
31339	2.818e+03	0	0.000e+00
31340	2.818e+03	0	0.000e+00
31341	2.818e+03	0	0.000e+00
31342	2.818e+03	0	0.000e+00
31343	2.818e+03	0	0.000e+00
31344	2.818e+03	0	0.000e+00
31345	2.818e+03	0	0.000e+00
31346	2.819e+03	0	0.000e+00
31347	2.819e+03	0	0.000e+00
31348	2.819e+03	0	0.000e+00
31349	2.819e+03	0	0.000e+00
31350	2.819e+03	0	0.000e+00
31351	2.819e+03	0	0.000e+00
31352	2.819e+03	0	0.000e+00
31353	2.819e+03	0	0.000e+00
31354	2.819e+03	0	0.000e+00
31355	2.819e+03	0	0.000e+00
31356	2.819e+03	0	0.000e+00
31357	2.820e+03	0	0.000e+00
31358	2.820e+03	0	0.000e+00
31359	2.820e+03	0	0.000e+00
31360	2.820e+03	0	0.000e+00
31361	2.820e+03	0	0.000e+00
31362	2.820e+03	1	2.890e-05
31363	2.820e+03	0	0.000e+00
31364	2.820e+03	0	0.000e+00
31365	2.820e+03	0	0.000e+00
31366	2.820e+03	0	0.000e+00
31367	2.820e+03	1	2.890e-05
31368	2.821e+03	0	0.000e+00
31369	2.821e+03	0	0.000e+00
31370	2.821e+03	0	0.000e+00
31371	2.821e+03	0	0.000e+00
31372	2.821e+03	0	0.000e+00
31373	2.821e+03	0	0.000e+00
31374	2.821e+03	0	0.000e+00
31375	2.821e+03	0	0.000e+00
31376	2.821e+03	0	0.000e+00
31377	2.821e+03	0	0.000e+00
31378	2.821e+03	0	0.000e+00
31379	2.822e+03	0	0.000e+00
31380	2.822e+03	0	0.000e+00
31381	2.822e+03	0	0.000e+00
31382	2.822e+03	0	0.000e+00
31383	2.822e+03	0	0.000e+00
31384	2.822e+03	0	0.000e+00
31385	2.822e+03	0	0.000e+00
31386	2.822e+03	0	0.000e+00
31387	2.822e+03	0	0.000e+00
31388	2.822e+03	0	0.000e+00
31389	2.822e+03	0	0.000e+00
31390	2.822e+03	0	0.000e+00
31391	2.823e+03	0	0.000e+00
31392	2.823e+03	0	0.000e+00
31393	2.823e+03	1	2.890e-05
31394	2.823e+03	1	2.890e-05
31395	2.823e+03	0	0.000e+00
31396	2.823e+03	0	0.000e+00
31397	2.823e+03	0	0.000e+00
31398	2.823e+03	0	0.000e+00
31399	2.823e+03	0	0.000e+00
31400	2.823e+03	0	0.000e+00
31401	2.823e+03	0	0.000e+00
31402	2.824e+03	0	0.000e+00
31403	2.824e+03	0	0.000e+00
31404	2.824e+03	0	0.000e+00
31405	2.824e+03	0	0.000e+00
31406	2.824e+03	0	0.000e+00
31407	2.824e+03	0	0.000e+00
31408	2.824e+03	0	0.000e+00
31409	2.824e+03	0	0.000e+00
31410	2.824e+03	0	0.000e+00
31411	2.824e+03	0	0.000e+00
31412	2.824e+03	0	0.000e+00
31413	2.825e+03	0	0.000e+00
31414	2.825e+03	0	0.000e+00
31415	2.825e+03	0	0.000e+00
31416	2.825e+03	0	0.000e+00
31417	2.825e+03	0	0.000e+00
31418	2.825e+03	0	0.000e+00
31419	2.825e+03	0	0.000e+00
31420	2.825e+03	0	0.000e+00
31421	2.825e+03	0	0.000e+00
31422	2.825e+03	0	0.000e+00
31423	2.825e+03	0	0.000e+00
31424	2.826e+03	0	0.000e+00
31425	2.826e+03	1	2.890e-05
31426	2.826e+03	0	0.000e+00
31427	2.826e+03	0	0.000e+00
31428	2.826e+03	0	0.000e+00
31429	2.826e+03	0	0.000e+00
31430	2.826e+03	0	0.000e+00
31431	2.826e+03	0	0.000e+00
31432	2.826e+03	0	0.000e+00
31433	2.826e+03	0	0.000e+00
31434	2.826e+03	0	0.000e+00
31435	2.827e+03	0	0.000e+00
31436	2.827e+03	0	0.000e+00
31437	2.827e+03	0	0.000e+00
31438	2.827e+03	0	0.000e+00
31439	2.827e+03	0	0.000e+00
31440	2.827e+03	0	0.000e+00
31441	2.827e+03	0	0.000e+00
31442	2.827e+03	1	2.890e-05
31443	2.827e+03	0	0.000e+00
31444	2.827e+03	0	0.000e+00
31445	2.827e+03	0	0.000e+00
31446	2.828e+03	0	0.000e+00
31447	2.828e+03	0	0.000e+00
31448	2.828e+03	0	0.000e+00
31449	2.828e+03	0	0.000e+00
31450	2.828e+03	0	0.000e+00
31451	2.828e+03	1	2.890e-05
31452	2.828e+03	0	0.000e+00
31453	2.828e+03	0	0.000e+00
31454	2.828e+03	0	0.000e+00
31455	2.828e+03	0	0.000e+00
31456	2.828e+03	0	0.000e+00
31457	2.829e+03	0	0.000e+00
31458	2.829e+03	1	2.890e-05
31459	2.829e+03	0	0.000e+00
31460	2.829e+03	0	0.000e+00
31461	2.829e+03	0	0.000e+00
31462	2.829e+03	0	0.000e+00
31463	2.829e+03	0	0.000e+00
31464	2.829e+03	2	5.780e-05
31465	2.829e+03	0	0.000e+00
31466	2.829e+03	0	0.000e+00
31467	2.829e+03	0	0.000e+00
31468	2.830e+03	0	0.000e+00
31469	2.830e+03	0	0.000e+00
31470	2.830e+03	0	0.000e+00
31471	2.830e+03	0	0.000e+00
31472	2.830e+03	0	0.000e+00
31473	2.830e+03	0	0.000e+00
31474	2.830e+03	1	2.890e-05
31475	2.830e+03	0	0.000e+00
31476	2.830e+03	0	0.000e+00
31477	2.830e+03	0	0.000e+00
31478	2.830e+03	0	0.000e+00
31479	2.831e+03	0	0.000e+00
31480	2.831e+03	0	0.000e+00
31481	2.831e+03	0	0.000e+00
31482	2.831e+03	0	0.000e+00
31483	2.831e+03	0	0.000e+00
31484	2.831e+03	0	0.000e+00
31485	2.831e+03	0	0.000e+00
31486	2.831e+03	0	0.000e+00
31487	2.831e+03	1	2.890e-05
31488	2.831e+03	0	0.000e+00
31489	2.831e+03	0	0.000e+00
31490	2.831e+03	0	0.000e+00
31491	2.832e+03	0	0.000e+00
31492	2.832e+03	0	0.000e+00
31493	2.832e+03	0	0.000e+00
31494	2.832e+03	0	0.000e+00
31495	2.832e+03	0	0.000e+00
31496	2.832e+03	0	0.000e+00
31497	2.832e+03	0	0.000e+00
31498	2.832e+03	0	0.000e+00
31499	2.832e+03	0	0.000e+00
31500	2.832e+03	0	0.000e+00
31501	2.832e+03	0	0.000e+00
31502	2.833e+03	0	0.000e+00
31503	2.833e+03	0	0.000e+00
31504	2.833e+03	0	0.000e+00
31505	2.833e+03	0	0.000e+00
31506	2.833e+03	0	0.000e+00
31507	2.833e+03	0	0.000e+00
31508	2.833e+03	0	0.000e+00
31509	2.833e+03	0	0.000e+00
31510	2.833e+03	0	0.000e+00
31511	2.833e+03	0	0.000e+00
31512	2.833e+03	0	0.000e+00
31513	2.834e+03	0	0.000e+00
31514	2.834e+03	0	0.000e+00
31515	2.834e+03	0	0.000e+00
31516	2.834e+03	0	0.000e+00
31517	2.834e+03	0	0.000e+00
31518	2.834e+03	0	0.000e+00
31519	2.834e+03	0	0.000e+00
31520	2.834e+03	0	0.000e+00
31521	2.834e+03	0	0.000e+00
31522	2.834e+03	0	0.000e+00
31523	2.834e+03	0	0.000e+00
31524	2.835e+03	0	0.000e+00
31525	2.835e+03	0	0.000e+00
31526	2.835e+03	0	0.000e+00
31527	2.835e+03	0	0.000e+00
31528	2.835e+03	0	0.000e+00
31529	2.835e+03	0	0.000e+00
31530	2.835e+03	0	0.000e+00
31531	2.835e+03	1	2.890e-05
31532	2.835e+03	0	0.000e+00
31533	2.835e+03	0	0.000e+00
31534	2.835e+03	0	0.000e+00
31535	2.836e+03	0	0.000e+00
31536	2.836e+03	0	0.000e+00
31537	2.836e+03	0	0.000e+00
31538	2.836e+03	0	0.000e+00
31539	2.836e+03	0	0.000e+00
31540	2.836e+03	0	0.000e+00
31541	2.836e+03	0	0.000e+00
31542	2.836e+03	0	0.000e+00
31543	2.836e+03	0	0.000e+00
31544	2.836e+03	0	0.000e+00
31545	2.836e+03	0	0.000e+00
31546	2.837e+03	0	0.000e+00
31547	2.837e+03	0	0.000e+00
31548	2.837e+03	0	0.000e+00
31549	2.837e+03	0	0.000e+00
31550	2.837e+03	0	0.000e+00
31551	2.837e+03	0	0.000e+00
31552	2.837e+03	0	0.000e+00
31553	2.837e+03	0	0.000e+00
31554	2.837e+03	0	0.000e+00
31555	2.837e+03	0	0.000e+00
31556	2.837e+03	1	2.890e-05
31557	2.838e+03	0	0.000e+00
31558	2.838e+03	0	0.000e+00
31559	2.838e+03	0	0.000e+00
31560	2.838e+03	0	0.000e+00
31561	2.838e+03	0	0.000e+00
31562	2.838e+03	0	0.000e+00
31563	2.838e+03	0	0.000e+00
31564	2.838e+03	0	0.000e+00
31565	2.838e+03	0	0.000e+00
31566	2.838e+03	0	0.000e+00
31567	2.838e+03	0	0.000e+00
31568	2.839e+03	0	0.000e+00
31569	2.839e+03	0	0.000e+00
31570	2.839e+03	0	0.000e+00
31571	2.839e+03	0	0.000e+00
31572	2.839e+03	0	0.000e+00
31573	2.839e+03	0	0.000e+00
31574	2.839e+03	0	0.000e+00
31575	2.839e+03	0	0.000e+00
31576	2.839e+03	0	0.000e+00
31577	2.839e+03	0	0.000e+00
31578	2.839e+03	0	0.000e+00
31579	2.839e+03	0	0.000e+00
31580	2.840e+03	0	0.000e+00
31581	2.840e+03	0	0.000e+00
31582	2.840e+03	0	0.000e+00
31583	2.840e+03	0	0.000e+00
31584	2.840e+03	0	0.000e+00
31585	2.840e+03	0	0.000e+00
31586	2.840e+03	0	0.000e+00
31587	2.840e+03	1	2.890e-05
31588	2.840e+03	0	0.000e+00
31589	2.840e+03	0	0.000e+00
31590	2.840e+03	0	0.000e+00
31591	2.841e+03	1	2.890e-05
31592	2.841e+03	0	0.000e+00
31593	2.841e+03	0	0.000e+00
31594	2.841e+03	0	0.000e+00
31595	2.841e+03	0	0.000e+00
31596	2.841e+03	1	2.890e-05
31597	2.841e+03	0	0.000e+00
31598	2.841e+03	0	0.000e+00
31599	2.841e+03	0	0.000e+00
31600	2.841e+03	0	0.000e+00
31601	2.841e+03	0	0.000e+00
31602	2.842e+03	0	0.000e+00
31603	2.842e+03	0	0.000e+00
31604	2.842e+03	1	2.890e-05
31605	2.842e+03	0	0.000e+00
31606	2.842e+03	0	0.000e+00
31607	2.842e+03	0	0.000e+00
31608	2.842e+03	0	0.000e+00
31609	2.842e+03	0	0.000e+00
31610	2.842e+03	0	0.000e+00
31611	2.842e+03	0	0.000e+00
31612	2.842e+03	1	2.890e-05
31613	2.843e+03	0	0.000e+00
31614	2.843e+03	0	0.000e+00
31615	2.843e+03	0	0.000e+00
31616	2.843e+03	0	0.000e+00
31617	2.843e+03	0	0.000e+00
31618	2.843e+03	0	0.000e+00
31619	2.843e+03	0	0.000e+00
31620	2.843e+03	0	0.000e+00
31621	2.843e+03	0	0.000e+00
31622	2.843e+03	0	0.000e+00
31623	2.843e+03	0	0.000e+00
31624	2.844e+03	0	0.000e+00
31625	2.844e+03	0	0.000e+00
31626	2.844e+03	0	0.000e+00
31627	2.844e+03	0	0.000e+00
31628	2.844e+03	0	0.000e+00
31629	2.844e+03	0	0.000e+00
31630	2.844e+03	0	0.000e+00
31631	2.844e+03	0	0.000e+00
31632	2.844e+03	0	0.000e+00
31633	2.844e+03	0	0.000e+00
31634	2.844e+03	0	0.000e+00
31635	2.845e+03	0	0.000e+00
31636	2.845e+03	0	0.000e+00
31637	2.845e+03	0	0.000e+00
31638	2.845e+03	0	0.000e+00
31639	2.845e+03	0	0.000e+00
31640	2.845e+03	0	0.000e+00
31641	2.845e+03	0	0.000e+00
31642	2.845e+03	0	0.000e+00
31643	2.845e+03	0	0.000e+00
31644	2.845e+03	0	0.000e+00
31645	2.845e+03	0	0.000e+00
31646	2.846e+03	0	0.000e+00
31647	2.846e+03	0	0.000e+00
31648	2.846e+03	1	2.890e-05
31649	2.846e+03	1	2.890e-05
31650	2.846e+03	0	0.000e+00
31651	2.846e+03	0	0.000e+00
31652	2.846e+03	0	0.000e+00
31653	2.846e+03	0	0.000e+00
31654	2.846e+03	0	0.000e+00
31655	2.846e+03	0	0.000e+00
31656	2.846e+03	0	0.000e+00
31657	2.847e+03	0	0.000e+00
31658	2.847e+03	1	2.890e-05
31659	2.847e+03	0	0.000e+00
31660	2.847e+03	1	2.890e-05
31661	2.847e+03	0	0.000e+00
31662	2.847e+03	0	0.000e+00
31663	2.847e+03	0	0.000e+00
31664	2.847e+03	0	0.000e+00
31665	2.847e+03	0	0.000e+00
31666	2.847e+03	0	0.000e+00
31667	2.847e+03	0	0.000e+00
31668	2.847e+03	0	0.000e+00
31669	2.848e+03	0	0.000e+00
31670	2.848e+03	0	0.000e+00
31671	2.848e+03	0	0.000e+00
31672	2.848e+03	0	0.000e+00
31673	2.848e+03	1	2.890e-05
31674	2.848e+03	0	0.000e+00
31675	2.848e+03	1	2.890e-05
31676	2.848e+03	1	2.890e-05
31677	2.848e+03	0	0.000e+00
31678	2.848e+03	0	0.000e+00
31679	2.848e+03	0	0.000e+00
31680	2.849e+03	0	0.000e+00
31681	2.849e+03	0	0.000e+00
31682	2.849e+03	0	0.000e+00
31683	2.849e+03	0	0.000e+00
31684	2.849e+03	0	0.000e+00
31685	2.849e+03	0	0.000e+00
31686	2.849e+03	0	0.000e+00
31687	2.849e+03	0	0.000e+00
31688	2.849e+03	1	2.890e-05
31689	2.849e+03	0	0.000e+00
31690	2.849e+03	0	0.000e+00
31691	2.850e+03	0	0.000e+00
31692	2.850e+03	0	0.000e+00
31693	2.850e+03	0	0.000e+00
31694	2.850e+03	0	0.000e+00
31695	2.850e+03	0	0.000e+00
31696	2.850e+03	0	0.000e+00
31697	2.850e+03	0	0.000e+00
31698	2.850e+03	0	0.000e+00
31699	2.850e+03	0	0.000e+00
31700	2.850e+03	1	2.890e-05
31701	2.850e+03	0	0.000e+00
31702	2.851e+03	0	0.000e+00
31703	2.851e+03	0	0.000e+00
31704	2.851e+03	0	0.000e+00
31705	2.851e+03	0	0.000e+00
31706	2.851e+03	0	0.000e+00
31707	2.851e+03	0	0.000e+00
31708	2.851e+03	0	0.000e+00
31709	2.851e+03	0	0.000e+00
31710	2.851e+03	0	0.000e+00
31711	2.851e+03	0	0.000e+00
31712	2.851e+03	0	0.000e+00
31713	2.852e+03	0	0.000e+00
31714	2.852e+03	0	0.000e+00
31715	2.852e+03	0	0.000e+00
31716	2.852e+03	0	0.000e+00
31717	2.852e+03	0	0.000e+00
31718	2.852e+03	0	0.000e+00
31719	2.852e+03	0	0.000e+00
31720	2.852e+03	0	0.000e+00
31721	2.852e+03	0	0.000e+00
31722	2.852e+03	0	0.000e+00
31723	2.852e+03	0	0.000e+00
31724	2.853e+03	0	0.000e+00
31725	2.853e+03	0	0.000e+00
31726	2.853e+03	1	2.890e-05
31727	2.853e+03	0	0.000e+00
31728	2.853e+03	0	0.000e+00
31729	2.853e+03	0	0.000e+00
31730	2.853e+03	0	0.000e+00
31731	2.853e+03	0	0.000e+00
31732	2.853e+03	0	0.000e+00
31733	2.853e+03	0	0.000e+00
31734	2.853e+03	0	0.000e+00
31735	2.854e+03	0	0.000e+00
31736	2.854e+03	0	0.000e+00
31737	2.854e+03	0	0.000e+00
31738	2.854e+03	0	0.000e+00
31739	2.854e+03	0	0.000e+00
31740	2.854e+03	0	0.000e+00
31741	2.854e+03	0	0.000e+00
31742	2.854e+03	0	0.000e+00
31743	2.854e+03	0	0.000e+00
31744	2.854e+03	1	2.890e-05
31745	2.854e+03	0	0.000e+00
31746	2.855e+03	0	0.000e+00
31747	2.855e+03	0	0.000e+00
31748	2.855e+03	0	0.000e+00
31749	2.855e+03	0	0.000e+00
31750	2.855e+03	0	0.000e+00
31751	2.855e+03	0	0.000e+00
31752	2.855e+03	0	0.000e+00
31753	2.855e+03	0	0.000e+00
31754	2.855e+03	0	0.000e+00
31755	2.855e+03	0	0.000e+00
31756	2.855e+03	0	0.000e+00
31757	2.855e+03	0	0.000e+00
31758	2.856e+03	0	0.000e+00
31759	2.856e+03	0	0.000e+00
31760	2.856e+03	0	0.000e+00
31761	2.856e+03	0	0.000e+00
31762	2.856e+03	0	0.000e+00
31763	2.856e+03	1	2.890e-05
31764	2.856e+03	0	0.000e+00
31765	2.856e+03	0	0.000e+00
31766	2.856e+03	0	0.000e+00
31767	2.856e+03	1	2.890e-05
31768	2.856e+03	0	0.000e+00
31769	2.857e+03	0	0.000e+00
31770	2.857e+03	0	0.000e+00
31771	2.857e+03	0	0.000e+00
31772	2.857e+03	0	0.000e+00
31773	2.857e+03	0	0.000e+00
31774	2.857e+03	0	0.000e+00
31775	2.857e+03	0	0.000e+00
31776	2.857e+03	0	0.000e+00
31777	2.857e+03	0	0.000e+00
31778	2.857e+03	0	0.000e+00
31779	2.857e+03	0	0.000e+00
31780	2.858e+03	0	0.000e+00
31781	2.858e+03	0	0.000e+00
31782	2.858e+03	0	0.000e+00
31783	2.858e+03	0	0.000e+00
31784	2.858e+03	0	0.000e+00
31785	2.858e+03	0	0.000e+00
31786	2.858e+03	0	0.000e+00
31787	2.858e+03	0	0.000e+00
31788	2.858e+03	0	0.000e+00
31789	2.858e+03	0	0.000e+00
31790	2.858e+03	0	0.000e+00
31791	2.859e+03	0	0.000e+00
31792	2.859e+03	0	0.000e+00
31793	2.859e+03	0	0.000e+00
31794	2.859e+03	0	0.000e+00
31795	2.859e+03	1	2.890e-05
31796	2.859e+03	0	0.000e+00
31797	2.859e+03	0	0.000e+00
31798	2.859e+03	0	0.000e+00
31799	2.859e+03	0	0.000e+00
31800	2.859e+03	0	0.000e+00
31801	2.859e+03	0	0.000e+00
31802	2.860e+03	0	0.000e+00
31803	2.860e+03	0	0.000e+00
31804	2.860e+03	0	0.000e+00
31805	2.860e+03	0	0.000e+00
31806	2.860e+03	0	0.000e+00
31807	2.860e+03	0	0.000e+00
31808	2.860e+03	0	0.000e+00
31809	2.860e+03	0	0.000e+00
31810	2.860e+03	0	0.000e+00
31811	2.860e+03	1	2.890e-05
31812	2.860e+03	0	0.000e+00
31813	2.861e+03	0	0.000e+00
31814	2.861e+03	0	0.000e+00
31815	2.861e+03	1	2.890e-05
31816	2.861e+03	0	0.000e+00
31817	2.861e+03	0	0.000e+00
31818	2.861e+03	0	0.000e+00
31819	2.861e+03	0	0.000e+00
31820	2.861e+03	0	0.000e+00
31821	2.861e+03	0	0.000e+00
31822	2.861e+03	0	0.000e+00
31823	2.861e+03	0	0.000e+00
31824	2.862e+03	0	0.000e+00
31825	2.862e+03	0	0.000e+00
31826	2.862e+03	0	0.000e+00
31827	2.862e+03	1	2.890e-05
31828	2.862e+03	0	0.000e+00
31829	2.862e+03	0	0.000e+00
31830	2.862e+03	0	0.000e+00
31831	2.862e+03	0	0.000e+00
31832	2.862e+03	0	0.000e+00
31833	2.862e+03	1	2.890e-05
31834	2.862e+03	0	0.000e+00
31835	2.863e+03	0	0.000e+00
31836	2.863e+03	0	0.000e+00
31837	2.863e+03	0	0.000e+00
31838	2.863e+03	0	0.000e+00
31839	2.863e+03	0	0.000e+00
31840	2.863e+03	0	0.000e+00
31841	2.863e+03	0	0.000e+00
31842	2.863e+03	0	0.000e+00
31843	2.863e+03	0	0.000e+00
31844	2.863e+03	0	0.000e+00
31845	2.863e+03	0	0.000e+00
31846	2.864e+03	0	0.000e+00
31847	2.864e+03	0	0.000e+00
31848	2.864e+03	0	0.000e+00
31849	2.864e+03	0	0.000e+00
31850	2.864e+03	0	0.000e+00
31851	2.864e+03	0	0.000e+00
31852	2.864e+03	0	0.000e+00
31853	2.864e+03	0	0.000e+00
31854	2.864e+03	0	0.000e+00
31855	2.864e+03	0	0.000e+00
31856	2.864e+03	0	0.000e+00
31857	2.864e+03	0	0.000e+00
31858	2.865e+03	1	2.890e-05
31859	2.865e+03	0	0.000e+00
31860	2.865e+03	0	0.000e+00
31861	2.865e+03	0	0.000e+00
31862	2.865e+03	0	0.000e+00
31863	2.865e+03	0	0.000e+00
31864	2.865e+03	0	0.000e+00
31865	2.865e+03	0	0.000e+00
31866	2.865e+03	0	0.000e+00
31867	2.865e+03	0	0.000e+00
31868	2.865e+03	0	0.000e+00
31869	2.866e+03	0	0.000e+00
31870	2.866e+03	0	0.000e+00
31871	2.866e+03	0	0.000e+00
31872	2.866e+03	0	0.000e+00
31873	2.866e+03	0	0.000e+00
31874	2.866e+03	0	0.000e+00
31875	2.866e+03	0	0.000e+00
31876	2.866e+03	0	0.000e+00
31877	2.866e+03	0	0.000e+00
31878	2.866e+03	0	0.000e+00
31879	2.866e+03	0	0.000e+00
31880	2.867e+03	0	0.000e+00
31881	2.867e+03	0	0.000e+00
31882	2.867e+03	0	0.000e+00
31883	2.867e+03	0	0.000e+00
31884	2.867e+03	0	0.000e+00
31885	2.867e+03	0	0.000e+00
31886	2.867e+03	0	0.000e+00
31887	2.867e+03	0	0.000e+00
31888	2.867e+03	1	2.890e-05
31889	2.867e+03	0	0.000e+00
31890	2.867e+03	0	0.000e+00
31891	2.868e+03	0	0.000e+00
31892	2.868e+03	0	0.000e+00
31893	2.868e+03	0	0.000e+00
31894	2.868e+03	0	0.000e+00
31895	2.868e+03	0	0.000e+00
31896	2.868e+03	0	0.000e+00
31897	2.868e+03	0	0.000e+00
31898	2.868e+03	0	0.000e+00
31899	2.868e+03	0	0.000e+00
31900	2.868e+03	0	0.000e+00
31901	2.868e+03	0	0.000e+00
31902	2.869e+03	0	0.000e+00
31903	2.869e+03	0	0.000e+00
31904	2.869e+03	0	0.000e+00
31905	2.869e+03	0	0.000e+00
31906	2.869e+03	0	0.000e+00
31907	2.869e+03	0	0.000e+00
31908	2.869e+03	0	0.000e+00
31909	2.869e+03	0	0.000e+00
31910	2.869e+03	0	0.000e+00
31911	2.869e+03	0	0.000e+00
31912	2.869e+03	0	0.000e+00
31913	2.870e+03	0	0.000e+00
31914	2.870e+03	1	2.890e-05
31915	2.870e+03	0	0.000e+00
31916	2.870e+03	0	0.000e+00
31917	2.870e+03	0	0.000e+00
31918	2.870e+03	0	0.000e+00
31919	2.870e+03	0	0.000e+00
31920	2.870e+03	0	0.000e+00
31921	2.870e+03	0	0.000e+00
31922	2.870e+03	0	0.000e+00
31923	2.870e+03	0	0.000e+00
31924	2.871e+03	0	0.000e+00
31925	2.871e+03	0	0.000e+00
31926	2.871e+03	1	2.890e-05
31927	2.871e+03	0	0.000e+00
31928	2.871e+03	0	0.000e+00
31929	2.871e+03	0	0.000e+00
31930	2.871e+03	0	0.000e+00
31931	2.871e+03	0	0.000e+00
31932	2.871e+03	0	0.000e+00
31933	2.871e+03	0	0.000e+00
31934	2.871e+03	0	0.000e+00
31935	2.872e+03	0	0.000e+00
31936	2.872e+03	0	0.000e+00
31937	2.872e+03	0	0.000e+00
31938	2.872e+03	0	0.000e+00
31939	2.872e+03	0	0.000e+00
31940	2.872e+03	0	0.000e+00
31941	2.872e+03	0	0.000e+00
31942	2.872e+03	0	0.000e+00
31943	2.872e+03	0	0.000e+00
31944	2.872e+03	0	0.000e+00
31945	2.872e+03	0	0.000e+00
31946	2.872e+03	0	0.000e+00
31947	2.873e+03	0	0.000e+00
31948	2.873e+03	0	0.000e+00
31949	2.873e+03	0	0.000e+00
31950	2.873e+03	0	0.000e+00
31951	2.873e+03	1	2.890e-05
31952	2.873e+03	0	0.000e+00
31953	2.873e+03	0	0.000e+00
31954	2.873e+03	0	0.000e+00
31955	2.873e+03	0	0.000e+00
31956	2.873e+03	0	0.000e+00
31957	2.873e+03	0	0.000e+00
31958	2.874e+03	0	0.000e+00
31959	2.874e+03	0	0.000e+00
31960	2.874e+03	0	0.000e+00
31961	2.874e+03	0	0.000e+00
31962	2.874e+03	0	0.000e+00
31963	2.874e+03	0	0.000e+00
31964	2.874e+03	0	0.000e+00
31965	2.874e+03	0	0.000e+00
31966	2.874e+03	0	0.000e+00
31967	2.874e+03	0	0.000e+00
31968	2.874e+03	0	0.000e+00
31969	2.875e+03	0	0.000e+00
31970	2.875e+03	0	0.000e+00
31971	2.875e+03	0	0.000e+00
31972	2.875e+03	0	0.000e+00
31973	2.875e+03	0	0.000e+00
31974	2.875e+03	0	0.000e+00
31975	2.875e+03	0	0.000e+00
31976	2.875e+03	0	0.000e+00
31977	2.875e+03	1	2.890e-05
31978	2.875e+03	0	0.000e+00
31979	2.875e+03	0	0.000e+00
31980	2.876e+03	0	0.000e+00
31981	2.876e+03	0	0.000e+00
31982	2.876e+03	0	0.000e+00
31983	2.876e+03	0	0.000e+00
31984	2.876e+03	0	0.000e+00
31985	2.876e+03	0	0.000e+00
31986	2.876e+03	0	0.000e+00
31987	2.876e+03	0	0.000e+00
31988	2.876e+03	0	0.000e+00
31989	2.876e+03	1	2.890e-05
31990	2.876e+03	0	0.000e+00
31991	2.877e+03	0	0.000e+00
31992	2.877e+03	0	0.000e+00
31993	2.877e+03	0	0.000e+00
31994	2.877e+03	0	0.000e+00
31995	2.877e+03	0	0.000e+00
31996	2.877e+03	0	0.000e+00
31997	2.877e+03	0	0.000e+00
31998	2.877e+03	0	0.000e+00
31999	2.877e+03	0	0.000e+00
32000	2.877e+03	1	2.890e-05
32001	2.877e+03	0	0.000e+00
32002	2.878e+03	0	0.000e+00
32003	2.878e+03	0	0.000e+00
32004	2.878e+03	0	0.000e+00
32005	2.878e+03	0	0.000e+00
32006	2.878e+03	0	0.000e+00
32007	2.878e+03	1	2.890e-05
32008	2.878e+03	0	0.000e+00
32009	2.878e+03	0	0.000e+00
32010	2.878e+03	0	0.000e+00
32011	2.878e+03	0	0.000e+00
32012	2.878e+03	0	0.000e+00
32013	2.879e+03	0	0.000e+00
32014	2.879e+03	0	0.000e+00
32015	2.879e+03	0	0.000e+00
32016	2.879e+03	0	0.000e+00
32017	2.879e+03	0	0.000e+00
32018	2.879e+03	0	0.000e+00
32019	2.879e+03	0	0.000e+00
32020	2.879e+03	0	0.000e+00
32021	2.879e+03	0	0.000e+00
32022	2.879e+03	1	2.890e-05
32023	2.879e+03	0	0.000e+00
32024	2.880e+03	0	0.000e+00
32025	2.880e+03	0	0.000e+00
32026	2.880e+03	0	0.000e+00
32027	2.880e+03	0	0.000e+00
32028	2.880e+03	0	0.000e+00
32029	2.880e+03	0	0.000e+00
32030	2.880e+03	0	0.000e+00
32031	2.880e+03	0	0.000e+00
32032	2.880e+03	0	0.000e+00
32033	2.880e+03	0	0.000e+00
32034	2.880e+03	0	0.000e+00
32035	2.880e+03	0	0.000e+00
32036	2.881e+03	1	2.890e-05
32037	2.881e+03	0	0.000e+00
32038	2.881e+03	0	0.000e+00
32039	2.881e+03	1	2.890e-05
32040	2.881e+03	0	0.000e+00
32041	2.881e+03	0	0.000e+00
32042	2.881e+03	0	0.000e+00
32043	2.881e+03	0	0.000e+00
32044	2.881e+03	1	2.890e-05
32045	2.881e+03	0	0.000e+00
32046	2.881e+03	0	0.000e+00
32047	2.882e+03	0	0.000e+00
32048	2.882e+03	0	0.000e+00
32049	2.882e+03	0	0.000e+00
32050	2.882e+03	0	0.000e+00
32051	2.882e+03	0	0.000e+00
32052	2.882e+03	0	0.000e+00
32053	2.882e+03	0	0.000e+00
32054	2.882e+03	0	0.000e+00
32055	2.882e+03	0	0.000e+00
32056	2.882e+03	0	0.000e+00
32057	2.882e+03	0	0.000e+00
32058	2.883e+03	0	0.000e+00
32059	2.883e+03	0	0.000e+00
32060	2.883e+03	0	0.000e+00
32061	2.883e+03	0	0.000e+00
32062	2.883e+03	0	0.000e+00
32063	2.883e+03	0	0.000e+00
32064	2.883e+03	0	0.000e+00
32065	2.883e+03	0	0.000e+00
32066	2.883e+03	0	0.000e+00
32067	2.883e+03	0	0.000e+00
32068	2.883e+03	0	0.000e+00
32069	2.884e+03	0	0.000e+00
32070	2.884e+03	1	2.890e-05
32071	2.884e+03	1	2.890e-05
32072	2.884e+03	0	0.000e+00
32073	2.884e+03	0	0.000e+00
32074	2.884e+03	0	0.000e+00
32075	2.884e+03	0	0.000e+00
32076	2.884e+03	0	0.000e+00
32077	2.884e+03	0	0.000e+00
32078	2.884e+03	1	2.890e-05
32079	2.884e+03	0	0.000e+00
32080	2.885e+03	0	0.000e+00
32081	2.885e+03	0	0.000e+00
32082	2.885e+03	0	0.000e+00
32083	2.885e+03	0	0.000e+00
32084	2.885e+03	0	0.000e+00
32085	2.885e+03	0	0.000e+00
32086	2.885e+03	0	0.000e+00
32087	2.885e+03	0	0.000e+00
32088	2.885e+03	0	0.000e+00
32089	2.885e+03	0	0.000e+00
32090	2.885e+03	0	0.000e+00
32091	2.886e+03	0	0.000e+00
32092	2.886e+03	0	0.000e+00
32093	2.886e+03	0	0.000e+00
32094	2.886e+03	0	0.000e+00
32095	2.886e+03	0	0.000e+00
32096	2.886e+03	0	0.000e+00
32097	2.886e+03	0	0.000e+00
32098	2.886e+03	0	0.000e+00
32099	2.886e+03	0	0.000e+00
32100	2.886e+03	0	0.000e+00
32101	2.886e+03	0	0.000e+00
32102	2.887e+03	0	0.000e+00
32103	2.887e+03	0	0.000e+00
32104	2.887e+03	1	2.890e-05
32105	2.887e+03	0	0.000e+00
32106	2.887e+03	0	0.000e+00
32107	2.887e+03	1	2.890e-05
32108	2.887e+03	0	0.000e+00
32109	2.887e+03	1	2.890e-05
32110	2.887e+03	0	0.000e+00
32111	2.887e+03	0	0.000e+00
32112	2.887e+03	0	0.000e+00
32113	2.888e+03	0	0.000e+00
32114	2.888e+03	0	0.000e+00
32115	2.888e+03	0	0.000e+00
32116	2.888e+03	0	0.000e+00
32117	2.888e+03	0	0.000e+00
32118	2.888e+03	0	0.000e+00
32119	2.888e+03	0	0.000e+00
32120	2.888e+03	0	0.000e+00
32121	2.888e+03	0	0.000e+00
32122	2.888e+03	0	0.000e+00
32123	2.888e+03	0	0.000e+00
32124	2.889e+03	0	0.000e+00
32125	2.889e+03	0	0.000e+00
32126	2.889e+03	0	0.000e+00
32127	2.889e+03	0	0.000e+00
32128	2.889e+03	0	0.000e+00
32129	2.889e+03	0	0.000e+00
32130	2.889e+03	0	0.000e+00
32131	2.889e+03	0	0.000e+00
32132	2.889e+03	0	0.000e+00
32133	2.889e+03	1	2.890e-05
32134	2.889e+03	0	0.000e+00
32135	2.889e+03	0	0.000e+00
32136	2.890e+03	0	0.000e+00
32137	2.890e+03	0	0.000e+00
32138	2.890e+03	0	0.000e+00
32139	2.890e+03	0	0.000e+00
32140	2.890e+03	0	0.000e+00
32141	2.890e+03	0	0.000e+00
32142	2.890e+03	0	0.000e+00
32143	2.890e+03	0	0.000e+00
32144	2.890e+03	0	0.000e+00
32145	2.890e+03	0	0.000e+00
32146	2.890e+03	0	0.000e+00
32147	2.891e+03	0	0.000e+00
32148	2.891e+03	0	0.000e+00
32149	2.891e+03	0	0.000e+00
32150	2.891e+03	0	0.000e+00
32151	2.891e+03	0	0.000e+00
32152	2.891e+03	0	0.000e+00
32153	2.891e+03	0	0.000e+00
32154	2.891e+03	0	0.000e+00
32155	2.891e+03	0	0.000e+00
32156	2.891e+03	0	0.000e+00
32157	2.891e+03	0	0.000e+00
32158	2.892e+03	0	0.000e+00
32159	2.892e+03	0	0.000e+00
32160	2.892e+03	0	0.000e+00
32161	2.892e+03	0	0.000e+00
32162	2.892e+03	0	0.000e+00
32163	2.892e+03	0	0.000e+00
32164	2.892e+03	0	0.000e+00
32165	2.892e+03	0	0.000e+00
32166	2.892e+03	0	0.000e+00
32167	2.892e+03	0	0.000e+00
32168	2.892e+03	0	0.000e+00
32169	2.893e+03	0	0.000e+00
32170	2.893e+03	0	0.000e+00
32171	2.893e+03	0	0.000e+00
32172	2.893e+03	0	0.000e+00
32173	2.893e+03	1	2.890e-05
32174	2.893e+03	0	0.000e+00
32175	2.893e+03	0	0.000e+00
32176	2.893e+03	0	0.000e+00
32177	2.893e+03	0	0.000e+00
32178	2.893e+03	0	0.000e+00
32179	2.893e+03	0	0.000e+00
32180	2.894e+03	0	0.000e+00
32181	2.894e+03	0	0.000e+00
32182	2.894e+03	0	0.000e+00
32183	2.894e+03	0	0.000e+00
32184	2.894e+03	0	0.000e+00
32185	2.894e+03	0	0.000e+00
32186	2.894e+03	0	0.000e+00
32187	2.894e+03	0	0.000e+00
32188	2.894e+03	0	0.000e+00
32189	2.894e+03	0	0.000e+00
32190	2.894e+03	0	0.000e+00
32191	2.895e+03	0	0.000e+00
32192	2.895e+03	1	2.890e-05
32193	2.895e+03	0	0.000e+00
32194	2.895e+03	0	0.000e+00
32195	2.895e+03	0	0.000e+00
32196	2.895e+03	0	0.000e+00
32197	2.895e+03	0	0.000e+00
32198	2.895e+03	0	0.000e+00
32199	2.895e+03	0	0.000e+00
32200	2.895e+03	0	0.000e+00
32201	2.895e+03	0	0.000e+00
32202	2.896e+03	1	2.890e-05
32203	2.896e+03	0	0.000e+00
32204	2.896e+03	0	0.000e+00
32205	2.896e+03	1	2.890e-05
32206	2.896e+03	0	0.000e+00
32207	2.896e+03	0	0.000e+00
32208	2.896e+03	1	2.890e-05
32209	2.896e+03	0	0.000e+00
32210	2.896e+03	0	0.000e+00
32211	2.896e+03	0	0.000e+00
32212	2.896e+03	0	0.000e+00
32213	2.897e+03	0	0.000e+00
32214	2.897e+03	0	0.000e+00
32215	2.897e+03	0	0.000e+00
32216	2.897e+03	0	0.000e+00
32217	2.897e+03	0	0.000e+00
32218	2.897e+03	0	0.000e+00
32219	2.897e+03	0	0.000e+00
32220	2.897e+03	0	0.000e+00
32221	2.897e+03	0	0.000e+00
32222	2.897e+03	0	0.000e+00
32223	2.897e+03	0	0.000e+00
32224	2.897e+03	0	0.000e+00
32225	2.898e+03	0	0.000e+00
32226	2.898e+03	0	0.000e+00
32227	2.898e+03	0	0.000e+00
32228	2.898e+03	0	0.000e+00
32229	2.898e+03	0	0.000e+00
32230	2.898e+03	0	0.000e+00
32231	2.898e+03	0	0.000e+00
32232	2.898e+03	0	0.000e+00
32233	2.898e+03	0	0.000e+00
32234	2.898e+03	0	0.000e+00
32235	2.898e+03	0	0.000e+00
32236	2.899e+03	0	0.000e+00
32237	2.899e+03	0	0.000e+00
32238	2.899e+03	0	0.000e+00
32239	2.899e+03	0	0.000e+00
32240	2.899e+03	0	0.000e+00
32241	2.899e+03	0	0.000e+00
32242	2.899e+03	0	0.000e+00
32243	2.899e+03	0	0.000e+00
32244	2.899e+03	0	0.000e+00
32245	2.899e+03	0	0.000e+00
32246	2.899e+03	0	0.000e+00
32247	2.900e+03	0	0.000e+00
32248	2.900e+03	0	0.000e+00
32249	2.900e+03	0	0.000e+00
32250	2.900e+03	0	0.000e+00
32251	2.900e+03	0	0.000e+00
32252	2.900e+03	0	0.000e+00
32253	2.900e+03	0	0.000e+00
32254	2.900e+03	0	0.000e+00
32255	2.900e+03	0	0.000e+00
32256	2.900e+03	0	0.000e+00
32257	2.900e+03	0	0.000e+00
32258	2.901e+03	0	0.000e+00
32259	2.901e+03	0	0.000e+00
32260	2.901e+03	0	0.000e+00
32261	2.901e+03	0	0.000e+00
32262	2.901e+03	0	0.000e+00
32263	2.901e+03	0	0.000e+00
32264	2.901e+03	0	0.000e+00
32265	2.901e+03	0	0.000e+00
32266	2.901e+03	0	0.000e+00
32267	2.901e+03	0	0.000e+00
32268	2.901e+03	0	0.000e+00
32269	2.902e+03	0	0.000e+00
32270	2.902e+03	0	0.000e+00
32271	2.902e+03	0	0.000e+00
32272	2.902e+03	0	0.000e+00
32273	2.902e+03	0	0.000e+00
32274	2.902e+03	0	0.000e+00
32275	2.902e+03	0	0.000e+00
32276	2.902e+03	0	0.000e+00
32277	2.902e+03	0	0.000e+00
32278	2.902e+03	0	0.000e+00
32279	2.902e+03	1	2.890e-05
32280	2.903e+03	0	0.000e+00
32281	2.903e+03	0	0.000e+00
32282	2.903e+03	0	0.000e+00
32283	2.903e+03	0	0.000e+00
32284	2.903e+03	0	0.000e+00
32285	2.903e+03	0	0.000e+00
32286	2.903e+03	0	0.000e+00
32287	2.903e+03	0	0.000e+00
32288	2.903e+03	1	2.890e-05
32289	2.903e+03	0	0.000e+00
32290	2.903e+03	0	0.000e+00
32291	2.904e+03	0	0.000e+00
32292	2.904e+03	0	0.000e+00
32293	2.904e+03	0	0.000e+00
32294	2.904e+03	0	0.000e+00
32295	2.904e+03	0	0.000e+00
32296	2.904e+03	0	0.000e+00
32297	2.904e+03	0	0.000e+00
32298	2.904e+03	0	0.000e+00
32299	2.904e+03	0	0.000e+00
32300	2.904e+03	1	2.890e-05
32301	2.904e+03	0	0.000e+00
32302	2.905e+03	0	0.000e+00
32303	2.905e+03	0	0.000e+00
32304	2.905e+03	0	0.000e+00
32305	2.905e+03	0	0.000e+00
32306	2.905e+03	0	0.000e+00
32307	2.905e+03	1	2.890e-05
32308	2.905e+03	0	0.000e+00
32309	2.905e+03	0	0.000e+00
32310	2.905e+03	0	0.000e+00
32311	2.905e+03	0	0.000e+00
32312	2.905e+03	1	2.890e-05
32313	2.905e+03	0	0.000e+00
32314	2.906e+03	0	0.000e+00
32315	2.906e+03	0	0.000e+00
32316	2.906e+03	0	0.000e+00
32317	2.906e+03	0	0.000e+00
32318	2.906e+03	0	0.000e+00
32319	2.906e+03	0	0.000e+00
32320	2.906e+03	0	0.000e+00
32321	2.906e+03	0	0.000e+00
32322	2.906e+03	0	0.000e+00
32323	2.906e+03	0	0.000e+00
32324	2.906e+03	2	5.780e-05
32325	2.907e+03	0	0.000e+00
32326	2.907e+03	0	0.000e+00
32327	2.907e+03	0	0.000e+00
32328	2.907e+03	0	0.000e+00
32329	2.907e+03	0	0.000e+00
32330	2.907e+03	0	0.000e+00
32331	2.907e+03	0	0.000e+00
32332	2.907e+03	0	0.000e+00
32333	2.907e+03	0	0.000e+00
32334	2.907e+03	0	0.000e+00
32335	2.907e+03	0	0.000e+00
32336	2.908e+03	0	0.000e+00
32337	2.908e+03	0	0.000e+00
32338	2.908e+03	0	0.000e+00
32339	2.908e+03	0	0.000e+00
32340	2.908e+03	0	0.000e+00
32341	2.908e+03	0	0.000e+00
32342	2.908e+03	0	0.000e+00
32343	2.908e+03	0	0.000e+00
32344	2.908e+03	0	0.000e+00
32345	2.908e+03	0	0.000e+00
32346	2.908e+03	0	0.000e+00
32347	2.909e+03	0	0.000e+00
32348	2.909e+03	0	0.000e+00
32349	2.909e+03	0	0.000e+00
32350	2.909e+03	0	0.000e+00
32351	2.909e+03	0	0.000e+00
32352	2.909e+03	0	0.000e+00
32353	2.909e+03	0	0.000e+00
32354	2.909e+03	0	0.000e+00
32355	2.909e+03	0	0.000e+00
32356	2.909e+03	0	0.000e+00
32357	2.909e+03	0	0.000e+00
32358	2.910e+03	0	0.000e+00
32359	2.910e+03	0	0.000e+00
32360	2.910e+03	0	0.000e+00
32361	2.910e+03	0	0.000e+00
32362	2.910e+03	0	0.000e+00
32363	2.910e+03	0	0.000e+00
32364	2.910e+03	0	0.000e+00
32365	2.910e+03	0	0.000e+00
32366	2.910e+03	0	0.000e+00
32367	2.910e+03	0	0.000e+00
32368	2.910e+03	0	0.000e+00
32369	2.911e+03	0	0.000e+00
32370	2.911e+03	0	0.000e+00
32371	2.911e+03	0	0.000e+00
32372	2.911e+03	0	0.000e+00
32373	2.911e+03	0	0.000e+00
32374	2.911e+03	0	0.000e+00
32375	2.911e+03	0	0.000e+00
32376	2.911e+03	0	0.000e+00
32377	2.911e+03	0	0.000e+00
32378	2.911e+03	0	0.000e+00
32379	2.911e+03	0	0.000e+00
32380	2.912e+03	0	0.000e+00
32381	2.912e+03	0	0.000e+00
32382	2.912e+03	0	0.000e+00
32383	2.912e+03	0	0.000e+00
32384	2.912e+03	0	0.000e+00
32385	2.912e+03	0	0.000e+00
32386	2.912e+03	0	0.000e+00
32387	2.912e+03	0	0.000e+00
32388	2.912e+03	0	0.000e+00
32389	2.912e+03	0	0.000e+00
32390	2.912e+03	0	0.000e+00
32391	2.913e+03	0	0.000e+00
32392	2.913e+03	0	0.000e+00
32393	2.913e+03	0	0.000e+00
32394	2.913e+03	0	0.000e+00
32395	2.913e+03	0	0.000e+00
32396	2.913e+03	0	0.000e+00
32397	2.913e+03	0	0.000e+00
32398	2.913e+03	0	0.000e+00
32399	2.913e+03	1	2.890e-05
32400	2.913e+03	0	0.000e+00
32401	2.913e+03	0	0.000e+00
32402	2.913e+03	0	0.000e+00
32403	2.914e+03	0	0.000e+00
32404	2.914e+03	0	0.000e+00
32405	2.914e+03	0	0.000e+00
32406	2.914e+03	0	0.000e+00
32407	2.914e+03	0	0.000e+00
32408	2.914e+03	0	0.000e+00
32409	2.914e+03	0	0.000e+00
32410	2.914e+03	1	2.890e-05
32411	2.914e+03	0	0.000e+00
32412	2.914e+03	0	0.000e+00
32413	2.914e+03	0	0.000e+00
32414	2.915e+03	0	0.000e+00
32415	2.915e+03	0	0.000e+00
32416	2.915e+03	0	0.000e+00
32417	2.915e+03	0	0.000e+00
32418	2.915e+03	0	0.000e+00
32419	2.915e+03	0	0.000e+00
32420	2.915e+03	0	0.000e+00
32421	2.915e+03	0	0.000e+00
32422	2.915e+03	0	0.000e+00
32423	2.915e+03	1	2.890e-05
32424	2.915e+03	0	0.000e+00
32425	2.916e+03	0	0.000e+00
32426	2.916e+03	0	0.000e+00
32427	2.916e+03	0	0.000e+00
32428	2.916e+03	1	2.890e-05
32429	2.916e+03	0	0.000e+00
32430	2.916e+03	0	0.000e+00
32431	2.916e+03	0	0.000e+00
32432	2.916e+03	0	0.000e+00
32433	2.916e+03	0	0.000e+00
32434	2.916e+03	0	0.000e+00
32435	2.916e+03	0	0.000e+00
32436	2.917e+03	0	0.000e+00
32437	2.917e+03	0	0.000e+00
32438	2.917e+03	0	0.000e+00
32439	2.917e+03	0	0.000e+00
32440	2.917e+03	0	0.000e+00
32441	2.917e+03	0	0.000e+00
32442	2.917e+03	0	0.000e+00
32443	2.917e+03	0	0.000e+00
32444	2.917e+03	0	0.000e+00
32445	2.917e+03	0	0.000e+00
32446	2.917e+03	0	0.000e+00
32447	2.918e+03	0	0.000e+00
32448	2.918e+03	0	0.000e+00
32449	2.918e+03	0	0.000e+00
32450	2.918e+03	0	0.000e+00
32451	2.918e+03	0	0.000e+00
32452	2.918e+03	0	0.000e+00
32453	2.918e+03	0	0.000e+00
32454	2.918e+03	0	0.000e+00
32455	2.918e+03	0	0.000e+00
32456	2.918e+03	0	0.000e+00
32457	2.918e+03	0	0.000e+00
32458	2.919e+03	0	0.000e+00
32459	2.919e+03	0	0.000e+00
32460	2.919e+03	0	0.000e+00
32461	2.919e+03	0	0.000e+00
32462	2.919e+03	0	0.000e+00
32463	2.919e+03	1	2.890e-05
32464	2.919e+03	0	0.000e+00
32465	2.919e+03	0	0.000e+00
32466	2.919e+03	0	0.000e+00
32467	2.919e+03	0	0.000e+00
32468	2.919e+03	0	0.000e+00
32469	2.920e+03	0	0.000e+00
32470	2.920e+03	0	0.000e+00
32471	2.920e+03	0	0.000e+00
32472	2.920e+03	0	0.000e+00
32473	2.920e+03	0	0.000e+00
32474	2.920e+03	0	0.000e+00
32475	2.920e+03	0	0.000e+00
32476	2.920e+03	0	0.000e+00
32477	2.920e+03	0	0.000e+00
32478	2.920e+03	0	0.000e+00
32479	2.920e+03	0	0.000e+00
32480	2.921e+03	0	0.000e+00
32481	2.921e+03	0	0.000e+00
32482	2.921e+03	0	0.000e+00
32483	2.921e+03	0	0.000e+00
32484	2.921e+03	0	0.000e+00
32485	2.921e+03	0	0.000e+00
32486	2.921e+03	0	0.000e+00
32487	2.921e+03	0	0.000e+00
32488	2.921e+03	0	0.000e+00
32489	2.921e+03	0	0.000e+00
32490	2.921e+03	0	0.000e+00
32491	2.922e+03	0	0.000e+00
32492	2.922e+03	0	0.000e+00
32493	2.922e+03	0	0.000e+00
32494	2.922e+03	0	0.000e+00
32495	2.922e+03	0	0.000e+00
32496	2.922e+03	0	0.000e+00
32497	2.922e+03	0	0.000e+00
32498	2.922e+03	0	0.000e+00
32499	2.922e+03	0	0.000e+00
32500	2.922e+03	0	0.000e+00
32501	2.922e+03	0	0.000e+00
32502	2.922e+03	0	0.000e+00
32503	2.923e+03	0	0.000e+00
32504	2.923e+03	0	0.000e+00
32505	2.923e+03	0	0.000e+00
32506	2.923e+03	0	0.000e+00
32507	2.923e+03	1	2.890e-05
32508	2.923e+03	0	0.000e+00
32509	2.923e+03	0	0.000e+00
32510	2.923e+03	0	0.000e+00
32511	2.923e+03	0	0.000e+00
32512	2.923e+03	0	0.000e+00
32513	2.923e+03	0	0.000e+00
32514	2.924e+03	0	0.000e+00
32515	2.924e+03	1	2.890e-05
32516	2.924e+03	0	0.000e+00
32517	2.924e+03	0	0.000e+00
32518	2.924e+03	0	0.000e+00
32519	2.924e+03	0	0.000e+00
32520	2.924e+03	0	0.000e+00
32521	2.924e+03	0	0.000e+00
32522	2.924e+03	0	0.000e+00
32523	2.924e+03	0	0.000e+00
32524	2.924e+03	0	0.000e+00
32525	2.925e+03	0	0.000e+00
32526	2.925e+03	0	0.000e+00
32527	2.925e+03	0	0.000e+00
32528	2.925e+03	0	0.000e+00
32529	2.925e+03	0	0.000e+00
32530	2.925e+03	0	0.000e+00
32531	2.925e+03	0	0.000e+00
32532	2.925e+03	0	0.000e+00
32533	2.925e+03	1	2.890e-05
32534	2.925e+03	0	0.000e+00
32535	2.925e+03	0	0.000e+00
32536	2.926e+03	0	0.000e+00
32537	2.926e+03	0	0.000e+00
32538	2.926e+03	0	0.000e+00
32539	2.926e+03	0	0.000e+00
32540	2.926e+03	0	0.000e+00
32541	2.926e+03	0	0.000e+00
32542	2.926e+03	0	0.000e+00
32543	2.926e+03	0	0.000e+00
32544	2.926e+03	0	0.000e+00
32545	2.926e+03	0	0.000e+00
32546	2.926e+03	0	0.000e+00
32547	2.927e+03	0	0.000e+00
32548	2.927e+03	0	0.000e+00
32549	2.927e+03	0	0.000e+00
32550	2.927e+03	1	2.890e-05
32551	2.927e+03	0	0.000e+00
32552	2.927e+03	0	0.000e+00
32553	2.927e+03	0	0.000e+00
32554	2.927e+03	0	0.000e+00
32555	2.927e+03	0	0.000e+00
32556	2.927e+03	0	0.000e+00
32557	2.927e+03	0	0.000e+00
32558	2.928e+03	0	0.000e+00
32559	2.928e+03	0	0.000e+00
32560	2.928e+03	0	0.000e+00
32561	2.928e+03	1	2.890e-05
32562	2.928e+03	0	0.000e+00
32563	2.928e+03	0	0.000e+00
32564	2.928e+03	0	0.000e+00
32565	2.928e+03	0	0.000e+00
32566	2.928e+03	1	2.890e-05
32567	2.928e+03	0	0.000e+00
32568	2.928e+03	0	0.000e+00
32569	2.929e+03	0	0.000e+00
32570	2.929e+03	0	0.000e+00
32571	2.929e+03	0	0.000e+00
32572	2.929e+03	0	0.000e+00
32573	2.929e+03	0	0.000e+00
32574	2.929e+03	0	0.000e+00
32575	2.929e+03	0	0.000e+00
32576	2.929e+03	1	2.890e-05
32577	2.929e+03	0	0.000e+00
32578	2.929e+03	0	0.000e+00
32579	2.929e+03	0	0.000e+00
32580	2.930e+03	0	0.000e+00
32581	2.930e+03	0	0.000e+00
32582	2.930e+03	0	0.000e+00
32583	2.930e+03	0	0.000e+00
32584	2.930e+03	0	0.000e+00
32585	2.930e+03	0	0.000e+00
32586	2.930e+03	0	0.000e+00
32587	2.930e+03	0	0.000e+00
32588	2.930e+03	0	0.000e+00
32589	2.930e+03	1	2.890e-05
32590	2.930e+03	0	0.000e+00
32591	2.930e+03	0	0.000e+00
32592	2.931e+03	0	0.000e+00
32593	2.931e+03	0	0.000e+00
32594	2.931e+03	0	0.000e+00
32595	2.931e+03	0	0.000e+00
32596	2.931e+03	0	0.000e+00
32597	2.931e+03	0	0.000e+00
32598	2.931e+03	0	0.000e+00
32599	2.931e+03	1	2.890e-05
32600	2.931e+03	0	0.000e+00
32601	2.931e+03	0	0.000e+00
32602	2.931e+03	0	0.000e+00
32603	2.932e+03	0	0.000e+00
32604	2.932e+03	0	0.000e+00
32605	2.932e+03	1	2.890e-05
32606	2.932e+03	0	0.000e+00
32607	2.932e+03	0	0.000e+00
32608	2.932e+03	0	0.000e+00
32609	2.932e+03	0	0.000e+00
32610	2.932e+03	0	0.000e+00
32611	2.932e+03	1	2.890e-05
32612	2.932e+03	0	0.000e+00
32613	2.932e+03	0	0.000e+00
32614	2.933e+03	0	0.000e+00
32615	2.933e+03	0	0.000e+00
32616	2.933e+03	0	0.000e+00
32617	2.933e+03	0	0.000e+00
32618	2.933e+03	0	0.000e+00
32619	2.933e+03	0	0.000e+00
32620	2.933e+03	0	0.000e+00
32621	2.933e+03	0	0.000e+00
32622	2.933e+03	0	0.000e+00
32623	2.933e+03	0	0.000e+00
32624	2.933e+03	0	0.000e+00
32625	2.934e+03	0	0.000e+00
32626	2.934e+03	0	0.000e+00
32627	2.934e+03	0	0.000e+00
32628	2.934e+03	0	0.000e+00
32629	2.934e+03	0	0.000e+00
32630	2.934e+03	0	0.000e+00
32631	2.934e+03	0	0.000e+00
32632	2.934e+03	0	0.000e+00
32633	2.934e+03	0	0.000e+00
32634	2.934e+03	0	0.000e+00
32635	2.934e+03	0	0.000e+00
32636	2.935e+03	0	0.000e+00
32637	2.935e+03	0	0.000e+00
32638	2.935e+03	0	0.000e+00
32639	2.935e+03	0	0.000e+00
32640	2.935e+03	0	0.000e+00
32641	2.935e+03	0	0.000e+00
32642	2.935e+03	0	0.000e+00
32643	2.935e+03	0	0.000e+00
32644	2.935e+03	0	0.000e+00
32645	2.935e+03	0	0.000e+00
32646	2.935e+03	0	0.000e+00
32647	2.936e+03	0	0.000e+00
32648	2.936e+03	0	0.000e+00
32649	2.936e+03	1	2.890e-05
32650	2.936e+03	0	0.000e+00
32651	2.936e+03	0	0.000e+00
32652	2.936e+03	0	0.000e+00
32653	2.936e+03	0	0.000e+00
32654	2.936e+03	0	0.000e+00
32655	2.936e+03	0	0.000e+00
32656	2.936e+03	0	0.000e+00
32657	2.936e+03	0	0.000e+00
32658	2.937e+03	1	2.890e-05
32659	2.937e+03	0	0.000e+00
32660	2.937e+03	0	0.000e+00
32661	2.937e+03	1	2.890e-05
32662	2.937e+03	1	2.890e-05
32663	2.937e+03	0	0.000e+00
32664	2.937e+03	0	0.000e+00
32665	2.937e+03	0	0.000e+00
32666	2.937e+03	1	2.890e-05
32667	2.937e+03	0	0.000e+00
32668	2.937e+03	0	0.000e+00
32669	2.938e+03	0	0.000e+00
32670	2.938e+03	0	0.000e+00
32671	2.938e+03	0	0.000e+00
32672	2.938e+03	0	0.000e+00
32673	2.938e+03	0	0.000e+00
32674	2.938e+03	0	0.000e+00
32675	2.938e+03	0	0.000e+00
32676	2.938e+03	0	0.000e+00
32677	2.938e+03	0	0.000e+00
32678	2.938e+03	0	0.000e+00
32679	2.938e+03	0	0.000e+00
32680	2.938e+03	0	0.000e+00
32681	2.939e+03	0	0.000e+00
32682	2.939e+03	0	0.000e+00
32683	2.939e+03	0	0.000e+00
32684	2.939e+03	0	0.000e+00
32685	2.939e+03	0	0.000e+00
32686	2.939e+03	0	0.000e+00
32687	2.939e+03	1	2.890e-05
32688	2.939e+03	0	0.000e+00
32689	2.939e+03	1	2.890e-05
32690	2.939e+03	0	0.000e+00
32691	2.939e+03	0	0.000e+00
32692	2.940e+03	0	0.000e+00
32693	2.940e+03	0	0.000e+00
32694	2.940e+03	0	0.000e+00
32695	2.940e+03	0	0.000e+00
32696	2.940e+03	0	0.000e+00
32697	2.940e+03	0	0.000e+00
32698	2.940e+03	0	0.000e+00
32699	2.940e+03	1	2.890e-05
32700	2.940e+03	0	0.000e+00
32701	2.940e+03	1	2.890e-05
32702	2.940e+03	0	0.000e+00
32703	2.941e+03	0	0.000e+00
32704	2.941e+03	0	0.000e+00
32705	2.941e+03	0	0.000e+00
32706	2.941e+03	0	0.000e+00
32707	2.941e+03	0	0.000e+00
32708	2.941e+03	0	0.000e+00
32709	2.941e+03	0	0.000e+00
32710	2.941e+03	0	0.000e+00
32711	2.941e+03	0	0.000e+00
32712	2.941e+03	0	0.000e+00
32713	2.941e+03	0	0.000e+00
32714	2.942e+03	0	0.000e+00
32715	2.942e+03	0	0.000e+00
32716	2.942e+03	0	0.000e+00
32717	2.942e+03	0	0.000e+00
32718	2.942e+03	0	0.000e+00
32719	2.942e+03	0	0.000e+00
32720	2.942e+03	0	0.000e+00
32721	2.942e+03	0	0.000e+00
32722	2.942e+03	0	0.000e+00
32723	2.942e+03	0	0.000e+00
32724	2.942e+03	0	0.000e+00
32725	2.943e+03	0	0.000e+00
32726	2.943e+03	0	0.000e+00
32727	2.943e+03	0	0.000e+00
32728	2.943e+03	0	0.000e+00
32729	2.943e+03	0	0.000e+00
32730	2.943e+03	0	0.000e+00
32731	2.943e+03	0	0.000e+00
32732	2.943e+03	0	0.000e+00
32733	2.943e+03	0	0.000e+00
32734	2.943e+03	0	0.000e+00
32735	2.943e+03	0	0.000e+00
32736	2.944e+03	0	0.000e+00
32737	2.944e+03	0	0.000e+00
32738	2.944e+03	0	0.000e+00
32739	2.944e+03	0	0.000e+00
32740	2.944e+03	0	0.000e+00
32741	2.944e+03	0	0.000e+00
32742	2.944e+03	0	0.000e+00
32743	2.944e+03	0	0.000e+00
32744	2.944e+03	0	0.000e+00
32745	2.944e+03	0	0.000e+00
32746	2.944e+03	0	0.000e+00
32747	2.945e+03	0	0.000e+00
32748	2.945e+03	0	0.000e+00
32749	2.945e+03	0	0.000e+00
32750	2.945e+03	0	0.000e+00
32751	2.945e+03	0	0.000e+00
32752	2.945e+03	0	0.000e+00
32753	2.945e+03	0	0.000e+00
32754	2.945e+03	1	2.890e-05
32755	2.945e+03	0	0.000e+00
32756	2.945e+03	0	0.000e+00
32757	2.945e+03	0	0.000e+00
32758	2.946e+03	0	0.000e+00
32759	2.946e+03	0	0.000e+00
32760	2.946e+03	0	0.000e+00
32761	2.946e+03	0	0.000e+00
32762	2.946e+03	0	0.000e+00
32763	2.946e+03	0	0.000e+00
32764	2.946e+03	0	0.000e+00
32765	2.946e+03	0	0.000e+00
32766	2.946e+03	0	0.000e+00
32767	2.946e+03	0	0.000e+00
32768	2.946e+03	0	0.000e+00
