N	S	F
0	0.000000	0.000000
0	0.000000	0.000000
0	0.000000	0.000000
0	0.000000	0.000000
0	0.000000	0.000000
0	0.000000	0.000000
0	0.000000	0.000000
0	0.000000	0.000000
0	0.000000	0.000000
0	0.000000	0.000000
0	0.000000	0.000000
0	0.000000	0.000000
0	0.000000	0.000000
0	0.000000	0.000000
0	0.000000	0.000000
0	0.000000	0.000000
0	0.000000	0.000000
0	0.000000	0.000000
0	0.000000	0.000000
0	0.000000	0.000000
0	0.000000	0.000000
0	0.000000	0.000000
0	0.000000	0.000000
0	0.000000	0.000000
0	0.000000	0.000000
0	0.000000	0.000000
0	0.000000	0.000000
0	0.000000	0.000000
0	0.000000	0.000000
0	0.000000	0.000000
0	0.000000	0.000000
0	0.000000	0.000000
0	0.000000	0.000000
0	0.000000	0.000000
0	0.000000	0.000000
0	0.000000	0.000000
0	0.000000	0.000000
0	0.000000	0.000000
0	0.000000	0.000000
0	0.000000	0.000000
0	0.000000	0.000000
0	0.000000	0.000000
0	0.000000	0.000000
0	0.000000	0.000000
0	0.000000	0.000000
0	0.000000	0.000000
0	0.000000	0.000000
0	0.000000	0.000000
0	0.000000	0.000000
0	0.000000	0.000000
0	0.000000	0.000000
0	0.000000	0.000000
0	0.000000	0.000000
0	0.000000	0.000000
0	0.000000	0.000000
0	0.000000	0.000000
0	0.000000	0.000000
0	0.000000	0.000000
0	0.000000	0.000000
0	0.000000	0.000000
0	0.000000	0.000000
0	0.000000	0.000000
0	0.000000	0.000000
0	0.000000	0.000000
0	0.000000	0.000000
0	0.000000	0.000000
0	0.000000	0.000000
0	0.000000	0.000000
0	0.000000	0.000000
0	0.000000	0.000000
0	0.000000	0.000000
0	0.000000	0.000000
0	0.000000	0.000000
0	0.000000	0.000000
0	0.000000	0.000000
0	0.000000	0.000000
0	0.000000	0.000000
0	0.000000	0.000000
0	0.000000	0.000000
0	0.000000	0.000000
0	0.000000	0.000000
0	0.000000	0.000000
0	0.000000	0.000000
0	0.000000	0.000000
0	0.000000	0.000000
0	0.000000	0.000000
0	0.000000	0.000000
0	0.000000	0.000000
0	0.000000	0.000000
0	0.000000	0.000000
0	0.000000	0.000000
0	0.000000	0.000000
0	0.000000	0.000000
0	0.000000	0.000000
0	0.000000	0.000000
0	0.000000	0.000000
0	0.000000	0.000000
0	0.000000	0.000000
0	0.000000	0.000000
0	0.000000	0.000000
0	0.000000	0.000000
0	0.000000	0.000000
0	0.000000	0.000000
0	0.000000	0.000000
0	0.000000	0.000000
0	0.000000	0.000000
0	0.000000	0.000000
0	0.000000	0.000000
0	0.000000	0.000000
0	0.000000	0.000000
0	0.000000	0.000000
0	0.000000	0.000000
0	0.000000	0.000000
0	0.000000	0.000000
0	0.000000	0.000000
0	0.000000	0.000000
0	0.000000	0.000000
0	0.000000	0.000000
0	0.000000	0.000000
0	0.000000	0.000000
0	0.000000	0.000000
0	0.000000	0.000000
0	0.000000	0.000000
0	0.000000	0.000000
0	0.000000	0.000000
0	0.000000	0.000000
0	0.000000	0.000000
0	0.000000	0.000000
0	0.000000	0.000000
0	0.000000	0.000000
0	0.000000	0.000000
0	0.000000	0.000000
0	0.000000	0.000000
0	0.000000	0.000000
0	0.000000	0.000000
0	0.000000	0.000000
0	0.000000	0.000000
0	0.000000	0.000000
0	0.000000	0.000000
0	0.000000	0.000000
0	0.000000	0.000000
0	0.000000	0.000000
0	0.000000	0.000000
0	0.000000	0.000000
0	0.000000	0.000000
0	0.000000	0.000000
0	0.000000	0.000000
0	0.000000	0.000000
0	0.000000	0.000000
0	0.000000	0.000000
0	0.000000	0.000000
0	0.000000	0.000000
0	0.000000	0.000000
0	0.000000	0.000000
0	0.000000	0.000000
0	0.000000	0.000000
0	0.000000	0.000000
0	0.000000	0.000000
0	0.000000	0.000000
0	0.000000	0.000000
0	0.000000	0.000000
0	0.000000	0.000000
0	0.000000	0.000000
0	0.000000	0.000000
0	0.000000	0.000000
0	0.000000	0.000000
0	0.000000	0.000000
0	0.000000	0.000000
0	0.000000	0.000000
0	0.000000	0.000000
0	0.000000	0.000000
0	0.000000	0.000000
0	0.000000	0.000000
0	0.000000	0.000000
0	0.000000	0.000000
0	0.000000	0.000000
0	0.000000	0.000000
0	0.000000	0.000000
0	0.000000	0.000000
0	0.000000	0.000000
0	0.000000	0.000000
0	0.000000	0.000000
0	0.000000	0.000000
0	0.000000	0.000000
0	0.000000	0.000000
0	0.000000	0.000000
0	0.000000	0.000000
0	0.000000	0.000000
0	0.000000	0.000000
0	0.000000	0.000000
0	0.000000	0.000000
0	0.000000	0.000000
0	0.000000	0.000000
0	0.000000	0.000000
0	0.000000	0.000000
0	0.000000	0.000000
0	0.000000	0.000000
0	0.000000	0.000000
0	0.000000	0.000000
0	0.000000	0.000000
0	0.000000	0.000000
0	0.000000	0.000000
0	0.000000	0.000000
0	0.000000	0.000000
0	0.000000	0.000000
0	0.000000	0.000000
0	0.000000	0.000000
0	0.000000	0.000000
0	0.000000	0.000000
0	0.000000	0.000000
0	0.000000	0.000000
0	0.000000	0.000000
0	0.000000	0.000000
0	0.000000	0.000000
0	0.000000	0.000000
0	0.000000	0.000000
0	0.000000	0.000000
0	0.000000	0.000000
0	0.000000	0.000000
0	0.000000	0.000000
0	0.000000	0.000000
0	0.000000	0.000000
0	0.000000	0.000000
0	0.000000	0.000000
0	0.000000	0.000000
0	0.000000	0.000000
0	0.000000	0.000000
0	0.000000	0.000000
0	0.000000	0.000000
0	0.000000	0.000000
0	0.000000	0.000000
0	0.000000	0.000000
0	0.000000	0.000000
0	0.000000	0.000000
0	0.000000	0.000000
0	0.000000	0.000000
0	0.000000	0.000000
0	0.000000	0.000000
0	0.000000	0.000000
0	0.000000	0.000000
0	0.000000	0.000000
0	0.000000	0.000000
0	0.000000	0.000000
0	0.000000	0.000000
0	0.000000	0.000000
0	0.000000	0.000000
0	0.000000	0.000000
0	0.000000	0.000000
0	0.000000	0.000000
0	0.000000	0.000000
0	0.000000	0.000000
0	1671.000000	40.877867
0	6587.000000	128.891427
0	16343.000000	275.530398
0	32605.000000	489.678466
0	57089.000000	779.426071
0	83174.000000	1009.247244
0	104700.000000	1135.742048
0	115395.000000	1166.382870
0	108577.000000	1196.881364
0	77366.000000	1457.741404
0	31468.000000	1870.832435
1671	-20303.000000	2265.582265
1574	-68750.000000	2544.075078
1595	-103822.000000	2674.430407
1666	-115139.000000	2700.066851
1716	-108715.000000	2733.362581
1734	-89654.000000	2796.679817
1710	-64026.000000	2867.794972
1703	-38483.000000	2922.356412
1648	-20130.000000	2942.384747
1700	-8066.000000	2949.165984
1666	-1932.000000	2955.922191
1624	219.000000	2961.137788
1762	-203.000000	2964.417143
1631	-1002.000000	2966.200600
1720	-1530.000000	2962.917819
1686	-982.000000	2956.841896
1656	-203.000000	2954.864633
1660	1291.000000	2953.125971
1683	2868.000000	2953.585956
1655	3853.000000	2951.637342
1656	3726.000000	2947.884326
1629	3226.000000	2947.547116
1682	1697.000000	2951.476410
1665	-291.000000	2958.809727
1691	-2067.000000	2962.445443
1729	-3083.000000	2961.187093
1654	-4013.000000	2958.784041
1665	-3744.000000	2958.419849
1715	-2887.000000	2957.689470
1689	-1515.000000	2956.668564
1674	-397.000000	2955.457156
1610	1403.000000	2953.769625
1737	1980.000000	2954.015572
1592	2289.000000	2949.063072
1755	1615.000000	2942.843693
1547	862.000000	2938.823914
1692	-994.000000	2945.729451
1643	-1545.000000	2953.384330
1789	-1847.000000	2956.742295
1629	-1275.000000	2948.971516
1618	-562.000000	2938.913405
1642	988.000000	2932.488022
1681	1350.000000	2933.017218
1628	1058.000000	2934.723156
1640	394.000000	2934.466902
1656	-128.000000	2936.982806
1653	-863.000000	2941.319262
1678	-847.000000	2941.998131
1668	92.000000	2933.570862
1650	996.000000	2923.581707
1554	1222.000000	2919.594150
1636	1174.000000	2924.314963
1686	921.000000	2929.478623
1680	-22.000000	2929.892148
1588	-628.000000	2929.649467
1611	-63.000000	2930.867960
1734	1032.000000	2932.812643
1627	2013.000000	2931.951739
1611	3138.000000	2923.047040
1622	3522.000000	2915.632693
1574	2694.000000	2922.112934
1679	1099.000000	2934.341664
1697	-454.000000	2946.194834
1653	-1923.000000	2950.272360
1674	-2668.000000	2943.960937
1665	-2982.000000	2939.640794
1626	-2562.000000	2937.557148
1725	-2194.000000	2938.428492
1599	-1751.000000	2944.544617
1678	-1522.000000	2949.248040
1696	-721.000000	2948.824342
1682	-249.000000	2945.885436
1618	478.000000	2938.677934
1652	893.000000	2935.983821
1622	1163.000000	2936.403753
1709	516.000000	2937.222157
1613	-47.000000	2936.222233
1664	-645.000000	2935.612543
1639	-526.000000	2939.087954
1675	23.000000	2944.042968
1687	1575.000000	2944.474656
1630	2971.000000	2936.259014
1631	3857.000000	2924.889571
1595	3847.000000	2923.844558
1620	3202.000000	2933.445415
1721	1357.000000	2948.714805
1617	-122.000000	2958.736893
1768	-699.000000	2957.130197
1644	-913.000000	2952.553640
1606	-760.000000	2953.148489
1723	367.000000	2955.040270
1704	815.000000	2960.184623
1646	-50.000000	2964.633198
1645	-894.000000	2966.349271
1762	-1940.000000	2971.481112
1687	-3623.000000	2977.474601
1702	-4813.000000	2980.426983
1724	-4567.000000	2976.602594
1728	-3978.000000	2972.172942
1658	-2761.000000	2970.112961
1693	-643.000000	2971.187473
1710	2149.000000	2974.283947
1696	4220.000000	2973.670795
1660	5702.000000	2969.111315
1639	6150.000000	2962.469240
1684	5305.000000	2957.115655
1680	2595.000000	2961.745600
1621	-162.000000	2975.347711
1788	-2684.000000	2988.784703
1732	-4241.000000	2995.225367
1751	-4507.000000	2991.188894
1690	-2582.000000	2979.945637
1696	-459.000000	2977.076922
1644	2127.000000	2981.809350
1778	4414.000000	2990.491598
1688	5745.000000	2995.910713
1685	5100.000000	2995.933244
1684	4257.000000	2995.156590
1763	2154.000000	2998.786755
1714	-696.000000	3007.433790
1722	-3237.000000	3018.348389
1803	-4352.000000	3024.893387
1814	-5313.000000	3030.834044
1690	-4629.000000	3034.051252
1838	-2901.000000	3030.189598
1751	-1002.000000	3027.009415
1718	263.000000	3026.931945
1761	1420.000000	3028.543875
1758	1015.000000	3035.955698
1747	363.000000	3038.751224
1857	-190.000000	3037.995721
1696	-334.000000	3040.037171
1763	330.000000	3045.118717
1816	2978.000000	3049.931803
1828	5707.000000	3053.103175
1705	8207.000000	3053.122500
1722	10031.000000	3052.256706
1816	10041.000000	3056.855738
1755	7253.000000	3068.402027
1804	3365.000000	3082.976322
1858	-1018.000000	3102.743947
1846	-4995.000000	3123.985435
1984	-7282.000000	3138.936126
1907	-7063.000000	3145.668291
1910	-5512.000000	3144.051844
1874	-3260.000000	3141.756515
1873	-918.000000	3147.604804
1952	651.000000	3157.851643
1907	1097.000000	3173.547069
1909	1216.000000	3188.132682
2004	1383.000000	3195.758595
1968	1368.000000	3199.859684
1927	1411.000000	3197.270242
1977	1334.000000	3196.402353
1908	921.000000	3205.725659
2018	163.000000	3222.453568
2025	-307.000000	3241.512456
2027	-132.000000	3254.686160
2063	987.000000	3256.426416
2008	2742.000000	3255.400436
2001	5119.000000	3258.603228
2042	8012.000000	3271.702615
2051	10847.000000	3295.957372
2075	13597.000000	3322.363466
2126	16471.000000	3342.856413
2137	19124.000000	3357.384994
2112	20729.000000	3373.731614
2112	21616.000000	3401.400006
2244	21554.000000	3445.043686
2294	20573.000000	3497.409756
2401	18792.000000	3550.165067
2409	16968.000000	3595.691589
2531	14632.000000	3637.456529
2548	11663.000000	3683.169966
2632	7631.000000	3736.493945
2768	2905.000000	3798.568809
2843	-2715.000000	3862.680287
3010	-8702.000000	3920.961107
3042	-14884.000000	3970.217374
3117	-20637.000000	4009.537505
3243	-26603.000000	4045.920291
3179	-32738.000000	4083.407156
3389	-38962.000000	4117.954589
3389	-44652.000000	4143.764955
3462	-49396.000000	4157.970659
3431	-51868.000000	4160.259367
3406	-50810.000000	4158.332358
3446	-45942.000000	4148.240350
3387	-36740.000000	4129.171830
3288	-23788.000000	4099.278229
3161	-7500.000000	4061.773258
3095	10209.000000	4029.827912
2941	29258.000000	4002.919934
3049	47217.000000	3983.218673
2747	64110.000000	3967.141288
2898	78719.000000	3961.117898
2725	91876.000000	3971.992195
2874	102125.000000	4008.571691
2883	111649.000000	4067.677101
3046	119639.000000	4147.242096
3159	125858.000000	4242.745573
3269	128582.000000	4351.785381
3570	128253.000000	4476.162531
3811	121814.000000	4622.517063
4017	108501.000000	4791.376316
4537	88826.000000	4976.527303
4976	64328.000000	5165.411310
5511	34468.000000	5351.855753
5713	1276.000000	5534.374581
6300	-33989.000000	5708.741280
6892	-71857.000000	5872.602915
7134	-113536.000000	6019.041452
7612	-157408.000000	6143.142193
7869	-201964.000000	6248.543830
8286	-244660.000000	6334.289226
8587	-281142.000000	6394.664495
8582	-305468.000000	6420.188627
8760	-314312.000000	6401.168956
8420	-305733.000000	6339.719789
8147	-280031.000000	6238.912966
7747	-239329.000000	6100.224340
7180	-188349.000000	5931.653479
6606	-131141.000000	5735.414806
5986	-71924.000000	5519.351955
5345	-13574.000000	5288.226357
4803	40937.000000	5038.605660
4163	89328.000000	4772.736951
3507	129202.000000	4496.753273
2992	159061.000000	4223.554072
2573	177041.000000	3972.858543
2192	183019.000000	3751.379080
2018	178118.000000	3552.653938
1804	164617.000000	3374.084024
1618	145162.000000	3218.060596
1536	122950.000000	3093.664494
1481	100322.000000	3006.970236
1512	79235.000000	2943.715849
1541	60491.000000	2894.504966
1402	43807.000000	2855.983368
1453	29287.000000	2833.248842
1503	16766.000000	2831.075414
1569	5527.000000	2840.921505
1588	-4599.000000	2852.224921
1519	-12387.000000	2854.985639
1703	-18293.000000	2849.913858
1554	-22031.000000	2844.251220
1611	-22742.000000	2842.715603
1598	-20532.000000	2837.306469
1583	-16637.000000	2826.928899
1542	-10929.000000	2800.758290
1497	-4435.000000	2762.656149
1393	901.000000	2729.854025
1290	5115.000000	2705.792121
1478	7889.000000	2689.116769
1328	8876.000000	2673.421777
1306	8467.000000	2652.089554
1289	8210.000000	2623.598292
1308	7893.000000	2603.208981
1252	8646.000000	2588.716670
1285	10556.000000	2582.176214
1194	14098.000000	2582.810872
1265	18971.000000	2581.423832
1277	24958.000000	2579.985659
1153	31002.000000	2586.385122
1185	37280.000000	2604.003840
1266	43093.000000	2642.252637
1270	47995.000000	2699.142271
1351	52332.000000	2763.241575
1417	56423.000000	2835.844671
1478	59495.000000	2920.908249
1606	60766.000000	3021.776630
1711	58802.000000	3133.032716
1912	52070.000000	3247.354000
2051	38846.000000	3360.489548
2235	18899.000000	3479.892958
2454	-6923.000000	3610.371034
2754	-35496.000000	3743.910255
3124	-64486.000000	3867.929162
3179	-89940.000000	3965.872918
3467	-109603.000000	4031.879338
3433	-121408.000000	4072.119104
3542	-126538.000000	4094.582274
3499	-124229.000000	4099.650595
3509	-115766.000000	4090.154765
3401	-101367.000000	4058.616390
3318	-82813.000000	4008.447455
3043	-59385.000000	3938.466834
3021	-33980.000000	3847.402760
2667	-9025.000000	3742.044227
2433	12663.000000	3629.683871
2291	29362.000000	3516.460436
2117	37982.000000	3415.259287
1963	39546.000000	3323.370879
1961	35836.000000	3236.304065
1843	28437.000000	3154.704582
1723	19642.000000	3071.552376
1735	12539.000000	2984.627447
1606	7232.000000	2893.552833
1484	3570.000000	2801.296486
1368	2289.000000	2712.177538
1357	3241.000000	2634.423846
1257	5346.000000	2566.248234
1149	9275.000000	2497.490941
1137	14808.000000	2416.898012
984	20629.000000	2321.563482
893	25065.000000	2225.391426
725	27874.000000	2142.913904
797	27802.000000	2086.798026
733	25086.000000	2051.606687
755	20585.000000	2025.367868
724	16063.000000	1991.938503
715	12023.000000	1953.157188
681	9289.000000	1910.068323
668	7608.000000	1872.379769
613	6731.000000	1850.181883
620	6018.000000	1839.663013
664	5335.000000	1838.658478
616	4796.000000	1835.005177
667	4700.000000	1823.102301
595	4969.000000	1811.379309
587	5365.000000	1805.156226
634	5520.000000	1800.786495
604	4772.000000	1797.548887
608	2817.000000	1791.905969
590	-129.000000	1791.773702
618	-3314.000000	1805.944628
672	-5993.000000	1820.343649
700	-7011.000000	1828.985785
636	-5984.000000	1823.435220
638	-3075.000000	1806.610362
615	721.000000	1793.859805
572	4846.000000	1785.460725
644	7446.000000	1781.611069
501	8039.000000	1780.428319
626	6801.000000	1782.771718
605	4444.000000	1790.279866
627	1009.000000	1810.890665
606	-1587.000000	1826.945812
713	-2802.000000	1830.821127
672	-3145.000000	1822.742714
577	-2717.000000	1812.102922
634	-1363.000000	1813.082182
628	-77.000000	1827.851471
688	562.000000	1844.016269
643	1371.000000	1847.767031
658	1950.000000	1846.070421
606	2054.000000	1844.772073
665	1646.000000	1851.427557
665	1178.000000	1854.901615
697	67.000000	1856.133347
604	-1144.000000	1862.751728
671	-1936.000000	1877.898293
740	-1883.000000	1896.454323
712	-1098.000000	1904.279391
704	112.000000	1894.779143
617	1302.000000	1881.429775
672	1730.000000	1878.403045
699	1070.000000	1890.076718
689	-985.000000	1910.080365
698	-3269.000000	1921.279522
762	-5425.000000	1921.940946
710	-6493.000000	1916.916013
730	-6205.000000	1915.527343
674	-4018.000000	1914.852997
764	-1083.000000	1914.619806
660	2264.000000	1906.276475
699	4850.000000	1891.915432
621	6230.000000	1882.063230
637	6027.000000	1882.229263
731	4763.000000	1893.304783
654	2772.000000	1911.261364
723	894.000000	1922.244001
720	-387.000000	1922.361829
708	-1068.000000	1914.971540
715	-1173.000000	1905.102359
658	-1000.000000	1908.814816
700	-461.000000	1925.224403
762	179.000000	1944.808217
732	1092.000000	1955.677888
742	1902.000000	1950.064614
679	2804.000000	1940.361307
716	2781.000000	1939.268161
709	1923.000000	1949.759216
753	59.000000	1968.213149
751	-2172.000000	1980.033333
793	-4922.000000	1987.450628
727	-6676.000000	1989.274240
838	-7381.000000	1988.531368
749	-6722.000000	1988.137319
766	-4938.000000	1987.472264
769	-1770.000000	1983.395573
754	1515.000000	1979.946211
724	4719.000000	1975.118984
722	7268.000000	1969.853294
725	8686.000000	1968.043699
708	8698.000000	1971.864600
731	7685.000000	1979.943686
755	5743.000000	1992.052961
751	3527.000000	2007.465317
795	1530.000000	2020.494989
804	-327.000000	2034.456438
764	-1835.000000	2042.611808
865	-2795.000000	2046.240699
794	-3754.000000	2053.979065
798	-4542.000000	2067.971470
868	-4675.000000	2087.549999
856	-4312.000000	2102.403387
915	-3874.000000	2105.765419
784	-3044.000000	2097.456555
866	-2421.000000	2086.774784
821	-2381.000000	2085.131890
828	-2599.000000	2094.804764
902	-2519.000000	2108.208481
828	-2088.000000	2119.369246
894	-995.000000	2116.630105
864	730.000000	2101.233447
803	2152.000000	2083.059769
800	2651.000000	2071.041525
786	1920.000000	2074.970843
857	430.000000	2089.211813
879	-1739.000000	2102.438822
830	-3327.000000	2106.477866
885	-3774.000000	2099.225571
827	-2782.000000	2083.312747
863	-1434.000000	2070.746242
740	427.000000	2063.862156
854	1757.000000	2065.351060
800	2047.000000	2070.433529
809	929.000000	2068.811011
846	-523.000000	2056.227857
784	-2335.000000	2046.093595
796	-3873.000000	2044.827377
815	-4524.000000	2051.757296
839	-3495.000000	2053.945715
864	-1536.000000	2038.673098
728	922.000000	2017.423109
710	3582.000000	2001.149170
783	5874.000000	1995.558568
764	6608.000000	1997.947947
731	6390.000000	1998.225213
743	5811.000000	1997.601312
757	5032.000000	2004.949875
774	4070.000000	2016.295117
784	3987.000000	2019.454629
810	4154.000000	2015.318833
704	4103.000000	2012.132948
774	3638.000000	2023.959486
778	3405.000000	2049.101022
882	2679.000000	2073.500663
823	1960.000000	2088.256689
796	1488.000000	2096.223748
865	1158.000000	2100.252842
866	271.000000	2112.995741
841	-574.000000	2131.853184
913	-1801.000000	2150.039302
885	-3293.000000	2170.817588
933	-4131.000000	2186.768163
994	-4175.000000	2196.528853
890	-3974.000000	2206.988446
919	-2953.000000	2211.353206
1018	-1320.000000	2214.407822
920	-540.000000	2224.223010
898	-353.000000	2232.324125
1005	-259.000000	2240.645666
975	-587.000000	2248.670496
999	-1423.000000	2255.274928
924	-1559.000000	2264.317336
1013	-1059.000000	2272.343064
1049	-319.000000	2275.594208
961	301.000000	2275.983524
964	1036.000000	2273.412413
991	1311.000000	2277.953687
1008	896.000000	2291.427066
1032	-169.000000	2304.675465
1003	-1229.000000	2310.967546
1052	-2406.000000	2306.727552
1029	-3423.000000	2303.744126
994	-4020.000000	2310.316861
1047	-3771.000000	2320.624269
1077	-2889.000000	2328.509609
1045	-1165.000000	2324.675246
1043	1066.000000	2316.085059
949	3606.000000	2314.897406
1040	5827.000000	2322.409740
1049	7083.000000	2330.607432
1023	6822.000000	2331.402153
1013	5219.000000	2327.043403
995	2333.000000	2331.629688
1070	-1415.000000	2350.148719
1101	-4666.000000	2372.860721
1151	-6702.000000	2385.476053
1103	-7282.000000	2384.489044
1063	-6277.000000	2377.385749
1111	-3543.000000	2371.888488
1103	-433.000000	2376.952881
1033	2444.000000	2385.207329
1109	4565.000000	2389.648719
1068	5799.000000	2388.332263
1111	5491.000000	2384.880081
1034	4383.000000	2389.832839
1071	2902.000000	2405.107898
1177	1596.000000	2421.607730
1150	357.000000	2433.576997
1121	-359.000000	2434.402391
1126	-914.000000	2432.426772
1112	-1613.000000	2436.252655
1194	-2766.000000	2444.895090
1151	-3945.000000	2457.788640
1164	-4860.000000	2469.338373
1209	-5155.000000	2477.668057
1190	-4442.000000	2483.450020
1215	-2822.000000	2480.410047
1163	-984.000000	2471.794894
1127	324.000000	2462.629083
1167	1157.000000	2459.846133
1164	952.000000	2469.086471
1158	96.000000	2481.726012
1218	-550.000000	2490.908670
1189	-349.000000	2487.951969
1228	-161.000000	2477.379059
1074	482.000000	2467.909642
1192	1172.000000	2464.990467
1187	911.000000	2471.072439
1132	-665.000000	2480.995969
1216	-2555.000000	2481.193060
1196	-4908.000000	2474.989697
1174	-7303.000000	2469.013771
1167	-8824.000000	2464.432998
1202	-9131.000000	2464.374363
1188	-8546.000000	2458.358802
1182	-7175.000000	2441.643913
1117	-5636.000000	2417.779973
1073	-4199.000000	2393.862360
1111	-3258.000000	2374.747144
1070	-2802.000000	2360.910418
1061	-2271.000000	2348.794372
1041	-616.000000	2331.585298
1059	1772.000000	2312.129322
953	5398.000000	2287.954108
997	10191.000000	2261.243242
917	15036.000000	2239.778114
867	18518.000000	2229.455987
900	21081.000000	2229.867933
934	21779.000000	2238.061438
919	20089.000000	2248.762549
900	16932.000000	2262.762471
977	13314.000000	2280.731462
1041	8742.000000	2307.782052
981	4316.000000	2343.441486
1106	907.000000	2375.165468
1155	-1733.000000	2404.001872
1099	-3820.000000	2430.564543
1182	-4760.000000	2453.805208
1186	-5314.000000	2482.108378
1202	-5521.000000	2511.578587
1299	-5619.000000	2536.626697
1228	-5605.000000	2559.308696
1284	-5765.000000	2575.801429
1313	-5379.000000	2589.567725
1325	-5194.000000	2607.668307
1292	-4474.000000	2626.312624
1378	-3304.000000	2644.469323
1353	-1652.000000	2656.152481
1392	-347.000000	2662.877203
1306	1340.000000	2667.602669
1398	2363.000000	2679.975560
1344	2434.000000	2697.372796
1443	1568.000000	2714.031687
1433	161.000000	2723.672704
1409	-2340.000000	2728.345653
1438	-5077.000000	2737.047862
1438	-6872.000000	2752.194034
1571	-7936.000000	2768.904477
1458	-7916.000000	2780.021583
1502	-6321.000000	2780.725984
1519	-3666.000000	2773.773242
1443	-1885.000000	2770.571963
1429	-497.000000	2768.471961
1516	-215.000000	2768.352759
1453	-1207.000000	2772.102632
1481	-3139.000000	2778.468463
1471	-3969.000000	2784.717041
1562	-4326.000000	2785.997128
1472	-3595.000000	2774.433816
1483	-1935.000000	2758.246726
1388	359.000000	2746.201194
1448	1600.000000	2746.346300
1434	2503.000000	2753.482704
1488	2608.000000	2753.674999
1453	1884.000000	2744.345824
1360	655.000000	2733.766815
1448	228.000000	2728.620531
1470	-79.000000	2734.658480
1394	64.000000	2741.526947
1479	1053.000000	2736.827178
1414	2579.000000	2724.986422
1398	3719.000000	2715.287646
1369	4905.000000	2716.864553
1403	6024.000000	2730.568073
1472	6470.000000	2740.939985
1433	6343.000000	2743.213262
1402	5799.000000	2739.138003
1411	4536.000000	2738.568969
1429	2423.000000	2752.762067
1468	-21.000000	2768.500497
1562	-2537.000000	2781.268236
1432	-4371.000000	2789.648903
1534	-5285.000000	2795.507646
1519	-5058.000000	2805.698843
1515	-3620.000000	2813.341785
1602	-1578.000000	2811.953414
1428	-109.000000	2808.873618
1490	1029.000000	2810.273118
1551	1598.000000	2818.629809
1542	993.000000	2834.647597
1529	-102.000000	2844.102319
1557	-574.000000	2842.277256
1599	-1088.000000	2838.093726
1472	-1160.000000	2838.902253
1580	-280.000000	2849.996140
1564	1059.000000	2864.093050
1606	1935.000000	2871.929839
1572	2543.000000	2865.804425
1540	2104.000000	2856.189770
1524	552.000000	2857.281225
1568	-1730.000000	2871.728399
1666	-3710.000000	2893.536590
1624	-4592.000000	2908.353830
1659	-3718.000000	2907.485856
1617	-1379.000000	2899.400455
1552	2247.000000	2893.849512
1639	5586.000000	2892.625451
1552	7324.000000	2900.464446
1574	7153.000000	2909.144376
1671	5440.000000	2916.766017
1611	1847.000000	2931.147727
1621	-1876.000000	2943.554314
1767	-4499.000000	2954.154871
1667	-5851.000000	2959.889694
1725	-6170.000000	2960.815766
1633	-4813.000000	2961.751002
1724	-2575.000000	2966.383488
1720	-463.000000	2972.915572
1643	1471.000000	2978.680413
1737	3449.000000	2982.240265
1666	5006.000000	2985.407845
1738	5656.000000	2993.266109
1652	6055.000000	3002.087440
1760	5903.000000	3008.468880
1755	4833.000000	3012.905740
1680	3132.000000	3022.737832
1774	1498.000000	3036.959993
1799	-174.000000	3056.854265
1822	-1361.000000	3073.582763
1865	-1812.000000	3080.411336
1789	-2039.000000	3085.927575
1799	-2103.000000	3091.427340
1906	-2268.000000	3101.578308
1835	-2931.000000	3115.438492
1891	-3877.000000	3127.205941
1884	-4147.000000	3137.672864
1923	-3924.000000	3147.399879
1925	-2949.000000	3152.609871
1902	-833.000000	3154.965768
1918	2192.000000	3156.420441
1884	5033.000000	3162.769198
1887	7519.000000	3174.670219
1954	9581.000000	3185.611872
1959	10630.000000	3197.311058
1895	9865.000000	3208.591436
1951	7891.000000	3220.962744
2022	5268.000000	3236.887394
2054	1799.000000	3254.432516
2034	-2041.000000	3277.743889
2024	-4193.000000	3302.862546
2258	-4561.000000	3322.905807
2156	-3680.000000	3338.547289
2078	-1032.000000	3349.510412
2178	3282.000000	3359.357974
2171	7197.000000	3377.501295
2188	10700.000000	3401.165094
2219	14099.000000	3424.965547
2231	17181.000000	3451.759117
2268	20558.000000	3482.617406
2341	25847.000000	3518.803348
2393	33062.000000	3565.308963
2339	42463.000000	3617.520836
2535	53821.000000	3674.491938
2525	65565.000000	3740.206812
2577	75884.000000	3816.912103
2729	83223.000000	3909.611618
2829	85701.000000	4020.434678
3137	81843.000000	4143.396795
3301	71521.000000	4275.252390
3572	54037.000000	4412.572152
3873	29985.000000	4552.790024
4201	64.000000	4693.393442
4569	-34140.000000	4826.460194
4850	-71525.000000	4949.307325
5098	-108645.000000	5058.540600
5512	-143008.000000	5153.652103
5611	-171203.000000	5230.372549
5867	-190993.000000	5279.637393
5853	-199673.000000	5291.927532
5878	-196591.000000	5272.021149
5645	-181637.000000	5227.134301
5453	-156635.000000	5165.275888
5270	-122835.000000	5085.407063
5004	-83158.000000	4977.225331
4688	-41836.000000	4842.951166
4029	-2524.000000	4693.843201
3851	32430.000000	4543.285155
3631	59509.000000	4401.205630
3247	77239.000000	4269.307555
3062	86748.000000	4140.522431
2831	89437.000000	4018.833537
2769	86610.000000	3911.219247
2593	81201.000000	3816.930311
2526	74601.000000	3738.759554
2371	67439.000000	3671.583174
2396	60130.000000	3614.609246
2356	52388.000000	3568.762250
2241	43588.000000	3539.253876
2268	33987.000000	3524.075623
2349	24147.000000	3521.128086
2375	14049.000000	3522.978995
2347	5065.000000	3518.490728
2406	-2017.000000	3514.506366
2317	-6122.000000	3516.242028
2484	-7989.000000	3526.741697
2354	-7226.000000	3535.347508
2478	-4520.000000	3533.248364
2379	-993.000000	3517.751697
2309	1435.000000	3508.001283
2275	3215.000000	3511.129590
2416	4042.000000	3522.309754
2467	3311.000000	3534.369109
2283	2013.000000	3532.984999
2460	1357.000000	3524.295816
2307	1293.000000	3521.741473
2402	1488.000000	3529.248079
2406	2375.000000	3538.259600
2386	3545.000000	3543.734330
2444	4189.000000	3540.443334
2331	3476.000000	3539.296823
2362	1594.000000	3545.067277
2456	-989.000000	3552.181724
2496	-4604.000000	3561.417134
2384	-8281.000000	3567.031399
2473	-10538.000000	3570.604711
2505	-10891.000000	3571.638140
2514	-9812.000000	3571.896695
2394	-7168.000000	3566.703800
2443	-4021.000000	3555.434010
2425	-1639.000000	3543.905332
2368	-780.000000	3534.242776
2401	-2184.000000	3528.987957
2302	-4930.000000	3525.940158
2493	-7680.000000	3519.707090
2415	-9696.000000	3510.697367
2298	-10289.000000	3501.442703
2346	-7476.000000	3485.558492
2411	-2631.000000	3465.269254
2248	2780.000000	3443.099476
2145	8193.000000	3422.132230
2184	12848.000000	3406.123016
2228	14781.000000	3398.544541
2141	14765.000000	3394.115938
2185	13406.000000	3390.116222
2129	11172.000000	3389.888494
2195	8862.000000	3389.739813
2265	7183.000000	3388.234201
2124	5866.000000	3388.422347
2170	5245.000000	3390.731927
2227	4951.000000	3400.078970
2216	4280.000000	3413.712056
2254	3348.000000	3420.699051
2240	2282.000000	3423.530050
2231	646.000000	3430.438164
2251	-1256.000000	3445.515056
2316	-3167.000000	3462.283495
2370	-4760.000000	3470.761588
2324	-5853.000000	3470.670684
2289	-6233.000000	3472.524874
2299	-6112.000000	3483.876576
2379	-4675.000000	3497.840334
2462	-3049.000000	3502.408743
2282	-1672.000000	3495.416141
2285	-454.000000	3487.077573
2319	1057.000000	3488.187925
2408	1147.000000	3502.102369
2310	1442.000000	3515.834752
2418	2206.000000	3519.167231
2362	2735.000000	3512.378539
2322	2300.000000	3507.864593
2313	2476.000000	3507.462901
2440	1569.000000	3515.869878
2307	-207.000000	3529.406607
2427	-1530.000000	3538.552246
2472	-2085.000000	3542.087097
2363	-2553.000000	3543.743360
2410	-1736.000000	3543.533547
2421	-321.000000	3544.655837
2415	372.000000	3548.990279
2382	771.000000	3550.640365
2457	764.000000	3553.238241
2385	44.000000	3559.392926
2435	-369.000000	3567.585318
2503	312.000000	3575.535205
2436	1313.000000	3580.917620
2439	2813.000000	3579.921368
2456	4309.000000	3575.723283
2425	4856.000000	3576.494373
2423	3959.000000	3584.077148
2469	2180.000000	3598.263192
2526	-138.000000	3615.104148
2528	-2325.000000	3625.181513
2561	-4219.000000	3626.711596
2482	-5194.000000	3623.176507
2554	-5011.000000	3622.304929
2534	-4440.000000	3630.380145
2499	-3617.000000	3644.650738
2604	-1816.000000	3652.227266
2617	413.000000	3650.427509
2507	1895.000000	3646.145773
2440	3162.000000	3644.036498
2603	3875.000000	3648.008087
2576	3368.000000	3654.715310
2557	1744.000000	3661.710802
2513	-1.000000	3667.060267
2621	-1390.000000	3675.523908
2640	-2186.000000	3682.179246
2624	-2724.000000	3682.760378
2549	-2789.000000	3678.288053
2576	-1643.000000	3674.906665
2679	-892.000000	3682.574100
2508	-554.000000	3698.057598
2681	654.000000	3708.372150
2692	2343.000000	3702.989738
2622	1983.000000	3693.541796
2437	1569.000000	3688.809157
2680	1022.000000	3696.010822
2703	-1273.000000	3712.859141
2602	-4785.000000	3724.809391
2714	-6851.000000	3720.691199
2677	-9202.000000	3708.436328
2598	-11048.000000	3702.042679
2651	-10915.000000	3703.294614
2695	-9038.000000	3709.709692
2663	-6774.000000	3710.883992
2610	-2608.000000	3696.449919
2668	1516.000000	3675.222986
2412	4788.000000	3658.487392
2572	6978.000000	3651.417807
2559	8295.000000	3653.807466
2539	7376.000000	3660.137976
2529	6317.000000	3656.804206
2589	4766.000000	3648.381011
2493	2799.000000	3638.414627
2536	560.000000	3633.055188
2502	-1074.000000	3635.148415
2568	-3298.000000	3639.139184
2557	-4714.000000	3640.309602
2567	-4766.000000	3638.136061
2542	-3801.000000	3634.874826
2481	-2170.000000	3632.614210
2557	555.000000	3625.574575
2559	2538.000000	3613.029754
2400	2961.000000	3603.708507
2415	2390.000000	3600.617725
2546	1241.000000	3606.501490
2530	-450.000000	3614.638571
2511	-976.000000	3614.350011
2493	-140.000000	3607.016218
2439	1572.000000	3597.905224
2508	3155.000000	3589.206180
2432	4141.000000	3582.580495
2430	3141.000000	3580.252086
2406	906.000000	3582.422086
2526	-2258.000000	3591.702660
2485	-4905.000000	3599.453709
2535	-6407.000000	3598.041273
2470	-5585.000000	3586.626131
2465	-3503.000000	3573.080324
2413	-172.000000	3566.173019
2416	3073.000000	3567.690990
2433	5809.000000	3568.240042
2454	7292.000000	3564.331073
2373	8729.000000	3559.136272
2413	9798.000000	3560.691225
2367	11874.000000	3573.643519
2488	15489.000000	3588.167638
2502	21179.000000	3596.966083
2389	27658.000000	3606.176091
2351	35713.000000	3622.670424
2520	43885.000000	3656.043080
2495	51458.000000	3703.844219
2608	57540.000000	3759.440118
2584	62471.000000	3820.684101
2771	64217.000000	3892.200534
2851	62758.000000	3973.429249
3057	57391.000000	4065.842471
3172	47277.000000	4165.473442
3377	31608.000000	4271.993680
3650	11756.000000	4382.461181
3917	-12214.000000	4490.385284
4126	-39636.000000	4591.769594
4284	-67859.000000	4681.049989
4643	-94717.000000	4756.645982
4738	-119058.000000	4819.194746
4822	-137895.000000	4866.691998
4983	-148190.000000	4891.700727
5021	-149687.000000	4892.774162
4874	-141844.000000	4867.881469
4750	-124247.000000	4817.714292
4589	-99292.000000	4749.459759
4303	-70269.000000	4665.846225
4113	-39381.000000	4567.354267
3830	-9507.000000	4458.795689
3532	16262.000000	4346.843222
3312	36689.000000	4236.260497
3142	51264.000000	4129.785951
2981	59785.000000	4024.300063
2795	62793.000000	3923.391008
2603	61617.000000	3834.221825
2570	57639.000000	3759.511537
2541	52207.000000	3698.081530
2447	46221.000000	3641.875204
2374	40452.000000	3590.563466
2276	35247.000000	3547.708133
2336	30315.000000	3514.375478
2289	25182.000000	3490.497959
2224	19989.000000	3469.610785
2291	15098.000000	3455.067004
2199	10906.000000	3452.677801
2306	7694.000000	3455.968171
2305	5972.000000	3456.481159
2264	5628.000000	3447.044821
2289	5612.000000	3432.624360
2126	4800.000000	3428.010793
2246	3379.000000	3434.099154
2347	1167.000000	3443.699900
2284	-1591.000000	3453.483314
2271	-3829.000000	3458.957791
2279	-4188.000000	3462.742555
2389	-3310.000000	3464.738374
2293	-1489.000000	3458.304642
2276	487.000000	3449.034793
2188	2046.000000	3444.065330
2298	2222.000000	3451.314822
2311	1584.000000	3465.655782
2328	557.000000	3475.533197
2325	64.000000	3474.793231
2284	53.000000	3468.417651
2307	620.000000	3463.983256
2290	1557.000000	3465.986007
2302	2408.000000	3473.055427
2315	2325.000000	3478.814884
2308	1814.000000	3482.837062
2342	1494.000000	3485.000717
2340	853.000000	3488.264468
2299	360.000000	3497.378161
2354	781.000000	3505.075320
2437	1088.000000	3508.181010
2299	123.000000	3507.040205
2307	-818.000000	3502.274975
2429	-1970.000000	3505.267465
2318	-3769.000000	3520.487608
2428	-4822.000000	3539.221383
2440	-3804.000000	3546.855227
2488	-2207.000000	3540.601785
2316	-509.000000	3524.226014
2320	1546.000000	3514.357694
2384	2909.000000	3521.366922
2365	2726.000000	3539.225622
2473	1947.000000	3554.785648
2394	1703.000000	3556.066788
2475	1472.000000	3549.998873
2318	1003.000000	3544.963611
2405	612.000000	3546.724968
2470	150.000000	3551.971284
2415	-1389.000000	3558.698498
2422	-3475.000000	3565.143616
2409	-4166.000000	3572.360284
2573	-3628.000000	3578.853168
2451	-2240.000000	3581.595175
2399	267.000000	3580.027514
2455	3803.000000	3569.917506
2480	5708.000000	3565.463785
2313	6215.000000	3570.591408
2468	5699.000000	3582.885848
2485	4709.000000	3600.533155
2517	2761.000000	3611.201047
2528	1671.000000	3611.978821
2442	794.000000	3610.942813
2487	-112.000000	3611.251861
2552	-2346.000000	3618.330002
2469	-4640.000000	3628.098400
2634	-7649.000000	3635.820265
2490	-10049.000000	3644.124723
2621	-11302.000000	3653.972359
2594	-9680.000000	3656.980448
2639	-7103.000000	3651.836935
2479	-3188.000000	3636.895654
2516	542.000000	3622.084207
2485	3333.000000	3617.891789
2478	3824.000000	3626.601164
2523	3939.000000	3634.428291
2612	3073.000000	3634.876201
2453	2360.000000	3628.313933
2520	2021.000000	3619.952072
2482	2453.000000	3618.188912
2513	1988.000000	3619.980663
2530	1168.000000	3618.376984
2491	-804.000000	3615.740588
2470	-3454.000000	3614.225505
2541	-6371.000000	3618.034135
2536	-7773.000000	3623.761168
2602	-7792.000000	3624.688125
2472	-5803.000000	3617.610952
2516	-2357.000000	3605.639056
2468	1934.000000	3592.904118
2451	5004.000000	3584.930962
2401	6393.000000	3580.782456
2432	5632.000000	3578.905419
2479	2985.000000	3579.008382
2428	-1350.000000	3578.007826
2460	-5375.000000	3574.403307
2486	-7920.000000	3569.082235
2469	-8321.000000	3564.849366
2445	-6672.000000	3562.966180
2387	-2689.000000	3556.809947
2496	2093.000000	3542.233900
2336	5992.000000	3523.352097
2283	7863.000000	3509.714091
2296	7429.000000	3506.317014
2376	4401.000000	3511.852075
2421	-369.000000	3514.443768
2348	-5232.000000	3510.361520
2346	-9196.000000	3500.595378
2374	-11075.000000	3489.625625
2397	-10642.000000	3481.759325
2310	-8164.000000	3471.053442
2302	-4964.000000	3458.412063
2220	-1080.000000	3441.651638
2336	1563.000000	3422.380312
2146	2533.000000	3404.378504
2162	2000.000000	3389.882594
2213	1205.000000	3379.216329
2206	-392.000000	3376.212375
2146	-1145.000000	3369.226766
2199	-631.000000	3351.190087
2127	872.000000	3325.886949
2064	2118.000000	3299.802721
2021	3440.000000	3283.809678
2037	4333.000000	3280.679046
2087	4599.000000	3279.456510
2074	4357.000000	3274.872669
1976	4271.000000	3261.061944
2039	4038.000000	3240.752690
1971	3054.000000	3224.451581
1942	1567.000000	3214.112475
2014	-288.000000	3211.265171
1930	-2162.000000	3213.389488
2045	-3241.000000	3215.079004
1972	-2541.000000	3208.957307
1992	-441.000000	3195.305150
1902	2795.000000	3175.689374
1886	6467.000000	3159.820723
1899	9636.000000	3156.379255
1823	11528.000000	3161.455677
1957	12811.000000	3168.627937
1885	14162.000000	3172.974630
1918	16309.000000	3177.518057
1885	20046.000000	3189.041862
1880	26885.000000	3212.978836
2033	36198.000000	3241.668089
1923	47817.000000	3277.104667
1950	61517.000000	3322.985254
2011	77246.000000	3383.184594
2133	93138.000000	3472.771804
2118	110049.000000	3581.259136
2457	127684.000000	3707.571712
2433	146387.000000	3854.345729
2737	166852.000000	4027.779537
3000	191591.000000	4233.811640
3324	222390.000000	4475.838469
3781	262533.000000	4747.355369
4177	315705.000000	5048.234642
4750	385828.000000	5385.773296
5275	476301.000000	5766.444572
6111	588546.000000	6199.798384
6898	722174.000000	6685.733767
8056	872343.000000	7222.894641
9308	1027289.000000	7807.261556
10822	1170368.000000	8442.648637
12799	1280258.000000	9129.198103
15306	1329939.000000	9864.359026
18292	1292004.000000	10641.063293
21925	1146450.000000	11442.320656
26497	877933.000000	12254.808974
30967	483177.000000	13063.504622
36420	-24773.000000	13846.710115
42066	-616940.000000	14579.533052
47529	-1254613.000000	15242.382064
52384	-1885907.000000	15814.234379
56809	-2454618.000000	16280.415781
60250	-2907949.000000	16623.510430
62498	-3203482.000000	16823.477762
63055	-3310075.000000	16873.442654
61792	-3216976.000000	16773.022149
59790	-2934159.000000	16529.832395
56125	-2488457.000000	16152.986628
51692	-1920146.000000	15643.809383
46422	-1284283.000000	15010.533068
39966	-635217.000000	14274.531831
34531	-22827.000000	13459.356485
28897	509305.000000	12593.431423
23533	930318.000000	11700.368969
18951	1231127.000000	10786.852507
15229	1410475.000000	9871.527288
11561	1478408.000000	8969.772015
8967	1455865.000000	8094.464837
6854	1366515.000000	7263.704633
5089	1229632.000000	6489.376395
3925	1067382.000000	5778.567470
2968	898320.000000	5138.652353
2406	734130.000000	4570.075054
1854	583741.000000	4069.533757
1548	453625.000000	3637.935266
1334	344925.000000	3269.380216
1142	256384.000000	2972.374472
1001	186961.000000	2745.340598
1037	133858.000000	2579.439086
974	93846.000000	2458.476357
946	64852.000000	2359.186300
941	44334.000000	2276.908430
810	29758.000000	2217.791694
896	19500.000000	2186.571289
876	12454.000000	2172.666564
933	6992.000000	2166.174970
834	3352.000000	2153.488333
905	1446.000000	2138.989481
872	758.000000	2131.657571
828	1097.000000	2129.109438
920	2586.000000	2124.142651
828	4172.000000	2117.474911
830	5031.000000	2110.702016
820	5263.000000	2108.353623
845	4372.000000	2111.303389
879	2472.000000	2112.508462
840	27.000000	2116.848837
839	-1850.000000	2123.296023
921	-3120.000000	2133.405728
867	-3157.000000	2139.812375
938	-2310.000000	2135.164162
820	-837.000000	2124.293059
843	18.000000	2115.182262
858	173.000000	2112.768089
859	-537.000000	2120.418591
885	-1845.000000	2127.531668
865	-3340.000000	2133.058837
874	-3680.000000	2133.793336
929	-2874.000000	2124.929175
850	-1469.000000	2113.894274
794	713.000000	2102.695175
870	3101.000000	2094.700217
827	4404.000000	2095.877382
803	4610.000000	2099.843327
851	4444.000000	2099.095043
860	3314.000000	2100.366159
795	1602.000000	2102.395776
871	28.000000	2101.905802
862	-1080.000000	2102.244515
846	-2068.000000	2102.775785
852	-2468.000000	2104.896672
843	-2041.000000	2113.987464
878	-748.000000	2117.752582
910	634.000000	2113.594095
780	2164.000000	2107.198614
838	3846.000000	2102.024738
868	4717.000000	2108.872922
805	4347.000000	2123.971045
893	3479.000000	2129.923708
887	1993.000000	2127.706042
839	-411.000000	2128.800366
843	-2541.000000	2137.682624
933	-3995.000000	2154.294084
938	-4855.000000	2166.336308
913	-4951.000000	2163.868527
888	-3955.000000	2155.012065
864	-2611.000000	2151.093908
904	-1014.000000	2154.123952
923	376.000000	2160.674432
859	1601.000000	2161.624158
910	2483.000000	2158.941176
850	2956.000000	2157.249174
913	2817.000000	2159.545091
879	2437.000000	2161.889683
899	1498.000000	2163.120894
892	-292.000000	2162.848585
871	-1978.000000	2165.751140
964	-3418.000000	2171.142556
895	-4598.000000	2177.602810
920	-5092.000000	2182.671757
925	-3968.000000	2176.066175
970	-2696.000000	2167.637424
804	-1048.000000	2159.358701
915	772.000000	2154.588592
893	2466.000000	2155.216926
886	2884.000000	2157.484183
871	3277.000000	2155.410634
878	2993.000000	2151.361662
880	2205.000000	2146.611982
887	1035.000000	2145.478268
864	298.000000	2147.925511
911	-754.000000	2153.381991
859	-1230.000000	2157.103614
956	-1214.000000	2156.290797
865	-927.000000	2151.836657
862	-752.000000	2147.972998
890	-155.000000	2144.981352
899	181.000000	2146.492721
882	235.000000	2150.297886
857	464.000000	2153.008593
919	1019.000000	2155.483936
886	1283.000000	2153.434234
881	1432.000000	2148.701934
861	1525.000000	2143.277164
876	1117.000000	2142.529580
889	202.000000	2150.731039
872	-542.000000	2160.423107
953	-1018.000000	2166.055863
877	-1242.000000	2165.440371
897	-1000.000000	2159.990741
898	-533.000000	2153.890201
867	-260.000000	2152.048791
911	-119.000000	2155.268661
871	-157.000000	2162.033534
916	-401.000000	2169.798839
899	-424.000000	2169.905528
930	-153.000000	2162.950069
877	72.000000	2155.546798
838	354.000000	2153.295149
934	753.000000	2159.106065
886	951.000000	2167.698088
919	778.000000	2170.409178
880	582.000000	2165.059353
889	389.000000	2159.567781
910	-104.000000	2158.360026
867	-875.000000	2164.031192
918	-1355.000000	2170.950253
929	-1652.000000	2172.123845
911	-2138.000000	2170.702191
864	-2377.000000	2164.985681
924	-2019.000000	2157.547914
919	-1660.000000	2156.119199
843	-1434.000000	2158.518937
915	-785.000000	2161.029153
903	87.000000	2158.541869
910	530.000000	2147.450116
844	718.000000	2135.201630
820	1068.000000	2128.612224
928	1380.000000	2132.553399
849	1472.000000	2143.480347
885	1908.000000	2146.545597
895	2814.000000	2138.407351
841	3464.000000	2126.067261
859	3380.000000	2119.143223
795	2942.000000	2124.095101
916	1991.000000	2133.710618
902	485.000000	2143.763746
844	-762.000000	2153.328586
916	-1129.000000	2156.377286
905	-948.000000	2157.541657
895	-379.000000	2154.645911
887	296.000000	2148.311895
850	366.000000	2149.216136
880	-96.000000	2158.353539
936	-1063.000000	2170.349972
919	-2263.000000	2178.900411
905	-3099.000000	2178.026859
921	-2940.000000	2171.470930
919	-2591.000000	2169.562398
859	-1656.000000	2170.372318
958	-363.000000	2169.714958
884	695.000000	2167.013383
878	962.000000	2164.770196
877	1422.000000	2162.384795
932	1625.000000	2165.828017
882	1573.000000	2169.656424
897	1474.000000	2170.937125
898	1704.000000	2169.520684
905	1393.000000	2164.494167
895	634.000000	2161.786298
857	-307.000000	2163.445631
934	-1128.000000	2169.910597
921	-1987.000000	2180.681316
905	-2113.000000	2188.207257
954	-1505.000000	2185.181228
895	-494.000000	2174.807118
904	328.000000	2164.839948
858	980.000000	2162.948451
906	826.000000	2171.933240
911	113.000000	2180.403403
947	-836.000000	2182.813780
901	-1512.000000	2178.139114
893	-1889.000000	2173.893052
906	-1578.000000	2172.527560
935	-707.000000	2173.474868
904	185.000000	2171.669634
873	784.000000	2165.601995
891	1219.000000	2161.942414
891	1423.000000	2161.034706
926	1038.000000	2165.016397
844	852.000000	2169.130701
945	1159.000000	2170.141700
907	1394.000000	2169.323397
861	1281.000000	2167.648265
904	1253.000000	2161.000925
904	705.000000	2156.923504
880	-745.000000	2161.425687
872	-2214.000000	2171.399088
959	-3161.000000	2182.101052
942	-3563.000000	2183.372392
922	-3351.000000	2173.518116
867	-2058.000000	2161.099720
887	-411.000000	2155.887056
906	935.000000	2157.706885
890	1628.000000	2162.795876
870	1901.000000	2158.953682
916	1222.000000	2148.373804
841	136.000000	2143.094492
884	-655.000000	2145.604577
916	-823.000000	2155.394859
877	-564.000000	2161.858922
927	599.000000	2152.991175
878	1966.000000	2137.055451
809	2858.000000	2127.061823
851	2982.000000	2128.257033
877	2662.000000	2139.470028
923	1639.000000	2149.333618
865	715.000000	2153.434698
876	347.000000	2157.135369
891	792.000000	2157.609789
937	1378.000000	2156.047309
854	2129.000000	2151.300304
869	2326.000000	2150.615261
859	1673.000000	2161.528394
918	7.000000	2178.267431
964	-1923.000000	2187.770783
921	-4022.000000	2185.354891
898	-5532.000000	2179.251706
913	-5927.000000	2180.950022
957	-4824.000000	2191.997719
962	-2704.000000	2201.948682
904	250.000000	2197.690151
925	3223.000000	2181.379151
855	5389.000000	2165.483549
880	5931.000000	2162.291146
869	5024.000000	2176.220118
911	2810.000000	2195.616542
983	-176.000000	2205.676314
922	-3247.000000	2203.858662
932	-5596.000000	2191.494467
940	-7071.000000	2184.353680
897	-7251.000000	2191.301668
982	-6227.000000	2199.134603
956	-4058.000000	2202.263835
905	-1062.000000	2192.181106
930	2229.000000	2173.300025
839	4617.000000	2162.008094
851	6103.000000	2155.716818
939	6118.000000	2154.443780
825	4601.000000	2157.565063
901	2290.000000	2163.455107
888	524.000000	2171.327704
959	-873.000000	2178.243099
902	-1268.000000	2175.020919
893	-606.000000	2163.161575
904	453.000000	2154.163643
837	1109.000000	2158.923111
917	1363.000000	2172.392460
926	880.000000	2182.248840
916	-248.000000	2179.836232
918	-1552.000000	2169.978802
859	-2850.000000	2168.309019
917	-3536.000000	2177.792919
966	-3465.000000	2188.394617
940	-2795.000000	2188.195375
905	-1882.000000	2175.925091
847	-522.000000	2160.161105
932	234.000000	2153.212948
852	534.000000	2156.780935
915	594.000000	2163.193473
902	693.000000	2165.234629
883	462.000000	2162.635892
898	966.000000	2153.210162
895	1554.000000	2143.344116
840	1919.000000	2138.245776
863	1919.000000	2139.837611
882	1983.000000	2144.913285
918	1154.000000	2148.956956
836	323.000000	2147.179778
911	-157.000000	2142.506709
875	-164.000000	2143.144885
871	-252.000000	2149.816271
893	375.000000	2153.323710
911	1013.000000	2150.531795
870	1253.000000	2142.508110
851	769.000000	2140.156303
847	255.000000	2146.979506
951	-741.000000	2157.100137
894	-1930.000000	2161.784448
896	-2758.000000	2158.773726
883	-2820.000000	2152.394945
899	-2692.000000	2151.256377
893	-2218.000000	2152.049721
893	-1157.000000	2149.307098
901	-233.000000	2143.155384
833	538.000000	2139.765875
882	1327.000000	2142.311135
887	1871.000000	2142.055788
898	1591.000000	2137.606372
819	1313.000000	2126.776199
887	450.000000	2119.829238
822	-663.000000	2124.927058
892	-1271.000000	2134.860885
937	-940.000000	2138.607023
847	-468.000000	2136.658606
831	1019.000000	2126.564600
900	2700.000000	2114.899998
829	3468.000000	2111.722993
813	3172.000000	2113.501833
866	2411.000000	2120.066744
877	409.000000	2130.352318
865	-1745.000000	2134.832780
916	-3095.000000	2133.172520
859	-3487.000000	2130.151873
875	-3222.000000	2130.477411
865	-1816.000000	2131.989681
908	-280.000000	2130.173702
847	798.000000	2121.372669
831	1134.000000	2112.377807
840	795.000000	2110.203071
862	-167.000000	2117.867087
886	-955.000000	2127.657632
881	-1342.000000	2129.313035
864	-1007.000000	2122.649524
848	143.000000	2110.398304
861	1464.000000	2101.078295
806	2397.000000	2099.932142
831	3119.000000	2103.029006
884	3310.000000	2108.627516
823	2697.000000	2115.446761
848	2036.000000	2118.726976
877	1377.000000	2116.369769
861	269.000000	2112.614731
835	-957.000000	2111.325887
847	-2013.000000	2115.313452
895	-3270.000000	2125.581332
866	-4028.000000	2133.478380
927	-3790.000000	2133.701479
856	-3029.000000	2127.937264
840	-1648.000000	2121.859562
887	300.000000	2116.900565
854	1651.000000	2114.649143
827	1892.000000	2111.345543
830	1870.000000	2105.656192
891	1085.000000	2105.184790
810	-111.000000	2112.504911
865	-636.000000	2121.484386
901	4.000000	2121.278860
881	706.000000	2113.995743
785	1863.000000	2100.707738
848	2952.000000	2094.346676
813	3146.000000	2099.390388
867	2157.000000	2109.773685
861	849.000000	2118.540299
850	-852.000000	2121.655486
883	-2513.000000	2120.539790
854	-3333.000000	2119.200085
903	-3203.000000	2119.304367
844	-2595.000000	2120.698706
854	-1433.000000	2122.985869
888	141.000000	2120.494989
863	1366.000000	2116.283535
820	1992.000000	2110.523632
838	2444.000000	2108.668300
869	2429.000000	2115.615986
853	1768.000000	2125.551223
867	617.000000	2129.392636
863	-473.000000	2119.997877
894	-1942.000000	2107.116988
799	-3242.000000	2105.423948
861	-3948.000000	2120.719218
903	-3341.000000	2140.003505
950	-2146.000000	2144.570353
856	-284.000000	2125.278805
805	1357.000000	2095.569851
795	2539.000000	2077.541576
839	2413.000000	2087.915468
828	1661.000000	2113.025083
912	609.000000	2131.122943
865	341.000000	2129.188343
886	321.000000	2109.062588
799	752.000000	2089.369283
792	1306.000000	2084.557027
869	1651.000000	2092.455256
853	879.000000	2110.227239
825	194.000000	2121.402838
925	-184.000000	2120.408451
836	-519.000000	2115.607005
835	-711.000000	2108.056688
865	-165.000000	2102.815969
847	-9.000000	2105.869654
841	-407.000000	2112.782762
856	-628.000000	2121.918943
891	-670.000000	2125.746928
887	-1031.000000	2121.667033
823	-1090.000000	2115.182734
857	-737.000000	2109.231377
870	-797.000000	2110.211127
827	-1158.000000	2113.949384
895	-1115.000000	2114.525715
855	-880.000000	2113.969725
841	-535.000000	2114.610366
854	476.000000	2113.769618
873	2011.000000	2109.579816
857	3083.000000	2102.242850
778	3677.000000	2097.217919
840	3592.000000	2099.386577
852	2710.000000	2107.481910
874	877.000000	2115.803630
845	-942.000000	2118.271937
865	-2748.000000	2117.424851
868	-3742.000000	2116.658688
894	-4140.000000	2119.585809
846	-3418.000000	2122.058906
893	-2235.000000	2122.804042
840	-300.000000	2119.901413
891	924.000000	2113.692504
795	1800.000000	2106.113957
858	1661.000000	2099.531138
843	1085.000000	2097.950190
843	-346.000000	2109.410818
826	-1073.000000	2118.362811
954	-1422.000000	2119.916980
816	-767.000000	2109.942416
869	58.000000	2094.687089
771	1081.000000	2087.040249
832	1615.000000	2090.989479
891	1700.000000	2095.024582
826	927.000000	2099.190558
810	176.000000	2100.737490
856	-95.000000	2100.378775
892	-403.000000	2102.973371
806	-417.000000	2098.215671
868	-102.000000	2087.926723
796	76.000000	2081.575845
831	-396.000000	2087.576106
841	-421.000000	2099.381099
892	-485.000000	2108.144445
836	-466.000000	2102.193616
839	-334.000000	2086.683972
810	280.000000	2075.249383
824	497.000000	2078.740725
818	774.000000	2092.705904
869	1102.000000	2102.605051
868	1561.000000	2098.413925
822	1803.000000	2086.665522
783	2151.000000	2080.980298
826	2055.000000	2084.887767
865	1683.000000	2095.676263
851	1025.000000	2102.746537
841	257.000000	2103.501129
826	-565.000000	2107.023730
852	-762.000000	2110.795111
938	-953.000000	2115.076122
786	-1291.000000	2116.752938
866	-1566.000000	2112.322419
879	-1901.000000	2108.834512
849	-2586.000000	2115.108508
868	-2888.000000	2124.265049
869	-2364.000000	2132.523857
911	-1519.000000	2131.051618
862	-203.000000	2117.087858
843	1065.000000	2104.733950
780	1799.000000	2099.558287
875	1326.000000	2105.688011
852	374.000000	2112.369759
899	-1309.000000	2112.731171
810	-2709.000000	2108.584596
854	-3422.000000	2106.076447
891	-2652.000000	2105.489967
870	-1239.000000	2104.383283
813	1131.000000	2097.205998
826	3307.000000	2085.928810
806	4817.000000	2076.665837
830	4844.000000	2075.146260
778	3983.000000	2079.261648
854	1800.000000	2087.645085
815	-440.000000	2094.155677
902	-2297.000000	2095.926287
835	-3248.000000	2093.664252
817	-3524.000000	2090.983022
859	-2370.000000	2087.528682
863	-915.000000	2085.968121
807	433.000000	2084.423901
807	1613.000000	2081.711555
839	2849.000000	2081.486728
847	3138.000000	2085.374786
784	3014.000000	2089.254412
850	2822.000000	2089.199847
845	2424.000000	2085.505694
830	1349.000000	2087.433592
788	311.000000	2095.045346
875	-670.000000	2103.628770
895	-1643.000000	2109.237066
838	-2711.000000	2107.535290
849	-3353.000000	2105.625560
827	-3678.000000	2107.937855
913	-3703.000000	2111.884703
875	-3853.000000	2112.697091
810	-3413.000000	2106.891786
890	-2672.000000	2097.722575
813	-1639.000000	2093.479639
869	-453.000000	2095.123624
812	1662.000000	2094.371027
871	3392.000000	2090.862023
779	4669.000000	2080.540074
820	5143.000000	2069.840815
799	4696.000000	2061.160353
800	2660.000000	2064.926149
792	407.000000	2076.976408
889	-1621.000000	2090.384893
858	-2983.000000	2098.732236
835	-3257.000000	2092.334820
866	-2273.000000	2077.931423
781	-865.000000	2067.672363
826	267.000000	2066.802603
805	967.000000	2074.460653
835	911.000000	2082.106385
852	316.000000	2079.847110
815	-610.000000	2074.985783
801	-1076.000000	2071.614829
849	-1163.000000	2072.682561
824	-701.000000	2075.959778
837	-34.000000	2072.024131
810	949.000000	2063.155593
796	1451.000000	2058.849436
788	1556.000000	2060.526632
838	945.000000	2065.293926
813	117.000000	2064.076307
838	-1099.000000	2057.546354
772	-1852.000000	2055.471236
821	-2034.000000	2062.313264
843	-1104.000000	2069.728968
855	284.000000	2068.495589
783	2284.000000	2054.846953
780	3901.000000	2041.915522
751	4748.000000	2039.796068
819	4356.000000	2051.030473
802	3175.000000	2063.017450
840	935.000000	2068.402040
790	-1292.000000	2069.453068
836	-2973.000000	2069.451377
868	-4000.000000	2072.883981
798	-4282.000000	2078.382063
861	-3294.000000	2079.209946
845	-2139.000000	2076.065750
794	-1220.000000	2072.405366
827	-315.000000	2066.355487
823	112.000000	2062.514970
805	-527.000000	2063.222480
791	-912.000000	2063.893893
875	-755.000000	2065.913599
801	-437.000000	2067.484220
801	433.000000	2064.583009
829	2283.000000	2055.945768
802	3549.000000	2045.279199
758	3717.000000	2036.923415
760	3316.000000	2037.530368
822	2235.000000	2047.393221
824	45.000000	2061.659283
792	-1805.000000	2069.192838
871	-2497.000000	2063.355762
827	-2734.000000	2053.311472
761	-2589.000000	2048.994143
806	-1320.000000	2052.675327
843	18.000000	2057.817776
827	608.000000	2057.506258
764	1200.000000	2051.321525
807	1894.000000	2047.364159
805	1547.000000	2052.365221
776	793.000000	2057.673686
873	245.000000	2053.271292
790	-685.000000	2044.669411
760	-2010.000000	2044.976283
792	-2525.000000	2053.020458
893	-2254.000000	2062.707929
835	-1615.000000	2061.081997
764	-309.000000	2047.784412
781	1541.000000	2036.414251
779	3278.000000	2035.659107
834	4139.000000	2043.131175
752	4237.000000	2048.763774
798	3425.000000	2048.011963
804	1823.000000	2043.062163
806	-689.000000	2045.272842
782	-2933.000000	2052.187370
852	-4628.000000	2061.129787
839	-5512.000000	2066.497520
835	-5513.000000	2063.479828
818	-4064.000000	2054.594364
806	-2177.000000	2044.810749
789	-151.000000	2040.355606
782	1556.000000	2038.601481
805	2777.000000	2034.465778
785	2942.000000	2030.714653
741	2682.000000	2026.943512
821	1867.000000	2026.934878
751	1093.000000	2029.261688
832	355.000000	2027.844915
774	-76.000000	2023.784574
755	-499.000000	2021.750479
798	-448.000000	2018.325048
800	-512.000000	2017.925668
763	-404.000000	2018.673327
782	-41.000000	2019.663586
779	626.000000	2023.152985
793	1107.000000	2022.783973
783	1780.000000	2015.779254
770	2222.000000	2009.543729
731	2072.000000	2009.790039
778	1418.000000	2018.753080
803	651.000000	2026.772558
820	-359.000000	2027.057720
761	-1305.000000	2024.213180
755	-1642.000000	2024.836784
834	-1493.000000	2031.079270
798	-1033.000000	2035.791001
807	-229.000000	2033.037875
758	767.000000	2025.284918
777	1556.000000	2025.149377
785	2231.000000	2034.136918
809	2538.000000	2043.686375
807	2307.000000	2046.749863
767	1614.000000	2041.184950
816	358.000000	2035.494535
770	-1488.000000	2040.541105
805	-3298.000000	2052.044346
875	-4589.000000	2063.255922
811	-5304.000000	2069.320178
835	-4948.000000	2062.758832
830	-3413.000000	2050.849336
786	-1147.000000	2042.727344
804	1126.000000	2041.122730
760	3191.000000	2046.405874
817	4471.000000	2047.767809
807	4540.000000	2039.199353
756	3261.000000	2029.900736
751	1331.000000	2026.478473
814	-919.000000	2036.585132
822	-2851.000000	2053.532810
839	-3892.000000	2060.097085
831	-3569.000000	2051.678581
789	-2293.000000	2036.305233
779	-456.000000	2026.412100
772	1114.000000	2027.108779
783	2164.000000	2031.895174
813	2201.000000	2031.405179
770	1315.000000	2027.081399
764	-108.000000	2026.179656
782	-1171.000000	2027.257014
853	-1872.000000	2030.306381
763	-1691.000000	2030.006650
798	-586.000000	2025.405638
770	902.000000	2020.315817
768	2174.000000	2017.178723
792	2833.000000	2009.655443
748	2426.000000	2004.680024
736	807.000000	2005.899549
780	-1094.000000	2012.648504
833	-3162.000000	2024.216886
769	-4392.000000	2025.536966
843	-4634.000000	2016.844565
726	-3488.000000	2004.170152
801	-2139.000000	1995.787814
726	-535.000000	1989.570557
780	265.000000	1984.235117
734	390.000000	1973.522739
736	-739.000000	1966.250493
718	-1988.000000	1963.289586
772	-3078.000000	1962.455605
763	-3335.000000	1958.178490
723	-2978.000000	1943.642971
710	-1275.000000	1924.819732
694	849.000000	1906.267295
687	2878.000000	1894.296175
650	4550.000000	1888.245747
669	6292.000000	1882.457436
697	7028.000000	1880.171801
591	7417.000000	1880.158770
712	7667.000000	1879.625229
646	7555.000000	1877.393139
662	6235.000000	1876.259843
632	4998.000000	1877.370502
702	3515.000000	1891.843281
688	1857.000000	1916.159440
713	647.000000	1941.603204
761	758.000000	1953.819848
763	1048.000000	1953.903273
675	1398.000000	1954.083417
715	1928.000000	1964.106413
778	1992.000000	1987.905430
771	1347.000000	2017.251843
805	731.000000	2039.145164
804	677.000000	2052.556698
823	801.000000	2065.135589
804	1520.000000	2077.725198
866	2442.000000	2094.825052
813	3335.000000	2112.457100
887	3440.000000	2131.490089
853	3179.000000	2154.332611
910	2278.000000	2179.431577
943	1095.000000	2202.462485
939	-579.000000	2222.568109
964	-2064.000000	2239.524950
990	-3998.000000	2256.508808
987	-6226.000000	2275.447209
1039	-8755.000000	2293.632708
1040	-11347.000000	2303.646891
1085	-14166.000000	2309.802589
1004	-15997.000000	2312.731934
1120	-16563.000000	2314.761975
1057	-15699.000000	2317.515696
1036	-12920.000000	2310.561836
1101	-8562.000000	2288.873522
930	-3910.000000	2260.393771
950	435.000000	2230.977588
921	4006.000000	2209.834383
903	5525.000000	2200.127042
902	5441.000000	2188.496516
904	4387.000000	2171.449055
889	2851.000000	2149.766266
853	1124.000000	2131.390157
838	608.000000	2120.721104
902	930.000000	2112.715788
827	2003.000000	2099.306790
835	3477.000000	2078.246617
772	5402.000000	2056.230045
792	6653.000000	2047.132873
761	7356.000000	2049.879021
814	7240.000000	2055.169579
805	6440.000000	2051.788488
782	4519.000000	2040.673663
761	2030.000000	2031.476803
787	-790.000000	2034.557937
821	-3283.000000	2047.825920
848	-5263.000000	2060.167712
822	-5905.000000	2062.256289
836	-4957.000000	2053.005358
811	-2812.000000	2040.800333
771	-284.000000	2033.325355
774	2498.000000	2029.356548
801	4769.000000	2026.805615
766	5790.000000	2026.496484
740	5745.000000	2028.743207
791	5306.000000	2033.968043
812	4127.000000	2039.595303
784	2405.000000	2042.655380
783	656.000000	2041.983350
809	-940.000000	2042.686956
819	-2920.000000	2050.126825
796	-4645.000000	2060.530272
863	-5765.000000	2068.005077
837	-6129.000000	2068.286972
842	-6119.000000	2063.644107
788	-5180.000000	2055.805925
837	-3502.000000	2050.123899
811	-1464.000000	2045.391405
793	374.000000	2042.855844
768	2453.000000	2039.095142
806	4295.000000	2031.888038
786	5206.000000	2024.254925
721	5184.000000	2016.489524
781	4781.000000	2012.984103
772	3418.000000	2016.590191
774	1242.000000	2024.969629
789	-525.000000	2031.491816
816	-1647.000000	2031.310168
817	-2651.000000	2028.213253
735	-2792.000000	2027.033300
827	-1856.000000	2027.913706
809	-1076.000000	2029.367389
755	-519.000000	2028.953178
801	362.000000	2021.746770
786	977.000000	2018.602239
755	988.000000	2025.758623
773	1259.000000	2031.430284
855	1703.000000	2033.663443
753	1814.000000	2027.177841
775	1654.000000	2018.255683
748	1447.000000	2019.705177
786	970.000000	2029.266863
858	19.000000	2039.013242
746	-1012.000000	2044.000978
820	-1819.000000	2040.224743
806	-2525.000000	2034.043018
793	-3321.000000	2034.960688
795	-3557.000000	2036.183440
819	-3319.000000	2039.409964
801	-2823.000000	2040.572714
801	-1798.000000	2035.606052
803	-22.000000	2029.167317
763	1708.000000	2021.343613
773	3136.000000	2015.712281
754	4410.000000	2014.374345
781	4912.000000	2013.328091
766	4362.000000	2015.054838
734	3391.000000	2019.339744
821	2222.000000	2022.559764
785	460.000000	2027.814587
754	-1031.000000	2029.962315
844	-1858.000000	2028.265269
777	-2294.000000	2032.667213
791	-2281.000000	2042.576070
814	-1314.000000	2050.357530
836	-219.000000	2052.274104
793	587.000000	2041.572678
778	1089.000000	2030.661715
757	1159.000000	2034.162481
798	461.000000	2049.644603
856	-336.000000	2066.984760
827	-901.000000	2070.240324
833	-1324.000000	2058.312416
766	-1630.000000	2047.085245
789	-1478.000000	2046.585938
861	-1450.000000	2055.093185
792	-1595.000000	2065.260032
831	-1578.000000	2065.585147
823	-1347.000000	2056.942148
806	-1209.000000	2051.595720
780	-692.000000	2047.282101
835	21.000000	2046.569569
785	730.000000	2047.594198
801	1665.000000	2047.670139
810	2481.000000	2047.541208
765	2973.000000	2046.286637
822	3203.000000	2041.322855
783	2909.000000	2035.574366
776	1480.000000	2038.032384
756	94.000000	2045.783957
884	-1371.000000	2055.544453
810	-2784.000000	2061.205958
805	-3570.000000	2060.223289
827	-2985.000000	2054.008520
823	-2378.000000	2052.550608
776	-1430.000000	2050.036585
842	-133.000000	2045.061124
785	1147.000000	2044.229684
774	1798.000000	2048.569745
803	2707.000000	2055.669477
829	3485.000000	2056.416057
825	3819.000000	2047.596884
742	3460.000000	2040.046568
753	2750.000000	2043.018845
845	1176.000000	2055.912936
831	-772.000000	2069.210477
849	-2743.000000	2073.977097
788	-4200.000000	2070.769422
850	-5048.000000	2069.524100
843	-4590.000000	2072.023649
857	-3435.000000	2076.256487
798	-1823.000000	2075.841275
815	103.000000	2069.395806
852	1901.000000	2060.102182
778	2456.000000	2055.674099
756	2377.000000	2056.356730
840	2013.000000	2058.248527
846	1156.000000	2063.987888
784	112.000000	2068.471416
813	12.000000	2069.178098
848	324.000000	2066.222640
818	598.000000	2059.410110
795	844.000000	2054.858633
766	1100.000000	2055.653667
851	708.000000	2065.142126
809	95.000000	2076.150043
859	-545.000000	2079.151029
816	-968.000000	2073.768550
805	-1279.000000	2067.292190
841	-1368.000000	2066.317013
802	-1428.000000	2073.570833
842	-1276.000000	2078.516298
853	-1115.000000	2076.195318
805	-865.000000	2071.606382
816	-284.000000	2068.298818
819	473.000000	2071.195066
825	1051.000000	2074.771554
834	1567.000000	2071.438872
811	1708.000000	2063.423854
788	1085.000000	2058.594423
791	112.000000	2062.800039
852	-879.000000	2071.497285
854	-2039.000000	2076.149079
806	-2683.000000	2074.186829
828	-2520.000000	2065.808800
830	-1945.000000	2060.221590
798	-1061.000000	2060.431751
820	309.000000	2058.529815
828	1280.000000	2056.702701
753	1846.000000	2052.562301
840	2203.000000	2047.675511
783	2028.000000	2047.037860
783	1212.000000	2048.921668
819	550.000000	2048.919715
811	-53.000000	2048.595372
808	-633.000000	2047.591024
777	-516.000000	2047.001221
835	430.000000	2050.193162
802	1644.000000	2053.993184
796	2959.000000	2055.920475
798	4170.000000	2051.899120
796	4526.000000	2046.334772
786	3643.000000	2047.498230
772	1733.000000	2057.977891
843	-793.000000	2073.930809
856	-3411.000000	2086.006951
866	-5581.000000	2088.243999
838	-6703.000000	2084.080853
828	-6404.000000	2082.041306
867	-5021.000000	2082.668721
843	-3070.000000	2083.905948
818	-662.000000	2079.006012
834	1727.000000	2068.634090
789	3233.000000	2063.791898
775	3975.000000	2064.323376
846	4122.000000	2066.090511
812	3408.000000	2066.257486
798	1945.000000	2064.250227
794	532.000000	2063.394776
839	-779.000000	2066.794862
841	-1859.000000	2070.971028
821	-2328.000000	2073.313290
824	-2007.000000	2072.685939
826	-1293.000000	2070.165935
832	-347.000000	2067.694610
812	631.000000	2065.784355
800	1288.000000	2065.568687
810	1315.000000	2065.546175
824	895.000000	2064.710876
827	337.000000	2064.873604
803	-312.000000	2067.318553
815	-768.000000	2073.359593
838	-718.000000	2076.396398
862	-335.000000	2071.112986
800	-164.000000	2062.130937
757	-12.000000	2055.676531
843	41.000000	2058.676031
821	-92.000000	2069.506705
840	-333.000000	2077.163691
813	-25.000000	2074.967711
825	552.000000	2066.289428
819	1270.000000	2057.968902
787	1902.000000	2059.085719
797	2472.000000	2066.717688
841	2357.000000	2073.978544
821	1729.000000	2075.861508
829	696.000000	2072.062740
799	-450.000000	2070.340552
824	-1641.000000	2077.433753
850	-2254.000000	2087.954501
879	-2283.000000	2095.566033
830	-1781.000000	2094.889735
827	-959.000000	2086.984188
837	44.000000	2080.269213
821	681.000000	2080.087739
830	813.000000	2085.677588
822	591.000000	2094.132517
856	138.000000	2098.357929
869	-588.000000	2095.310478
818	-1178.000000	2091.160922
825	-1568.000000	2086.651384
854	-1903.000000	2086.545231
833	-1974.000000	2091.007891
859	-1499.000000	2091.716759
849	-899.000000	2092.327651
788	8.000000	2090.510464
885	1130.000000	2082.771231
818	1849.000000	2075.455372
775	1847.000000	2070.199749
824	1619.000000	2069.675095
825	871.000000	2077.538688
848	-50.000000	2084.951318
839	-540.000000	2086.489396
823	-445.000000	2081.907539
837	-303.000000	2073.445683
803	203.000000	2068.197524
832	616.000000	2068.806419
800	629.000000	2074.004581
829	274.000000	2080.203355
848	112.000000	2080.899805
845	-314.000000	2077.979788
788	-615.000000	2074.472704
828	-639.000000	2073.321249
843	-534.000000	2073.229365
837	-659.000000	2075.354187
792	-571.000000	2074.906986
846	-400.000000	2073.950337
816	-216.000000	2073.379849
832	282.000000	2070.392716
836	1121.000000	2069.792502
764	2103.000000	2073.240218
858	2934.000000	2077.090754
812	3527.000000	2076.163048
832	3443.000000	2071.109606
781	2526.000000	2064.807981
801	970.000000	2072.871438
841	-647.000000	2091.688074
889	-2307.000000	2106.581828
878	-3657.000000	2109.130864
813	-3975.000000	2095.819410
890	-3695.000000	2083.516979
779	-3202.000000	2088.207365
851	-2069.000000	2103.167849
917	-534.000000	2110.840591
839	419.000000	2105.885799
809	1211.000000	2087.348797
817	1909.000000	2073.824245
811	1768.000000	2079.789412
826	1065.000000	2093.818760
885	558.000000	2103.263179
849	44.000000	2099.656162
827	-653.000000	2087.234294
806	-881.000000	2079.504508
839	-784.000000	2081.804506
858	-886.000000	2087.593830
830	-941.000000	2092.545579
829	-475.000000	2090.330357
864	93.000000	2085.355365
802	521.000000	2083.437304
823	1360.000000	2081.329383
859	2073.000000	2079.528071
788	2251.000000	2080.003606
828	2033.000000	2081.185479
825	1959.000000	2083.824129
859	1342.000000	2089.481754
806	785.000000	2092.949354
860	238.000000	2095.533345
830	-184.000000	2094.720984
863	-1108.000000	2093.309819
817	-1808.000000	2093.817566
855	-2576.000000	2099.212233
855	-2864.000000	2106.614820
882	-2801.000000	2112.436271
855	-1854.000000	2110.816430
860	-690.000000	2103.537021
817	660.000000	2095.754279
840	1393.000000	2090.817304
826	1536.000000	2089.927271
839	889.000000	2092.895363
836	33.000000	2097.460607
856	-894.000000	2103.458581
847	-1111.000000	2104.847025
882	-546.000000	2099.899998
823	577.000000	2091.361040
811	1906.000000	2085.905079
822	3246.000000	2087.384967
842	4008.000000	2094.141829
845	3842.000000	2101.559897
812	3006.000000	2104.502316
869	1320.000000	2103.392973
832	-922.000000	2103.285050
863	-3437.000000	2106.729456
866	-5534.000000	2112.928300
880	-6917.000000	2123.033914
888	-6887.000000	2126.321001
918	-5683.000000	2122.340925
825	-3151.000000	2112.060842
863	25.000000	2098.825624
820	2925.000000	2090.756083
798	4890.000000	2088.752738
847	5884.000000	2087.032343
814	5291.000000	2087.308554
804	3417.000000	2088.924364
835	1289.000000	2088.822874
877	-822.000000	2091.121230
820	-2686.000000	2092.778058
848	-3350.000000	2093.959407
861	-2796.000000	2094.263594
854	-1653.000000	2093.267064
831	-117.000000	2089.949521
813	1694.000000	2085.028537
841	2565.000000	2080.229074
794	2501.000000	2078.046438
838	1611.000000	2079.735801
821	382.000000	2084.864984
848	-1346.000000	2093.465070
833	-2234.000000	2095.460331
904	-2464.000000	2091.445911
798	-1806.000000	2084.035028
834	-1066.000000	2080.224507
797	64.000000	2079.552837
872	480.000000	2078.354157
818	467.000000	2071.975627
800	-238.000000	2068.903091
792	-657.000000	2072.567249
869	-997.000000	2080.528058
854	-563.000000	2083.060489
828	226.000000	2072.460374
783	1484.000000	2057.092122
782	2268.000000	2049.286217
804	2713.000000	2051.911060
831	2403.000000	2061.438090
787	1933.000000	2067.762801
844	1228.000000	2069.751676
793	1037.000000	2069.802648
851	990.000000	2068.796752
804	1274.000000	2067.826879
804	1246.000000	2068.738263
819	1039.000000	2070.469753
830	110.000000	2076.095855
825	-802.000000	2083.259465
858	-1694.000000	2091.749029
828	-2102.000000	2098.591909
878	-2167.000000	2100.648233
839	-1516.000000	2095.746168
856	-1051.000000	2088.611740
792	-794.000000	2086.245911
835	-839.000000	2090.260510
882	-916.000000	2098.103906
840	-1205.000000	2105.410411
846	-1023.000000	2104.708293
858	-404.000000	2098.823480
831	471.000000	2090.869436
847	1095.000000	2084.755381
786	1480.000000	2084.863545
842	1449.000000	2088.559551
859	1041.000000	2093.934813
830	386.000000	2098.417022
850	10.000000	2098.852067
833	-108.000000	2096.624430
856	-311.000000	2091.897464
832	-606.000000	2087.323166
820	-869.000000	2087.320531
848	-1527.000000	2092.206252
833	-2476.000000	2098.931633
877	-3021.000000	2098.523052
871	-3045.000000	2089.992584
802	-2906.000000	2081.286141
808	-2041.000000	2076.787182
860	-370.000000	2076.643446
850	1386.000000	2077.097976
784	2665.000000	2071.611209
783	3913.000000	2061.072294
831	4361.000000	2051.122376
783	3614.000000	2046.997313
780	2127.000000	2052.877736
788	890.000000	2061.156957
893	-401.000000	2069.266778
794	-1083.000000	2071.626173
829	-780.000000	2065.643241
812	177.000000	2057.419014
788	935.000000	2055.117272
823	1413.000000	2056.657726
796	1279.000000	2063.104699
814	304.000000	2068.384394
836	-1040.000000	2069.751676
832	-2397.000000	2072.439866
815	-3381.000000	2071.920124
854	-3847.000000	2071.567281
806	-3437.000000	2068.662128
863	-2602.000000	2063.513509
780	-1383.000000	2059.076249
809	-6.000000	2056.589896
822	1308.000000	2053.280302
793	2072.000000	2049.799015
796	2475.000000	2043.556459
776	2502.000000	2037.681035
799	2042.000000	2038.180561
777	1432.000000	2040.477395
828	1040.000000	2044.259279
788	739.000000	2044.325072
797	488.000000	2041.905483
792	374.000000	2038.196752
793	109.000000	2033.675736
808	-412.000000	2033.813167
755	-859.000000	2037.775012
842	-1067.000000	2046.126340
793	-842.000000	2053.209682
830	-62.000000	2052.011209
811	980.000000	2042.532741
744	1883.000000	2033.086570
805	2343.000000	2031.326414
764	1933.000000	2038.654213
821	779.000000	2049.902193
808	-563.000000	2054.028481
828	-1820.000000	2053.054797
805	-2587.000000	2052.777387
789	-2247.000000	2055.738553
866	-1293.000000	2058.185852
785	-51.000000	2055.732716
813	1361.000000	2048.408895
785	2483.000000	2043.053352
770	2680.000000	2050.509205
805	2673.000000	2060.474460
869	2315.000000	2066.743574
794	1504.000000	2068.110249
785	501.000000	2065.960551
832	-442.000000	2066.475744
835	-1891.000000	2070.498249
835	-3390.000000	2072.922575
829	-4590.000000	2075.155898
824	-5169.000000	2081.575605
863	-4818.000000	2087.545928
875	-3238.000000	2088.121165
827	-980.000000	2079.303249
792	1438.000000	2063.316263
798	3174.000000	2052.135960
775	3646.000000	2049.260842
818	2789.000000	2053.223076
792	1104.000000	2058.607782
829	-692.000000	2063.412223
829	-1734.000000	2067.645037
826	-1538.000000	2069.054373
840	-437.000000	2062.976733
779	1222.000000	2048.852362
807	2544.000000	2033.952802
747	3067.000000	2031.136874
778	2577.000000	2046.916950
818	1617.000000	2065.851640
874	348.000000	2075.218061
815	-430.000000	2066.757364
807	-799.000000	2052.143026
762	-989.000000	2047.786854
814	-1143.000000	2056.055204
867	-1253.000000	2066.141573
817	-1871.000000	2069.118895
794	-2591.000000	2064.319985
816	-2539.000000	2059.331688
861	-1968.000000	2061.820070
795	-1089.000000	2065.690441
813	521.000000	2064.267182
823	2462.000000	2054.187917
803	3407.000000	2045.468895
733	3281.000000	2042.689159
799	2479.000000	2044.435130
847	800.000000	2049.765352
787	-1443.000000	2055.564886
817	-3097.000000	2060.241976
819	-3412.000000	2062.387936
871	-2642.000000	2062.203676
796	-1239.000000	2054.153110
780	581.000000	2043.122365
783	2293.000000	2034.087265
796	2915.000000	2033.735725
779	2157.000000	2043.641603
765	1188.000000	2051.273263
896	46.000000	2052.293351
770	-1355.000000	2049.646555
782	-2398.000000	2045.405094
817	-2274.000000	2039.701449
833	-2205.000000	2037.587544
777	-2081.000000	2035.713388
775	-1387.000000	2036.813443
811	-283.000000	2038.496260
823	268.000000	2036.711565
763	1013.000000	2029.027600
782	1811.000000	2016.309252
761	1913.000000	2008.647057
747	1474.000000	2012.582918
796	1302.000000	2021.071003
811	879.000000	2025.780590
765	273.000000	2023.165095
767	153.000000	2012.771969
799	-75.000000	2003.717795
736	-930.000000	2003.881733
763	-1894.000000	2007.226943
822	-2964.000000	2009.750731
767	-4437.000000	2009.546964
772	-5297.000000	2001.354791
799	-5222.000000	1991.425620
743	-4368.000000	1983.947580
773	-2554.000000	1977.574777
738	183.000000	1970.435231
736	2757.000000	1958.612519
703	4913.000000	1940.508954
694	6323.000000	1924.213865
680	6472.000000	1917.868609
663	5529.000000	1923.845368
729	4369.000000	1933.496574
744	3064.000000	1936.952761
700	1912.000000	1933.432181
691	1490.000000	1927.546627
712	1522.000000	1926.648904
720	1334.000000	1931.654213
710	1172.000000	1937.139644
731	1104.000000	1943.678986
712	651.000000	1953.792466
727	78.000000	1964.130342
778	53.000000	1969.209740
756	77.000000	1967.275527
715	-151.000000	1967.040671
705	-183.000000	1974.701243
799	15.000000	1988.739048
796	-389.000000	2000.774600
730	-789.000000	2002.939090
784	-884.000000	1998.554978
756	-973.000000	1998.559731
789	-1302.000000	2010.771494
756	-1075.000000	2024.318898
841	-933.000000	2030.462263
775	-1058.000000	2025.023950
774	-1335.000000	2015.848953
776	-1726.000000	2013.595789
763	-2459.000000	2024.922468
827	-2842.000000	2038.261514
836	-2703.000000	2041.758801
792	-2102.000000	2034.903438
758	-707.000000	2021.097969
799	1136.000000	2015.263754
751	2769.000000	2020.149747
785	3860.000000	2025.688525
785	4338.000000	2024.729612
767	3720.000000	2019.719783
761	2312.000000	2016.838119
773	595.000000	2025.583126
802	-1069.000000	2039.708558
842	-2490.000000	2048.568769
809	-3318.000000	2047.969726
793	-3503.000000	2037.807891
804	-3258.000000	2030.638816
771	-2544.000000	2032.018209
834	-1190.000000	2040.991916
793	734.000000	2051.813344
803	2926.000000	2054.217613
812	5320.000000	2046.682682
761	7353.000000	2034.907615
776	8291.000000	2029.815509
721	8045.000000	2040.699635
813	7242.000000	2062.998303
872	6218.000000	2088.609585
813	5872.000000	2112.385855
866	6959.000000	2129.625084
859	9482.000000	2144.857105
889	12447.000000	2162.377164
864	15244.000000	2184.395111
874	16454.000000	2216.015794
922	15638.000000	2257.103897
1003	12693.000000	2306.427757
1052	8300.000000	2358.558882
1100	2684.000000	2410.354331
1133	-2621.000000	2457.614901
1281	-7833.000000	2497.565014
1234	-12807.000000	2532.194898
1281	-17747.000000	2563.689334
1330	-22172.000000	2591.809792
1411	-26761.000000	2622.725109
1380	-30353.000000	2647.037401
1479	-32675.000000	2658.032919
1410	-33001.000000	2653.576266
1423	-31253.000000	2634.673225
1386	-27093.000000	2609.368314
1290	-21360.000000	2585.201733
1293	-13992.000000	2556.911809
1273	-6018.000000	2519.728557
1163	1826.000000	2474.562183
1074	9015.000000	2424.898967
1037	15460.000000	2381.578888
1020	20525.000000	2349.183049
977	25299.000000	2325.307076
975	30487.000000	2310.580663
907	36957.000000	2308.700284
940	45328.000000	2321.491762
954	56626.000000	2346.130005
964	69628.000000	2384.197559
896	84250.000000	2442.516735
997	99652.000000	2533.883975
1086	115257.000000	2663.999437
1250	129472.000000	2828.340503
1375	142674.000000	3014.829348
1664	152750.000000	3217.042120
1841	158061.000000	3433.618936
2198	156198.000000	3669.238341
2543	145604.000000	3920.661679
3076	123628.000000	4191.111786
3495	90127.000000	4469.093980
4237	45131.000000	4741.250995
4795	-9663.000000	4999.099819
5371	-71714.000000	5234.295750
6065	-137471.000000	5448.487405
6460	-202570.000000	5642.485268
7171	-261747.000000	5807.437214
7553	-310511.000000	5933.028316
7766	-344650.000000	6012.591954
7915	-360123.000000	6042.746478
7834	-356082.000000	6029.327823
7674	-333185.000000	5974.898074
7335	-292826.000000	5877.029181
6951	-238750.000000	5736.144001
6315	-176423.000000	5558.282558
5647	-110036.000000	5349.716254
5186	-44535.000000	5115.179469
4455	15282.000000	4861.422014
3831	66362.000000	4591.552243
3282	106894.000000	4315.459883
2725	135578.000000	4045.353137
2404	152996.000000	3780.012169
2020	159886.000000	3521.635983
1599	157767.000000	3273.381279
1416	148649.000000	3040.357380
1224	134519.000000	2837.164606
1091	117086.000000	2667.310256
984	98886.000000	2521.557852
938	81267.000000	2396.019825
847	65323.000000	2286.791420
819	51741.000000	2195.133026
776	40523.000000	2124.124055
730	31082.000000	2072.571350
759	23486.000000	2035.622264
754	17124.000000	2011.826036
714	11906.000000	2000.336972
741	7983.000000	1991.821528
779	5311.000000	1983.468427
737	3198.000000	1972.829440
713	1893.000000	1960.446633
736	859.000000	1956.112216
708	71.000000	1960.066070
792	-503.000000	1968.507811
724	-285.000000	1974.710359
765	206.000000	1974.963797
724	1286.000000	1968.986541
749	2195.000000	1962.024210
721	2540.000000	1955.429876
705	1719.000000	1955.898003
724	184.000000	1961.794587
778	-2215.000000	1971.899845
749	-4425.000000	1981.206451
784	-5669.000000	1983.276330
766	-5650.000000	1976.289452
755	-4418.000000	1965.262832
740	-1799.000000	1955.790122
722	1064.000000	1951.914957
705	3148.000000	1952.222836
701	4511.000000	1945.030334
772	4708.000000	1931.696664
646	3294.000000	1924.624119
661	1459.000000	1933.276235
767	98.000000	1949.295770
789	-944.000000	1959.376942
735	-1229.000000	1950.952332
676	-298.000000	1929.635717
712	741.000000	1919.875777
669	1477.000000	1926.152902
771	1968.000000	1940.343784
708	2017.000000	1948.327231
709	1441.000000	1946.527935
729	979.000000	1942.172237
716	543.000000	1943.809404
745	-46.000000	1950.362018
704	-789.000000	1954.228492
761	-1682.000000	1952.227446
733	-2952.000000	1947.784896
711	-4260.000000	1947.752551
755	-5024.000000	1953.980041
743	-4805.000000	1962.611780
788	-3589.000000	1962.979623
729	-1475.000000	1951.347483
694	1246.000000	1934.265235
703	3653.000000	1918.616429
673	4924.000000	1914.178153
685	5123.000000	1918.999479
710	4327.000000	1924.911167
715	2553.000000	1932.022515
688	667.000000	1934.653716
752	-753.000000	1929.701272
725	-1828.000000	1924.532671
671	-2438.000000	1922.113940
735	-2400.000000	1923.891369
715	-2107.000000	1930.844116
727	-1515.000000	1933.343477
737	-696.000000	1927.667502
673	201.000000	1921.837402
703	1051.000000	1917.653514
712	1727.000000	1916.800198
700	1829.000000	1918.702426
684	1704.000000	1915.615306
722	1395.000000	1914.770221
676	844.000000	1919.683828
713	312.000000	1925.406451
735	48.000000	1926.230516
707	-284.000000	1920.280709
697	-747.000000	1913.362747
670	-1148.000000	1913.657754
733	-1467.000000	1921.923255
731	-1562.000000	1929.951813
725	-1327.000000	1932.168988
697	-706.000000	1925.643788
703	90.000000	1916.371571
710	758.000000	1909.567490
683	883.000000	1908.300553
684	563.000000	1912.254429
705	-41.000000	1916.005480
732	-730.000000	1918.553101
698	-1228.000000	1916.362701
702	-929.000000	1912.585946
699	-69.000000	1910.458322
694	942.000000	1907.339508
709	1953.000000	1905.155899
656	2827.000000	1901.164117
712	2643.000000	1900.190780
639	1688.000000	1904.776102
725	474.000000	1908.556523
742	-1063.000000	1910.579755
647	-2781.000000	1912.940930
726	-3507.000000	1912.743318
733	-3465.000000	1912.288420
711	-2935.000000	1911.945344
685	-1633.000000	1907.334528
687	234.000000	1900.971331
709	1694.000000	1896.464078
649	2953.000000	1893.848727
704	3700.000000	1893.263320
650	3642.000000	1895.371731
681	2998.000000	1897.508366
720	2131.000000	1896.451159
667	717.000000	1898.145147
671	-461.000000	1901.433933
727	-1262.000000	1906.978762
707	-1897.000000	1913.598443
705	-2243.000000	1913.334001
707	-1917.000000	1907.878141
700	-1620.000000	1905.838398
673	-1288.000000	1908.472164
723	-680.000000	1912.252598
716	44.000000	1912.702277
692	647.000000	1910.961276
676	1320.000000	1909.334439
695	1828.000000	1910.106803
708	1822.000000	1907.779337
700	1411.000000	1901.807824
671	630.000000	1901.528333
664	-316.000000	1909.455943
749	-1142.000000	1923.535287
726	-1405.000000	1930.511590
740	-1521.000000	1921.907646
659	-1479.000000	1906.668561
672	-1425.000000	1897.772115
731	-1507.000000	1901.848312
691	-2087.000000	1916.018006
706	-2352.000000	1922.523342
746	-2245.000000	1914.997911
686	-1722.000000	1900.414165
682	-751.000000	1887.876320
652	841.000000	1884.777175
698	2337.000000	1889.199037
681	3701.000000	1890.225119
681	4663.000000	1885.163919
642	4964.000000	1876.867603
645	4567.000000	1874.837860
684	3552.000000	1880.238283
685	1774.000000	1889.223121
678	-356.000000	1896.608552
694	-2304.000000	1897.279631
725	-4083.000000	1898.083507
673	-5030.000000	1901.256427
734	-4789.000000	1905.405206
708	-3590.000000	1909.608860
694	-1881.000000	1909.369791
707	312.000000	1899.433600
678	1920.000000	1886.623969
639	2548.000000	1877.208566
667	2333.000000	1877.729746
682	1561.000000	1890.081215
700	211.000000	1902.730407
703	-746.000000	1904.452152
709	-1091.000000	1893.913673
672	-1136.000000	1878.393995
652	-1176.000000	1871.084712
659	-859.000000	1875.250117
717	-782.000000	1882.932288
682	-827.000000	1887.299923
666	-504.000000	1883.622574
689	504.000000	1874.320677
671	1590.000000	1870.950026
633	2976.000000	1871.200150
696	4103.000000	1870.637057
637	4431.000000	1869.150877
657	3612.000000	1865.823143
660	2004.000000	1865.708981
660	-206.000000	1877.222949
692	-2276.000000	1889.956613
736	-3679.000000	1900.088682
689	-3995.000000	1902.672068
704	-3191.000000	1894.311220
696	-1877.000000	1886.277551
636	-454.000000	1881.251711
718	726.000000	1881.203338
647	1240.000000	1885.678658
687	1123.000000	1892.007135
686	1114.000000	1894.820308
706	1183.000000	1896.042985
684	1211.000000	1895.035884
649	1512.000000	1892.208234
719	1519.000000	1888.277257
655	731.000000	1885.231816
682	-661.000000	1887.227861
680	-1997.000000	1894.238369
717	-3460.000000	1907.015994
713	-3991.000000	1914.646965
743	-3334.000000	1912.526601
685	-1803.000000	1900.850599
667	-284.000000	1886.273575
658	1484.000000	1875.422086
699	2560.000000	1875.686541
638	2683.000000	1885.388289
676	2347.000000	1898.261573
712	2125.000000	1902.049158
724	1447.000000	1894.072068
641	546.000000	1881.227259
635	-240.000000	1872.745044
712	-1430.000000	1876.698697
674	-2775.000000	1890.261093
726	-3560.000000	1901.059178
698	-3428.000000	1902.165082
695	-2568.000000	1897.600590
685	-625.000000	1884.292705
698	1393.000000	1870.870118
607	3073.000000	1863.883312
654	3919.000000	1864.366112
678	3818.000000	1874.053895
660	2611.000000	1884.477912
696	1353.000000	1883.422682
691	-105.000000	1877.019712
633	-1239.000000	1874.062165
700	-1847.000000	1878.011448
686	-1972.000000	1886.257140
702	-2227.000000	1888.656401
675	-2010.000000	1879.350952
686	-1814.000000	1870.009626
637	-1617.000000	1869.574551
683	-1092.000000	1878.086260
713	55.000000	1885.583994
684	959.000000	1882.602720
642	1798.000000	1867.516533
649	2317.000000	1851.164768
644	1975.000000	1845.254725
646	639.000000	1852.837014
658	-628.000000	1866.908675
710	-1646.000000	1875.481805
687	-2168.000000	1873.911951
657	-1700.000000	1863.575059
665	-345.000000	1849.109245
646	829.000000	1841.848799
614	1565.000000	1841.514323
671	1789.000000	1843.825100
650	1208.000000	1848.097941
640	185.000000	1850.666637
673	-508.000000	1851.101834
656	-632.000000	1850.462104
670	-278.000000	1846.750660
638	639.000000	1841.942182
641	1604.000000	1839.988043
637	2111.000000	1839.651326
648	1827.000000	1840.112225
645	956.000000	1839.063349
649	-355.000000	1839.943206
645	-1569.000000	1846.633423
672	-2184.000000	1858.086112
684	-1923.000000	1864.064108
688	-1079.000000	1857.797352
633	-19.000000	1841.708174
621	874.000000	1827.560122
633	1128.000000	1828.044857
634	912.000000	1843.146223
689	539.000000	1860.586735
666	308.000000	1866.251323
677	239.000000	1858.161726
633	494.000000	1841.573783
646	397.000000	1831.154008
613	-297.000000	1832.864152
657	-1473.000000	1842.865432
693	-2740.000000	1854.086298
660	-3857.000000	1860.077687
674	-4028.000000	1856.783778
669	-3037.000000	1845.008672
661	-1208.000000	1830.836967
620	957.000000	1821.252042
597	2942.000000	1819.625236
640	4165.000000	1822.249434
634	4385.000000	1821.657761
634	3713.000000	1816.515621
595	2287.000000	1812.248603
613	835.000000	1815.832316
675	-307.000000	1825.494180
649	-984.000000	1832.824050
649	-1222.000000	1831.527778
617	-651.000000	1822.761915
661	-188.000000	1816.748194
603	22.000000	1818.129808
637	75.000000	1825.355582
655	193.000000	1830.506760
658	-175.000000	1834.526914
616	-83.000000	1835.454440
669	404.000000	1834.457413
639	847.000000	1832.971631
632	983.000000	1831.002731
637	1166.000000	1828.212788
645	581.000000	1830.314454
622	-538.000000	1837.395439
669	-1459.000000	1845.075337
687	-2126.000000	1849.811882
642	-2589.000000	1848.708468
656	-2201.000000	1842.934888
661	-1174.000000	1836.801024
649	-226.000000	1836.786324
615	682.000000	1839.297148
667	1320.000000	1838.849097
652	1263.000000	1835.533437
620	562.000000	1830.361713
643	-437.000000	1827.331114
631	-1527.000000	1831.398646
668	-2171.000000	1835.812354
681	-2218.000000	1836.794490
615	-1568.000000	1834.448146
645	-242.000000	1825.372291
652	1196.000000	1815.584754
602	2018.000000	1808.886951
606	2235.000000	1804.895842
619	1619.000000	1806.071150
630	236.000000	1810.315995
643	-1195.000000	1814.001929
634	-2017.000000	1814.006891
642	-2175.000000	1811.808765
613	-1357.000000	1805.704018
654	206.000000	1796.988036
596	1858.000000	1792.085377
573	3057.000000	1790.108656
628	3566.000000	1789.851949
597	3128.000000	1789.701092
626	2000.000000	1786.988528
596	776.000000	1792.037946
591	-101.000000	1805.764381
684	-391.000000	1815.957323
645	13.000000	1816.093335
620	855.000000	1803.001664
590	1308.000000	1791.104687
567	1235.000000	1797.139115
669	568.000000	1812.563930
668	-695.000000	1828.447155
618	-2433.000000	1834.384093
644	-3420.000000	1828.054704
681	-3862.000000	1823.038124
624	-3675.000000	1822.437653
654	-2872.000000	1825.542659
617	-1222.000000	1825.932091
687	9.000000	1822.297725
587	1089.000000	1813.566376
635	1809.000000	1806.959048
600	2052.000000	1804.230030
627	1483.000000	1809.019348
632	981.000000	1813.041919
639	356.000000	1811.657804
627	-360.000000	1807.404769
596	-719.000000	1802.600067
658	-661.000000	1802.100164
607	-707.000000	1803.358811
625	-589.000000	1802.587862
632	91.000000	1800.033611
616	481.000000	1799.448527
603	721.000000	1800.115274
620	1254.000000	1799.864995
646	1560.000000	1793.973244
599	974.000000	1790.788653
550	522.000000	1792.017299
686	79.000000	1795.223941
619	-782.000000	1802.930392
595	-1411.000000	1804.823260
662	-1300.000000	1798.046162
602	-1128.000000	1795.125065
610	-873.000000	1792.142014
632	-263.000000	1790.773297
600	281.000000	1794.093364
620	549.000000	1793.254862
625	524.000000	1792.483194
583	359.000000	1789.492386
642	-69.000000	1781.536135
597	-640.000000	1778.429644
587	-1093.000000	1783.300592
629	-1038.000000	1789.620071
639	-773.000000	1793.011712
609	-174.000000	1784.950419
602	632.000000	1769.154600
571	1085.000000	1759.763336
571	1078.000000	1762.811958
621	901.000000	1771.884026
623	342.000000	1777.296824
588	-251.000000	1774.844500
594	-209.000000	1767.091113
616	55.000000	1763.413451
571	297.000000	1764.964872
606	775.000000	1764.767123
609	919.000000	1760.517254
565	232.000000	1757.282561
577	-635.000000	1755.156688
623	-1269.000000	1758.323349
602	-1846.000000	1766.400294
588	-1755.000000	1770.166941
628	-754.000000	1767.702464
584	580.000000	1757.077688
590	1519.000000	1742.534648
533	2161.000000	1733.216374
575	2213.000000	1736.561833
592	1561.000000	1750.148279
587	615.000000	1766.072762
615	98.000000	1768.913791
612	-292.000000	1755.529550
571	-597.000000	1740.073274
542	-683.000000	1733.794394
598	-801.000000	1743.640158
594	-1284.000000	1760.147153
615	-1392.000000	1766.769934
626	-1206.000000	1758.540872
546	-810.000000	1745.757715
577	36.000000	1739.170492
586	1347.000000	1740.502514
604	2179.000000	1748.995998
537	2871.000000	1751.807352
613	3226.000000	1748.868205
566	2739.000000	1744.481298
562	1525.000000	1743.885604
594	271.000000	1747.755418
588	-1287.000000	1756.201298
612	-2580.000000	1767.167225
605	-2881.000000	1772.844889
645	-2418.000000	1775.121404
568	-1606.000000	1771.308556
606	-416.000000	1760.475504
611	471.000000	1751.278105
535	515.000000	1750.853792
605	-24.000000	1759.724410
592	-673.000000	1773.205290
648	-1294.000000	1779.301548
613	-1526.000000	1770.665412
567	-1151.000000	1757.503627
586	-271.000000	1746.877500
587	612.000000	1747.423818
586	1240.000000	1755.000285
585	1689.000000	1757.601491
601	1846.000000	1756.642252
566	1467.000000	1751.613827
589	881.000000	1747.468169
580	438.000000	1747.231524
596	-109.000000	1749.869995
587	-748.000000	1756.745855
575	-827.000000	1762.863863
647	-703.000000	1761.017604
576	-792.000000	1754.612778
559	-909.000000	1745.433757
601	-722.000000	1741.462604
582	-1105.000000	1750.115139
579	-1449.000000	1758.795895
635	-1268.000000	1760.603306
581	-671.000000	1750.566480
598	-304.000000	1738.480946
507	686.000000	1733.066069
624	1603.000000	1735.065705
576	1826.000000	1739.060666
547	1518.000000	1738.432052
597	1205.000000	1730.298529
553	160.000000	1725.647125
568	-934.000000	1728.917002
585	-1319.000000	1735.233414
606	-1349.000000	1739.510563
572	-1114.000000	1736.821810
560	-116.000000	1727.382992
597	797.000000	1717.673718
519	944.000000	1716.047785
550	797.000000	1715.802145
615	180.000000	1715.309302
531	-1010.000000	1717.909194
570	-1711.000000	1720.324679
589	-1569.000000	1724.102375
572	-899.000000	1725.028985
582	379.000000	1712.995914
542	2047.000000	1696.681762
517	3055.000000	1689.116633
512	3362.000000	1694.054308
585	2962.000000	1707.703136
565	1931.000000	1715.949009
566	347.000000	1714.836727
536	-1051.000000	1709.145108
573	-2278.000000	1706.975102
576	-3108.000000	1707.647505
577	-3461.000000	1710.708917
553	-2906.000000	1714.736714
575	-1793.000000	1718.374523
575	-285.000000	1717.605019
565	1455.000000	1707.783651
546	3008.000000	1691.894205
506	3611.000000	1683.328548
510	3496.000000	1690.172181
578	3030.000000	1706.151810
590	1995.000000	1719.551395
541	843.000000	1722.211659
561	57.000000	1714.022462
576	-790.000000	1704.838409
549	-2049.000000	1705.239866
544	-3163.000000	1711.251881
609	-4264.000000	1720.888724
568	-5084.000000	1730.112713
604	-4940.000000	1730.748971
594	-3788.000000	1721.842618
542	-1913.000000	1708.720867
557	635.000000	1692.937388
543	3142.000000	1685.006231
504	4863.000000	1687.045050
531	6137.000000	1690.986990
570	6452.000000	1693.976387
509	5703.000000	1692.623112
536	4293.000000	1689.507917
533	2701.000000	1689.688433
573	354.000000	1700.663988
529	-1737.000000	1715.388877
621	-3347.000000	1727.078168
581	-4378.000000	1730.932119
581	-4868.000000	1728.362231
583	-4199.000000	1723.788560
574	-3151.000000	1726.071551
569	-1865.000000	1730.907565
591	-556.000000	1731.618318
574	518.000000	1725.822123
553	845.000000	1715.462911
541	692.000000	1709.837419
560	205.000000	1712.642111
583	-462.000000	1718.918846
572	-1008.000000	1722.080138
566	-1119.000000	1716.684304
565	-682.000000	1706.096129
552	51.000000	1698.495511
537	889.000000	1694.880822
554	1690.000000	1696.797572
538	2311.000000	1698.208762
568	2368.000000	1696.327209
521	2032.000000	1694.111567
542	1483.000000	1691.292701
572	552.000000	1692.097515
519	-707.000000	1697.613325
573	-1827.000000	1698.977634
574	-2794.000000	1696.805823
544	-3574.000000	1693.802822
560	-3655.000000	1691.100529
551	-2983.000000	1693.646067
561	-1876.000000	1692.317937
565	-241.000000	1683.595854
517	1673.000000	1671.207049
514	3120.000000	1660.262630
499	3988.000000	1659.560785
525	4496.000000	1663.514352
562	4107.000000	1665.282859
477	3043.000000	1666.400612
526	2073.000000	1666.066325
563	1056.000000	1668.215813
524	-261.000000	1676.781739
529	-1114.000000	1680.520158
575	-1623.000000	1680.243732
535	-2408.000000	1680.468982
532	-2868.000000	1681.579615
571	-2850.000000	1685.889676
545	-2834.000000	1690.622962
560	-2640.000000	1689.831944
549	-1768.000000	1681.301877
553	-1041.000000	1672.598876
492	-290.000000	1668.024580
551	654.000000	1669.247735
543	1516.000000	1670.398755
525	1893.000000	1667.317306
511	2478.000000	1658.402243
527	2847.000000	1652.086862
503	2917.000000	1655.121446
517	2892.000000	1662.831922
549	2950.000000	1667.875295
529	2546.000000	1669.111740
507	1991.000000	1667.868400
541	1160.000000	1670.337092
526	21.000000	1679.511536
561	-1512.000000	1687.170412
565	-2855.000000	1692.393867
547	-4001.000000	1697.456038
565	-4533.000000	1701.606594
582	-4547.000000	1705.919986
559	-3630.000000	1703.637285
590	-2446.000000	1694.247326
501	-1125.000000	1684.843910
546	-27.000000	1681.826685
540	1022.000000	1681.696168
567	1216.000000	1683.018122
502	1189.000000	1678.217209
546	1008.000000	1669.891014
533	732.000000	1664.386373
515	212.000000	1663.254641
539	334.000000	1663.680859
539	532.000000	1663.875596
518	751.000000	1662.610297
523	986.000000	1658.838750
522	1147.000000	1650.745589
533	565.000000	1643.750285
473	-134.000000	1642.316048
546	-821.000000	1647.500228
528	-1214.000000	1658.580719
535	-897.000000	1665.808813
562	353.000000	1660.312922
496	1779.000000	1649.400800
486	3104.000000	1635.707798
520	3774.000000	1628.534924
482	3289.000000	1637.086131
504	1789.000000	1651.724856
551	-57.000000	1666.381409
547	-1822.000000	1674.135001
560	-2995.000000	1670.975464
527	-3381.000000	1665.246829
518	-3096.000000	1661.640755
555	-2414.000000	1659.799385
534	-1733.000000	1659.467686
521	-1208.000000	1659.508361
516	-575.000000	1661.093917
544	126.000000	1664.492716
539	723.000000	1662.991581
517	1512.000000	1653.679534
515	2277.000000	1641.051188
488	2492.000000	1636.127746
498	2216.000000	1643.986010
532	1828.000000	1654.161419
557	964.000000	1658.421539
495	-57.000000	1655.007855
520	-748.000000	1648.647324
536	-1094.000000	1648.906304
521	-1396.000000	1657.536123
534	-1266.000000	1662.734495
551	-864.000000	1662.808468
511	-544.000000	1657.709866
528	-430.000000	1651.082069
510	-388.000000	1649.906058
526	-534.000000	1651.684595
546	-938.000000	1654.835944
501	-1254.000000	1658.309983
545	-1358.000000	1655.149540
535	-1226.000000	1647.020340
508	-978.000000	1638.692161
504	-326.000000	1632.609568
511	389.000000	1634.965749
505	1221.000000	1638.918241
540	1952.000000	1637.170730
486	2611.000000	1628.914669
494	2713.000000	1620.428030
473	2351.000000	1616.284319
519	1423.000000	1621.161004
501	221.000000	1627.871309
521	-1122.000000	1632.988671
510	-2051.000000	1636.737914
518	-2336.000000	1636.700339
550	-2185.000000	1632.811992
480	-1677.000000	1626.545112
511	-960.000000	1619.046015
500	-471.000000	1614.389358
491	-367.000000	1616.943104
506	-33.000000	1619.578649
523	277.000000	1621.253527
483	681.000000	1620.619326
499	1415.000000	1614.272901
506	2152.000000	1603.277892
470	2174.000000	1595.083070
452	1952.000000	1592.014447
514	1418.000000	1599.543685
481	523.000000	1615.653738
509	-124.000000	1624.730747
543	-104.000000	1621.171182
480	70.000000	1610.842016
477	295.000000	1603.093572
477	359.000000	1604.566920
514	-86.000000	1612.794469
517	-1055.000000	1619.613225
493	-2179.000000	1622.292514
512	-3115.000000	1623.715800
507	-3244.000000	1623.631732
554	-2576.000000	1620.206777
484	-1219.000000	1615.250135
469	746.000000	1609.835395
513	2810.000000	1604.958566
477	4101.000000	1604.216631
469	4632.000000	1600.823538
488	4341.000000	1597.911449
463	3069.000000	1603.253255
497	1328.000000	1615.056036
522	-270.000000	1627.265190
525	-1586.000000	1632.859455
515	-2458.000000	1630.363763
499	-2680.000000	1625.042769
523	-2563.000000	1625.484851
497	-2201.000000	1630.418658
542	-1697.000000	1636.204449
506	-1039.000000	1640.861664
508	-460.000000	1639.456007
533	137.000000	1632.321353
489	723.000000	1626.115310
506	1244.000000	1622.674336
496	1405.000000	1627.779776
490	1686.000000	1638.939291
558	1856.000000	1642.392158
506	1573.000000	1638.046092
475	933.000000	1628.996317
511	425.000000	1622.791730
526	-711.000000	1633.088791
485	-1919.000000	1650.701972
574	-2624.000000	1659.799385
550	-2821.000000	1655.347396
514	-3006.000000	1643.289993
483	-2500.000000	1630.663669
537	-1725.000000	1630.571986
506	-998.000000	1637.213486
533	-385.000000	1640.655052
501	374.000000	1635.755483
503	1093.000000	1623.775539
513	1631.000000	1613.293216
458	1956.000000	1611.767973
502	2002.000000	1613.757727
506	1944.000000	1614.537085
507	1416.000000	1614.416303
467	824.000000	1610.528485
507	353.000000	1611.356261
494	304.000000	1613.538348
535	115.000000	1617.036487
455	349.000000	1618.814690
522	768.000000	1616.568588
510	1109.000000	1614.718861
473	947.000000	1618.104138
500	842.000000	1620.828183
521	387.000000	1624.930460
504	-340.000000	1630.203668
510	-1182.000000	1632.404362
515	-1752.000000	1635.177055
520	-2275.000000	1634.784084
531	-2466.000000	1632.022059
505	-2327.000000	1632.132654
498	-1688.000000	1633.247073
545	-804.000000	1635.879580
496	288.000000	1635.255943
523	1243.000000	1627.947481
476	1883.000000	1616.816935
491	1949.000000	1611.507059
494	1484.000000	1614.461520
498	594.000000	1624.329400
522	-404.000000	1631.999387
512	-1159.000000	1629.541960
530	-1691.000000	1620.990746
469	-1784.000000	1612.621468
510	-1509.000000	1610.549285
503	-884.000000	1614.123911
507	-229.000000	1618.647275
502	703.000000	1616.197698
494	1508.000000	1610.575053
473	2062.000000	1603.270408
497	2032.000000	1597.359696
471	1638.000000	1597.018472
491	582.000000	1599.441778
490	-704.000000	1604.338493
501	-1735.000000	1610.745480
520	-2159.000000	1610.502096
512	-2191.000000	1608.303765
458	-1558.000000	1602.624098
522	-578.000000	1593.228169
477	-30.000000	1586.076291
449	158.000000	1580.648601
503	262.000000	1579.736054
461	235.000000	1587.435983
501	231.000000	1595.764080
485	974.000000	1593.334868
507	1928.000000	1581.329820
434	2688.000000	1564.581733
440	2954.000000	1558.365169
457	2660.000000	1564.513343
492	1484.000000	1578.103292
484	-62.000000	1588.468445
484	-1489.000000	1591.446198
493	-2381.000000	1590.707704
492	-2675.000000	1587.303689
502	-2453.000000	1582.757404
461	-1712.000000	1578.185667
485	-779.000000	1576.885855
471	75.000000	1580.713447
480	832.000000	1587.669361
490	1645.000000	1586.657178
488	2020.000000	1579.012350
434	1957.000000	1569.930253
467	1588.000000	1564.953034
483	912.000000	1571.603003
465	-53.000000	1585.022713
502	-781.000000	1593.463837
496	-968.000000	1594.378249
489	-728.000000	1587.058915
480	-159.000000	1578.027566
452	733.000000	1579.378042
480	1697.000000	1586.807802
510	2187.000000	1596.690640
460	2320.000000	1603.367706
499	2124.000000	1599.923748
491	1290.000000	1596.345827
457	-74.000000	1600.101247
515	-1295.000000	1608.591620
522	-2421.000000	1622.345524
503	-3138.000000	1633.051132
539	-2910.000000	1634.130962
520	-1862.000000	1630.491337
499	-593.000000	1625.459627
490	783.000000	1621.577935
507	1711.000000	1621.712367
498	1756.000000	1624.321397
499	1014.000000	1629.183231
507	-209.000000	1634.294649
525	-1582.000000	1638.705587
530	-2595.000000	1639.664905
529	-2995.000000	1638.459337
503	-2892.000000	1636.050121
516	-2174.000000	1630.954935
535	-1269.000000	1624.823375
481	-484.000000	1619.013280
497	9.000000	1615.871591
485	514.000000	1614.956346
531	655.000000	1614.743633
481	772.000000	1610.476948
490	984.000000	1605.008411
481	1348.000000	1598.844583
495	1349.000000	1596.236511
475	1304.000000	1594.755781
489	914.000000	1590.873974
480	140.000000	1588.305386
467	-890.000000	1587.344323
508	-1560.000000	1587.847600
493	-1943.000000	1590.724678
474	-1612.000000	1591.516886
507	-584.000000	1588.005667
467	894.000000	1580.659356
481	2178.000000	1570.781971
437	3048.000000	1562.626635
457	2965.000000	1561.484230
461	2006.000000	1564.841206
480	524.000000	1572.439506
481	-1005.000000	1578.483766
482	-2121.000000	1582.210163
492	-2337.000000	1582.128629
493	-1695.000000	1576.387960
475	-749.000000	1568.324265
438	425.000000	1560.207358
482	1369.000000	1558.763292
446	1726.000000	1564.201394
476	1438.000000	1572.110047
468	1117.000000	1573.286052
498	525.000000	1569.904137
446	-169.000000	1565.926882
459	-731.000000	1565.475327
492	-1057.000000	1566.601098
480	-1461.000000	1568.108733
469	-1707.000000	1568.296209
462	-1676.000000	1567.353183
486	-1407.000000	1568.225430
475	-1002.000000	1564.215458
479	-431.000000	1556.760418
433	284.000000	1549.159127
459	1073.000000	1546.400013
466	1726.000000	1551.381320
445	2389.000000	1556.640935
484	2859.000000	1553.624472
432	2903.000000	1545.152096
443	2274.000000	1538.478469
441	1250.000000	1538.982131
469	-380.000000	1549.932257
463	-2061.000000	1560.779613
498	-3405.000000	1567.059986
475	-3977.000000	1564.737358
486	-3777.000000	1559.637458
451	-2603.000000	1553.546588
479	-1022.000000	1547.557430
450	707.000000	1543.679695
438	2344.000000	1540.253226
462	3435.000000	1540.178886
410	3781.000000	1541.498297
479	3769.000000	1540.766368
449	3249.000000	1539.779530
425	2038.000000	1542.081061
451	832.000000	1546.618893
480	-71.000000	1553.708789
496	-1136.000000	1560.251262
431	-1853.000000	1567.210579
480	-1894.000000	1570.398675
516	-1866.000000	1567.797819
456	-2107.000000	1565.123957
450	-1869.000000	1560.962203
494	-1751.000000	1564.633823
448	-1679.000000	1576.208425
518	-1250.000000	1580.142399
490	-193.000000	1573.462742
446	651.000000	1562.577678
433	1800.000000	1552.905020
485	2686.000000	1556.057840
444	3062.000000	1563.337456
484	2568.000000	1567.355735
436	1717.000000	1565.345010
488	136.000000	1562.334151
459	-1510.000000	1563.880430
481	-3109.000000	1570.844677
493	-4026.000000	1577.834592
490	-4212.000000	1581.042694
503	-3532.000000	1576.018401
468	-2476.000000	1565.929756
448	-890.000000	1555.433059
478	422.000000	1544.883167
436	1177.000000	1540.630066
439	1561.000000	1540.840355
467	1923.000000	1541.483376
461	1780.000000	1545.961190
418	1791.000000	1543.105635
495	1955.000000	1529.605505
423	1968.000000	1517.754921
403	1494.000000	1514.872272
443	1083.000000	1523.240953
464	474.000000	1539.154963
477	-85.000000	1543.806011
465	-577.000000	1537.850123
401	-663.000000	1529.893134
473	-734.000000	1524.168626
456	-839.000000	1527.337225
440	-1024.000000	1534.781418
457	-1045.000000	1536.837337
460	-1076.000000	1538.594813
450	-782.000000	1536.329392
473	-31.000000	1530.485871
429	832.000000	1527.829179
421	1679.000000	1526.542826
470	2368.000000	1527.481587
432	2471.000000	1529.058207
442	1722.000000	1527.276006
427	694.000000	1525.335373
463	-623.000000	1528.691924
456	-1846.000000	1536.670427
462	-2425.000000	1548.083008
473	-1945.000000	1552.435184
487	-1011.000000	1548.564819
428	278.000000	1537.205256
450	1599.000000	1525.482547
426	2303.000000	1523.322356
431	2174.000000	1533.883959
466	1666.000000	1549.562519
473	965.000000	1560.532281
481	-14.000000	1561.502482
436	-702.000000	1552.928202
486	-1330.000000	1543.428003
440	-1987.000000	1542.198107
462	-2710.000000	1552.859298
476	-3038.000000	1563.852295
507	-3101.000000	1571.442967
464	-2418.000000	1565.292944
488	-1239.000000	1550.928432
420	315.000000	1540.180834
446	1847.000000	1535.898109
472	2887.000000	1537.712262
416	3010.000000	1540.535621
461	2466.000000	1537.626092
444	1283.000000	1532.196136
449	-359.000000	1533.699775
443	-1695.000000	1537.412437
488	-2397.000000	1543.130908
463	-2444.000000	1545.507037
453	-1645.000000	1539.673017
469	-222.000000	1531.132914
414	1194.000000	1523.868105
451	2323.000000	1520.877050
426	2853.000000	1521.390482
438	2477.000000	1523.493682
444	1552.000000	1525.594966
441	388.000000	1529.454151
466	-945.000000	1534.437682
438	-1988.000000	1536.778449
483	-2411.000000	1532.895626
457	-2621.000000	1524.836713
420	-2530.000000	1521.088426
453	-1813.000000	1522.766890
463	-935.000000	1527.743761
453	-211.000000	1527.831470
429	871.000000	1517.385581
444	1843.000000	1503.514217
401	2041.000000	1495.260847
411	2068.000000	1498.932954
453	2123.000000	1505.902055
449	1504.000000	1512.443718
396	733.000000	1512.303872
456	556.000000	1502.545174
463	82.000000	1497.250814
363	-741.000000	1500.056999
459	-1095.000000	1505.903383
461	-1214.000000	1509.848999
453	-1541.000000	1511.208457
407	-1188.000000	1508.151849
441	-88.000000	1508.894297
453	962.000000	1510.348966
424	1965.000000	1506.532774
438	2811.000000	1498.766493
384	2988.000000	1493.240771
432	2317.000000	1501.697373
425	1384.000000	1516.338353
488	203.000000	1528.687345
434	-824.000000	1531.267449
445	-1669.000000	1525.825350
456	-2150.000000	1521.806821
436	-2355.000000	1524.750799
477	-2352.000000	1529.111507
444	-2362.000000	1535.201615
441	-1936.000000	1538.327013
496	-1190.000000	1534.916936
435	-562.000000	1531.000327
422	262.000000	1523.534706
465	1272.000000	1516.344948
425	1732.000000	1516.488708
426	1728.000000	1521.628075
441	1796.000000	1525.551048
473	1369.000000	1525.877125
420	350.000000	1520.295366
431	-522.000000	1512.640737
460	-1230.000000	1511.968254
427	-2009.000000	1521.874831
461	-2306.000000	1532.209516
472	-1710.000000	1533.674020
464	-860.000000	1523.568180
416	7.000000	1507.441873
406	924.000000	1499.267821
434	1599.000000	1499.402881
457	1549.000000	1507.823929
403	1257.000000	1516.274711
455	1077.000000	1516.967040
448	838.000000	1511.910050
422	759.000000	1505.421204
437	1069.000000	1500.482256
412	1662.000000	1504.758452
442	2491.000000	1517.806641
443	4115.000000	1530.730871
470	6306.000000	1541.980545
408	9292.000000	1548.251272
457	12982.000000	1560.033974
429	17077.000000	1583.687785
455	20956.000000	1622.813606
467	24678.000000	1668.640165
519	27812.000000	1717.927822
535	30375.000000	1779.121412
549	32527.000000	1856.461419
675	34211.000000	1952.874548
705	35067.000000	2058.212088
844	34521.000000	2155.985853
902	31729.000000	2248.595784
925	26125.000000	2348.787560
1122	17569.000000	2464.051745
1258	6246.000000	2596.130967
1441	-6863.000000	2724.566204
1642	-20726.000000	2831.551518
1687	-34649.000000	2916.672933
1803	-47894.000000	2983.422866
1925	-59831.000000	3042.445891
1992	-69923.000000	3098.914487
2093	-77333.000000	3145.280433
2128	-81281.000000	3171.304306
2147	-80957.000000	3169.220567
2090	-76029.000000	3135.396147
1988	-67066.000000	3079.120004
1828	-54970.000000	3013.431267
1736	-40247.000000	2943.199450
1699	-24697.000000	2866.979770
1460	-9556.000000	2776.100142
1359	4511.000000	2663.511029
1192	16574.000000	2536.038643
1031	25118.000000	2413.463901
900	30710.000000	2306.878844
875	33392.000000	2218.141564
806	33418.000000	2134.420296
733	31730.000000	2041.786473
663	29682.000000	1940.993045
581	27093.000000	1851.560693
508	24522.000000	1788.062079
565	22128.000000	1745.128649
537	19560.000000	1705.715686
482	16519.000000	1656.875071
448	13396.000000	1604.663828
432	10116.000000	1571.450286
449	7044.000000	1563.716726
482	4677.000000	1565.510460
480	3280.000000	1560.614623
436	2849.000000	1539.908764
439	3190.000000	1511.769162
407	3696.000000	1493.602357
397	3986.000000	1488.835115
440	3687.000000	1493.036838
410	2728.000000	1502.001997
431	1369.000000	1505.815062
449	49.000000	1503.376533
427	-1180.000000	1497.861142
433	-1855.000000	1491.103283
430	-2146.000000	1489.719437
416	-2090.000000	1492.263382
452	-1754.000000	1493.621773
426	-920.000000	1490.122814
437	-176.000000	1484.404258
378	830.000000	1479.936485
437	1838.000000	1476.939403
420	2578.000000	1472.313825
396	2688.000000	1468.977195
389	2609.000000	1466.096518
421	1897.000000	1471.252867
402	796.000000	1478.345021
447	-285.000000	1479.350871
420	-1062.000000	1476.156496
403	-1572.000000	1476.276397
423	-1437.000000	1483.684266
436	-726.000000	1491.465722
457	148.000000	1490.539500
392	977.000000	1478.607115
408	1482.000000	1470.006122
386	1375.000000	1473.661087
437	703.000000	1487.528487
448	-338.000000	1497.228773
426	-1459.000000	1497.056779
432	-2441.000000	1490.687425
413	-2907.000000	1486.996638
454	-3070.000000	1488.049058
423	-2662.000000	1486.873229
443	-1994.000000	1483.435877
394	-1007.000000	1476.894377
429	-214.000000	1472.812276
399	780.000000	1466.551056
437	1382.000000	1458.710389
367	1691.000000	1450.606425
393	1483.000000	1448.050759
400	1211.000000	1447.921614
424	438.000000	1447.590412
384	-386.000000	1440.880286
393	-1025.000000	1431.814583
397	-1197.000000	1430.047901
392	-1203.000000	1434.222786
408	-767.000000	1436.090875
392	66.000000	1426.086954
394	802.000000	1407.810357
342	1138.000000	1396.122487
347	1325.000000	1398.207781
410	1380.000000	1407.636317
386	1015.000000	1412.697774
371	822.000000	1406.969083
368	985.000000	1394.620737
365	1404.000000	1390.056833
368	1788.000000	1395.495611
364	2602.000000	1401.073160
408	3299.000000	1407.092392
325	3761.000000	1409.642153
401	3565.000000	1413.464184
350	3055.000000	1418.339522
414	1697.000000	1422.278102
384	-168.000000	1429.404771
365	-2275.000000	1445.617861
449	-3658.000000	1464.000683
454	-4525.000000	1481.098579
423	-4420.000000	1485.648007
438	-3419.000000	1476.022696
395	-1897.000000	1464.200464
424	-877.000000	1458.248607
385	-99.000000	1464.271491
421	187.000000	1476.955314
435	-160.000000	1483.631356
418	-732.000000	1483.169579
427	-818.000000	1472.920908
421	-994.000000	1462.573759
373	-1088.000000	1462.445213
422	-759.000000	1462.639737
457	-435.000000	1461.500941
370	-425.000000	1459.791423
390	60.000000	1453.131790
439	815.000000	1450.914539
378	1467.000000	1452.288195
414	2297.000000	1449.561658
384	3181.000000	1445.794937
381	3362.000000	1442.962231
398	2892.000000	1441.120397
386	1921.000000	1443.435832
411	462.000000	1449.994483
391	-1130.000000	1460.143829
435	-2191.000000	1472.778666
437	-2627.000000	1478.764011
428	-2347.000000	1475.751673
417	-1677.000000	1465.551432
385	-794.000000	1457.151331
421	-285.000000	1457.638844
394	-79.000000	1464.253735
437	-390.000000	1473.284087
398	-704.000000	1474.608423
445	-1167.000000	1470.445851
391	-1300.000000	1460.896985
422	-1329.000000	1452.922228
391	-986.000000	1449.315011
408	-612.000000	1451.072018
409	81.000000	1453.840775
403	719.000000	1452.173199
402	1386.000000	1443.025987
384	1848.000000	1432.212275
375	2026.000000	1424.901400
388	1700.000000	1426.743845
375	1158.000000	1434.533374
422	485.000000	1438.138032
400	-188.000000	1439.349158
369	-588.000000	1435.954735
425	-668.000000	1431.411192
373	-507.000000	1431.129973
403	-174.000000	1430.359395
397	227.000000	1430.568768
368	642.000000	1434.796850
416	1126.000000	1438.029207
391	1337.000000	1439.318241
387	1318.000000	1436.390615
392	1248.000000	1429.967132
389	830.000000	1430.378971
383	31.000000	1441.353877
398	-424.000000	1454.688283
458	-730.000000	1460.753230
392	-1178.000000	1457.151331
384	-1347.000000	1446.865923
420	-1126.000000	1441.089865
393	-1262.000000	1448.998275
400	-1408.000000	1459.869857
437	-1162.000000	1464.021175
419	-749.000000	1460.120201
396	-604.000000	1451.248428
372	-257.000000	1443.631186
422	80.000000	1440.263170
405	28.000000	1439.015636
383	-543.000000	1441.552288
376	-831.000000	1443.667205
439	-1010.000000	1440.576274
411	-1059.000000	1434.986063
359	-816.000000	1426.715809
390	202.000000	1420.348549
396	1033.000000	1421.128777
371	1648.000000	1419.336465
402	1980.000000	1412.625216
335	2114.000000	1402.446434
400	1350.000000	1398.780898
333	644.000000	1406.263844
420	216.000000	1417.702367
404	136.000000	1421.670145
363	225.000000	1419.350908
381	1089.000000	1408.755834
388	1839.000000	1402.953670
351	2015.000000	1406.998579
371	1694.000000	1414.222048
400	897.000000	1421.735207
394	-651.000000	1426.102731
386	-2231.000000	1429.174237
398	-3237.000000	1432.929517
422	-3756.000000	1437.268242
400	-3503.000000	1438.484967
414	-2442.000000	1433.826349
382	-1036.000000	1425.306984
375	228.000000	1418.165717
381	1334.000000	1411.225708
391	1966.000000	1410.667218
351	2127.000000	1414.754749
386	2016.000000	1418.770595
395	1858.000000	1420.608320
383	1735.000000	1415.856278
388	1544.000000	1409.915600
335	1247.000000	1410.539968
399	866.000000	1416.930485
407	336.000000	1423.726800
387	-503.000000	1428.401554
377	-1179.000000	1428.929319
400	-1556.000000	1431.838678
416	-1765.000000	1438.014951
395	-1832.000000	1440.584604
401	-1553.000000	1435.992688
397	-1366.000000	1427.338782
381	-1322.000000	1424.309657
388	-1261.000000	1428.770450
400	-1010.000000	1433.773343
417	-632.000000	1433.737772
380	140.000000	1426.935177
386	1028.000000	1419.211048
358	1817.000000	1413.847587
389	2304.000000	1409.425415
385	2283.000000	1403.556554
355	1633.000000	1404.425505
358	778.000000	1413.528917
410	-24.000000	1426.473975
415	-843.000000	1431.660225
386	-1318.000000	1419.538657
385	-1506.000000	1401.555564
342	-1489.000000	1397.639081
391	-1444.000000	1412.252102
402	-941.000000	1427.813363
429	-292.000000	1429.386582
361	652.000000	1412.414245
364	1494.000000	1397.394719
335	2212.000000	1394.729364
403	2291.000000	1401.114199
381	1981.000000	1407.525843
363	1119.000000	1409.230641
374	253.000000	1412.077547
381	-418.000000	1420.242233
423	-590.000000	1424.669786
397	-608.000000	1421.359912
348	-196.000000	1414.851936
395	173.000000	1411.753874
376	331.000000	1420.594594
397	169.000000	1432.038756
405	187.000000	1434.194896
400	44.000000	1434.174327
360	192.000000	1433.688251
423	567.000000	1437.507217
389	1360.000000	1444.957439
410	1927.000000	1449.117318
385	2356.000000	1449.946206
388	2145.000000	1452.705407
408	1493.000000	1455.658270
424	-135.000000	1462.631533
385	-1921.000000	1473.096399
451	-3620.000000	1483.565300
443	-4710.000000	1492.678130
452	-5297.000000	1498.153196
424	-4582.000000	1492.875748
462	-3412.000000	1482.891095
384	-2033.000000	1472.314844
422	-774.000000	1464.762097
409	391.000000	1461.611097
407	854.000000	1465.182582
397	1153.000000	1465.947816
426	1322.000000	1461.900817
400	1262.000000	1450.154475
388	919.000000	1433.841344
381	415.000000	1425.660198
369	-348.000000	1426.434015
428	-1254.000000	1434.165262
384	-1859.000000	1436.750848
424	-2079.000000	1428.032563
370	-1636.000000	1413.078200
372	-570.000000	1400.692686
388	970.000000	1395.888248
347	2504.000000	1397.788253
379	3898.000000	1395.522841
360	4557.000000	1386.401457
337	4273.000000	1375.759063
353	3073.000000	1370.331712
344	1256.000000	1378.018868
386	-1023.000000	1392.787493
383	-2941.000000	1402.162972
410	-3923.000000	1401.804195
379	-3796.000000	1393.366427
363	-2560.000000	1388.412043
369	-278.000000	1388.298239
383	2265.000000	1388.477223
357	4193.000000	1383.933163
323	5191.000000	1374.260165
352	4842.000000	1368.188583
342	3123.000000	1374.769435
371	597.000000	1393.737063
387	-1883.000000	1411.854454
418	-3991.000000	1421.301164
392	-4962.000000	1416.510501
409	-4771.000000	1405.061209
362	-3809.000000	1397.478801
367	-2404.000000	1397.603663
397	-721.000000	1398.827723
382	451.000000	1396.583331
347	1168.000000	1390.640859
352	1751.000000	1383.297871
385	1947.000000	1381.087615
346	1775.000000	1382.189206
365	1778.000000	1381.247986
371	1676.000000	1377.391738
343	1241.000000	1376.122451
359	864.000000	1376.085753
376	434.000000	1375.558796
363	-215.000000	1378.751972
345	-614.000000	1381.528863
399	-726.000000	1385.781368
358	-835.000000	1391.368032
370	-656.000000	1389.272471
396	-480.000000	1380.341262
325	-602.000000	1373.942502
366	-883.000000	1371.569539
374	-930.000000	1378.377307
374	-969.000000	1391.431996
371	-435.000000	1394.636512
393	566.000000	1388.591373
341	1869.000000	1374.525009
359	2799.000000	1363.423265
313	3229.000000	1362.751261
367	2738.000000	1372.075800
366	1576.000000	1382.772577
377	-176.000000	1391.680279
364	-1855.000000	1395.555445
384	-2928.000000	1396.245680
409	-3280.000000	1395.887531
361	-2880.000000	1395.766456
377	-1798.000000	1394.631851
374	-304.000000	1391.041337
381	937.000000	1390.290257
341	1893.000000	1387.982349
374	2059.000000	1386.203809
344	1614.000000	1384.091760
389	562.000000	1382.427575
358	-608.000000	1385.570641
359	-1734.000000	1394.020086
395	-1975.000000	1399.310187
412	-1486.000000	1401.076729
354	-476.000000	1393.810604
359	793.000000	1382.491591
346	2031.000000	1373.642967
376	2430.000000	1371.307405
341	1871.000000	1378.892672
338	876.000000	1388.908204
422	-487.000000	1395.920843
361	-1872.000000	1397.401159
393	-2779.000000	1392.534021
358	-2839.000000	1384.321133
379	-2429.000000	1382.767153
370	-1390.000000	1383.036514
377	-59.000000	1384.267676
356	1344.000000	1382.870927
349	2358.000000	1375.584240
365	2832.000000	1367.080832
333	2472.000000	1360.075733
349	1609.000000	1359.643703
355	259.000000	1368.489313
359	-1057.000000	1381.170880
403	-1776.000000	1389.063713
371	-1770.000000	1384.702856
373	-1424.000000	1372.430690
323	-494.000000	1361.377978
372	497.000000	1357.538581
358	905.000000	1362.655863
323	1031.000000	1372.107503
392	1191.000000	1373.756529
367	901.000000	1372.982520
327	581.000000	1372.002551
374	663.000000	1366.195081
370	488.000000	1366.381352
324	-57.000000	1367.656755
383	-381.000000	1368.514158
362	-769.000000	1375.204348
351	-1407.000000	1379.470551
391	-1550.000000	1378.924944
363	-1107.000000	1376.555484
372	-737.000000	1372.742146
330	-340.000000	1371.244690
365	353.000000	1369.338892
395	654.000000	1362.226853
320	409.000000	1360.409130
327	301.000000	1364.212227
390	430.000000	1370.777152
383	256.000000	1377.179001
335	366.000000	1370.322590
368	715.000000	1355.621997
324	836.000000	1348.829122
348	612.000000	1355.676953
363	619.000000	1368.894810
377	392.000000	1378.552139
354	261.000000	1375.502454
368	295.000000	1367.098753
340	445.000000	1362.830510
354	326.000000	1366.914774
360	288.000000	1373.849337
386	-64.000000	1379.152638
348	-483.000000	1381.691355
365	-864.000000	1382.183056
379	-1051.000000	1382.649269
372	-1245.000000	1383.999639
368	-1120.000000	1383.990607
367	-1166.000000	1382.651077
354	-1287.000000	1379.422705
386	-1319.000000	1374.327836
365	-1133.000000	1371.834903
350	-941.000000	1377.273756
347	-35.000000	1383.652052
417	1251.000000	1381.999638
353	2422.000000	1369.789765
311	3225.000000	1354.241116
327	3628.000000	1346.196122
355	2974.000000	1356.930359
353	1580.000000	1374.616310
384	-63.000000	1385.215146
366	-1614.000000	1387.222405
368	-2740.000000	1382.704596
391	-3134.000000	1379.003263
358	-2824.000000	1381.078564
375	-1937.000000	1383.871020
375	-698.000000	1385.048736
363	408.000000	1384.265148
356	1350.000000	1376.809355
368	1897.000000	1371.456525
331	1754.000000	1370.625405
363	965.000000	1374.661049
364	-18.000000	1379.288947
385	-1172.000000	1378.620325
366	-2220.000000	1376.787565
338	-2577.000000	1376.054141
408	-2064.000000	1377.800421
360	-1024.000000	1379.357097
362	403.000000	1374.380224
351	1875.000000	1361.884356
332	2797.000000	1351.335266
346	2684.000000	1347.542949
321	1805.000000	1351.967085
372	413.000000	1360.990448
361	-935.000000	1368.498082
376	-1944.000000	1374.026201
356	-1917.000000	1374.016375
377	-1147.000000	1367.466636
358	42.000000	1354.871212
333	1029.000000	1345.201472
318	1840.000000	1343.054727
365	1816.000000	1353.222081
333	1220.000000	1366.853321
390	354.000000	1372.142850
356	-477.000000	1365.468052
348	-1333.000000	1356.691933
343	-1812.000000	1351.692273
366	-1861.000000	1356.395591
372	-1664.000000	1365.176179
347	-1052.000000	1367.883036
377	-228.000000	1363.327547
329	734.000000	1351.695232
366	1389.000000	1343.154868
305	1740.000000	1340.589423
353	1316.000000	1344.741611
342	635.000000	1347.630884
371	-409.000000	1348.545513
338	-1340.000000	1347.479128
340	-2015.000000	1349.211251
367	-1883.000000	1349.840361
375	-1608.000000	1344.783254
323	-1050.000000	1333.375416
328	-403.000000	1319.108411
333	333.000000	1315.304147
331	707.000000	1324.469328
332	1341.000000	1333.448537
363	1991.000000	1331.515302
317	2650.000000	1316.421665
321	2961.000000	1302.091011
279	3126.000000	1299.340602
344	2716.000000	1312.109752
329	2127.000000	1328.094500
361	1288.000000	1338.611221
328	625.000000	1341.659048
337	103.000000	1341.983234
366	-200.000000	1343.333912
341	-760.000000	1347.061988
347	-1288.000000	1353.188087
358	-2035.000000	1360.489985
366	-2921.000000	1369.685730
379	-3674.000000	1376.797734
372	-3800.000000	1375.786321
389	-3651.000000	1371.115969
324	-2955.000000	1364.958241
388	-1827.000000	1357.805214
355	-561.000000	1353.246097
326	461.000000	1350.101848
352	1439.000000	1342.988086
337	2085.000000	1337.471869
335	2451.000000	1331.444704
337	2567.000000	1327.774454
310	2592.000000	1331.508918
346	2404.000000	1333.246414
354	1975.000000	1330.972952
321	1304.000000	1327.395947
324	429.000000	1323.775283
340	-668.000000	1329.399865
344	-1700.000000	1339.952984
378	-2241.000000	1345.720996
354	-2358.000000	1347.150326
323	-1858.000000	1344.232867
371	-750.000000	1340.119398
341	497.000000	1336.157551
336	1277.000000	1331.844210
308	1745.000000	1326.307280
348	1601.000000	1325.877445
335	903.000000	1332.768922
336	79.000000	1342.716277
366	-307.000000	1349.886292
349	-483.000000	1349.143061
353	-319.000000	1340.463726
334	5.000000	1330.494269
323	289.000000	1327.583142
348	85.000000	1335.655270
329	-328.000000	1346.890493
387	-894.000000	1352.047336
340	-1333.000000	1347.272430
349	-1638.000000	1339.436449
332	-1421.000000	1336.106657
350	-892.000000	1338.352719
366	-90.000000	1340.278329
325	698.000000	1338.514102
334	1423.000000	1330.499530
338	1779.000000	1324.445922
316	1836.000000	1324.345121
352	1395.000000	1327.328520
317	690.000000	1333.123400
351	-69.000000	1335.361749
363	-809.000000	1333.742479
321	-1537.000000	1333.523528
343	-1766.000000	1331.573505
361	-1631.000000	1329.924434
339	-1283.000000	1330.957174
332	-511.000000	1331.589652
343	622.000000	1331.769500
343	1524.000000	1330.334544
320	2190.000000	1323.366162
337	2471.000000	1314.435620
308	2009.000000	1312.062117
317	1063.000000	1321.208916
355	18.000000	1334.596568
362	-1016.000000	1343.637600
349	-1675.000000	1342.559123
341	-1632.000000	1333.814080
346	-1365.000000	1328.810370
318	-806.000000	1329.889469
368	-70.000000	1332.383578
339	509.000000	1335.218709
319	710.000000	1338.117334
343	1015.000000	1336.836190
366	954.000000	1335.764949
317	573.000000	1333.052512
341	97.000000	1330.981968
332	-318.000000	1333.071641
358	-811.000000	1339.194161
350	-798.000000	1344.950557
354	-220.000000	1349.351696
344	652.000000	1350.441409
338	1665.000000	1346.750534
357	2459.000000	1338.302283
320	2589.000000	1332.140758
320	1838.000000	1337.276336
338	652.000000	1354.008863
388	-795.000000	1374.719244
378	-1895.000000	1383.120747
386	-2468.000000	1378.426639
336	-2154.000000	1369.812396
373	-1483.000000	1369.165804
355	-700.000000	1374.426426
378	-244.000000	1378.308383
358	-58.000000	1373.548689
358	-475.000000	1369.717854
342	-1017.000000	1375.384673
380	-1323.000000	1385.544297
407	-1290.000000	1390.641579
354	-1098.000000	1381.822709
357	-607.000000	1363.512009
341	-174.000000	1351.368196
342	-130.000000	1353.544975
363	-351.000000	1362.925897
361	-587.000000	1366.747599
376	-683.000000	1359.738578
336	-370.000000	1349.651807
336	429.000000	1343.751093
353	1554.000000	1343.582524
338	2704.000000	1343.063662
350	3357.000000	1335.557187
303	3197.000000	1327.299891
316	2439.000000	1325.564408
362	1084.000000	1332.577953
340	-512.000000	1349.737011
356	-1655.000000	1363.116649
383	-2047.000000	1364.061949
364	-2105.000000	1355.940633
330	-1541.000000	1340.905291
358	-742.000000	1333.659627
312	-192.000000	1341.546868
360	39.000000	1356.029867
374	458.000000	1363.634115
367	500.000000	1358.845098
320	480.000000	1345.224888
333	646.000000	1336.392906
355	954.000000	1339.313257
350	948.000000	1352.062868
336	1313.000000	1363.417398
379	1823.000000	1365.749977
344	2236.000000	1360.672628
342	2473.000000	1354.882652
336	2885.000000	1355.705351
360	2942.000000	1371.747790
348	2759.000000	1395.263058
395	2482.000000	1412.609642
396	2216.000000	1417.775017
372	1607.000000	1416.654157
366	730.000000	1421.638491
385	-275.000000	1441.278946
435	-1306.000000	1466.508779
451	-2385.000000	1486.518416
415	-3215.000000	1497.846788
436	-3484.000000	1500.814446
463	-3681.000000	1502.235334
427	-3980.000000	1505.264096
446	-4388.000000	1506.608775
444	-4919.000000	1508.422686
453	-5759.000000	1514.587403
445	-6173.000000	1516.988134
488	-6025.000000	1512.975545
427	-5166.000000	1498.425173
438	-3679.000000	1478.483345
398	-1767.000000	1459.475591
396	-6.000000	1444.590599
400	1552.000000	1430.536962
373	2608.000000	1415.302088
369	3043.000000	1402.576558
336	3273.000000	1391.360845
397	3466.000000	1382.403704
345	3378.000000	1372.479508
332	3227.000000	1360.351058
351	3170.000000	1347.908009
333	2792.000000	1341.952309
342	2056.000000	1342.181061
329	1542.000000	1344.827870
369	1150.000000	1347.118406
341	880.000000	1348.104595
337	916.000000	1348.892138
354	1330.000000	1346.750905
350	1357.000000	1345.700189
322	987.000000	1343.322374
357	108.000000	1342.532681
335	-1107.000000	1347.659082
370	-2611.000000	1357.547421
361	-3586.000000	1367.884498
382	-3801.000000	1372.441256
378	-3113.000000	1364.506871
353	-1836.000000	1351.219449
325	-111.000000	1338.010090
342	1372.000000	1330.811782
328	2260.000000	1331.771752
334	2499.000000	1334.028860
344	2263.000000	1335.754094
325	1576.000000	1335.991018
347	862.000000	1333.736856
345	410.000000	1330.905707
337	70.000000	1328.776881
331	-195.000000	1328.762959
333	-181.000000	1331.188567
363	-104.000000	1333.563647
334	-239.000000	1334.363144
328	-231.000000	1333.925410
353	-42.000000	1332.743036
343	-82.000000	1333.135402
334	-189.000000	1335.622327
336	-37.000000	1334.937826
366	-74.000000	1333.952773
315	-394.000000	1333.515654
343	-466.000000	1331.721442
365	-404.000000	1332.463133
316	-489.000000	1335.568418
353	-351.000000	1336.262325
343	182.000000	1333.000375
353	648.000000	1329.935337
312	890.000000	1327.655829
325	1111.000000	1328.710277
360	1112.000000	1329.288532
336	693.000000	1327.771441
331	47.000000	1329.472452
313	-302.000000	1334.382254
386	-600.000000	1340.978747
346	-764.000000	1344.583951
336	-766.000000	1339.289364
345	-572.000000	1328.783654
326	-805.000000	1324.838481
337	-1053.000000	1327.536440
361	-1382.000000	1335.503650
329	-1524.000000	1340.347716
373	-1536.000000	1337.587380
322	-939.000000	1327.328520
355	-238.000000	1315.755296
300	681.000000	1308.335966
328	1431.000000	1308.457489
331	2030.000000	1311.649343
319	2104.000000	1312.235497
333	2067.000000	1306.052449
315	1776.000000	1301.753433
307	1494.000000	1304.640180
341	1118.000000	1313.274533
325	978.000000	1320.688457
359	763.000000	1318.847603
310	529.000000	1314.198996
315	132.000000	1315.287041
344	-162.000000	1323.100903
356	-576.000000	1336.835816
342	-873.000000	1343.501023
355	-910.000000	1343.473855
333	-470.000000	1340.931020
363	194.000000	1341.019761
333	1238.000000	1349.565115
342	2607.000000	1360.500276
375	3958.000000	1369.627687
330	4809.000000	1374.629768
359	5137.000000	1375.010909
348	4673.000000	1379.877893
347	3168.000000	1396.720444
387	939.000000	1421.410215
406	-1326.000000	1446.815123
448	-3422.000000	1465.136171
411	-5088.000000	1473.642426
429	-5757.000000	1479.695577
445	-5587.000000	1483.517105
449	-5188.000000	1488.681967
419	-4674.000000	1495.376876
427	-4107.000000	1495.787084
475	-4234.000000	1491.924931
391	-4759.000000	1484.388426
452	-5227.000000	1472.929394
422	-5518.000000	1466.334887
401	-5400.000000	1466.047748
448	-4147.000000	1457.188732
422	-2272.000000	1438.207913
355	-123.000000	1405.470384
358	2090.000000	1369.144989
324	3763.000000	1347.927669
325	4459.000000	1342.557634
343	4525.000000	1342.414616
341	4161.000000	1335.501030
334	3458.000000	1319.282381
293	2914.000000	1298.824853
329	2525.000000	1285.412385
293	2299.000000	1282.644534
323	2129.000000	1285.480066
315	1992.000000	1287.236575
301	1754.000000	1285.845247
325	1564.000000	1279.202877
308	1169.000000	1276.103836
291	659.000000	1278.382181
324	153.000000	1282.060451
328	-358.000000	1286.631260
318	-790.000000	1289.547207
317	-863.000000	1292.514217
320	-750.000000	1294.774884
335	-483.000000	1295.077218
318	-165.000000	1289.845340
319	-150.000000	1282.721326
291	-510.000000	1282.412570
317	-836.000000	1288.384259
363	-1404.000000	1295.263680
298	-1865.000000	1298.285408
336	-1746.000000	1291.596686
327	-1206.000000	1279.501465
301	-692.000000	1274.807436
291	299.000000	1268.447476
346	1382.000000	1265.839642
271	2126.000000	1269.339986
294	2656.000000	1269.787384
331	3049.000000	1269.025216
279	2788.000000	1264.329862
315	1866.000000	1254.935058
269	565.000000	1254.332890
306	-913.000000	1265.129638
347	-2305.000000	1279.829285
317	-3145.000000	1293.323239
336	-3015.000000	1289.836036
333	-1983.000000	1276.460340
291	-520.000000	1265.431942
295	1131.000000	1260.822351
302	2511.000000	1266.223914
301	3130.000000	1270.420403
317	2838.000000	1271.417319
273	1988.000000	1269.876372
329	669.000000	1270.861519
301	-692.000000	1278.754863
329	-1719.000000	1287.948369
344	-2238.000000	1292.525435
304	-2249.000000	1292.537427
340	-1863.000000	1285.829304
308	-1417.000000	1278.339939
307	-1094.000000	1274.736836
316	-843.000000	1273.443756
314	-831.000000	1278.845964
309	-764.000000	1283.333160
333	-366.000000	1280.647492
317	336.000000	1271.813666
290	1047.000000	1261.474138
285	1771.000000	1253.682177
307	2142.000000	1252.558981
291	1894.000000	1253.456022
299	1121.000000	1252.177703
295	252.000000	1253.521440
302	-466.000000	1258.604783
328	-811.000000	1268.066639
296	-628.000000	1273.582349
327	-58.000000	1263.787957
305	464.000000	1246.259203
258	616.000000	1235.450525
293	355.000000	1241.703266
295	-246.000000	1262.523663
343	-876.000000	1277.685407
333	-1322.000000	1274.202496
283	-1337.000000	1258.468514
297	-961.000000	1243.242937
290	-316.000000	1240.816667
312	186.000000	1249.011609
290	705.000000	1254.534575
309	1023.000000	1253.986842
287	1178.000000	1249.041232
295	1059.000000	1244.033360
295	1043.000000	1241.378669
296	715.000000	1242.094602
283	366.000000	1244.514363
309	26.000000	1250.167189
296	-6.000000	1253.887555
327	-47.000000	1257.292726
268	277.000000	1257.516998
327	584.000000	1254.132369
290	752.000000	1250.608652
289	586.000000	1251.364855
306	224.000000	1255.227469
297	-431.000000	1266.159153
323	-1007.000000	1275.262718
329	-1345.000000	1276.176712
310	-1499.000000	1273.139034
292	-1358.000000	1264.033227
331	-995.000000	1260.357489
287	-619.000000	1265.086954
315	-388.000000	1271.137286
313	-149.000000	1272.601666
312	0.000000	1266.177713
313	40.000000	1254.977291
272	58.000000	1251.769947
299	228.000000	1256.239627
329	575.000000	1263.278671
306	967.000000	1266.654254
292	1461.000000	1259.236674
295	1879.000000	1249.744374
285	2107.000000	1246.819554
308	1843.000000	1253.617565
280	1236.000000	1264.456405
325	374.000000	1271.795581
318	-459.000000	1272.588307
317	-1309.000000	1274.847834
293	-1899.000000	1279.026583
331	-2131.000000	1282.901009
345	-2180.000000	1281.798736
305	-2239.000000	1276.103836
301	-2164.000000	1271.819170
306	-1803.000000	1273.455535
345	-1341.000000	1279.291601
310	-643.000000	1278.696602
310	331.000000	1270.043700
289	1466.000000	1255.533353
302	2254.000000	1248.225140
274	2621.000000	1248.247171
301	2518.000000	1250.376743
302	1937.000000	1252.798068
286	848.000000	1252.217234
313	-264.000000	1254.303791
288	-1021.000000	1258.784731
337	-1536.000000	1260.502281
300	-1733.000000	1259.819432
290	-1360.000000	1254.689603
333	-712.000000	1248.904320
267	-225.000000	1250.685812
301	422.000000	1253.306826
324	1047.000000	1252.294294
284	1328.000000	1251.184239
288	1336.000000	1247.761195
286	1311.000000	1245.667291
318	865.000000	1248.183080
282	245.000000	1249.844390
312	-457.000000	1253.315204
288	-1144.000000	1256.049362
320	-1724.000000	1256.830935
319	-1909.000000	1253.973285
291	-1867.000000	1250.398736
297	-1344.000000	1249.069253
305	-369.000000	1251.079134
315	679.000000	1253.488333
281	1557.000000	1248.431416
289	2298.000000	1236.456226
288	2432.000000	1225.849909
265	1857.000000	1228.773779
285	994.000000	1242.624642
319	131.000000	1256.224900
323	-778.000000	1260.593511
292	-1250.000000	1252.469561
302	-1249.000000	1242.516398
283	-994.000000	1240.715116
307	-708.000000	1246.927424
306	-175.000000	1253.702915
307	222.000000	1255.821643
288	595.000000	1253.033519
299	968.000000	1250.982814
299	1371.000000	1249.752375
305	1458.000000	1251.696449
276	1465.000000	1254.653339
316	1199.000000	1258.841928
296	566.000000	1263.617031
310	-320.000000	1266.347504
318	-1188.000000	1266.523588
303	-2052.000000	1269.367559
317	-2704.000000	1274.498333
322	-2745.000000	1278.982017
340	-2279.000000	1280.090231
304	-1347.000000	1275.468149
307	-167.000000	1270.142905
296	1096.000000	1263.814860
317	1820.000000	1259.102855
280	1972.000000	1255.244996
297	1396.000000	1254.573234
293	453.000000	1258.855433
318	-731.000000	1264.874302
321	-1570.000000	1266.410676
311	-1809.000000	1264.640265
302	-1244.000000	1260.572886
311	-325.000000	1257.971780
290	826.000000	1254.358003
309	1817.000000	1245.456141
282	2148.000000	1237.101451
262	1696.000000	1237.587977
300	988.000000	1248.314063
322	119.000000	1262.069332
317	-795.000000	1267.599700
296	-1108.000000	1259.769820
313	-814.000000	1247.277034
292	-408.000000	1244.121377
277	42.000000	1251.451957
320	719.000000	1259.394696
318	924.000000	1259.738068
284	801.000000	1254.304987
289	591.000000	1251.083930
298	388.000000	1255.553265
327	-187.000000	1266.101497
291	-406.000000	1269.829122
343	-624.000000	1264.892881
269	-714.000000	1258.978157
313	-813.000000	1259.589219
313	-513.000000	1265.825817
319	-504.000000	1275.478734
298	-398.000000	1272.548624
330	-546.000000	1262.098253
276	-732.000000	1251.279345
313	-1175.000000	1249.139304
288	-1263.000000	1259.620181
325	-1118.000000	1270.925647
335	-354.000000	1271.735822
294	637.000000	1260.462217
285	1698.000000	1241.023771
274	2304.000000	1227.260364
278	2420.000000	1227.456720
300	1643.000000	1238.252398
276	543.000000	1254.022727
326	-442.000000	1262.612371
324	-982.000000	1259.484021
301	-1170.000000	1252.549400
272	-600.000000	1243.265056
319	125.000000	1240.641366
280	541.000000	1244.811231
299	605.000000	1249.561123
303	408.000000	1251.686862
294	-361.000000	1252.606482
305	-1212.000000	1251.634132
308	-1702.000000	1250.956434
312	-2038.000000	1250.766965
288	-2008.000000	1249.600736
312	-1372.000000	1246.985966
307	-427.000000	1240.489016
285	406.000000	1235.025506
264	1481.000000	1229.296954
312	2288.000000	1226.214500
266	2578.000000	1227.572401
278	2398.000000	1228.683849
290	1922.000000	1225.441145
287	841.000000	1223.468430
276	-209.000000	1223.617996
302	-1020.000000	1230.053657
291	-1409.000000	1242.833456
309	-1197.000000	1250.445920
323	-342.000000	1246.525571
280	518.000000	1234.730740
262	1257.000000	1222.129699
290	1603.000000	1221.188356
282	1256.000000	1235.692518
298	426.000000	1254.365975
314	-490.000000	1262.533960
320	-1420.000000	1256.493534
298	-2091.000000	1244.021302
286	-2277.000000	1238.091677
301	-2202.000000	1246.142849
300	-1810.000000	1256.880265
344	-1044.000000	1257.194496
291	-156.000000	1245.959871
263	717.000000	1233.520571
284	1672.000000	1228.109930
302	2459.000000	1233.798606
293	2763.000000	1241.307778
270	2616.000000	1241.139799
293	2033.000000	1236.232583
288	1009.000000	1230.585633
302	-396.000000	1233.115566
273	-1704.000000	1245.061444
318	-2579.000000	1258.630605
342	-2902.000000	1264.943477
306	-2678.000000	1259.999206
297	-1847.000000	1244.456910
287	-692.000000	1232.428497
285	377.000000	1233.591910
294	1213.000000	1241.630782
298	1760.000000	1247.575248
294	2123.000000	1244.157144
295	2111.000000	1235.885512
266	1872.000000	1233.623930
287	1446.000000	1237.557271
310	972.000000	1242.656831
305	117.000000	1246.721701
274	-527.000000	1248.918332
318	-933.000000	1253.955741
303	-992.000000	1260.913161
327	-884.000000	1267.029597
291	-266.000000	1263.931169
323	171.000000	1258.774404
269	397.000000	1256.622059
316	196.000000	1259.670592
313	-273.000000	1267.303831
301	-1152.000000	1274.158546
330	-1951.000000	1274.946666
310	-2593.000000	1272.650384
319	-2734.000000	1267.880909
320	-2453.000000	1262.823424
292	-1682.000000	1261.005948
315	-527.000000	1258.046502
304	909.000000	1253.345523
294	2146.000000	1247.475050
272	3167.000000	1240.428555
288	3719.000000	1235.659743
288	3531.000000	1234.743293
276	2560.000000	1238.099350
289	1265.000000	1242.692641
309	-351.000000	1247.356805
301	-1858.000000	1251.529464
317	-2766.000000	1255.931527
307	-2884.000000	1260.867162
315	-2602.000000	1262.431780
307	-1752.000000	1254.961354
314	-680.000000	1241.189752
275	99.000000	1231.622101
263	445.000000	1235.546438
303	863.000000	1246.775441
337	1004.000000	1252.830396
284	951.000000	1246.129608
270	1118.000000	1231.994318
285	1535.000000	1222.979558
295	1577.000000	1228.398551
275	1684.000000	1240.711086
310	1903.000000	1247.028869
299	1952.000000	1248.373342
274	1783.000000	1247.711906
304	1997.000000	1248.689313
307	2172.000000	1258.732696
284	2368.000000	1272.770207
331	2798.000000	1288.651233
305	3654.000000	1303.358738
344	4362.000000	1314.070774
304	5354.000000	1325.962292
331	6526.000000	1344.824896
354	7675.000000	1372.860153
345	8405.000000	1410.612278
382	9189.000000	1446.621236
423	9256.000000	1477.334085
387	8490.000000	1507.644520
435	6894.000000	1542.902460
466	4863.000000	1589.142221
530	2019.000000	1647.253168
533	-660.000000	1704.283427
631	-3221.000000	1750.019714
616	-5554.000000	1781.052498
642	-7951.000000	1804.494112
649	-10151.000000	1829.147616
688	-12809.000000	1863.791566
714	-15209.000000	1899.302767
798	-17184.000000	1924.477591
752	-18401.000000	1933.771186
744	-18765.000000	1927.263604
749	-17848.000000	1911.447096
737	-16344.000000	1895.577485
694	-14393.000000	1878.832350
690	-12034.000000	1858.985745
672	-9398.000000	1832.505935
645	-6648.000000	1796.929047
596	-3685.000000	1753.800160
545	-616.000000	1705.081230
532	2280.000000	1657.157204
475	4884.000000	1613.200545
468	6796.000000	1574.472610
410	8070.000000	1537.110926
426	8639.000000	1496.509606
396	8443.000000	1452.642764
341	7466.000000	1413.402986
342	6321.000000	1382.997831
358	5039.000000	1363.791406
345	3936.000000	1350.586539
335	3435.000000	1331.870489
325	3691.000000	1306.189496
304	4258.000000	1280.667795
279	5064.000000	1260.811643
297	5637.000000	1250.513095
270	5512.000000	1245.742349
289	4659.000000	1242.476962
288	3249.000000	1239.181585
285	1375.000000	1238.476080
295	-353.000000	1242.026972
306	-1476.000000	1246.633868
325	-2041.000000	1251.096719
280	-1921.000000	1249.947599
315	-1137.000000	1239.682621
298	-193.000000	1227.975977
260	645.000000	1224.476623
290	1448.000000	1230.815177
288	2001.000000	1244.173219
306	2189.000000	1249.455481
304	2181.000000	1240.108463
271	1923.000000	1229.737777
265	1231.000000	1229.192825
295	204.000000	1242.306725
320	-892.000000	1257.450595
329	-1914.000000	1262.069729
296	-2739.000000	1259.532056
289	-2999.000000	1258.718793
330	-2688.000000	1259.957142
329	-2063.000000	1259.681309
292	-1389.000000	1253.292863
279	-568.000000	1242.136063
305	45.000000	1238.004443
284	524.000000	1241.464458
314	892.000000	1245.349750
281	1416.000000	1244.176836
294	1771.000000	1236.694384
283	2002.000000	1225.390550
278	1893.000000	1219.603624
271	1634.000000	1220.316352
296	955.000000	1229.741843
280	177.000000	1242.066423
318	-461.000000	1247.134716
308	-844.000000	1241.116433
285	-1147.000000	1233.171115
272	-1128.000000	1228.870213
308	-800.000000	1234.116688
305	-427.000000	1245.444098
290	82.000000	1250.196785
314	717.000000	1248.203108
269	1255.000000	1239.993952
311	1349.000000	1232.901050
260	1100.000000	1231.582722
299	419.000000	1237.612621
304	-546.000000	1246.869680
297	-1465.000000	1258.043322
326	-2044.000000	1260.155546
307	-2181.000000	1253.199505
305	-1853.000000	1245.497892
280	-1257.000000	1236.721877
306	-735.000000	1236.734005
271	-102.000000	1237.518485
331	482.000000	1234.966396
274	990.000000	1236.526587
257	1687.000000	1239.420429
334	2525.000000	1237.554443
275	2946.000000	1232.246729
272	2930.000000	1221.029074
270	2348.000000	1214.856370
263	861.000000	1226.985330
310	-939.000000	1245.248168
336	-2557.000000	1257.680802
310	-3705.000000	1258.867348
295	-3965.000000	1251.291733
312	-2908.000000	1246.126799
319	-1372.000000	1247.382860
273	423.000000	1246.536401
307	1954.000000	1237.944264
269	2706.000000	1225.330160
275	2183.000000	1220.607636
263	1138.000000	1225.955954
318	-365.000000	1239.323606
302	-1593.000000	1249.769179
318	-2123.000000	1250.637038
298	-1594.000000	1241.379877
290	-497.000000	1230.215022
278	1137.000000	1220.380678
291	2495.000000	1218.632430
251	3149.000000	1223.685826
287	2975.000000	1230.160559
298	2116.000000	1234.733979
288	514.000000	1235.756448
291	-1164.000000	1236.647888
293	-2348.000000	1241.286429
331	-2982.000000	1251.598178
296	-2994.000000	1258.758913
320	-2159.000000	1254.780060
309	-939.000000	1240.517231
272	111.000000	1228.429485
274	901.000000	1228.194203
280	1410.000000	1236.951090
326	1281.000000	1243.292805
284	958.000000	1241.723802
286	681.000000	1236.108005
285	426.000000	1233.825758
289	102.000000	1238.751791
310	90.000000	1237.901450
312	-155.000000	1232.400503
241	-505.000000	1229.201774
303	-706.000000	1232.680818
315	-642.000000	1243.103375
307	-604.000000	1251.172250
289	-124.000000	1244.691126
295	493.000000	1231.662697
277	907.000000	1223.345822
279	1014.000000	1225.117137
292	957.000000	1236.656379
292	439.000000	1245.177497
313	-218.000000	1244.744954
294	-765.000000	1238.852291
285	-1150.000000	1233.045822
296	-1363.000000	1235.212937
288	-999.000000	1241.679910
335	-327.000000	1244.809624
274	443.000000	1243.148825
280	1329.000000	1237.461515
302	2143.000000	1232.361554
277	2176.000000	1232.942010
279	1571.000000	1233.484901
292	607.000000	1234.370690
303	-727.000000	1239.124288
297	-2024.000000	1250.688610
302	-2523.000000	1263.047505
346	-2240.000000	1264.472222
309	-1471.000000	1254.805563
275	-291.000000	1237.977787
290	693.000000	1227.232252
261	1047.000000	1232.520588
311	748.000000	1241.303347
315	70.000000	1246.695632
278	-798.000000	1247.319526
301	-1201.000000	1241.869156
314	-1063.000000	1241.417335
284	-361.000000	1241.016116
313	567.000000	1235.384556
259	1390.000000	1225.718565
286	1675.000000	1216.062910
276	1454.000000	1213.855840
276	754.000000	1224.780797
296	-91.000000	1239.596305
304	-634.000000	1247.303492
326	-803.000000	1241.004835
272	-580.000000	1224.321853
275	-137.000000	1213.014839
270	462.000000	1216.647032
300	811.000000	1233.254637
296	964.000000	1243.753995
304	788.000000	1238.735646
278	653.000000	1225.143665
281	281.000000	1220.229077
269	-162.000000	1230.368238
312	-484.000000	1245.910109
323	-396.000000	1249.621543
309	-489.000000	1242.682180
243	-377.000000	1235.692114
304	44.000000	1236.401229
325	275.000000	1243.525231
283	-42.000000	1248.492691
286	-213.000000	1243.341063
308	-506.000000	1236.450565
291	-1042.000000	1241.875195
287	-1342.000000	1252.562174
333	-1150.000000	1256.920841
310	-992.000000	1250.333555
275	-756.000000	1232.701910
295	-496.000000	1220.291768
255	-262.000000	1224.270395
318	-87.000000	1235.986650
307	249.000000	1243.968247
284	763.000000	1240.509170
292	1494.000000	1223.541581
270	2042.000000	1210.477592
258	2222.000000	1208.247491
284	2027.000000	1214.254916
290	1287.000000	1225.950652
281	163.000000	1233.840751
303	-959.000000	1234.006078
298	-1725.000000	1230.154868
296	-2136.000000	1226.962102
283	-1818.000000	1228.740819
301	-1022.000000	1235.023077
294	260.000000	1238.488595
308	1500.000000	1236.383436
261	2448.000000	1227.758934
281	2559.000000	1221.282523
261	2030.000000	1218.857662
313	604.000000	1225.263237
269	-1070.000000	1237.498283
314	-2331.000000	1252.224820
329	-2703.000000	1262.253936
314	-2354.000000	1262.836490
309	-1131.000000	1250.030800
281	345.000000	1229.469398
279	1161.000000	1217.498665
249	1182.000000	1219.988525
312	715.000000	1237.608581
307	-259.000000	1256.595002
306	-1294.000000	1263.317854
318	-1574.000000	1251.916131
301	-1240.000000	1229.913005
282	-696.000000	1217.393938
240	168.000000	1221.197773
321	1129.000000	1233.188956
310	1686.000000	1242.004831
270	1938.000000	1238.272183
291	2029.000000	1225.886210
256	1697.000000	1219.105000
299	1095.000000	1222.112515
297	366.000000	1231.764588
282	-402.000000	1245.321645
305	-1080.000000	1252.000799
314	-1365.000000	1249.147309
319	-1443.000000	1241.631588
261	-1171.000000	1234.143833
303	-683.000000	1237.979402
288	33.000000	1250.841717
328	719.000000	1260.656575
304	1416.000000	1256.292163
277	1861.000000	1244.411106
282	2059.000000	1236.109623
290	1750.000000	1244.532844
296	1050.000000	1263.224446
324	76.000000	1273.140212
327	-910.000000	1273.141783
294	-1824.000000	1267.752342
313	-2406.000000	1268.270476
312	-2553.000000	1278.144358
338	-2244.000000	1284.228952
341	-1671.000000	1281.442547
277	-819.000000	1273.596875
316	175.000000	1267.584711
306	1074.000000	1270.676198
310	1636.000000	1276.954189
314	1839.000000	1274.489309
294	1527.000000	1266.425284
299	774.000000	1259.426060
304	-175.000000	1263.064923
312	-1050.000000	1278.356758
327	-1616.000000	1290.533998
341	-1753.000000	1288.403275
318	-1531.000000	1272.638598
291	-1196.000000	1255.357320
287	-883.000000	1251.489912
305	-807.000000	1262.318106
325	-931.000000	1271.025177
329	-1144.000000	1266.912783
285	-1105.000000	1251.830260
294	-840.000000	1237.006871
287	-128.000000	1234.860316
299	948.000000	1239.415185
308	2160.000000	1238.952784
267	2983.000000	1230.592947
262	3517.000000	1215.172004
291	3279.000000	1204.565067
247	2332.000000	1207.855952
288	1018.000000	1223.854567
292	-143.000000	1240.514006
331	-1237.000000	1249.407460
288	-1592.000000	1243.032582
305	-1388.000000	1227.252215
276	-902.000000	1219.889339
261	-263.000000	1228.565424
327	505.000000	1242.596878
302	810.000000	1253.382623
278	930.000000	1249.069253
316	864.000000	1234.805248
263	333.000000	1230.854581
282	-466.000000	1238.338403
324	-1129.000000	1250.648232
312	-1794.000000	1259.866660
309	-2190.000000	1257.549999
298	-1994.000000	1248.167457
305	-1394.000000	1242.373535
288	-601.000000	1240.411625
302	326.000000	1240.168537
291	1084.000000	1239.399855
276	1518.000000	1234.895137
303	1594.000000	1230.406437
268	1422.000000	1230.280456
296	1125.000000	1233.201930
295	827.000000	1237.535050
288	587.000000	1241.277165
304	535.000000	1239.703594
290	493.000000	1237.356456
284	270.000000	1236.868627
292	-84.000000	1239.054478
303	-630.000000	1243.359160
302	-1364.000000	1246.551242
298	-1991.000000	1248.243165
308	-2162.000000	1249.440675
314	-1896.000000	1253.286879
292	-1180.000000	1253.929025
316	-124.000000	1247.392480
284	980.000000	1234.030794
284	1775.000000	1223.955473
263	2028.000000	1226.433855
278	1824.000000	1238.855924
329	1212.000000	1248.612830
292	310.000000	1245.373839
297	-752.000000	1233.725253
260	-1451.000000	1225.112648
317	-1795.000000	1232.141631
301	-1746.000000	1246.554451
308	-1162.000000	1255.815273
309	-83.000000	1247.012029
288	900.000000	1226.720017
265	1640.000000	1213.104282
254	2101.000000	1213.529151
309	1979.000000	1229.787380
277	1491.000000	1247.993990
322	907.000000	1251.950878
301	247.000000	1242.034219
264	-470.000000	1230.411313
301	-982.000000	1224.912242
295	-1582.000000	1236.085758
289	-2057.000000	1253.454826
336	-2203.000000	1258.815713
314	-1989.000000	1253.302438
283	-1513.000000	1239.308275
290	-587.000000	1227.128763
285	466.000000	1229.418562
283	1498.000000	1235.965210
314	2300.000000	1238.643613
266	2856.000000	1235.694137
284	2958.000000	1227.629423
282	2551.000000	1224.502756
270	1613.000000	1230.380023
305	550.000000	1238.671062
304	-668.000000	1247.241757
296	-1582.000000	1254.326114
316	-1687.000000	1259.187436
317	-876.000000	1264.019778
311	408.000000	1268.745837
285	2344.000000	1270.025984
326	4206.000000	1268.426584
279	5284.000000	1270.373174
281	5404.000000	1280.365573
317	4793.000000	1296.374560
337	3189.000000	1321.137010
325	1264.000000	1343.972470
378	-414.000000	1361.720236
361	-1759.000000	1374.918543
376	-2680.000000	1385.052346
385	-3048.000000	1396.449784
374	-3225.000000	1409.541415
409	-3464.000000	1423.702918
388	-3659.000000	1433.458405
435	-3999.000000	1440.956974
378	-4448.000000	1445.488845
422	-4845.000000	1446.496803
429	-5042.000000	1444.980277
393	-5021.000000	1442.348432
421	-4782.000000	1436.646094
380	-4175.000000	1430.269555
415	-3134.000000	1421.011611
394	-1881.000000	1405.647538
354	-704.000000	1391.292205
347	735.000000	1375.838290
381	1981.000000	1363.002201
332	2570.000000	1352.378645
320	2726.000000	1338.498412
344	2725.000000	1322.239388
330	2016.000000	1311.788093
297	1028.000000	1307.496080
335	468.000000	1304.281411
349	193.000000	1299.340987
309	56.000000	1290.937644
303	427.000000	1280.373774
308	1095.000000	1269.654677
314	1366.000000	1260.211093
285	1304.000000	1251.021183
292	1079.000000	1246.529984
291	739.000000	1250.315560
307	255.000000	1256.372158
316	272.000000	1258.254346
301	666.000000	1249.290198
290	1103.000000	1233.404638
264	1243.000000	1224.458656
270	1389.000000	1222.605824
334	911.000000	1229.309156
245	99.000000	1239.745538
318	-616.000000	1245.358583
307	-886.000000	1242.857997
304	-1072.000000	1237.126509
278	-674.000000	1226.584689
285	-5.000000	1222.401325
285	673.000000	1228.116037
286	1137.000000	1235.559387
307	1428.000000	1236.662444
278	1329.000000	1229.393753
279	1016.000000	1221.819954
284	416.000000	1223.486003
279	-275.000000	1236.704087
316	-784.000000	1245.984751
323	-1088.000000	1244.829306
275	-1200.000000	1238.327905
279	-838.000000	1230.778615
314	-162.000000	1233.025547
284	634.000000	1244.144686
302	1386.000000	1250.020000
294	1873.000000	1246.617423
281	1885.000000	1237.227950
296	1375.000000	1228.140464
276	287.000000	1235.482497
277	-903.000000	1254.661309
353	-1736.000000	1270.252731
335	-2221.000000	1275.739393
289	-2179.000000	1265.800537
309	-1515.000000	1249.819587
289	-718.000000	1243.808667
301	-215.000000	1248.046073
299	132.000000	1254.552510
306	307.000000	1259.486006
305	334.000000	1258.948768
302	363.000000	1257.205234
295	502.000000	1253.824549
303	634.000000	1245.737533
300	568.000000	1239.235248
270	222.000000	1239.049636
298	-289.000000	1246.347062
311	-738.000000	1255.864642
322	-1094.000000	1257.623155
302	-1186.000000	1250.030400
278	-930.000000	1239.337726
301	-403.000000	1232.903484
294	36.000000	1234.875702
284	463.000000	1238.272587
304	870.000000	1238.102581
280	1143.000000	1234.140592
295	1209.000000	1230.357265
273	1350.000000	1229.521858
297	1401.000000	1230.710770
290	1212.000000	1232.643501
275	904.000000	1234.165305
308	528.000000	1234.416461
284	-48.000000	1238.306101
290	-686.000000	1242.730864
312	-1164.000000	1243.757211
302	-1460.000000	1244.135041
298	-1436.000000	1244.653365
297	-1148.000000	1249.483893
295	-643.000000	1253.501895
325	-35.000000	1249.811586
290	341.000000	1237.864694
274	300.000000	1228.445359
267	165.000000	1231.573384
315	-9.000000	1244.370925
325	-336.000000	1255.307930
280	-145.000000	1254.379926
318	506.000000	1240.826338
272	1116.000000	1229.978049
268	1612.000000	1230.574663
302	2243.000000	1234.041733
311	2201.000000	1244.752586
250	1733.000000	1253.925436
328	1179.000000	1257.267275
310	475.000000	1258.954725
295	-572.000000	1257.668478
306	-1330.000000	1257.565108
299	-1885.000000	1267.025256
331	-2184.000000	1279.895308
334	-2040.000000	1289.872087
319	-1501.000000	1289.194710
321	-887.000000	1277.730410
295	-353.000000	1267.629678
304	-254.000000	1262.993270
310	-643.000000	1268.549171
301	-1120.000000	1277.413794
352	-1555.000000	1282.028471
301	-1786.000000	1282.490546
311	-1335.000000	1273.217578
338	-364.000000	1258.194739
267	552.000000	1247.343577
287	1366.000000	1241.180084
293	2091.000000	1242.918742
302	2305.000000	1250.524290
293	2097.000000	1253.508277
289	1857.000000	1250.997602
306	1534.000000	1242.890180
290	957.000000	1238.360610
275	248.000000	1242.392048
303	-397.000000	1250.168389
323	-1062.000000	1258.086642
306	-1610.000000	1259.439558
307	-1869.000000	1256.627630
289	-1562.000000	1254.587582
327	-1034.000000	1254.350828
298	-359.000000	1255.955811
291	264.000000	1254.291832
304	774.000000	1246.552045
293	696.000000	1241.548227
277	370.000000	1239.939515
312	-115.000000	1244.704383
288	-447.000000	1252.916996
323	-647.000000	1255.282040
298	-305.000000	1249.885995
295	266.000000	1238.820407
287	1055.000000	1230.772522
273	1610.000000	1235.002834
289	1869.000000	1242.194429
316	1603.000000	1247.016840
278	1002.000000	1243.047867
309	-81.000000	1237.156013
260	-1151.000000	1241.164373
322	-1870.000000	1252.492715
339	-2217.000000	1261.407547
288	-2105.000000	1261.264048
315	-1299.000000	1248.414595
290	-129.000000	1237.073563
285	883.000000	1239.814906
277	1786.000000	1245.865161
323	2223.000000	1248.847068
283	2111.000000	1243.542118
284	1451.000000	1236.140364
279	661.000000	1239.146884
296	-118.000000	1253.560529
338	-469.000000	1266.137038
319	-693.000000	1269.375831
278	-569.000000	1261.763449
313	-375.000000	1249.329820
296	-415.000000	1245.427236
294	-957.000000	1252.701481
300	-1269.000000	1264.013845
340	-1495.000000	1276.273090
305	-1403.000000	1279.544059
329	-771.000000	1270.875682
299	557.000000	1256.298929
291	1625.000000	1247.754383
269	2276.000000	1249.663155
303	2350.000000	1259.036934
321	1724.000000	1263.823564
304	140.000000	1262.878458
277	-1513.000000	1261.370287
327	-2746.000000	1262.576730
341	-3372.000000	1271.639100
304	-3289.000000	1279.175125
325	-2085.000000	1274.632888
319	-394.000000	1260.641107
283	1196.000000	1242.790409
282	2312.000000	1233.216121
256	2991.000000	1237.946283
320	2806.000000	1250.304763
296	2056.000000	1260.501488
302	1026.000000	1259.445116
307	188.000000	1249.050840
288	-706.000000	1243.533675
291	-1274.000000	1246.560869
317	-1565.000000	1255.740817
311	-1348.000000	1262.681274
327	-1024.000000	1263.911389
271	-351.000000	1260.065474
321	290.000000	1252.677133
294	974.000000	1245.214038
298	1148.000000	1245.074295
268	993.000000	1250.424328
308	505.000000	1260.585975
326	40.000000	1263.240278
324	-636.000000	1258.413287
263	-1073.000000	1252.762946
302	-1127.000000	1251.123895
333	-941.000000	1257.495527
297	-722.000000	1263.406506
308	-329.000000	1257.457355
293	233.000000	1246.854843
294	685.000000	1243.082057
292	1044.000000	1248.821845
296	1234.000000	1260.013492
307	1409.000000	1260.206729
328	1064.000000	1249.300604
252	327.000000	1238.973365
287	-613.000000	1239.470451
313	-1402.000000	1251.675677
335	-2297.000000	1267.568144
302	-2529.000000	1270.573493
322	-2120.000000	1258.591276
297	-1259.000000	1241.623534
283	-340.000000	1232.140414
283	800.000000	1232.705155
297	1460.000000	1238.924534
283	1756.000000	1240.935937
306	1649.000000	1233.869118
275	1379.000000	1225.714078
273	878.000000	1224.753036
286	646.000000	1229.301428
316	478.000000	1236.884797
281	608.000000	1237.865906
303	827.000000	1234.984615
264	1014.000000	1233.803874
296	806.000000	1234.137756
303	356.000000	1233.525030
288	-510.000000	1233.439095
287	-1426.000000	1239.386945
292	-1992.000000	1253.368262
340	-1915.000000	1265.490024
327	-1251.000000	1265.920614
287	-109.000000	1251.429982
287	1040.000000	1233.057987
261	1727.000000	1227.658340
296	1745.000000	1235.212937
309	1147.000000	1250.728188
285	301.000000	1264.988142
329	-500.000000	1268.404510
309	-998.000000	1263.494361
307	-1066.000000	1253.905100
301	-857.000000	1244.628057
280	-787.000000	1247.821702
296	-776.000000	1257.377429
337	-853.000000	1263.053047
312	-1067.000000	1263.334081
279	-1217.000000	1254.210907
314	-881.000000	1246.704055
296	-308.000000	1247.905445
302	455.000000	1250.530687
304	1275.000000	1251.136683
270	2018.000000	1243.692888
320	2208.000000	1233.400178
246	1966.000000	1229.884547
297	1355.000000	1235.047772
301	722.000000	1246.947473
303	180.000000	1261.085247
323	-27.000000	1264.531138
294	81.000000	1260.315437
302	321.000000	1250.335555
299	319.000000	1243.948150
276	-146.000000	1250.914066
306	-867.000000	1262.332365
343	-1741.000000	1275.925155
305	-2403.000000	1283.589888
335	-2741.000000	1279.401032
303	-2383.000000	1267.967271
323	-1551.000000	1257.195689
295	-442.000000	1253.244589
282	489.000000	1260.227360
304	1481.000000	1264.740685
340	2081.000000	1260.749380
278	2007.000000	1251.011990
258	1350.000000	1241.258233
300	591.000000	1239.181585
324	-524.000000	1246.430905
297	-1576.000000	1256.355045
297	-1892.000000	1261.957210
324	-1281.000000	1261.098331
320	-218.000000	1254.618667
281	1213.000000	1243.176174
277	2680.000000	1232.647557
275	3537.000000	1230.732709
287	3340.000000	1240.275776
288	2411.000000	1254.760136
310	999.000000	1262.919237
322	-641.000000	1264.046281
295	-2078.000000	1263.814860
316	-2746.000000	1267.163762
326	-2741.000000	1274.996863
320	-2108.000000	1281.527214
329	-1105.000000	1280.558081
296	-4.000000	1272.974470
309	589.000000	1264.672685
288	715.000000	1260.336066
316	212.000000	1264.981423
299	-559.000000	1273.920327
328	-1383.000000	1282.088530
324	-1709.000000	1283.163668
326	-1721.000000	1274.537955
303	-1150.000000	1261.380989
292	-390.000000	1251.545445
294	355.000000	1246.918201
307	833.000000	1251.226199
284	1383.000000	1256.319625
327	1489.000000	1257.376236
265	1400.000000	1252.964485
311	1359.000000	1241.423779
307	1180.000000	1231.422754
249	536.000000	1236.032362
291	202.000000	1247.996795
341	83.000000	1258.281765
316	-138.000000	1261.239866
272	-158.000000	1251.300124
299	159.000000	1240.974214
294	85.000000	1240.187486
293	-286.000000	1246.028090
315	-604.000000	1253.428897
292	-953.000000	1258.728327
317	-1302.000000	1261.515755
304	-1267.000000	1259.713856
319	-956.000000	1253.726445
288	-824.000000	1241.501510
282	-814.000000	1232.313272
294	-952.000000	1231.760529
294	-1169.000000	1239.052461
314	-1533.000000	1246.666355
283	-1395.000000	1241.276359
332	-1025.000000	1224.544405
245	-419.000000	1204.332595
273	54.000000	1194.406966
254	742.000000	1191.393302
308	1083.000000	1195.266916
252	1404.000000	1194.966945
266	1601.000000	1188.746819
260	2011.000000	1179.385857
265	2118.000000	1167.795359
263	2146.000000	1161.486117
221	1843.000000	1164.469407
264	1322.000000	1170.708333
288	480.000000	1177.598404
254	-145.000000	1178.560563
288	-702.000000	1173.648159
225	-955.000000	1174.728479
284	-790.000000	1179.373563
300	-364.000000	1181.053767
246	-186.000000	1181.753781
247	-6.000000	1173.589366
281	103.000000	1169.010265
257	-137.000000	1173.868391
262	-365.000000	1179.189976
281	-27.000000	1186.876994
266	720.000000	1191.650956
288	1497.000000	1191.846047
236	2445.000000	1186.846662
277	3119.000000	1175.843952
257	2798.000000	1168.538403
224	1596.000000	1180.394849
277	229.000000	1204.123333
323	-1263.000000	1228.292718
307	-2471.000000	1241.019339
291	-2627.000000	1233.227878
307	-2102.000000	1219.881962
254	-1464.000000	1216.126638
290	-695.000000	1220.394608
314	-58.000000	1228.543854
274	-47.000000	1237.106705
287	-3.000000	1241.445528
314	226.000000	1245.703817
295	426.000000	1247.247369
300	649.000000	1241.500302
280	1034.000000	1232.727058
290	881.000000	1230.306872
270	356.000000	1238.692052
314	-163.000000	1253.456421
325	-624.000000	1264.083858
303	-995.000000	1266.644781
302	-773.000000	1260.719239
312	-232.000000	1254.251968
293	140.000000	1252.705871
293	403.000000	1255.793375
309	455.000000	1261.356016
308	84.000000	1267.804401
307	-531.000000	1272.590665
314	-887.000000	1272.681814
330	-1228.000000	1270.922500
288	-1332.000000	1268.514091
324	-1211.000000	1267.440334
302	-863.000000	1266.950275
321	-621.000000	1267.843445
296	-228.000000	1266.438313
314	-27.000000	1264.948616
295	79.000000	1260.669267
312	40.000000	1255.132662
299	-100.000000	1249.867193
288	-332.000000	1249.990400
301	-284.000000	1254.257549
317	-47.000000	1255.795764
308	404.000000	1253.589247
276	1217.000000	1244.031752
307	2022.000000	1236.053397
260	2476.000000	1237.389187
294	2675.000000	1242.866445
314	2427.000000	1247.419336
273	1515.000000	1250.592260
302	442.000000	1251.129889
308	-448.000000	1257.746397
310	-1400.000000	1269.175323
316	-1973.000000	1275.274480
329	-1835.000000	1275.549685
318	-1393.000000	1270.359398
298	-1036.000000	1270.207070
286	-228.000000	1276.238222
358	508.000000	1279.934373
309	704.000000	1280.421025
279	701.000000	1277.837627
322	881.000000	1274.958431
324	534.000000	1282.005460
297	147.000000	1291.100693
345	160.000000	1293.953631
320	152.000000	1293.363831
304	-166.000000	1291.892410
318	-197.000000	1290.725765
339	-302.000000	1293.485214
313	-824.000000	1297.021974
319	-1206.000000	1301.873266
341	-1268.000000	1307.721683
336	-1397.000000	1310.310269
329	-1550.000000	1305.478456
320	-1308.000000	1292.834096
337	-1204.000000	1284.659488
282	-1322.000000	1288.011646
331	-1383.000000	1296.831909
348	-963.000000	1297.206614
343	-560.000000	1285.850691
275	187.000000	1270.355462
285	1335.000000	1264.656870
321	2682.000000	1267.690814
326	3483.000000	1271.309954
272	4036.000000	1266.612806
293	3945.000000	1256.665827
284	3060.000000	1255.757142
305	1430.000000	1268.179009
321	-380.000000	1281.475712
334	-2393.000000	1289.891081
312	-4009.000000	1289.041116
350	-4963.000000	1284.170160
320	-5057.000000	1285.002335
317	-4314.000000	1287.774825
348	-2773.000000	1284.761067
312	-887.000000	1276.262120
295	1093.000000	1261.380593
291	2690.000000	1247.089411
273	3688.000000	1244.646134
290	4014.000000	1246.876898
309	3598.000000	1250.160790
272	2528.000000	1251.529464
296	1384.000000	1246.488668
321	83.000000	1243.595191
270	-1118.000000	1248.960368
316	-1777.000000	1256.554416
322	-1831.000000	1261.046787
315	-1676.000000	1261.567279
289	-895.000000	1253.293661
316	148.000000	1248.763388
270	983.000000	1251.461146
304	1498.000000	1253.769516
318	1823.000000	1253.315204
281	1499.000000	1251.003197
291	752.000000	1252.593310
289	-98.000000	1260.967882
337	-929.000000	1267.194145
328	-1733.000000	1265.628302
281	-2131.000000	1260.911178
310	-2120.000000	1258.805783
308	-1758.000000	1263.347933
330	-1097.000000	1266.658991
309	-235.000000	1259.837688
283	562.000000	1250.544681
281	1231.000000	1245.213636
305	1564.000000	1246.387580
302	1480.000000	1248.881099
288	1231.000000	1247.016840
299	908.000000	1245.086342
284	461.000000	1249.597135
304	158.000000	1256.421904
324	70.000000	1254.484755
303	-77.000000	1247.841737
261	-306.000000	1240.919820
305	-356.000000	1243.401785
312	-329.000000	1257.304657
311	-182.000000	1268.044952
322	10.000000	1268.153776
273	395.000000	1257.411229
327	499.000000	1244.042202
269	287.000000	1240.559148
290	-248.000000	1251.060350
314	-529.000000	1265.094068
337	-806.000000	1276.712184
307	-538.000000	1277.150735
309	142.000000	1266.458843
298	1071.000000	1253.998804
292	1456.000000	1249.939999
278	1478.000000	1253.144046
324	675.000000	1262.486832
286	-490.000000	1270.922500
347	-1695.000000	1276.422736
306	-2287.000000	1280.768910
321	-2320.000000	1282.696379
329	-1468.000000	1276.638555
315	-279.000000	1267.545265
291	770.000000	1257.474453
280	1317.000000	1254.998406
298	1375.000000	1260.897696
326	761.000000	1265.580104
310	-57.000000	1270.179121
289	-525.000000	1270.970102
334	-542.000000	1271.289110
301	-191.000000	1271.983884
318	636.000000	1266.210883
310	1357.000000	1257.130463
257	1570.000000	1255.037051
307	1215.000000	1258.280970
320	548.000000	1266.495953
320	-542.000000	1276.604089
296	-1348.000000	1280.381193
336	-1801.000000	1282.805129
311	-1664.000000	1279.533509
344	-1377.000000	1271.003147
276	-825.000000	1262.836094
299	-546.000000	1261.113793
310	-251.000000	1265.369906
329	-261.000000	1273.594519
301	-167.000000	1273.197942
315	-41.000000	1265.777627
289	401.000000	1257.053300
313	641.000000	1250.758570
284	897.000000	1249.937198
295	995.000000	1250.952837
311	900.000000	1250.835721
290	459.000000	1254.460442
291	134.000000	1254.775677
328	-237.000000	1250.304363
285	-581.000000	1246.833991
292	-730.000000	1243.200708
308	-603.000000	1246.293304
286	-403.000000	1253.439667
324	75.000000	1253.058259
303	645.000000	1247.373641
266	1055.000000	1238.780449
296	1268.000000	1233.323153
283	1379.000000	1237.942244
308	1137.000000	1246.329411
292	745.000000	1253.612779
294	469.000000	1256.431057
322	284.000000	1252.935753
291	-87.000000	1249.557922
286	-354.000000	1248.985188
311	-547.000000	1253.887156
304	-946.000000	1262.277307
317	-1420.000000	1268.287822
306	-1462.000000	1266.398831
329	-1353.000000	1260.700995
284	-1200.000000	1258.973391
294	-676.000000	1260.096028
341	72.000000	1261.720254
286	425.000000	1259.670989
296	628.000000	1252.634823
290	786.000000	1246.065809
302	683.000000	1246.118373
303	357.000000	1252.859529
282	446.000000	1260.388829
341	629.000000	1261.484443
282	890.000000	1256.737045
299	1053.000000	1248.453043
288	1166.000000	1241.623937
291	733.000000	1247.339168
294	157.000000	1257.280796
332	-664.000000	1268.803373
294	-1180.000000	1273.601193
341	-1472.000000	1269.213142
294	-1396.000000	1262.909340
299	-1210.000000	1261.119344
310	-784.000000	1260.017460
318	-687.000000	1260.786659
291	-792.000000	1259.721398
304	-869.000000	1256.120615
318	-843.000000	1257.322154
287	-757.000000	1259.718619
322	-262.000000	1256.694076
301	553.000000	1247.175609
285	1331.000000	1236.400016
275	1923.000000	1230.805834
277	2393.000000	1236.453396
307	2492.000000	1243.659117
299	2099.000000	1245.403148
279	1411.000000	1242.722415
286	733.000000	1238.420365
312	-193.000000	1242.453621
281	-1040.000000	1253.075417
327	-1501.000000	1261.099124
317	-1602.000000	1262.611579
302	-1601.000000	1261.830020
293	-1184.000000	1257.160292
323	-689.000000	1254.397465
292	-427.000000	1254.004386
298	-310.000000	1254.326114
306	-307.000000	1257.122508
295	-526.000000	1258.402161
325	-734.000000	1254.623449
293	-583.000000	1249.659554
296	-395.000000	1246.453770
287	35.000000	1246.782659
309	655.000000	1248.377747
306	1259.000000	1242.465694
283	1295.000000	1235.285797
249	1292.000000	1229.024817
328	967.000000	1231.053614
273	274.000000	1239.535397
304	-492.000000	1245.930977
302	-693.000000	1244.380569
307	-947.000000	1239.294557
284	-1115.000000	1234.970850
277	-961.000000	1231.700857
324	-837.000000	1228.590656
271	-1190.000000	1226.484407
280	-1355.000000	1224.488056
311	-1238.000000	1223.903591
280	-1125.000000	1226.004486
292	-704.000000	1221.675898
287	251.000000	1209.593733
276	1054.000000	1194.531707
248	1524.000000	1185.059492
249	1867.000000	1185.809007
291	1843.000000	1189.514607
271	1359.000000	1192.419809
254	973.000000	1189.696180
282	711.000000	1184.546749
253	473.000000	1184.185374
275	433.000000	1184.155817
280	480.000000	1182.192878
250	347.000000	1182.702414
262	209.000000	1184.380429
282	-1.000000	1187.767233
275	-376.000000	1191.903520
267	-565.000000	1191.363505
284	-657.000000	1189.843267
257	-883.000000	1191.121740
273	-963.000000	1189.946637
299	-862.000000	1185.440003
255	-978.000000	1183.078188
249	-887.000000	1184.330613
289	-395.000000	1188.487695
285	109.000000	1189.562525
265	618.000000	1182.608980
244	1367.000000	1171.019641
262	1684.000000	1164.517067
244	1467.000000	1167.742694
268	1087.000000	1174.067715
281	461.000000	1177.205590
246	-464.000000	1178.812114
266	-883.000000	1178.395095
296	-839.000000	1178.943171
257	-646.000000	1182.021150
256	-139.000000	1180.605353
278	623.000000	1174.608445
265	860.000000	1170.621203
235	706.000000	1169.868369
270	394.000000	1174.669315
271	-219.000000	1182.039339
279	-967.000000	1186.935971
271	-1279.000000	1186.111715
272	-1281.000000	1181.897204
265	-1119.000000	1176.868302
265	-610.000000	1172.915172
275	-7.000000	1171.078563
245	391.000000	1172.298170
259	637.000000	1173.824944
274	846.000000	1171.555376
268	713.000000	1167.854015
236	451.000000	1162.855537
263	185.000000	1162.426342
260	-13.000000	1166.664048
277	-281.000000	1170.759155
255	-335.000000	1169.951708
259	-254.000000	1164.560861
263	-62.000000	1158.871865
252	59.000000	1157.947754
255	304.000000	1161.395712
261	529.000000	1164.925319
263	708.000000	1166.456171
258	732.000000	1163.783485
250	825.000000	1159.614160
262	716.000000	1158.803693
243	451.000000	1161.484826
273	146.000000	1168.697566
257	-35.000000	1172.932649
283	-332.000000	1175.279541
243	-501.000000	1175.133609
275	-548.000000	1172.468336
276	-709.000000	1171.022203
239	-1039.000000	1171.222011
285	-1262.000000	1172.302009
258	-1425.000000	1175.138715
277	-1475.000000	1178.207537
267	-1144.000000	1175.191899
269	-396.000000	1170.812538
259	415.000000	1164.368928
242	1154.000000	1158.169245
259	1657.000000	1153.925908
243	1815.000000	1148.843331
262	1446.000000	1150.478161
222	943.000000	1158.352710
281	394.000000	1166.535040
274	23.000000	1168.678313
256	-302.000000	1161.907053
251	-373.000000	1150.399496
241	-458.000000	1149.016101
258	-434.000000	1158.144205
283	-569.000000	1170.074784
249	-615.000000	1174.490102
278	-697.000000	1164.715845
251	-728.000000	1150.646775
246	-861.000000	1146.888399
243	-754.000000	1152.250841
280	-540.000000	1162.395802
262	-26.000000	1165.459566
263	772.000000	1158.229684
240	1678.000000	1147.652386
230	2364.000000	1141.614646
254	2723.000000	1141.248877
247	2351.000000	1143.919140
239	1259.000000	1149.329805
244	0.000000	1155.847741
286	-1240.000000	1164.889694
265	-2188.000000	1174.139685
269	-2307.000000	1177.370375
285	-1634.000000	1172.573239
255	-790.000000	1166.585616
243	164.000000	1160.562795
268	932.000000	1157.150811
249	1063.000000	1161.737922
247	643.000000	1169.905552
274	55.000000	1175.862662
276	-630.000000	1177.781813
265	-1173.000000	1171.835739
266	-1328.000000	1165.644886
248	-1141.000000	1166.370867
269	-667.000000	1169.194167
282	-54.000000	1171.066181
244	507.000000	1166.117919
261	942.000000	1158.240908
237	1175.000000	1155.263173
261	1048.000000	1157.524946
263	762.000000	1162.318373
250	478.000000	1164.640717
276	145.000000	1164.899566
235	-139.000000	1165.655610
278	-149.000000	1164.755339
271	-174.000000	1162.135104
237	-248.000000	1162.500753
263	-338.000000	1163.509347
261	-405.000000	1166.758330
279	-666.000000	1169.299790
250	-673.000000	1167.093398
269	-652.000000	1165.505041
245	-428.000000	1164.357333
281	-183.000000	1165.438544
252	188.000000	1163.371824
261	92.000000	1159.712033
231	-23.000000	1152.958369
282	-447.000000	1148.245183
241	-916.000000	1148.957789
253	-1297.000000	1155.016450
265	-958.000000	1159.706860
277	-359.000000	1159.279518
245	662.000000	1148.466804
242	1777.000000	1131.622287
224	2665.000000	1120.574406
228	2820.000000	1123.851414
237	2501.000000	1136.676295
264	1673.000000	1149.504676
250	648.000000	1154.097050
257	-298.000000	1150.176508
254	-878.000000	1146.433600
249	-1054.000000	1149.195371
268	-800.000000	1158.799379
258	-390.000000	1168.699277
266	47.000000	1171.531903
264	346.000000	1164.813290
253	224.000000	1155.944635
244	-280.000000	1156.969317
251	-831.000000	1168.790400
299	-1319.000000	1184.905481
272	-1633.000000	1193.323510
278	-1430.000000	1185.693890
275	-914.000000	1170.124780
232	-433.000000	1159.997845
264	-182.000000	1159.197999
256	-101.000000	1165.290951
277	-361.000000	1171.306535
257	-668.000000	1170.727124
261	-773.000000	1167.556851
264	-428.000000	1160.938414
268	170.000000	1154.877483
238	909.000000	1150.124776
242	1485.000000	1145.815430
251	1681.000000	1141.875212
249	1345.000000	1140.455611
239	532.000000	1140.811992
244	-440.000000	1142.260040
267	-1106.000000	1146.917608
262	-1169.000000	1150.734114
265	-734.000000	1154.028596
227	344.000000	1151.748236
276	1688.000000	1140.379761
242	2546.000000	1127.825341
197	2555.000000	1123.931048
237	1999.000000	1130.701994
265	759.000000	1148.757154
268	-864.000000	1165.156642
268	-2074.000000	1169.703381
267	-2593.000000	1164.731299
266	-2675.000000	1155.422434
256	-2259.000000	1149.495977
252	-1476.000000	1146.714437
260	-809.000000	1147.525599
239	-316.000000	1150.494676
266	263.000000	1152.541106
257	698.000000	1150.129558
239	982.000000	1141.758293
248	1233.000000	1130.426911
232	1399.000000	1124.513673
242	1025.000000	1128.286754
225	592.000000	1135.104400
280	112.000000	1137.615049
246	-336.000000	1133.886238
234	-831.000000	1131.050397
232	-734.000000	1129.529991
277	-602.000000	1130.761690
236	-284.000000	1128.459126
245	135.000000	1123.772664
220	945.000000	1121.851594
255	1524.000000	1127.752632
235	2384.000000	1136.083624
259	3060.000000	1138.830980
225	3454.000000	1133.019859
231	3120.000000	1128.462671
232	2558.000000	1132.362133
265	1228.000000	1151.368751
235	-210.000000	1175.681079
306	-1482.000000	1191.149865
289	-1995.000000	1195.703559
276	-2219.000000	1195.338864
255	-1522.000000	1196.114543
296	-357.000000	1206.926261
283	1109.000000	1218.930269
299	2159.000000	1228.474257
246	3306.000000	1233.988655
315	3811.000000	1238.652897
280	3745.000000	1252.437224
286	2882.000000	1272.281415
323	1786.000000	1286.009331
340	-58.000000	1297.862859
307	-1859.000000	1308.724952
363	-3630.000000	1327.026752
327	-4881.000000	1350.503240
413	-5801.000000	1364.669557
378	-5999.000000	1360.750896
358	-6076.000000	1349.562892
320	-5762.000000	1342.073768
371	-5272.000000	1348.257394
385	-4547.000000	1357.481860
366	-3664.000000	1354.338215
345	-2363.000000	1335.500281
316	-990.000000	1309.993893
323	249.000000	1289.605754
309	1251.000000	1276.631897
307	1842.000000	1270.220453
286	1939.000000	1263.775692
305	1667.000000	1255.477200
298	1253.000000	1240.184261
294	761.000000	1220.356915
260	338.000000	1203.528147
263	149.000000	1195.822311
290	323.000000	1198.411031
275	794.000000	1198.700129
282	1387.000000	1187.080873
237	2037.000000	1165.173378
248	2414.000000	1143.164905
240	2282.000000	1136.286936
222	1625.000000	1144.564109
275	866.000000	1154.687837
267	57.000000	1158.350983
250	-435.000000	1150.925280
255	-514.000000	1138.333870
225	-77.000000	1129.345386
269	430.000000	1127.251525
221	967.000000	1129.371949
250	1210.000000	1132.556400
236	1296.000000	1131.163118
252	1065.000000	1130.108402
238	702.000000	1128.515839
235	222.000000	1128.975642
253	-35.000000	1132.602755
252	-311.000000	1135.615692
249	-513.000000	1138.716383
237	-601.000000	1136.570719
264	-484.000000	1130.721009
248	-450.000000	1130.765228
216	-279.000000	1135.172674
277	15.000000	1141.513469
242	409.000000	1144.197972
267	642.000000	1139.139149
223	722.000000	1131.333726
225	531.000000	1128.035904
270	142.000000	1129.235139
243	-432.000000	1138.053602
247	-879.000000	1147.429736
256	-936.000000	1150.895304
272	-539.000000	1150.066520
255	69.000000	1142.025832
230	685.000000	1133.770259
228	1084.000000	1129.415778
254	1080.000000	1130.913790
254	549.000000	1139.309001
234	-153.000000	1149.080937
266	-675.000000	1155.457052
268	-875.000000	1155.827409
265	-849.000000	1150.482073
235	-441.000000	1141.279545
248	68.000000	1136.975813
244	382.000000	1139.930700
256	460.000000	1148.828099
253	504.000000	1155.632294
260	359.000000	1154.855402
253	126.000000	1150.092170
243	48.000000	1145.523461
263	8.000000	1145.487669
240	-87.000000	1151.925779
259	-77.000000	1158.083330
276	49.000000	1160.433109
247	-61.000000	1159.599500
246	-250.000000	1153.187756
265	-526.000000	1147.512963
249	-908.000000	1147.814445
260	-1434.000000	1155.273993
246	-1677.000000	1164.124993
291	-1615.000000	1165.143339
267	-1233.000000	1154.106148
241	-745.000000	1138.846346
224	-63.000000	1128.594258
247	614.000000	1130.312346
261	1051.000000	1135.650034
242	1337.000000	1136.934915
232	1744.000000	1131.655425
244	2023.000000	1123.624937
236	2015.000000	1123.375716
223	1996.000000	1125.749528
265	1591.000000	1125.340393
220	635.000000	1125.035555
239	-381.000000	1127.461308
266	-1229.000000	1134.894268
249	-2065.000000	1149.786502
255	-2310.000000	1155.769873
293	-1870.000000	1147.285492
243	-1375.000000	1134.631658
208	-845.000000	1124.815096
257	-278.000000	1124.386944
251	49.000000	1133.426222
254	-17.000000	1138.457289
240	56.000000	1134.699079
242	144.000000	1128.401524
239	375.000000	1118.635329
256	474.000000	1113.313972
200	794.000000	1111.402717
258	996.000000	1112.227495
227	1172.000000	1117.507942
241	1054.000000	1123.078804
239	1075.000000	1119.594123
245	646.000000	1110.426044
216	66.000000	1102.041741
233	-660.000000	1103.728227
239	-1117.000000	1116.899727
263	-1475.000000	1134.222641
245	-1137.000000	1138.105004
277	-500.000000	1126.309016
202	330.000000	1106.464640
231	915.000000	1093.439985
217	1180.000000	1097.632908
231	863.000000	1115.066366
259	304.000000	1126.833617
247	-276.000000	1127.824454
242	-613.000000	1119.767387
231	-579.000000	1110.865878
239	-347.000000	1110.689426
232	3.000000	1112.827480
255	148.000000	1114.016158
218	10.000000	1112.080932
238	-516.000000	1109.399838
235	-993.000000	1107.531038
256	-1432.000000	1110.770903
227	-1520.000000	1113.601365
247	-1184.000000	1114.368880
238	-342.000000	1107.497178
243	550.000000	1094.189198
208	1340.000000	1082.486951
198	1884.000000	1078.651936
236	2027.000000	1084.797216
220	1731.000000	1093.472908
240	1293.000000	1096.834080
219	901.000000	1092.991766
226	512.000000	1090.420103
224	224.000000	1091.514544
235	-7.000000	1094.811856
238	-297.000000	1097.342699
218	-622.000000	1099.068697
240	-919.000000	1100.935511
238	-1040.000000	1106.005425
241	-859.000000	1112.227045
246	-439.000000	1114.116242
229	-31.000000	1112.539887
228	394.000000	1103.556070
250	444.000000	1093.625164
201	33.000000	1093.324746
226	-555.000000	1103.482216
255	-1016.000000	1116.711243
261	-1383.000000	1123.687234
240	-1170.000000	1116.290285
231	-485.000000	1099.780433
219	278.000000	1088.194835
215	998.000000	1087.356427
242	1605.000000	1094.013254
225	1569.000000	1103.495809
208	1070.000000	1105.057465
259	423.000000	1096.418260
228	-488.000000	1087.004140
210	-1432.000000	1085.956721
226	-1822.000000	1096.037408
256	-1585.000000	1110.350845
265	-910.000000	1113.996409
219	375.000000	1101.969600
219	1803.000000	1082.764517
198	2873.000000	1071.989272
216	3195.000000	1078.013451
221	2813.000000	1090.702067
234	1595.000000	1103.730492
222	165.000000	1109.990541
261	-1290.000000	1111.693303
233	-2290.000000	1113.921003
249	-2694.000000	1116.827650
251	-2387.000000	1118.411820
243	-1895.000000	1119.669148
233	-1030.000000	1115.565328
255	-160.000000	1109.368289
219	490.000000	1108.719983
224	823.000000	1113.855915
245	1086.000000	1117.925758
254	907.000000	1116.519144
220	484.000000	1106.539651
229	-15.000000	1098.031420
224	-429.000000	1102.524830
245	-713.000000	1116.935540
260	-600.000000	1127.904251
244	-221.000000	1123.502114
237	340.000000	1106.585740
214	766.000000	1091.408265
217	885.000000	1091.723866
230	639.000000	1105.538330
249	224.000000	1118.755559
259	-359.000000	1123.574208
217	-773.000000	1117.899369
253	-972.000000	1106.714055
231	-895.000000	1101.079924
230	-764.000000	1102.933362
238	-523.000000	1107.290838
232	-258.000000	1112.254467
246	199.000000	1109.297525
246	587.000000	1103.162273
197	1085.000000	1099.997727
240	1636.000000	1099.989091
235	1925.000000	1102.071232
227	1688.000000	1104.223709
220	1208.000000	1101.909252
236	267.000000	1100.752016
232	-1022.000000	1106.864942
235	-2024.000000	1114.333882
279	-2478.000000	1121.491864
228	-2422.000000	1126.707593
248	-1570.000000	1124.802205
261	-225.000000	1116.119617
217	926.000000	1105.084612
222	1611.000000	1093.933727
211	1633.000000	1090.689232
232	817.000000	1099.297503
236	-345.000000	1111.662269
255	-1380.000000	1120.673012
248	-2028.000000	1119.714249
237	-1978.000000	1108.702846
247	-1300.000000	1093.327033
214	-464.000000	1083.551568
209	368.000000	1082.398263
234	1002.000000	1085.190306
229	1095.000000	1087.814782
215	922.000000	1084.406750
225	730.000000	1076.312222
217	456.000000	1070.796900
215	351.000000	1072.310123
225	709.000000	1076.648039
232	1094.000000	1079.881475
202	1455.000000	1077.481786
225	1927.000000	1068.789502
222	2056.000000	1064.783546
184	1659.000000	1072.933828
225	1267.000000	1086.737779
256	900.000000	1099.035031
234	491.000000	1105.913649
219	630.000000	1108.691120
237	1425.000000	1114.828686
246	2458.000000	1127.655976
240	3708.000000	1140.928569
249	5123.000000	1151.199809
238	6179.000000	1166.376011
233	6679.000000	1187.692300
289	6851.000000	1216.190363
280	6598.000000	1247.912657
299	6017.000000	1279.219684
312	5366.000000	1314.181114
329	4954.000000	1353.512468
398	4433.000000	1394.351104
357	3906.000000	1434.930660
416	3119.000000	1472.953835
423	1868.000000	1506.900793
466	-155.000000	1545.921408
470	-2498.000000	1586.652451
535	-5191.000000	1631.959252
538	-7950.000000	1674.892235
599	-10444.000000	1703.435352
627	-12494.000000	1718.045401
564	-14256.000000	1725.138255
613	-15667.000000	1733.271185
612	-16469.000000	1746.096504
660	-16684.000000	1756.214679
633	-16304.000000	1749.679399
593	-15320.000000	1725.843562
577	-13447.000000	1687.934537
564	-11228.000000	1647.499317
502	-8800.000000	1615.176771
474	-5879.000000	1585.947981
503	-2388.000000	1550.929399
444	866.000000	1503.119423
362	4162.000000	1439.038568
355	7305.000000	1370.176996
287	9502.000000	1315.101517
281	10355.000000	1280.635389
271	10703.000000	1256.597390
301	10205.000000	1229.804456
240	8958.000000	1193.851750
219	7550.000000	1155.708441
239	6374.000000	1122.824118
232	4724.000000	1106.302852
196	3187.000000	1100.947319
248	2095.000000	1097.456605
232	1445.000000	1095.198156
221	1045.000000	1088.966023
220	1483.000000	1077.196825
221	2198.000000	1065.421982
199	2713.000000	1054.354305
200	2728.000000	1051.118452
191	2475.000000	1054.844538
240	1610.000000	1064.331715
203	502.000000	1077.192648
229	-453.000000	1085.868777
241	-951.000000	1084.917969
230	-1268.000000	1078.052874
217	-1229.000000	1070.951446
210	-932.000000	1073.652644
229	-602.000000	1085.391174
240	-341.000000	1095.790582
236	67.000000	1096.294212
228	453.000000	1086.763544
207	766.000000	1080.904251
214	1074.000000	1084.709178
245	1267.000000	1094.574346
228	1071.000000	1101.855254
226	708.000000	1101.728642
231	19.000000	1097.574143
225	-959.000000	1097.773656
242	-2066.000000	1102.062612
244	-2737.000000	1108.222451
256	-3247.000000	1115.464477
222	-3041.000000	1117.026857
278	-2215.000000	1111.773808
223	-834.000000	1098.625505
231	235.000000	1085.301341
181	1324.000000	1073.820283
245	1803.000000	1071.529281
205	1722.000000	1071.950559
223	1097.000000	1076.452043
205	757.000000	1078.335291
247	336.000000	1077.666924
215	85.000000	1072.418295
209	87.000000	1060.282510
224	205.000000	1048.324854
186	13.000000	1047.511814
216	-139.000000	1058.184766
229	-129.000000	1069.180527
234	-151.000000	1072.512471
205	32.000000	1060.706368
214	463.000000	1044.778924
195	867.000000	1037.877160
200	1089.000000	1045.397054
216	1304.000000	1058.653862
225	1321.000000	1067.556556
212	1127.000000	1064.688217
210	856.000000	1054.381335
207	597.000000	1050.127135
205	340.000000	1057.387346
229	293.000000	1075.462226
223	665.000000	1091.941848
249	1545.000000	1098.973612
220	2820.000000	1097.344066
210	4463.000000	1096.851403
223	6282.000000	1106.320930
219	8193.000000	1130.421603
249	10127.000000	1166.692333
234	12404.000000	1204.733996
288	15145.000000	1246.003612
264	18496.000000	1289.948061
309	22396.000000	1346.615016
305	26780.000000	1419.111694
358	31190.000000	1501.965379
431	35183.000000	1593.535378
433	38554.000000	1695.593112
547	40797.000000	1813.599460
586	41264.000000	1945.994861
746	39542.000000	2080.462449
886	35633.000000	2208.358440
956	28898.000000	2337.024176
1078	19590.000000	2475.684148
1274	8681.000000	2626.598751
1532	-2989.000000	2775.906158
1697	-15638.000000	2904.993287
1761	-28212.000000	3009.822918
1933	-40203.000000	3098.953533
2058	-52200.000000	3183.665812
2182	-64297.000000	3267.557651
2292	-74738.000000	3335.314378
2480	-83048.000000	3379.608557
2390	-88945.000000	3401.173474
2387	-91150.000000	3398.258377
2466	-88838.000000	3373.377536
2323	-82884.000000	3328.631250
2231	-73723.000000	3266.245398
2028	-61414.000000	3190.920243
1978	-46466.000000	3102.147643
1869	-30078.000000	2993.169223
1572	-12991.000000	2865.657865
1374	3791.000000	2722.839878
1202	19083.000000	2574.537823
1098	31127.000000	2431.831203
870	39376.000000	2289.565024
776	43512.000000	2148.107539
636	44193.000000	2009.781331
608	41905.000000	1882.204824
505	38085.000000	1769.058224
433	33862.000000	1667.170057
428	30257.000000	1566.172085
370	26950.000000	1466.589240
279	24121.000000	1371.791165
263	21758.000000	1289.751914
249	19302.000000	1233.869523
230	16319.000000	1200.496980
237	13521.000000	1175.483305
243	11041.000000	1144.326439
228	8580.000000	1110.729490
173	6518.000000	1085.276923
222	5040.000000	1073.547391
227	3506.000000	1072.919382
203	1952.000000	1074.478478
228	679.000000	1070.287345
212	-419.000000	1067.283936
223	-1307.000000	1071.032679
225	-1497.000000	1073.775116
249	-1237.000000	1075.808068
196	-733.000000	1070.446169
226	-94.000000	1059.478173
211	398.000000	1050.415156
196	492.000000	1048.541845
218	292.000000	1051.363876
206	44.000000	1058.761541
229	-179.000000	1063.496591
217	-82.000000	1058.135152
220	235.000000	1051.191229
182	838.000000	1042.382847
225	1174.000000	1038.259120
183	1265.000000	1039.206909
216	936.000000	1040.528712
210	388.000000	1042.437528
197	-460.000000	1050.138086
217	-916.000000	1054.616518
244	-1052.000000	1055.521672
200	-771.000000	1052.221935
207	-242.000000	1044.355304
203	531.000000	1040.426355
209	1039.000000	1042.188563
209	1289.000000	1045.974665
200	1053.000000	1049.627077
205	540.000000	1049.905710
225	-219.000000	1047.950858
210	-953.000000	1048.957101
208	-1597.000000	1054.273684
214	-1682.000000	1058.957978
248	-1404.000000	1059.845272
204	-765.000000	1054.580011
207	7.000000	1046.646550
195	875.000000	1041.185382
214	1271.000000	1041.461953
202	1237.000000	1040.353305
206	835.000000	1039.562889
196	380.000000	1040.708413
219	-167.000000	1046.893022
211	-282.000000	1056.922892
224	86.000000	1058.696368
226	665.000000	1050.165225
180	1102.000000	1039.939421
196	1455.000000	1034.620220
218	1226.000000	1041.048510
194	457.000000	1056.636645
230	-446.000000	1068.001873
231	-1254.000000	1070.847328
224	-1903.000000	1070.754407
211	-1998.000000	1065.758885
239	-1683.000000	1063.170259
206	-1232.000000	1063.427478
218	-616.000000	1061.639298
230	-139.000000	1060.345698
187	109.000000	1059.341777
235	253.000000	1056.767240
206	323.000000	1053.562053
213	109.000000	1052.560212
199	87.000000	1049.218280
228	70.000000	1047.607751
202	-10.000000	1045.261690
202	-18.000000	1041.836839
217	267.000000	1038.937438
203	410.000000	1039.768243
197	604.000000	1042.020153
214	830.000000	1039.066889
211	931.000000	1033.508103
190	721.000000	1029.243897
191	445.000000	1030.013107
214	92.000000	1037.706124
212	-175.000000	1043.536775
227	-307.000000	1045.059328
186	-183.000000	1044.372060
210	112.000000	1041.858916
221	426.000000	1038.950432
197	487.000000	1036.681726
202	348.000000	1035.780865
196	18.000000	1042.018234
219	-463.000000	1052.781554
227	-918.000000	1056.846252
219	-989.000000	1052.850892
209	-720.000000	1044.993780
197	-227.000000	1044.348122
210	452.000000	1052.543586
223	1170.000000	1055.283848
225	1480.000000	1050.081902
170	1312.000000	1040.870789
205	829.000000	1039.181890
217	41.000000	1050.844898
222	-828.000000	1067.260980
236	-1443.000000	1074.347709
214	-1621.000000	1069.335775
231	-1561.000000	1059.210555
200	-1220.000000	1050.904372
221	-910.000000	1050.814922
200	-616.000000	1052.643339
230	-459.000000	1054.386552
211	-175.000000	1054.953553
208	134.000000	1055.546304
211	682.000000	1052.749733
216	1161.000000	1044.676505
202	1520.000000	1032.483414
189	1426.000000	1024.998537
180	1003.000000	1029.203090
220	220.000000	1041.352006
222	-505.000000	1050.793510
224	-1071.000000	1050.832527
196	-1158.000000	1042.916104
209	-846.000000	1035.890921
211	-121.000000	1033.872816
209	576.000000	1035.302854
192	1200.000000	1037.074732
199	1501.000000	1036.809047
209	1468.000000	1035.327967
206	936.000000	1036.090730
190	274.000000	1037.790923
222	-489.000000	1043.397815
202	-1189.000000	1048.306730
235	-1690.000000	1050.152370
206	-1719.000000	1047.532816
214	-1464.000000	1044.270080
209	-1014.000000	1043.683860
201	-343.000000	1043.177358
233	353.000000	1039.316602
180	801.000000	1032.239798
201	1053.000000	1028.177514
196	1296.000000	1030.819092
213	1263.000000	1040.065863
204	949.000000	1042.853297
201	622.000000	1035.533679
215	238.000000	1023.050341
186	-425.000000	1021.387781
187	-1007.000000	1036.120167
230	-1187.000000	1050.717374
250	-1203.000000	1054.286963
191	-1024.000000	1041.264616
194	-485.000000	1023.664496
191	118.000000	1018.415436
207	434.000000	1028.290815
211	502.000000	1037.834283
203	358.000000	1036.830748
203	-162.000000	1024.967317
190	-791.000000	1012.934845
205	-1360.000000	1012.882027
192	-1585.000000	1020.067155
226	-1504.000000	1027.161136
195	-852.000000	1023.743132
211	-18.000000	1008.984638
172	885.000000	990.131809
174	1400.000000	979.006639
175	1472.000000	976.106552
187	828.000000	980.255069
179	45.000000	983.608154
201	-703.000000	984.319562
180	-1041.000000	984.863950
189	-781.000000	983.301073
193	192.000000	972.873065
182	1254.000000	957.869511
141	2240.000000	945.665903
162	2973.000000	945.146020
174	3131.000000	959.974479
169	2688.000000	975.964139
198	2007.000000	981.428041
174	1073.000000	977.606772
175	-179.000000	973.169564
178	-1370.000000	976.181336
201	-2333.000000	987.384930
210	-2952.000000	1001.805370
191	-2977.000000	1014.431368
212	-2104.000000	1018.432128
214	-606.000000	1013.591634
183	1143.000000	1001.192789
180	2638.000000	988.321810
155	3567.000000	987.868918
189	3495.000000	1000.005500
195	2412.000000	1016.659235
196	745.000000	1029.916987
216	-962.000000	1031.940890
217	-2437.000000	1035.907814
195	-3294.000000	1044.568811
238	-3181.000000	1050.884865
235	-2401.000000	1052.784403
198	-1214.000000	1046.719638
211	26.000000	1039.912496
180	1182.000000	1040.488347
229	1693.000000	1044.529080
199	1687.000000	1045.809256
205	1162.000000	1046.759762
198	624.000000	1047.880718
227	-75.000000	1057.480496
209	-357.000000	1067.343900
243	-197.000000	1069.673315
212	408.000000	1064.716864
206	921.000000	1061.823432
198	1567.000000	1065.089198
237	1874.000000	1075.092554
217	1629.000000	1083.999539
218	949.000000	1089.896784
228	194.000000	1095.300872
240	-790.000000	1104.680044
242	-1764.000000	1117.480201
244	-2363.000000	1123.729060
271	-2779.000000	1122.384515
225	-3037.000000	1117.452907
248	-2993.000000	1115.000000
248	-2508.000000	1120.630180
248	-1927.000000	1129.312623
255	-1021.000000	1129.387002
243	-111.000000	1117.229162
225	654.000000	1096.405947
220	843.000000	1082.140934
193	751.000000	1081.868291
255	134.000000	1091.352372
221	-437.000000	1097.907555
257	-895.000000	1094.907759
208	-863.000000	1081.122102
222	-642.000000	1066.549577
212	69.000000	1053.669303
220	641.000000	1046.955109
192	1140.000000	1047.680295
198	1395.000000	1051.759954
226	1618.000000	1051.937260
218	1383.000000	1045.913476
179	1133.000000	1032.734719
211	653.000000	1021.853708
179	150.000000	1024.692149
221	-439.000000	1036.232117
215	-672.000000	1043.916663
216	-696.000000	1044.037356
199	-204.000000	1033.124387
209	356.000000	1023.157857
177	1000.000000	1020.043136
207	1449.000000	1021.194888
202	1599.000000	1025.887421
188	1155.000000	1032.042150
200	608.000000	1033.679834
225	-89.000000	1033.380375
197	-864.000000	1033.379891
203	-1486.000000	1035.457387
210	-1746.000000	1038.439213
225	-1811.000000	1040.566673
209	-1634.000000	1036.570306
203	-1061.000000	1029.785900
201	-289.000000	1027.863318
193	649.000000	1029.436253
223	1489.000000	1032.148730
177	2165.000000	1026.636742
211	2285.000000	1015.179295
166	1933.000000	1008.961347
192	915.000000	1013.912718
208	-261.000000	1025.498415
214	-1377.000000	1037.790441
222	-1948.000000	1040.218246
210	-1983.000000	1039.272342
192	-1146.000000	1035.076809
236	35.000000	1028.128883
178	1139.000000	1022.871937
186	1751.000000	1017.328364
195	1876.000000	1016.885441
192	1192.000000	1024.998537
211	107.000000	1034.151343
208	-860.000000	1041.804204
220	-1356.000000	1044.712401
218	-1458.000000	1043.407878
196	-976.000000	1039.577799
221	-135.000000	1032.364761
196	586.000000	1026.884609
187	837.000000	1027.313487
196	765.000000	1031.742700
218	351.000000	1037.897394
216	-318.000000	1042.343513
195	-915.000000	1042.963566
215	-1117.000000	1039.971634
219	-1002.000000	1036.293395
205	-625.000000	1033.637751
198	-58.000000	1032.985963
194	535.000000	1032.715353
218	911.000000	1030.143194
200	1038.000000	1028.190644
184	834.000000	1026.461884
202	430.000000	1027.684777
205	-68.000000	1030.681328
223	-447.000000	1031.960755
198	-716.000000	1034.910624
184	-617.000000	1035.624932
241	-311.000000	1033.751904
191	114.000000	1029.470738
206	363.000000	1023.515999
175	519.000000	1021.711799
204	349.000000	1026.500365
224	-16.000000	1030.514435
197	-555.000000	1032.713416
198	-950.000000	1029.178313
209	-1227.000000	1025.688549
204	-1236.000000	1024.891214
214	-1026.000000	1022.188828
189	-544.000000	1018.108049
197	69.000000	1013.160895
199	798.000000	1011.630367
188	1423.000000	1012.502346
195	1874.000000	1010.034653
185	2081.000000	1003.872004
189	1969.000000	997.875243
183	1432.000000	1000.314950
178	792.000000	1011.846826
222	176.000000	1024.130851
206	-448.000000	1028.844983
201	-944.000000	1023.381649
197	-1019.000000	1015.325071
199	-971.000000	1016.650874
201	-872.000000	1029.047132
206	-544.000000	1040.809300
231	-26.000000	1040.421069
200	283.000000	1030.933073
173	595.000000	1021.367221
211	1010.000000	1023.201837
199	1383.000000	1039.139548
216	1529.000000	1053.954933
210	1828.000000	1057.444088
212	2153.000000	1051.912069
206	2218.000000	1045.934032
187	1989.000000	1055.552462
210	1931.000000	1075.992100
265	1752.000000	1097.680281
219	1483.000000	1116.363292
227	1417.000000	1123.558187
260	1700.000000	1126.947204
239	1774.000000	1138.932834
238	1791.000000	1158.547798
268	1690.000000	1184.126682
275	1410.000000	1207.513975
310	677.000000	1224.149092
267	-307.000000	1236.188901
302	-1580.000000	1249.541516
312	-2991.000000	1264.419630
342	-4616.000000	1282.704175
324	-6011.000000	1299.260174
342	-6834.000000	1310.270964
372	-7073.000000	1315.599863
335	-6731.000000	1314.335954
350	-5709.000000	1306.559987
323	-4456.000000	1292.577270
322	-3370.000000	1279.453008
307	-2298.000000	1269.334471
314	-1474.000000	1262.384252
302	-998.000000	1256.083596
286	-512.000000	1241.402433
319	-14.000000	1215.637281
252	92.000000	1188.546171
231	184.000000	1166.673905
279	354.000000	1153.332563
249	418.000000	1148.360571
250	654.000000	1138.243383
240	1475.000000	1118.907056
226	2367.000000	1095.805183
206	3225.000000	1071.971548
205	3890.000000	1053.970588
195	4016.000000	1043.003356
194	3341.000000	1041.087412
193	2357.000000	1043.114088
230	1058.000000	1043.929116
196	-168.000000	1040.124992
213	-982.000000	1031.041221
205	-1225.000000	1022.384957
193	-1151.000000	1019.506253
206	-461.000000	1018.069251
208	487.000000	1017.476781
183	1388.000000	1015.361020
186	2074.000000	1008.305509
192	2610.000000	1000.432906
189	2389.000000	995.000000
165	1675.000000	997.709878
192	719.000000	1008.505330
211	-239.000000	1018.416909
220	-1261.000000	1025.063413
180	-1616.000000	1021.982387
228	-1496.000000	1017.398644
177	-1070.000000	1016.740872
210	-557.000000	1017.423707
203	192.000000	1015.339352
191	605.000000	1013.993590
188	765.000000	1015.538773
189	787.000000	1021.458271
220	792.000000	1025.792377
203	543.000000	1023.240441
183	308.000000	1018.387942
197	155.000000	1017.947445
201	-44.000000	1024.901947
216	-384.000000	1033.574380
199	-629.000000	1034.335052
215	-763.000000	1028.799786
196	-938.000000	1025.636388
191	-981.000000	1028.690916
226	-746.000000	1033.741747
208	-279.000000	1036.911279
207	161.000000	1035.710867
183	627.000000	1029.743172
210	946.000000	1023.235066
203	951.000000	1016.504304
190	452.000000	1018.903332
176	-211.000000	1028.015078
229	-862.000000	1036.630117
230	-1361.000000	1038.272122
198	-1541.000000	1029.436253
194	-1109.000000	1019.409143
190	-203.000000	1018.307910
219	891.000000	1024.620418
197	1989.000000	1029.268187
187	2821.000000	1024.024902
191	3016.000000	1012.032608
178	2471.000000	1008.166157
192	1314.000000	1015.776550
207	-179.000000	1034.042069
211	-1657.000000	1051.572632
241	-2630.000000	1057.761788
223	-3020.000000	1053.706790
203	-2670.000000	1043.396377
220	-1858.000000	1035.773141
192	-747.000000	1036.511939
223	137.000000	1041.666453
191	906.000000	1043.358999
220	1212.000000	1041.148404
188	1177.000000	1032.416098
209	702.000000	1028.327769
186	221.000000	1028.828946
221	-486.000000	1033.585991
202	-1048.000000	1037.737925
212	-1337.000000	1035.439520
220	-1221.000000	1028.422579
186	-912.000000	1023.898432
199	-169.000000	1021.956457
211	712.000000	1019.728395
194	1477.000000	1017.414861
184	2050.000000	1013.365679
187	2322.000000	1011.200277
192	2029.000000	1013.148064
192	1368.000000	1014.301730
208	475.000000	1014.166160
189	-494.000000	1020.613541
193	-1230.000000	1031.086805
236	-1505.000000	1039.571546
214	-1422.000000	1040.041345
204	-912.000000	1029.319192
198	-299.000000	1020.823687
172	122.000000	1022.251437
227	300.000000	1029.336680
206	284.000000	1033.932300
205	-126.000000	1033.260858
185	-559.000000	1030.058736
212	-721.000000	1030.422729
230	-778.000000	1032.404959
185	-777.000000	1031.411169
204	-440.000000	1024.061522
204	61.000000	1015.706158
197	367.000000	1015.715019
184	717.000000	1021.744097
205	1125.000000	1027.698886
213	1194.000000	1024.387622
189	820.000000	1012.776382
178	328.000000	1000.536856
196	-417.000000	1000.428408
191	-1308.000000	1016.617922
216	-1803.000000	1033.651295
232	-1718.000000	1035.649555
201	-1255.000000	1019.987745
182	-390.000000	997.116844
178	717.000000	985.576481
183	1515.000000	992.468136
186	1959.000000	1005.704231
203	2103.000000	1010.486516
192	1920.000000	1003.666279
176	1433.000000	996.255489
177	1011.000000	997.289827
207	528.000000	1007.479032
196	57.000000	1017.521990
208	-391.000000	1018.937191
194	-666.000000	1016.308024
194	-910.000000	1019.350774
203	-1001.000000	1025.389194
222	-1021.000000	1032.412224
198	-898.000000	1032.910451
213	-878.000000	1028.052528
186	-972.000000	1025.318487
203	-1057.000000	1024.290486
227	-1137.000000	1023.082108
189	-1186.000000	1025.076583
197	-889.000000	1028.137637
211	-162.000000	1028.196479
215	618.000000	1022.834297
183	1582.000000	1009.165001
185	2413.000000	997.204593
165	2789.000000	999.271234
187	2567.000000	1012.207983
215	2102.000000	1021.071006
211	1123.000000	1023.872551
163	50.000000	1021.576233
217	-939.000000	1023.589273
207	-1585.000000	1032.342482
231	-1955.000000	1041.615572
204	-1794.000000	1044.689428
204	-1338.000000	1044.887554
217	-535.000000	1043.332641
217	230.000000	1041.382735
200	685.000000	1040.217766
182	738.000000	1037.904620
222	466.000000	1036.914654
213	-324.000000	1041.180100
194	-1223.000000	1048.402118
227	-1784.000000	1052.339299
225	-1944.000000	1052.072241
219	-1799.000000	1045.028708
201	-1119.000000	1034.347620
198	-202.000000	1027.607902
200	542.000000	1024.283164
201	941.000000	1022.898333
193	1218.000000	1019.529303
202	1116.000000	1014.922657
179	766.000000	1014.413131
199	477.000000	1016.551524
213	491.000000	1015.359542
201	486.000000	1013.597553
166	707.000000	1009.854940
207	1110.000000	1007.550495
198	1477.000000	1010.343011
189	1496.000000	1015.018226
187	1359.000000	1019.157005
195	800.000000	1020.030392
215	-75.000000	1018.600511
196	-1173.000000	1020.945150
191	-2113.000000	1028.863937
224	-2799.000000	1040.302360
221	-2797.000000	1046.126665
244	-2346.000000	1040.917864
173	-1412.000000	1028.705983
197	-338.000000	1017.177467
202	665.000000	1009.299262
198	1154.000000	1009.636568
177	1460.000000	1011.067752
196	1461.000000	1014.270674
194	1427.000000	1018.878305
209	1509.000000	1018.665303
198	1776.000000	1012.528518
173	1835.000000	1006.283757
180	1878.000000	1004.631276
212	1672.000000	1013.173233
188	991.000000	1028.369097
200	81.000000	1039.159757
224	-633.000000	1043.415066
219	-1395.000000	1044.682248
202	-2091.000000	1046.581578
207	-2256.000000	1051.313464
241	-2062.000000	1055.026066
224	-1825.000000	1058.966949
193	-1343.000000	1060.819023
228	-531.000000	1056.955534
226	33.000000	1053.028490
190	351.000000	1047.446896
215	505.000000	1042.479256
193	494.000000	1043.952106
223	141.000000	1048.852230
211	-80.000000	1052.869413
213	-143.000000	1052.138299
215	57.000000	1044.079020
205	315.000000	1039.243475
191	726.000000	1038.323649
219	968.000000	1041.221398
195	980.000000	1042.586207
220	611.000000	1040.052403
192	39.000000	1038.053467
206	-660.000000	1041.315514
221	-1283.000000	1047.342828
214	-1603.000000	1051.618277
230	-1532.000000	1048.168880
199	-1032.000000	1041.125353
207	-320.000000	1038.574022
197	466.000000	1036.385064
219	961.000000	1033.676448
188	1156.000000	1024.351502
202	906.000000	1018.266173
176	443.000000	1024.196758
212	-79.000000	1036.909350
233	-350.000000	1042.966922
207	-369.000000	1035.466562
196	-116.000000	1019.269346
176	271.000000	1011.734649
199	620.000000	1018.661867
215	762.000000	1027.458028
205	694.000000	1031.484367
186	520.000000	1024.825839
206	311.000000	1019.843615
191	257.000000	1025.575448
214	430.000000	1035.020773
215	712.000000	1042.204395
188	972.000000	1039.741314
221	1120.000000	1031.350571
183	858.000000	1028.146877
197	223.000000	1035.390265
216	-508.000000	1048.757360
226	-1059.000000	1063.063027
236	-1353.000000	1071.268874
203	-979.000000	1071.373418
239	-112.000000	1067.067945
205	943.000000	1061.373167
214	1664.000000	1060.630001
195	2041.000000	1064.973709
222	1651.000000	1075.198121
225	656.000000	1085.533970
234	-718.000000	1094.300690
233	-1862.000000	1099.075066
247	-2793.000000	1103.811125
231	-3192.000000	1105.981917
261	-2931.000000	1104.876011
235	-2144.000000	1101.760410
226	-1402.000000	1097.730386
224	-684.000000	1095.204091
231	-57.000000	1089.883939
251	3.000000	1082.110438
182	-427.000000	1076.125922
224	-705.000000	1073.490102
250	-829.000000	1074.987907
216	-1019.000000	1076.776207
216	-681.000000	1067.936796
219	151.000000	1049.037178
212	787.000000	1031.386930
170	1184.000000	1023.685499
194	1719.000000	1025.980994
227	1891.000000	1032.634011
184	1636.000000	1034.223380
206	1413.000000	1024.851697
192	1255.000000	1011.274938
189	760.000000	1005.537667
185	270.000000	1010.292037
203	1.000000	1021.599236
219	-172.000000	1029.136531
197	-362.000000	1026.703463
198	-212.000000	1017.770112
198	138.000000	1011.716363
189	290.000000	1013.441661
197	193.000000	1019.332625
198	252.000000	1022.608429
224	148.000000	1021.345191
179	-223.000000	1022.059196
184	-261.000000	1027.331008
235	55.000000	1028.188212
215	65.000000	1026.677651
163	100.000000	1022.833320
203	430.000000	1018.044203
219	331.000000	1022.468092
179	-15.000000	1031.274454
224	0.000000	1034.960869
209	-4.000000	1036.427518
188	-325.000000	1036.628670
210	-309.000000	1030.375174
226	-283.000000	1025.613475
178	-577.000000	1026.467243
194	-756.000000	1033.411825
226	-523.000000	1043.082451
228	-309.000000	1046.300626
200	107.000000	1038.848882
189	766.000000	1028.700151
196	1227.000000	1023.791483
203	1218.000000	1026.526181
201	981.000000	1031.946220
206	434.000000	1035.135740
201	-274.000000	1041.235804
209	-801.000000	1048.777860
234	-1035.000000	1052.076518
211	-1216.000000	1046.913559
199	-1187.000000	1033.046466
211	-1101.000000	1024.649696
184	-1057.000000	1030.903002
222	-933.000000	1045.075595
222	-343.000000	1053.476625
226	385.000000	1047.202464
187	1226.000000	1030.473677
178	1981.000000	1015.602777
200	2415.000000	1011.136489
192	2044.000000	1020.504777
186	1194.000000	1031.866270
225	60.000000	1040.329755
201	-1037.000000	1042.861928
232	-1876.000000	1041.509481
195	-2057.000000	1040.036057
216	-1653.000000	1039.125113
221	-902.000000	1037.764906
191	21.000000	1036.885240
214	825.000000	1033.805107
186	1298.000000	1031.559014
207	1203.000000	1031.472249
197	755.000000	1029.490651
209	-95.000000	1030.211143
195	-843.000000	1031.853187
222	-1405.000000	1038.467621
204	-1405.000000	1044.605667
228	-1024.000000	1043.382959
201	-112.000000	1031.989341
202	680.000000	1017.665957
171	1320.000000	1010.956972
194	1488.000000	1017.001475
205	1325.000000	1026.925995
213	711.000000	1034.263506
191	199.000000	1032.372510
216	-197.000000	1027.572382
190	-274.000000	1027.727590
211	-155.000000	1030.997090
210	140.000000	1033.412793
197	332.000000	1034.077367
204	296.000000	1030.642518
199	-111.000000	1029.352709
201	-724.000000	1031.541565
217	-1281.000000	1034.901445
214	-1734.000000	1042.147782
199	-1772.000000	1046.108981
236	-1213.000000	1043.801226
205	-276.000000	1034.827522
196	569.000000	1023.194507
175	1368.000000	1013.860937
203	1860.000000	1013.647868
199	1774.000000	1020.789890
185	1275.000000	1030.098539
211	834.000000	1034.694158
214	357.000000	1031.789223
204	-200.000000	1027.792781
180	-595.000000	1023.478871
217	-799.000000	1023.088950
209	-1083.000000	1029.475109
196	-1327.000000	1036.382651
222	-1224.000000	1039.790363
204	-804.000000	1037.661795
220	-292.000000	1029.838822
185	383.000000	1023.525769
188	1180.000000	1022.346321
215	1636.000000	1023.537005
185	1591.000000	1027.773808
198	1286.000000	1026.448245
211	711.000000	1022.618697
188	-232.000000	1026.313792
199	-972.000000	1033.635332
233	-1357.000000	1041.545486
210	-1451.000000	1043.681465
211	-1255.000000	1036.860164
196	-594.000000	1027.843373
207	24.000000	1025.420889
191	584.000000	1029.232724
210	912.000000	1033.945840
202	1073.000000	1033.306828
204	926.000000	1030.199981
191	688.000000	1027.670181
206	265.000000	1031.238576
199	22.000000	1036.489267
230	-189.000000	1039.168418
195	-403.000000	1039.247324
197	-507.000000	1038.388656
221	-426.000000	1036.932978
210	-577.000000	1037.357701
196	-757.000000	1037.892576
208	-690.000000	1036.588636
224	-623.000000	1038.711221
192	-473.000000	1043.638347
214	39.000000	1043.530067
221	716.000000	1037.327335
190	1188.000000	1030.161152
189	1616.000000	1025.845992
201	1702.000000	1031.373841
195	1345.000000	1039.842777
229	658.000000	1042.762677
199	-92.000000	1042.017274
203	-979.000000	1042.768910
209	-1562.000000	1047.699384
233	-1747.000000	1055.593198
226	-1573.000000	1056.942288
207	-1175.000000	1051.804640
201	-405.000000	1045.701200
217	280.000000	1042.431772
206	682.000000	1043.984674
199	830.000000	1045.175583
213	814.000000	1043.070467
209	387.000000	1043.308679
192	-62.000000	1044.734416
231	-331.000000	1045.191370
210	-404.000000	1047.215355
204	-408.000000	1048.727801
209	-179.000000	1046.004302
215	19.000000	1040.237954
207	136.000000	1031.711200
198	74.000000	1031.105232
184	13.000000	1041.860355
229	-69.000000	1052.318868
234	-30.000000	1051.938211
204	-36.000000	1038.531656
181	7.000000	1023.901851
190	-54.000000	1023.347448
216	-92.000000	1035.270013
228	-256.000000	1045.227248
199	-237.000000	1043.955459
206	-47.000000	1036.062257
194	338.000000	1029.436739
216	516.000000	1028.846927
185	780.000000	1027.542700
218	863.000000	1025.490614
183	671.000000	1027.069131
197	351.000000	1036.749246
221	371.000000	1044.453446
229	304.000000	1045.741842
187	192.000000	1038.704963
194	260.000000	1029.136531
217	246.000000	1029.933978
193	-119.000000	1042.243254
218	-442.000000	1055.711135
225	-546.000000	1060.060376
226	-757.000000	1055.721081
195	-863.000000	1046.746865
211	-764.000000	1043.004314
212	-641.000000	1046.497492
217	-671.000000	1053.355116
213	-504.000000	1056.005682
220	-152.000000	1053.968690
209	263.000000	1050.353750
204	693.000000	1048.918014
207	1117.000000	1047.815346
213	1206.000000	1042.939116
203	803.000000	1038.123788
188	142.000000	1037.863189
220	-594.000000	1046.109937
217	-1163.000000	1059.695711
231	-1285.000000	1066.734737
227	-795.000000	1060.746435
204	4.000000	1047.536157
197	875.000000	1035.450144
199	1478.000000	1035.014010
198	1616.000000	1044.104401
218	1179.000000	1053.059827
211	457.000000	1057.910677
217	-342.000000	1057.572693
218	-933.000000	1057.454964
213	-1232.000000	1060.809125
225	-1154.000000	1062.349283
226	-923.000000	1060.615387
204	-660.000000	1055.096204
215	-510.000000	1050.094281
203	-400.000000	1051.103230
223	-302.000000	1056.757304
219	-76.000000	1061.574303
214	362.000000	1062.675868
215	993.000000	1056.245710
208	1611.000000	1047.833479
197	1957.000000	1042.179927
198	2010.000000	1042.536330
211	1615.000000	1052.486104
206	811.000000	1064.139559
236	-270.000000	1072.468181
215	-1248.000000	1072.868119
237	-2307.000000	1066.702864
207	-3162.000000	1061.610098
223	-3579.000000	1062.244322
244	-3388.000000	1067.306891
222	-2866.000000	1075.061859
217	-1630.000000	1073.210138
241	-72.000000	1056.903023
193	1319.000000	1033.106480
177	2134.000000	1012.171922
172	2529.000000	1005.325320
206	2190.000000	1017.440907
195	1508.000000	1033.885874
220	807.000000	1039.794691
202	421.000000	1028.587867
198	240.000000	1008.490952
182	252.000000	993.155577
177	235.000000	995.602832
193	299.000000	1010.451879
219	381.000000	1025.398947
203	432.000000	1030.891847
189	659.000000	1021.577701
207	1058.000000	1008.310468
177	1205.000000	1003.307032
185	934.000000	1010.674033
194	523.000000	1022.767324
227	-155.000000	1031.971414
205	-1045.000000	1035.864373
191	-1662.000000	1037.042911
224	-1755.000000	1036.789757
219	-1670.000000	1036.231634
203	-1367.000000	1033.792532
198	-783.000000	1029.396425
204	-296.000000	1026.972249
203	-49.000000	1027.448782
201	287.000000	1028.846441
209	611.000000	1027.457542
193	803.000000	1026.604598
190	1105.000000	1024.979512
217	1455.000000	1020.821728
189	1563.000000	1019.636700
176	1603.000000	1019.176628
217	1650.000000	1024.088863
191	1574.000000	1036.731402
211	1498.000000	1048.060113
215	1446.000000	1052.340249
203	1289.000000	1050.904848
216	1014.000000	1049.379817
197	630.000000	1057.969754
222	139.000000	1079.303016
232	-114.000000	1100.914166
267	-167.000000	1114.609797
229	-195.000000	1116.691990
221	-151.000000	1113.184172
249	-180.000000	1112.990566
237	-764.000000	1122.400107
247	-1652.000000	1139.064528
259	-2396.000000	1154.675712
286	-2983.000000	1167.306729
262	-3307.000000	1170.268773
273	-2916.000000	1163.535990
269	-2220.000000	1152.046874
235	-1740.000000	1143.066927
250	-1519.000000	1141.811280
249	-1390.000000	1143.288240
284	-1730.000000	1144.846715
224	-2065.000000	1140.988606
263	-1953.000000	1131.190965
254	-1350.000000	1117.230504
229	-597.000000	1104.126351
221	519.000000	1089.787594
220	1599.000000	1077.300794
216	2299.000000	1069.056126
201	2458.000000	1061.620459
209	2262.000000	1054.456258
209	1702.000000	1047.604887
205	986.000000	1043.129906
208	251.000000	1042.550239
198	-200.000000	1042.080611
228	-327.000000	1035.961872
206	-252.000000	1026.397584
180	-10.000000	1020.383261
195	446.000000	1018.010805
212	803.000000	1019.611200
196	925.000000	1019.000000
189	906.000000	1011.416828
190	624.000000	1004.574537
183	91.000000	1002.730771
207	-455.000000	1005.455618
197	-867.000000	1009.770766
194	-1136.000000	1009.060950
202	-908.000000	1005.600318
193	-424.000000	999.683950
191	170.000000	992.038306
176	736.000000	986.252503
180	1282.000000	979.828556
199	1242.000000	981.447910
139	1019.000000	986.329053
228	611.000000	985.930525
177	223.000000	984.692338
176	-320.000000	982.421498
189	-465.000000	980.180085
182	-553.000000	984.947207
197	-430.000000	982.594525
197	-441.000000	977.639504
143	-232.000000	972.584187
213	-105.000000	971.260521
164	77.000000	977.910528
195	123.000000	982.393506
184	431.000000	975.640815
179	660.000000	966.478143
170	831.000000	961.450467
161	945.000000	967.441471
196	1141.000000	978.049590
191	1036.000000	981.602771
174	695.000000	977.213897
171	215.000000	968.406423
181	-369.000000	967.233684
188	-1141.000000	976.820864
185	-1659.000000	989.765124
208	-1662.000000	997.342469
198	-1199.000000	995.822775
185	-447.000000	988.032894
174	662.000000	977.507033
186	1670.000000	970.876923
168	2170.000000	971.856985
169	2125.000000	981.644029
184	1726.000000	992.275163
207	849.000000	999.036035
183	-239.000000	999.599420
190	-1187.000000	995.500377
199	-1903.000000	995.767543
190	-2387.000000	1003.014955
213	-2420.000000	1011.406941
202	-2014.000000	1014.962068
201	-1377.000000	1009.033696
193	-608.000000	996.122482
179	184.000000	986.729953
182	709.000000	983.732179
182	903.000000	988.263629
186	879.000000	993.036253
197	670.000000	989.477640
183	284.000000	981.332767
168	105.000000	974.285892
194	110.000000	974.744069
176	215.000000	982.058552
190	451.000000	986.317900
191	860.000000	979.625439
180	955.000000	970.069585
151	837.000000	965.728223
184	532.000000	968.752806
197	85.000000	978.485054
182	-452.000000	987.954452
190	-687.000000	990.855691
192	-764.000000	990.314092
182	-626.000000	983.529359
205	-466.000000	973.074509
156	-370.000000	968.714612
175	-410.000000	974.184787
195	-404.000000	984.794395
202	-423.000000	993.667449
189	-282.000000	988.140678
179	49.000000	973.425395
169	395.000000	963.110066
169	578.000000	959.876034
192	725.000000	966.915198
169	782.000000	975.796085
190	689.000000	979.777015
177	618.000000	979.471286
182	724.000000	972.270538
198	655.000000	963.677851
139	457.000000	965.531460
186	275.000000	974.363895
205	28.000000	985.750476
186	-416.000000	993.752484
186	-552.000000	988.122462
194	-550.000000	982.157828
168	-502.000000	982.612843
200	-317.000000	989.351808
189	74.000000	995.886540
197	320.000000	996.494857
178	695.000000	993.943157
187	1114.000000	993.492828
195	1422.000000	1000.957542
174	1554.000000	1010.188101
215	1511.000000	1012.142776
189	960.000000	1010.318762
174	114.000000	1009.073833
217	-883.000000	1016.227829
190	-1817.000000	1034.781619
236	-2404.000000	1051.043291
228	-2347.000000	1054.908053
214	-1871.000000	1048.244723
202	-1073.000000	1034.842500
197	-303.000000	1027.071078
203	122.000000	1028.468765
200	72.000000	1034.218546
213	-263.000000	1040.742523
208	-798.000000	1043.850564
210	-1198.000000	1040.884239
220	-1287.000000	1031.789223
198	-997.000000	1021.618813
195	-464.000000	1015.338367
190	294.000000	1015.549113
202	1045.000000	1017.111105
202	1805.000000	1013.759833
186	2349.000000	1006.914594
172	2734.000000	1001.783410
190	2868.000000	1005.234301
189	2924.000000	1013.554143
210	2709.000000	1021.538546
175	2657.000000	1026.955208
212	2876.000000	1035.208192
201	3578.000000	1052.361155
212	4600.000000	1078.600946
219	6194.000000	1101.416361
239	7840.000000	1119.147890
214	9262.000000	1136.002641
224	10186.000000	1162.753628
245	10805.000000	1208.412595
291	10961.000000	1267.723550
322	11135.000000	1331.900522
342	11424.000000	1392.023707
376	11746.000000	1443.214468
407	11607.000000	1494.747805
412	10731.000000	1551.914624
490	8251.000000	1618.468103
505	4113.000000	1693.604735
614	-1378.000000	1765.754796
688	-7662.000000	1831.527232
685	-14246.000000	1890.727902
773	-19782.000000	1939.361751
838	-23820.000000	1981.017920
832	-26327.000000	2012.804263
867	-27340.000000	2032.427612
836	-26748.000000	2041.173192
889	-25458.000000	2038.983570
835	-23859.000000	2027.947485
807	-21769.000000	2011.739297
817	-19239.000000	1988.146121
774	-16667.000000	1958.163170
737	-13599.000000	1917.815163
697	-9873.000000	1861.924005
649	-6068.000000	1800.157771
538	-2333.000000	1738.104427
554	1473.000000	1677.938914
508	4797.000000	1619.248900
425	7425.000000	1555.288076
412	9512.000000	1482.381193
339	11064.000000	1410.859313
326	11893.000000	1349.053372
287	12336.000000	1299.426027
274	12295.000000	1259.957539
256	11938.000000	1213.174349
259	11126.000000	1160.945304
186	9932.000000	1113.112753
194	8210.000000	1083.032779
200	6377.000000	1074.206219
233	4386.000000	1070.435425
222	2567.000000	1056.561877
182	1138.000000	1032.780712
196	444.000000	1010.965875
197	163.000000	1003.989542
189	275.000000	1005.006965
205	630.000000	999.517884
175	1071.000000	983.742344
180	1105.000000	965.003109
151	963.000000	955.236620
181	769.000000	957.083591
191	567.000000	962.199044
169	342.000000	964.968393
171	564.000000	957.073665
185	970.000000	942.196370
155	1345.000000	931.019334
149	1575.000000	926.630995
161	1776.000000	930.964016
175	1614.000000	940.859182
166	1370.000000	947.855474
177	1125.000000	951.274408
158	979.000000	950.323629
185	718.000000	948.328002
164	497.000000	949.412977
175	54.000000	956.537506
170	-555.000000	966.535566
192	-1285.000000	976.737938
198	-1872.000000	979.737720
192	-2287.000000	979.568783
173	-2326.000000	979.738741
195	-1918.000000	981.418361
201	-1197.000000	983.534951
180	-355.000000	978.799775
181	404.000000	969.104742
156	1016.000000	960.841298
189	1251.000000	960.248405
167	1172.000000	966.752295
179	805.000000	973.024666
185	403.000000	970.530267
184	-69.000000	964.323079
169	-451.000000	957.624666
175	-656.000000	958.760658
177	-558.000000	965.844708
198	-263.000000	971.688736
177	141.000000	971.448918
168	636.000000	961.916836
183	1032.000000	952.303523
153	1162.000000	950.997371
180	902.000000	958.437270
168	557.000000	968.139969
200	118.000000	973.892191
182	-287.000000	973.092493
170	-584.000000	972.634567
183	-547.000000	971.317147
197	-560.000000	971.495754
172	-641.000000	971.639336
178	-757.000000	969.149627
185	-797.000000	969.661281
184	-855.000000	974.876915
187	-601.000000	980.881746
189	-60.000000	981.949082
183	663.000000	974.926151
177	1261.000000	963.494162
159	1625.000000	955.030366
170	1532.000000	956.638908
170	1084.000000	966.048653
197	358.000000	978.630676
180	-259.000000	987.979251
194	-657.000000	988.834162
193	-776.000000	982.094700
178	-678.000000	974.786130
183	-418.000000	971.272361
178	-326.000000	977.857863
178	-317.000000	989.764113
209	-325.000000	994.480266
197	-455.000000	990.579124
169	-627.000000	981.580868
182	-569.000000	975.983094
190	-513.000000	979.601450
187	-477.000000	985.777358
192	-208.000000	986.233238
186	169.000000	980.298424
175	397.000000	974.571188
169	720.000000	971.864188
197	1057.000000	971.120487
175	1101.000000	973.010277
163	950.000000	974.907175
192	746.000000	975.789936
186	283.000000	978.935647
178	-448.000000	977.887519
187	-1160.000000	974.070839
180	-1802.000000	971.588390
195	-2236.000000	973.416663
187	-2279.000000	982.655077
182	-1739.000000	986.828759
217	-793.000000	979.149120
161	349.000000	959.319029
171	1347.000000	940.044148
135	2025.000000	935.058822
168	2219.000000	945.226428
193	1881.000000	955.883361
161	1307.000000	956.944617
183	803.000000	950.076313
148	489.000000	945.190457
185	336.000000	950.215765
174	616.000000	956.762248
189	955.000000	961.489990
160	1018.000000	961.631946
159	788.000000	961.724493
196	330.000000	960.521733
186	-659.000000	963.596907
160	-1723.000000	974.647116
193	-2344.000000	988.569674
222	-2577.000000	1000.023500
198	-2302.000000	998.248466
193	-1364.000000	981.190094
167	-224.000000	963.330681
161	637.000000	961.309003
177	1313.000000	969.567429
205	1489.000000	979.119502
162	1106.000000	979.466181
178	535.000000	969.701500
187	-7.000000	963.907153
168	-638.000000	966.256695
193	-982.000000	972.016461
183	-956.000000	975.990779
191	-806.000000	972.310650
177	-584.000000	964.382704
162	-159.000000	955.729564
194	204.000000	950.383081
154	480.000000	955.015183
175	794.000000	961.518591
191	1141.000000	964.141587
166	1374.000000	961.255429
178	1472.000000	949.733647
157	1302.000000	944.229845
153	817.000000	947.614373
197	84.000000	956.038702
175	-758.000000	967.683833
184	-1380.000000	973.671402
193	-1683.000000	973.780776
177	-1606.000000	970.898553
196	-1206.000000	963.481188
167	-573.000000	956.030857
173	-124.000000	953.872109
161	314.000000	956.359765
195	654.000000	963.235174
175	795.000000	964.792724
170	784.000000	962.084196
167	844.000000	951.599706
187	653.000000	943.822547
150	258.000000	946.986800
168	-88.000000	953.642491
205	-407.000000	963.827267
159	-670.000000	966.864003
207	-672.000000	959.765596
153	-452.000000	951.243397
169	-203.000000	947.351571
185	33.000000	948.501450
160	184.000000	954.718807
190	131.000000	955.416663
161	-26.000000	951.344312
179	-220.000000	948.339602
168	-316.000000	944.504103
177	-316.000000	946.582273
167	6.000000	948.948892
182	527.000000	951.291228
167	1075.000000	951.396342
164	1465.000000	945.884242
171	1661.000000	937.216624
159	1325.000000	932.586189
156	546.000000	939.263541
170	-253.000000	955.557952
202	-932.000000	970.813061
192	-1409.000000	975.558814
175	-1386.000000	967.666265
181	-921.000000	953.413342
170	-513.000000	947.893981
158	-178.000000	951.860284
194	99.000000	960.139052
176	156.000000	968.756935
175	-31.000000	970.182972
183	-129.000000	963.339504
178	-162.000000	953.547062
175	-243.000000	946.478209
157	-290.000000	949.971579
174	-102.000000	960.581074
201	163.000000	966.820045
179	420.000000	963.512325
161	736.000000	952.003151
162	984.000000	941.308664
170	877.000000	941.548193
168	581.000000	950.966351
182	234.000000	960.143739
182	-99.000000	966.960702
171	-232.000000	969.714391
193	-25.000000	965.462066
181	274.000000	961.035899
154	624.000000	958.242141
187	813.000000	959.770285
167	681.000000	970.688931
184	241.000000	980.093363
203	-310.000000	982.264730
174	-1036.000000	981.824832
182	-1630.000000	977.804684
201	-1935.000000	979.338042
181	-1887.000000	986.887532
203	-1552.000000	990.982341
185	-840.000000	988.802306
189	6.000000	979.085287
180	766.000000	965.943063
159	1267.000000	961.873692
169	1558.000000	965.172523
191	1591.000000	972.123963
182	1443.000000	979.702506
174	1271.000000	980.328006
187	1192.000000	979.013789
172	1028.000000	976.324741
191	777.000000	973.145929
177	510.000000	977.809797
173	302.000000	991.826598
208	41.000000	1010.092570
193	82.000000	1021.773948
228	396.000000	1017.650235
184	837.000000	1008.352617
164	1140.000000	1013.040967
196	1564.000000	1030.786108
240	1604.000000	1051.488469
211	1431.000000	1062.199134
205	1048.000000	1062.210902
202	734.000000	1067.250673
231	123.000000	1085.722340
236	-231.000000	1105.177361
270	-784.000000	1117.446196
205	-1278.000000	1119.285486
264	-1911.000000	1122.509243
234	-2370.000000	1132.440727
278	-3176.000000	1146.969921
251	-3584.000000	1154.062390
283	-3924.000000	1152.872066
252	-4061.000000	1147.818365
246	-4140.000000	1143.709753
271	-3595.000000	1137.185561
270	-3096.000000	1130.178747
216	-2338.000000	1121.342945
251	-1382.000000	1110.196379
230	-125.000000	1097.770923
241	821.000000	1082.721109
192	1737.000000	1064.112306
204	2335.000000	1048.708253
199	2616.000000	1037.442047
206	2345.000000	1031.400504
190	2005.000000	1027.116839
197	1570.000000	1021.859090
200	1179.000000	1016.374439
192	810.000000	1010.986647
190	721.000000	1001.763944
199	643.000000	992.660566
168	622.000000	990.501893
191	708.000000	995.792147
196	894.000000	1003.567636
195	1034.000000	1004.829339
193	1166.000000	994.626563
174	1140.000000	983.509024
172	816.000000	982.639303
186	336.000000	993.357942
209	-242.000000	1008.299559
199	-738.000000	1015.433897
201	-1017.000000	1011.821625
192	-896.000000	1004.230053
196	-601.000000	1001.664115
188	-129.000000	1005.208934
200	221.000000	1010.748732
190	427.000000	1010.788306
204	312.000000	1006.913104
179	83.000000	1003.854073
198	-275.000000	1007.705810
193	-428.000000	1015.447685
217	-372.000000	1021.566444
200	-22.000000	1020.050979
190	485.000000	1013.718403
189	1072.000000	1007.549503
192	1502.000000	1007.274541
194	1695.000000	1014.974384
189	1638.000000	1024.911704
209	1370.000000	1033.209562
202	1145.000000	1038.822892
213	956.000000	1040.682468
203	1013.000000	1045.131092
201	1524.000000	1057.402478
226	2672.000000	1072.348824
232	4260.000000	1093.158726
197	6816.000000	1112.329987
259	10366.000000	1132.294131
207	14827.000000	1163.863824
228	20305.000000	1208.547475
267	27415.000000	1270.624650
264	35766.000000	1351.716686
303	45450.000000	1447.963397
329	56600.000000	1560.369828
407	69043.000000	1691.473618
471	81679.000000	1846.218568
516	94342.000000	2025.330590
730	106166.000000	2224.092624
866	116110.000000	2440.138930
1077	123041.000000	2674.631750
1290	126551.000000	2923.625660
1652	125129.000000	3182.964499
1998	118377.000000	3447.295027
2386	105861.000000	3715.605065
2807	87320.000000	3988.701543
3279	62592.000000	4265.118052
3868	32807.000000	4533.802929
4462	-2307.000000	4784.482104
4860	-41826.000000	5016.715260
5380	-84283.000000	5231.293435
5969	-128241.000000	5430.280932
6449	-171951.000000	5610.853144
6863	-211892.000000	5759.643044
7264	-245923.000000	5871.642956
7359	-271766.000000	5945.959468
7606	-286324.000000	5985.409426
7607	-289264.000000	5990.825653
7458	-280654.000000	5962.020966
7307	-260066.000000	5894.694224
7011	-228614.000000	5788.044057
6618	-190572.000000	5649.815395
5918	-146441.000000	5479.265553
5769	-99195.000000	5282.112930
4952	-52558.000000	5062.516568
4448	-9433.000000	4824.659677
3893	30581.000000	4570.084135
3419	64160.000000	4306.120992
2916	90617.000000	4034.121342
2348	110186.000000	3758.254382
2055	123247.000000	3482.252863
1665	128803.000000	3210.588887
1334	128676.000000	2950.630780
1116	123794.000000	2702.728991
856	115215.000000	2472.717736
766	104295.000000	2257.970549
611	92541.000000	2055.357633
475	80211.000000	1869.582574
359	68305.000000	1699.939117
362	57113.000000	1553.789239
298	46408.000000	1432.282793
231	36607.000000	1331.401142
245	28387.000000	1247.536372
230	21407.000000	1183.024514
205	15795.000000	1132.460595
209	12024.000000	1082.657841
204	9343.000000	1034.767124
145	7251.000000	997.268770
167	5678.000000	977.958077
177	4386.000000	973.045734
188	2858.000000	972.627370
161	1650.000000	960.431153
191	740.000000	946.097247
138	192.000000	938.953673
182	43.000000	938.583507
183	444.000000	939.490287
158	968.000000	935.148117
163	1516.000000	924.502028
140	1867.000000	917.853474
166	1960.000000	919.690165
163	1641.000000	924.452811
159	967.000000	931.051556
161	206.000000	934.487025
177	-394.000000	936.830828
181	-913.000000	940.970244
155	-1125.000000	944.212370
187	-868.000000	944.996296
178	-460.000000	944.770872
161	-165.000000	946.294352
164	169.000000	945.094175
183	338.000000	942.847814
170	200.000000	943.865457
157	-39.000000	949.073759
180	-175.000000	957.433549
185	-263.000000	962.088873
188	-196.000000	958.409098
167	-83.000000	949.884730
153	6.000000	945.680707
180	10.000000	949.554632
183	-123.000000	957.125384
180	-489.000000	961.391179
164	-740.000000	957.683664
191	-821.000000	952.918150
171	-779.000000	953.490954
170	-582.000000	957.004702
183	-115.000000	954.562203
181	309.000000	948.096514
157	479.000000	940.300484
157	455.000000	937.082174
170	322.000000	940.086166
183	48.000000	941.914009
176	-273.000000	944.040783
146	-262.000000	945.281969
191	-12.000000	943.387513
172	304.000000	938.901486
160	614.000000	929.897844
160	998.000000	921.689753
149	1045.000000	926.620203
164	948.000000	939.959574
190	794.000000	949.986316
173	648.000000	948.907793
165	285.000000	939.073480
147	84.000000	932.895493
184	-182.000000	938.524374
170	-382.000000	951.018402
187	-500.000000	963.277738
172	-205.000000	967.473514
191	60.000000	966.558845
165	385.000000	960.316094
183	495.000000	955.035601
160	229.000000	953.012592
176	-678.000000	958.736669
177	-1626.000000	969.932987
206	-2494.000000	978.712419
198	-2976.000000	981.564058
174	-2654.000000	977.351523
202	-1393.000000	966.089540
177	183.000000	956.043409
148	1881.000000	949.478278
172	3333.000000	941.864640
160	3921.000000	940.745981
144	3499.000000	942.980912
174	2462.000000	946.214563
174	904.000000	955.877607
171	-753.000000	965.436171
204	-1968.000000	973.270774
183	-2514.000000	979.155759
197	-2527.000000	977.729513
185	-2030.000000	970.439076
177	-1318.000000	962.581945
179	-651.000000	957.341632
169	-224.000000	962.255683
175	5.000000	969.972680
195	115.000000	971.071058
182	194.000000	963.768644
167	234.000000	950.755489
162	342.000000	945.750496
164	481.000000	948.822955
195	502.000000	952.173304
165	419.000000	949.842619
164	423.000000	941.291135
172	402.000000	938.413555
152	417.000000	944.853957
195	622.000000	952.034663
171	918.000000	951.175063
168	987.000000	943.217366
151	988.000000	937.340920
166	769.000000	940.167538
187	174.000000	949.963157
162	-571.000000	959.530614
193	-1145.000000	961.146711
184	-1718.000000	960.748666
160	-2036.000000	959.630137
206	-1863.000000	955.974372
171	-1456.000000	953.032004
170	-916.000000	950.620850
171	-73.000000	948.881974
174	853.000000	948.851411
178	1517.000000	945.159775
146	2120.000000	937.883788
173	2449.000000	931.515432
148	2345.000000	932.457506
164	1819.000000	942.863193
174	1127.000000	950.937958
186	78.000000	955.301000
162	-994.000000	952.518766
186	-1970.000000	949.955788
172	-2599.000000	954.823020
190	-2769.000000	965.237277
196	-2307.000000	972.541516
184	-1428.000000	970.971678
178	-171.000000	959.022940
167	1017.000000	941.753152
158	1737.000000	932.495040
143	1943.000000	933.457551
182	1739.000000	942.537532
173	1032.000000	954.679004
164	337.000000	960.890733
197	-72.000000	956.957679
168	-284.000000	948.941516
168	-422.000000	942.762961
161	-272.000000	941.371340
185	-265.000000	948.727042
166	-337.000000	957.113891
187	-410.000000	961.809752
177	-356.000000	959.523840
177	-408.000000	954.459009
166	-296.000000	948.906739
179	-260.000000	946.675235
165	-240.000000	948.582100
178	-276.000000	951.244448
178	-195.000000	954.067608
171	-155.000000	955.229292
174	20.000000	949.266032
180	198.000000	941.356468
152	312.000000	934.816560
171	264.000000	935.105342
159	195.000000	942.663779
183	95.000000	947.521504
183	-23.000000	944.325685
152	20.000000	936.946103
173	234.000000	932.580291
157	423.000000	936.575144
174	447.000000	942.148078
174	471.000000	937.861930
171	227.000000	929.018299
144	-182.000000	926.294769
162	-482.000000	936.582084
192	-453.000000	949.803664
192	-328.000000	954.513489
155	117.000000	944.545923
166	671.000000	928.692091
151	1075.000000	923.350963
163	1144.000000	930.279528
175	1113.000000	943.051960
168	878.000000	955.195268
175	628.000000	959.370627
184	460.000000	959.101663
168	386.000000	956.108780
180	92.000000	953.277504
159	-398.000000	955.959204
185	-1056.000000	963.717801
193	-1845.000000	973.333961
184	-2555.000000	981.766265
198	-2726.000000	983.117490
197	-2267.000000	979.882136
184	-1451.000000	973.736617
171	-264.000000	964.744526
181	1006.000000	955.777171
166	1832.000000	949.057427
157	1972.000000	949.481964
158	1775.000000	951.770456
200	1151.000000	955.432363
159	247.000000	956.807713
177	-437.000000	956.374926
180	-639.000000	955.748398
182	-620.000000	957.451826
178	-413.000000	958.514997
162	21.000000	953.806584
192	214.000000	946.545297
146	13.000000	939.940956
178	-347.000000	942.124726
168	-605.000000	952.102410
188	-880.000000	962.809431
187	-745.000000	963.916490
174	-96.000000	953.043546
177	654.000000	935.977564
137	1187.000000	928.074889
156	1624.000000	931.223926
192	1622.000000	940.046807
154	1000.000000	950.126307
166	302.000000	951.302265
191	-341.000000	946.857434
167	-962.000000	946.244155
172	-1369.000000	948.524644
174	-1328.000000	950.754437
192	-1206.000000	953.169450
162	-922.000000	948.428173
186	-596.000000	942.390577
148	-213.000000	940.050531
177	82.000000	939.789338
181	375.000000	940.155838
152	562.000000	939.204983
173	819.000000	932.234413
164	1036.000000	928.924109
153	1238.000000	932.475201
172	1367.000000	935.261995
166	1438.000000	938.063964
164	1306.000000	935.867512
167	952.000000	933.148434
154	365.000000	938.601619
172	-219.000000	947.070747
198	-783.000000	956.106166
167	-1204.000000	962.958981
183	-1329.000000	963.993257
184	-1131.000000	962.613630
181	-922.000000	961.952182
173	-737.000000	957.644506
177	-602.000000	954.762798
172	-565.000000	955.777694
180	-576.000000	961.598669
181	-396.000000	969.895871
183	96.000000	969.917522
193	790.000000	961.831586
151	1486.000000	950.590343
165	2032.000000	944.981481
163	2251.000000	950.096311
175	1923.000000	960.773126
183	1119.000000	969.427150
168	143.000000	972.977389
200	-859.000000	974.142187
177	-1734.000000	978.889166
190	-2251.000000	985.763156
205	-2328.000000	987.429998
192	-2095.000000	986.021805
184	-1637.000000	981.491212
180	-1090.000000	977.500895
186	-504.000000	977.005629
187	40.000000	973.537878
184	447.000000	968.904020
158	837.000000	966.234444
182	1360.000000	965.856097
191	1751.000000	968.991744
158	1893.000000	970.200495
179	1816.000000	961.900203
175	1307.000000	950.814914
161	255.000000	949.560425
167	-889.000000	960.249447
198	-1781.000000	980.010714
205	-2148.000000	994.526018
205	-1808.000000	991.918343
183	-810.000000	976.136261
160	448.000000	958.150301
173	1502.000000	949.392437
166	1872.000000	955.153391
165	1543.000000	968.004649
189	637.000000	976.477854
189	-575.000000	978.110934
186	-1606.000000	975.722297
186	-1973.000000	973.388412
192	-1776.000000	976.105527
177	-979.000000	979.072520
197	194.000000	972.479306
179	1304.000000	960.057290
145	1966.000000	952.554460
163	2217.000000	954.146215
187	1833.000000	967.748418
173	1007.000000	977.928934
204	1.000000	976.404117
166	-940.000000	971.970164
178	-1690.000000	971.111734
201	-1994.000000	976.875632
188	-1920.000000	984.158524
199	-1479.000000	982.454579
176	-789.000000	974.710726
175	-92.000000	966.756433
180	483.000000	962.492078
171	916.000000	963.218563
181	1058.000000	962.924711
168	1001.000000	962.910692
175	1029.000000	964.064832
190	1048.000000	966.576433
164	963.000000	970.290163
178	927.000000	967.224379
190	781.000000	958.371014
164	268.000000	955.670445
160	-362.000000	964.130697
193	-870.000000	981.249204
209	-1350.000000	994.384232
196	-1616.000000	990.456460
185	-1518.000000	973.301598
166	-1223.000000	959.972395
174	-869.000000	962.942885
189	-327.000000	976.107064
199	349.000000	985.678954
179	1121.000000	981.163085
174	1926.000000	968.100201
163	2679.000000	959.535825
168	3175.000000	961.705256
177	3281.000000	972.267967
171	3037.000000	983.732179
190	2757.000000	993.951206
189	2728.000000	1006.614127
193	3286.000000	1026.645021
202	4745.000000	1052.128794
216	7115.000000	1076.151012
222	10063.000000	1099.570371
191	13216.000000	1125.896088
223	16155.000000	1162.355798
235	18615.000000	1217.530698
266	20592.000000	1287.935557
320	22257.000000	1368.533887
332	23934.000000	1456.068680
416	25819.000000	1544.807108
462	27647.000000	1639.319676
484	28778.000000	1740.710774
586	28426.000000	1844.338364
666	25755.000000	1952.457682
756	20302.000000	2064.184100
875	12297.000000	2182.141379
979	2625.000000	2306.345811
1170	-7391.000000	2427.290053
1309	-16637.000000	2536.435885
1377	-24448.000000	2628.975085
1468	-30904.000000	2702.785600
1541	-36574.000000	2762.032223
1630	-42248.000000	2813.362046
1653	-48355.000000	2858.697081
1727	-54622.000000	2900.960531
1774	-60012.000000	2931.462093
1871	-63197.000000	2940.097107
1817	-63380.000000	2923.046698
1689	-59886.000000	2880.494749
1682	-52935.000000	2822.500487
1530	-43236.000000	2756.504308
1501	-32162.000000	2683.391883
1306	-20355.000000	2599.838264
1217	-8808.000000	2503.512732
1117	1835.000000	2392.352608
950	10818.000000	2274.237455
831	18124.000000	2153.070366
724	23312.000000	2036.220519
643	26374.000000	1928.090247
581	27530.000000	1821.367069
505	27315.000000	1714.958600
420	25992.000000	1608.291018
377	24116.000000	1508.116706
337	22059.000000	1421.779519
304	19998.000000	1345.788988
279	18064.000000	1276.958887
230	16391.000000	1211.905524
233	14822.000000	1152.170126
192	13239.000000	1101.882480
189	11685.000000	1061.817781
189	10021.000000	1031.953972
161	8173.000000	1012.937807
185	6255.000000	998.696651
179	4515.000000	986.242871
184	2851.000000	977.067551
162	1413.000000	969.071205
182	304.000000	966.076602
185	-310.000000	964.758001
190	-689.000000	964.026452
164	-682.000000	963.606766
178	-269.000000	961.786359
192	428.000000	958.690774
170	942.000000	956.299116
152	1349.000000	951.411057
179	1520.000000	947.367933
168	1200.000000	946.603402
170	437.000000	950.919029
165	-285.000000	958.284405
193	-822.000000	964.788060
194	-1202.000000	969.127443
165	-1180.000000	966.131461
195	-764.000000	957.771371
161	-233.000000	950.064735
175	127.000000	947.307236
165	532.000000	951.501971
175	938.000000	960.304118
191	1330.000000	967.618727
163	1637.000000	970.501417
178	2073.000000	964.547044
183	2221.000000	956.158460
149	1889.000000	956.913267
172	1003.000000	968.048036
182	-100.000000	984.333277
221	-1476.000000	998.010020
188	-2644.000000	1003.144057
199	-3280.000000	1005.808133
198	-3138.000000	1005.857843
220	-2518.000000	1005.151730
191	-1459.000000	1000.795184
183	-258.000000	995.213545
181	711.000000	991.851299
183	1174.000000	990.968213
196	1185.000000	988.260593
180	901.000000	984.680151
178	330.000000	987.192990
176	-203.000000	992.926483
219	-514.000000	996.774799
192	-444.000000	990.678555
185	-401.000000	978.696582
151	-209.000000	970.990731
193	105.000000	974.421367
202	336.000000	980.447857
179	223.000000	984.180370
162	385.000000	979.937243
205	616.000000	972.862786
177	514.000000	972.008230
157	407.000000	973.291837
201	561.000000	970.642571
185	428.000000	970.719321
160	170.000000	976.349323
185	332.000000	981.824832
211	546.000000	987.727695
170	549.000000	985.518645
185	608.000000	976.733331
172	572.000000	971.710862
180	136.000000	978.492718
191	-494.000000	993.396195
194	-1018.000000	1005.751460
216	-1521.000000	1005.191027
185	-1820.000000	992.924972
193	-1849.000000	984.490223
169	-1551.000000	985.329894
209	-1186.000000	994.152906
192	-643.000000	996.487331
198	-43.000000	986.581472
172	551.000000	971.558027
157	949.000000	964.539787
185	1307.000000	967.684349
187	1467.000000	973.623644
180	1284.000000	972.826809
165	852.000000	964.072611
173	346.000000	957.354689
183	-392.000000	957.044409
175	-1242.000000	962.608955
181	-1693.000000	967.132359
199	-1739.000000	965.717868
178	-1520.000000	961.981289
165	-730.000000	956.961859
186	590.000000	948.627430
174	1728.000000	942.814934
135	2534.000000	938.510522
170	3114.000000	935.073259
169	2977.000000	937.928036
148	2021.000000	943.816190
175	827.000000	949.292895
179	-389.000000	954.732947
190	-1715.000000	960.009896
169	-2577.000000	965.156464
193	-2699.000000	967.524160
202	-2337.000000	965.411311
170	-1644.000000	963.210257
172	-540.000000	959.909371
181	448.000000	956.708942
166	1033.000000	952.036239
173	1271.000000	943.040296
161	1251.000000	938.597358
159	1000.000000	947.280318
175	929.000000	963.714169
199	1074.000000	974.515264
182	1307.000000	967.278140
163	1457.000000	946.336621
150	1304.000000	932.613532
155	628.000000	942.928417
184	-309.000000	970.658024
212	-1281.000000	995.299452
201	-2065.000000	1001.697060
189	-2363.000000	990.903123
186	-2216.000000	972.480334
184	-1871.000000	961.649104
171	-1328.000000	964.765256
186	-655.000000	974.939485
194	-11.000000	988.353682
174	808.000000	991.104434
213	1700.000000	977.549999
154	2238.000000	958.736669
141	2303.000000	944.321450
180	1845.000000	944.428399
164	736.000000	962.692059
195	-621.000000	982.814835
196	-1631.000000	992.977845
201	-2111.000000	991.296626
191	-1945.000000	977.032753
181	-1117.000000	964.644494
168	-53.000000	961.649104
170	809.000000	966.772465
186	1276.000000	972.742515
181	1372.000000	971.628530
180	972.000000	967.322077
156	353.000000	966.899685
190	-209.000000	974.029260
196	-530.000000	980.162231
197	-881.000000	979.358463
162	-948.000000	971.419580
185	-816.000000	963.976141
185	-680.000000	964.625316
173	-650.000000	971.585302
186	-238.000000	973.419745
198	218.000000	970.901643
158	631.000000	967.015512
176	1073.000000	962.758017
177	1523.000000	959.480589
179	1414.000000	956.222777
158	956.000000	955.204690
169	316.000000	960.533185
191	-485.000000	968.249451
191	-1268.000000	976.958546
181	-1617.000000	976.445083
199	-1577.000000	968.952527
165	-1229.000000	963.690303
178	-552.000000	959.699953
193	166.000000	960.576910
150	860.000000	961.989605
198	1457.000000	960.886570
156	1807.000000	959.863011
172	1840.000000	960.555048
177	1767.000000	958.519170
176	1310.000000	959.760387
168	542.000000	965.463619
170	-214.000000	972.087445
214	-945.000000	979.249202
174	-1681.000000	981.966904
193	-1938.000000	981.469307
193	-1712.000000	982.964903
180	-1319.000000	987.518607
201	-697.000000	988.458902
182	140.000000	981.785109
190	609.000000	971.393329
150	692.000000	967.267285
177	664.000000	973.405363
209	447.000000	982.433204
179	-13.000000	988.413375
181	-169.000000	983.871435
193	-80.000000	974.846655
174	0.000000	972.033950
177	133.000000	974.349527
185	355.000000	976.760462
191	332.000000	978.013292
170	181.000000	976.828030
188	29.000000	977.072669
182	-178.000000	981.314425
184	-367.000000	983.725063
202	-454.000000	980.638567
170	-475.000000	975.136401
181	-300.000000	972.222197
185	172.000000	977.342315
186	859.000000	989.685304
189	1786.000000	996.393497
189	2814.000000	991.544250
177	3601.000000	980.582990
158	4045.000000	978.012781
173	4153.000000	994.514454
193	3973.000000	1025.611525
214	3818.000000	1055.387133
226	4097.000000	1073.041006
214	4788.000000	1086.262399
200	5868.000000	1105.319863
239	7161.000000	1136.854872
248	8124.000000	1174.164384
265	8254.000000	1209.233642
265	7561.000000	1245.018474
293	5950.000000	1287.347661
343	3437.000000	1340.166034
358	614.000000	1395.438282
431	-2113.000000	1440.722388
431	-4755.000000	1476.624868
427	-7047.000000	1508.661990
489	-8715.000000	1540.951978
499	-10171.000000	1574.552952
518	-11407.000000	1601.535201
537	-12176.000000	1616.940939
536	-12539.000000	1626.026138
534	-12746.000000	1632.989896
530	-12416.000000	1636.267704
569	-11734.000000	1631.426983
519	-10941.000000	1614.742394
502	-10182.000000	1590.654582
473	-9188.000000	1564.724896
488	-8122.000000	1540.996431
464	-6688.000000	1515.559963
432	-4767.000000	1483.884429
402	-2208.000000	1442.716188
378	609.000000	1394.445051
338	3401.000000	1343.079670
301	5558.000000	1292.424079
265	6865.000000	1247.218906
267	7152.000000	1210.355320
253	6683.000000	1181.981810
242	5785.000000	1158.015976
233	5062.000000	1129.776969
237	4694.000000	1096.584698
201	4749.000000	1063.003763
185	4927.000000	1033.955028
179	5066.000000	1013.790905
185	4870.000000	1000.695758
187	4301.000000	992.904326
166	3315.000000	990.643730
174	2411.000000	990.284303
209	1661.000000	989.247694
181	1076.000000	984.220504
178	604.000000	976.620704
162	441.000000	969.705625
201	97.000000	969.218758
173	-335.000000	976.434842
182	-678.000000	985.425796
201	-847.000000	988.513531
189	-1033.000000	987.484177
184	-870.000000	979.051582
192	-610.000000	970.008247
158	-398.000000	967.730334
186	-165.000000	969.185741
195	177.000000	973.919401
174	341.000000	976.842362
177	610.000000	973.100200
181	937.000000	964.720167
179	1098.000000	956.829138
161	1000.000000	954.938741
164	891.000000	959.829672
195	523.000000	968.878217
173	66.000000	974.703032
197	-340.000000	972.689056
170	-560.000000	967.035677
177	-806.000000	964.684404
182	-826.000000	965.973085
189	-701.000000	971.540529
181	-405.000000	974.239704
183	-69.000000	974.276655
173	481.000000	972.392411
191	988.000000	968.520521
169	1281.000000	965.168897
166	1258.000000	964.230263
179	995.000000	966.564535
184	375.000000	974.390579
180	-467.000000	981.506495
190	-1165.000000	982.168519
200	-1531.000000	979.620845
181	-1512.000000	980.019388
183	-1121.000000	986.092795
186	-303.000000	990.010606
209	592.000000	984.541518
173	1228.000000	970.482354
154	1435.000000	963.223235
160	1340.000000	970.005155
208	813.000000	986.026876
198	39.000000	997.807096
183	-634.000000	994.768315
193	-1087.000000	983.679318
175	-1383.000000	980.005612
194	-1430.000000	984.361722
199	-1250.000000	989.541308
186	-973.000000	990.541771
187	-580.000000	983.388021
188	-126.000000	979.051582
168	320.000000	978.574473
194	661.000000	975.847836
181	790.000000	970.785249
167	692.000000	964.490539
178	385.000000	962.191769
167	-57.000000	966.327584
197	-389.000000	970.542632
188	-418.000000	969.606106
176	-250.000000	967.025336
162	145.000000	962.593892
186	712.000000	957.871599
185	1034.000000	952.625845
151	959.000000	949.447734
162	598.000000	950.864869
180	12.000000	955.850407
196	-744.000000	962.334661
172	-1158.000000	964.564150
183	-1241.000000	963.095530
171	-925.000000	959.002086
189	-313.000000	952.514042
174	514.000000	944.022246
154	1057.000000	941.564124
149	1564.000000	946.801986
195	1735.000000	954.349517
174	1581.000000	957.792775
164	1095.000000	952.383851
164	667.000000	944.548040
178	-72.000000	950.824905
161	-738.000000	964.492613
216	-1306.000000	974.753302
174	-1607.000000	972.827323
191	-1827.000000	963.037382
164	-1655.000000	956.676016
179	-1297.000000	962.633367
192	-717.000000	969.374541
187	-105.000000	968.907116
173	523.000000	959.547289
156	937.000000	945.417897
173	1175.000000	941.543945
159	1139.000000	945.251818
186	940.000000	952.721365
166	630.000000	958.511346
172	432.000000	957.518668
192	135.000000	951.605485
148	-37.000000	944.848665
190	-161.000000	942.147016
154	-170.000000	948.631646
183	-312.000000	962.543506
180	-75.000000	968.625315
202	107.000000	963.994295
156	298.000000	950.382028
160	366.000000	944.061439
165	551.000000	950.253124
199	266.000000	966.165617
165	33.000000	976.119357
203	-227.000000	971.392300
169	-429.000000	960.641973
166	-708.000000	957.001567
181	-590.000000	962.159031
194	-460.000000	974.864093
178	-193.000000	981.853859
192	100.000000	976.141383
174	391.000000	964.922277
168	355.000000	955.948220
172	208.000000	957.401692
178	-155.000000	969.515859
187	-504.000000	980.172434
202	-740.000000	982.610808
177	-704.000000	975.541901
182	-583.000000	964.992746
165	-338.000000	958.115859
184	-193.000000	957.101353
177	-174.000000	959.456096
172	-272.000000	963.212334
182	-254.000000	965.129007
182	-152.000000	964.168035
180	120.000000	958.761701
170	449.000000	948.812416
163	752.000000	940.767772
164	792.000000	938.451917
166	671.000000	943.170716
178	330.000000	949.776816
172	-5.000000	952.237890
180	-333.000000	950.523540
163	-505.000000	943.536433
181	-657.000000	936.924223
155	-560.000000	933.659467
180	-457.000000	935.371049
160	-204.000000	941.162048
174	209.000000	946.640903
181	765.000000	941.800934
164	1076.000000	932.697164
138	1274.000000	921.201389
173	1179.000000	915.675161
153	718.000000	925.828278
159	132.000000	940.099995
198	-278.000000	949.418770
166	-466.000000	951.087798
179	-408.000000	943.069457
161	-205.000000	933.267914
157	-119.000000	929.839233
173	-187.000000	930.034946
172	-551.000000	937.406529
160	-1017.000000	947.596433
184	-1251.000000	952.799559
193	-1158.000000	950.550367
169	-859.000000	941.394179
153	-273.000000	928.064114
166	369.000000	919.320945
157	739.000000	919.554784
160	933.000000	924.504732
168	991.000000	929.929567
158	946.000000	932.234949
173	835.000000	929.319644
158	730.000000	922.292795
160	344.000000	914.254888
149	-153.000000	910.342243
167	-841.000000	915.682805
164	-1509.000000	926.132280
177	-1964.000000	935.396173
176	-1790.000000	932.119091
184	-1255.000000	921.176965
131	-246.000000	909.819762
162	840.000000	900.709720
153	1758.000000	897.399577
144	2166.000000	897.636898
151	2168.000000	897.166651
142	1521.000000	901.134285
150	755.000000	905.336954
185	-29.000000	905.907832
146	-707.000000	905.927701
150	-1107.000000	906.623957
165	-866.000000	907.715815
184	-518.000000	913.783344
135	-92.000000	915.593796
165	395.000000	908.770048
161	641.000000	898.561628
142	422.000000	896.015625
150	48.000000	904.196881
158	-376.000000	918.399695
186	-750.000000	928.282285
168	-867.000000	922.201171
164	-840.000000	908.258774
127	-663.000000	896.243828
168	-405.000000	893.904357
167	-191.000000	902.404012
142	-32.000000	912.847194
169	350.000000	913.371775
163	795.000000	907.159854
148	1187.000000	898.090753
144	1438.000000	887.775873
141	1495.000000	886.983089
149	1178.000000	893.782971
162	576.000000	904.770689
156	-117.000000	916.709878
162	-600.000000	918.581515
185	-947.000000	913.604400
139	-1095.000000	908.669907
162	-986.000000	906.634436
165	-729.000000	910.984632
159	-582.000000	919.280153
168	-381.000000	920.364602
164	-168.000000	915.883180
155	-63.000000	910.058789
152	-100.000000	905.583790
160	-169.000000	907.008820
159	-369.000000	907.371479
165	-609.000000	905.746653
150	-842.000000	902.980620
156	-851.000000	899.423704
168	-650.000000	898.307297
144	-243.000000	895.111725
163	205.000000	888.446397
131	807.000000	879.757353
158	1216.000000	873.268573
130	1317.000000	871.562390
136	1201.000000	874.893708
160	1020.000000	874.378637
148	545.000000	875.135989
128	29.000000	875.441032
154	-298.000000	872.882581
161	-565.000000	873.214178
135	-815.000000	871.888181
152	-857.000000	871.265172
138	-697.000000	872.093458
162	-529.000000	872.248244
143	-292.000000	869.776983
135	-13.000000	863.798009
147	238.000000	856.770681
133	315.000000	853.644540
143	353.000000	856.091701
134	351.000000	859.112915
146	310.000000	856.956242
147	253.000000	851.866774
122	322.000000	847.115104
147	293.000000	846.584314
120	191.000000	849.824099
154	87.000000	847.673876
149	-45.000000	842.291517
108	-299.000000	842.731867
139	-336.000000	845.985815
156	-140.000000	852.146701
144	184.000000	852.234709
134	581.000000	843.623731
111	1107.000000	838.482558
141	1420.000000	838.679915
142	1344.000000	844.118475
125	908.000000	849.765850
138	227.000000	849.259089
142	-699.000000	852.160196
138	-1577.000000	858.060021
162	-2095.000000	862.939743
146	-2152.000000	866.102765
147	-1710.000000	864.742736
148	-870.000000	859.990698
134	155.000000	852.668165
142	1055.000000	842.274896
120	1703.000000	836.294804
126	1808.000000	839.408125
127	1577.000000	848.283561
152	1091.000000	856.417538
143	502.000000	854.575918
136	-155.000000	851.218538
120	-495.000000	849.289703
166	-747.000000	853.528558
133	-910.000000	860.514962
148	-923.000000	861.197422
149	-751.000000	857.877031
127	-662.000000	857.050757
150	-514.000000	856.216094
143	-246.000000	856.032710
143	-21.000000	855.171913
132	79.000000	852.370225
133	169.000000	852.018192
147	243.000000	848.353110
144	114.000000	843.887433
118	-89.000000	841.545602
137	-161.000000	842.810180
147	-157.000000	847.660899
140	-202.000000	847.772375
136	-22.000000	840.511749
128	344.000000	831.219586
132	550.000000	828.900477
119	644.000000	834.795783
142	852.000000	838.480769
151	833.000000	836.624767
106	518.000000	833.123040
130	333.000000	832.186878
145	213.000000	835.941984
141	-109.000000	842.228591
128	-247.000000	846.013593
137	-77.000000	846.773287
150	-100.000000	846.685302
121	-198.000000	845.365010
148	-124.000000	841.214598
139	-237.000000	840.779995
117	-608.000000	849.682294
148	-693.000000	857.372148
169	-657.000000	858.630887
132	-678.000000	852.383716
122	-479.000000	842.087288
139	-37.000000	838.566038
141	223.000000	843.119802
136	493.000000	847.577135
138	818.000000	847.765298
128	993.000000	845.164481
134	929.000000	842.121725
136	835.000000	839.671960
138	482.000000	839.511763
122	-4.000000	842.650580
143	-463.000000	850.395790
148	-724.000000	858.350744
153	-878.000000	862.167037
135	-696.000000	859.037834
143	-478.000000	850.940656
133	-312.000000	843.613656
137	-319.000000	841.601450
136	-404.000000	844.369587
140	-726.000000	853.308854
134	-869.000000	858.210347
170	-815.000000	853.906904
127	-564.000000	842.339599
124	-232.000000	828.421390
128	298.000000	820.819103
131	704.000000	824.912117
132	940.000000	830.740633
126	1021.000000	830.894097
130	1055.000000	823.078976
131	900.000000	812.843158
114	599.000000	811.679124
119	240.000000	818.191909
142	-109.000000	824.331851
141	-512.000000	824.669631
122	-795.000000	818.483354
124	-768.000000	813.953316
131	-410.000000	818.509621
137	176.000000	827.196470
133	951.000000	830.454695
123	1685.000000	822.119821
121	2117.000000	808.909760
111	2052.000000	805.148434
115	1559.000000	815.730961
139	814.000000	836.936079
141	108.000000	855.657642
158	-347.000000	864.070020
135	-293.000000	863.719283
143	256.000000	860.024418
146	1103.000000	862.129341
129	2031.000000	875.049141
151	2933.000000	893.395209
151	3575.000000	912.571641
156	3915.000000	928.997847
164	3984.000000	940.667848
162	3862.000000	957.589682
170	3494.000000	983.278191
191	2986.000000	1015.090144
215	2314.000000	1049.753304
212	1464.000000	1077.098881
240	168.000000	1097.264781
222	-1432.000000	1115.164562
264	-3253.000000	1136.235451
273	-5132.000000	1165.184106
276	-6840.000000	1198.226189
319	-7689.000000	1222.377601
331	-7769.000000	1230.968318
301	-7215.000000	1225.299555
281	-6207.000000	1212.525876
285	-4956.000000	1203.656928
297	-4191.000000	1202.812953
270	-3765.000000	1203.309187
297	-3564.000000	1197.477348
271	-3408.000000	1181.487198
274	-3281.000000	1159.773685
243	-2759.000000	1134.053350
249	-2033.000000	1109.913961
221	-1177.000000	1085.413746
221	-318.000000	1059.989623
204	600.000000	1034.308465
186	1418.000000	1009.039147
186	2146.000000	984.897964
163	2768.000000	959.191326
169	3197.000000	929.299198
142	3352.000000	897.966592
131	3253.000000	875.544973
131	3053.000000	864.228558
143	2777.000000	860.938441
139	2613.000000	853.605881
134	2568.000000	836.288228
115	2547.000000	816.428196
107	2314.000000	801.749337
121	1911.000000	796.406303
125	1239.000000	799.275297
118	457.000000	805.979528
126	-165.000000	815.645143
130	-359.000000	821.485849
150	-252.000000	817.146254
116	166.000000	803.875612
112	670.000000	790.421407
110	895.000000	789.029150
114	699.000000	802.481775
140	276.000000	814.870542
138	-329.000000	819.807904
115	-976.000000	816.761899
130	-1204.000000	811.688364
141	-1021.000000	812.657985
126	-567.000000	816.457592
127	28.000000	817.534097
117	796.000000	811.308819
141	1193.000000	804.100118
96	1233.000000	801.213455
126	903.000000	807.141252
123	427.000000	816.977968
144	-372.000000	824.128631
130	-985.000000	823.144580
128	-1374.000000	817.649069
133	-1367.000000	814.760701
130	-1187.000000	819.921338
128	-636.000000	823.484062
148	-92.000000	819.480323
106	429.000000	807.951112
129	650.000000	797.531191
103	706.000000	797.453447
131	505.000000	808.298831
133	226.000000	815.962009
128	-223.000000	814.019042
123	-560.000000	801.195357
120	-817.000000	786.823360
122	-949.000000	787.090211
108	-947.000000	797.214526
143	-574.000000	804.698701
135	4.000000	801.217823
105	755.000000	785.835224
112	1475.000000	770.105837
89	2154.000000	766.588547
130	2450.000000	774.992903
104	2283.000000	786.433087
110	1588.000000	792.937576
122	698.000000	788.013959
130	-496.000000	784.427180
107	-1650.000000	790.278432
125	-2425.000000	804.868312
149	-2535.000000	819.054943
151	-2194.000000	823.583633
119	-1314.000000	812.510923
121	-156.000000	794.809411
107	860.000000	781.960357
118	1404.000000	780.442182
111	1522.000000	790.174664
111	1235.000000	800.574169
139	692.000000	806.378323
117	221.000000	806.577337
134	-88.000000	801.040573
113	-289.000000	795.125776
114	-394.000000	793.533868
136	-469.000000	793.191654
119	-672.000000	799.123270
115	-840.000000	805.770439
137	-829.000000	806.859963
135	-641.000000	806.240039
116	-240.000000	800.406147
123	320.000000	793.987405
108	812.000000	792.107316
122	1079.000000	789.803140
126	1005.000000	786.986023
100	595.000000	787.476349
119	43.000000	790.556133
131	-447.000000	798.272510
129	-737.000000	806.161894
128	-605.000000	805.018633
124	-130.000000	798.001253
113	517.000000	790.764820
119	1118.000000	787.907355
114	1500.000000	793.237669
114	1384.000000	801.464909
123	841.000000	804.507924
132	-20.000000	804.386723
118	-958.000000	803.601891
132	-1765.000000	809.991975
127	-2059.000000	823.996966
153	-1799.000000	833.345667
145	-1140.000000	828.561404
114	-326.000000	809.368890
119	517.000000	788.508085
107	961.000000	785.954833
112	876.000000	802.378963
134	485.000000	818.730114
142	52.000000	820.252400
133	-483.000000	805.977047
99	-774.000000	791.814372
122	-641.000000	791.360221
135	-251.000000	800.489225
131	92.000000	808.611155
110	522.000000	800.537320
127	809.000000	783.732735
101	746.000000	774.872893
108	393.000000	779.374749
127	78.000000	792.564193
128	-187.000000	802.183894
134	-282.000000	801.110479
109	-82.000000	794.361379
117	367.000000	785.855585
126	752.000000	781.188838
103	870.000000	782.794992
116	651.000000	785.043311
118	135.000000	789.934807
123	-565.000000	795.057860
134	-1196.000000	798.971839
117	-1456.000000	803.000623
134	-1228.000000	802.219421
132	-666.000000	798.315727
109	57.000000	790.857130
121	781.000000	781.360992
105	1189.000000	776.778604
111	1130.000000	779.173922
117	813.000000	786.886904
120	410.000000	794.274512
134	-24.000000	798.574981
108	-270.000000	797.593882
134	-200.000000	793.243973
118	-112.000000	788.063449
109	-104.000000	785.181508
124	-124.000000	786.367599
113	-211.000000	791.673544
137	-476.000000	800.453621
108	-552.000000	805.312362
146	-444.000000	803.294467
118	-323.000000	793.986776
108	-209.000000	785.049680
120	-8.000000	779.117449
116	37.000000	783.205592
120	12.000000	793.309523
121	180.000000	799.708697
134	407.000000	798.991239
110	615.000000	788.779437
116	796.000000	776.718739
106	820.000000	770.584194
111	459.000000	777.690813
114	-11.000000	789.576469
141	-494.000000	799.774968
121	-871.000000	803.088414
122	-1036.000000	797.576329
125	-925.000000	787.562696
116	-703.000000	778.551861
120	-439.000000	775.374103
105	-192.000000	781.137632
121	5.000000	790.414448
129	243.000000	793.016393
125	394.000000	784.612006
103	381.000000	767.337605
99	259.000000	756.052247
110	47.000000	756.741039
124	-341.000000	768.508295
107	-523.000000	779.880119
130	-288.000000	779.114882
122	211.000000	770.994812
91	913.000000	761.134022
113	1736.000000	751.795185
100	2155.000000	747.929810
97	2020.000000	752.434715
104	1480.000000	761.388206
116	563.000000	775.312195
120	-513.000000	787.092752
128	-1196.000000	790.364473
138	-1552.000000	790.871671
97	-1617.000000	790.208200
134	-1286.000000	789.179321
129	-754.000000	785.871491
119	-399.000000	786.055342
100	-24.000000	790.593448
125	330.000000	798.353305
140	421.000000	802.630052
112	364.000000	794.977987
123	213.000000	780.201897
95	-142.000000	774.179566
118	-576.000000	784.647692
139	-768.000000	799.978750
134	-810.000000	809.006798
117	-573.000000	800.647863
122	-106.000000	781.987212
109	408.000000	769.085171
105	625.000000	766.636159
111	685.000000	773.713771
120	549.000000	784.989809
121	262.000000	789.973417
124	-76.000000	788.345102
106	-156.000000	779.673008
131	-181.000000	768.147772
101	-239.000000	765.292754
102	-152.000000	772.862213
133	38.000000	780.454995
121	151.000000	786.279212
110	359.000000	782.062018
119	717.000000	771.155626
106	789.000000	768.470559
95	675.000000	769.442006
140	368.000000	773.144230
101	-165.000000	778.161294
120	-896.000000	782.214804
117	-1317.000000	784.454588
136	-1458.000000	787.372847
122	-1210.000000	784.496017
114	-657.000000	779.613366
109	168.000000	774.519206
117	876.000000	768.995449
113	1242.000000	764.664632
95	1221.000000	762.053148
109	915.000000	762.383762
117	351.000000	768.169903
114	-246.000000	777.028957
122	-454.000000	781.438417
126	-403.000000	780.668303
105	-187.000000	774.762544
117	93.000000	765.168609
109	379.000000	758.381830
109	239.000000	761.755210
96	-56.000000	771.918389
135	-391.000000	782.744530
126	-534.000000	785.178960
123	-615.000000	780.667022
95	-360.000000	772.490777
122	-2.000000	766.782890
116	378.000000	763.812804
111	453.000000	763.889390
96	488.000000	766.793323
118	467.000000	774.712205
125	390.000000	781.141472
120	184.000000	781.144033
104	163.000000	772.417633
119	38.000000	761.469632
103	-371.000000	761.358654
104	-783.000000	770.077269
141	-898.000000	779.685834
121	-920.000000	787.931469
107	-639.000000	788.006980
127	155.000000	777.530064
120	1091.000000	765.984987
95	1643.000000	757.961081
89	1873.000000	759.982237
113	1702.000000	770.459603
130	960.000000	779.091779
116	-172.000000	786.218799
101	-1079.000000	789.511875
146	-1708.000000	791.664070
124	-2053.000000	794.827654
125	-1937.000000	792.030934
127	-1234.000000	785.397988
110	-418.000000	785.268107
115	363.000000	788.231565
123	1083.000000	789.410540
119	1537.000000	782.017263
110	1341.000000	769.360124
86	769.000000	767.136885
119	78.000000	775.981959
142	-665.000000	789.698044
119	-1254.000000	799.419790
121	-1201.000000	795.763156
132	-728.000000	785.735324
107	-159.000000	775.782830
114	440.000000	768.227831
106	876.000000	764.876461
110	770.000000	769.059165
106	390.000000	777.607870
128	17.000000	784.004464
130	-329.000000	786.321181
102	-499.000000	781.371231
127	-294.000000	772.859625
109	18.000000	767.265274
109	292.000000	765.956918
115	566.000000	769.874016
104	756.000000	776.797271
129	744.000000	781.348834
106	750.000000	780.999360
123	770.000000	776.806282
109	702.000000	774.279019
104	648.000000	781.801765
129	689.000000	793.286203
125	634.000000	803.031755
121	589.000000	806.009305
122	781.000000	802.697328
127	1088.000000	807.735105
112	1570.000000	825.567683
139	2413.000000	847.796556
152	3512.000000	865.829082
130	4433.000000	874.868562
129	5158.000000	879.887493
137	5416.000000	894.572524
147	5046.000000	925.832598
172	3908.000000	967.047052
181	2521.000000	1008.485498
224	941.000000	1042.443763
215	-592.000000	1068.020599
234	-2072.000000	1093.100178
230	-3079.000000	1116.346272
290	-4020.000000	1142.922570
250	-4799.000000	1170.848837
291	-5398.000000	1196.272544
300	-5729.000000	1213.049463
307	-6198.000000	1219.929506
299	-6531.000000	1218.488818
288	-6837.000000	1216.808531
300	-7220.000000	1219.758993
300	-7479.000000	1222.495399
322	-7268.000000	1215.649621
297	-6621.000000	1196.854628
255	-5413.000000	1173.121051
263	-3543.000000	1147.753893
262	-1456.000000	1124.065834
220	508.000000	1095.422293
214	2080.000000	1058.660474
178	3021.000000	1023.290281
178	3190.000000	996.733666
183	2864.000000	978.037832
173	2274.000000	962.256723
167	1785.000000	940.076061
160	1566.000000	910.745848
145	1728.000000	882.768373
130	2197.000000	858.339676
135	2815.000000	839.139440
120	3271.000000	825.863790
111	3534.000000	813.160501
127	3443.000000	801.566591
99	2974.000000	792.627277
119	2211.000000	785.287845
115	1379.000000	782.069690
113	479.000000	784.853490
119	-278.000000	786.036895
126	-769.000000	784.264624
123	-868.000000	780.343514
114	-743.000000	776.071517
109	-409.000000	775.544325
117	126.000000	774.743829
126	723.000000	769.262634
106	1072.000000	764.945750
83	1356.000000	764.641092
128	1645.000000	769.643424
119	1652.000000	777.254141
104	1448.000000	781.004481
111	1311.000000	777.918376
118	1094.000000	777.998715
117	662.000000	788.794016
110	412.000000	805.266416
147	295.000000	820.309088
126	234.000000	827.173501
135	266.000000	827.751170
124	512.000000	828.913747
132	696.000000	841.566397
137	924.000000	861.423241
155	1042.000000	880.357882
148	1011.000000	889.304785
151	779.000000	889.562252
149	447.000000	894.400917
148	-209.000000	910.677221
169	-873.000000	934.644852
192	-1428.000000	953.603691
191	-1901.000000	961.583590
168	-2439.000000	962.114858
170	-2687.000000	959.162656
212	-2943.000000	960.276523
169	-3264.000000	966.745054
189	-3572.000000	973.981519
187	-3437.000000	976.265845
210	-3206.000000	971.001545
177	-2713.000000	954.373617
164	-1965.000000	934.516453
159	-913.000000	918.224918
168	-152.000000	910.738162
145	570.000000	906.972987
161	1147.000000	894.634562
147	1522.000000	872.646549
127	1422.000000	851.792228
115	1339.000000	836.478930
152	1086.000000	832.026442
118	836.000000	832.489039
139	624.000000	827.068316
124	769.000000	814.105030
123	976.000000	800.198725
113	1284.000000	787.544284
111	1371.000000	782.398236
106	1343.000000	779.710844
129	977.000000	776.248027
105	348.000000	775.185139
107	-403.000000	775.815055
125	-844.000000	775.066449
132	-1112.000000	773.754483
104	-1046.000000	768.658572
111	-513.000000	760.622771
115	337.000000	754.212835
106	1091.000000	751.394038
97	1730.000000	749.473148
100	2077.000000	745.161056
105	1874.000000	739.872962
95	1136.000000	736.585365
102	178.000000	740.587605
109	-788.000000	752.131637
120	-1548.000000	763.977748
126	-1811.000000	768.297468
115	-1496.000000	760.224967
113	-802.000000	746.549396
91	-44.000000	737.164839
100	597.000000	734.334392
111	907.000000	735.997962
95	848.000000	738.432123
106	495.000000	740.347891
96	191.000000	743.462844
121	30.000000	746.343085
109	52.000000	743.970430
98	196.000000	738.924895
96	433.000000	729.997945
108	465.000000	725.311657
94	288.000000	730.395783
100	-13.000000	739.765503
116	-336.000000	748.350185
108	-554.000000	751.233652
117	-474.000000	744.620709
103	-172.000000	737.228594
89	313.000000	738.784813
110	846.000000	741.981132
116	1222.000000	747.213490
90	1268.000000	746.633779
107	1067.000000	740.511310
102	545.000000	746.386629
95	-124.000000	757.761176
145	-823.000000	768.776300
98	-1303.000000	773.991602
133	-1580.000000	768.631251
110	-1563.000000	764.741133
101	-1371.000000	767.802709
136	-1002.000000	766.455478
111	-633.000000	765.235258
103	-319.000000	758.487310
112	-62.000000	752.103716
99	223.000000	755.448873
120	530.000000	755.358193
115	793.000000	753.050463
83	1126.000000	747.490468
119	1388.000000	740.772570
92	1331.000000	742.020889
99	895.000000	744.669725
114	248.000000	740.634863
106	-706.000000	738.578364
99	-1674.000000	742.284312
113	-2165.000000	754.471338
131	-2073.000000	765.709475
124	-1418.000000	763.151361
106	-247.000000	745.034899
91	1077.000000	721.363293
84	1963.000000	709.913375
82	2309.000000	712.051262
113	1970.000000	722.804261
86	1140.000000	734.373202
109	92.000000	741.561865
109	-704.000000	742.622380
117	-1152.000000	740.402593
107	-1081.000000	733.751320
98	-731.000000	730.108896
95	-184.000000	731.333029
111	317.000000	732.445902
109	695.000000	733.951633
88	783.000000	734.910199
98	760.000000	736.578577
113	550.000000	740.348567
105	233.000000	742.028975
109	-254.000000	739.314547
90	-694.000000	736.361324
117	-1121.000000	738.890384
109	-1378.000000	744.710682
116	-1459.000000	751.829103
103	-1134.000000	749.167538
122	-607.000000	739.083892
94	50.000000	729.414834
90	637.000000	722.687346
103	1092.000000	721.323783
92	1181.000000	722.748227
105	981.000000	721.275953
93	538.000000	720.365185
90	75.000000	721.450622
116	-338.000000	721.779745
98	-526.000000	723.517795
102	-440.000000	722.722630
99	-69.000000	719.522759
98	411.000000	720.043749
96	932.000000	718.240907
102	1297.000000	716.333023
84	1377.000000	716.451673
95	1139.000000	718.781608
104	607.000000	725.893243
98	-127.000000	733.890319
114	-886.000000	737.924115
105	-1464.000000	739.908102
111	-1777.000000	742.534174
110	-1694.000000	743.918006
115	-1289.000000	744.452148
105	-558.000000	741.637378
105	224.000000	736.332805
95	896.000000	731.812818
97	1285.000000	728.887508
102	1403.000000	727.250301
99	995.000000	729.527930
87	328.000000	733.137095
119	-393.000000	736.378300
109	-1030.000000	738.249280
107	-1565.000000	739.069009
99	-1575.000000	736.830374
121	-1153.000000	734.082420
104	-489.000000	730.841296
92	311.000000	727.126536
98	1225.000000	722.064402
99	1819.000000	718.352977
89	1904.000000	715.520789
87	1597.000000	713.323910
99	989.000000	715.124465
101	122.000000	722.862366
102	-679.000000	737.153308
108	-1106.000000	746.016086
128	-1170.000000	743.842725
100	-925.000000	733.555042
94	-412.000000	722.600858
98	229.000000	723.641486
96	890.000000	736.719757
121	1483.000000	749.224265
99	2007.000000	754.862239
98	2424.000000	752.164876
106	2635.000000	747.552674
97	2449.000000	754.069625
102	2013.000000	769.987662
123	1305.000000	789.421940
123	481.000000	809.485639
133	-205.000000	825.506511
141	-444.000000	839.346174
141	-416.000000	855.719580
134	-50.000000	867.716544
167	425.000000	874.823982
136	802.000000	882.073693
145	817.000000	895.237957
151	659.000000	917.800087
176	294.000000	943.594192
194	-75.000000	960.329631
178	-420.000000	970.458654
167	-642.000000	977.466112
197	-961.000000	986.514572
195	-1390.000000	999.662943
205	-2112.000000	1009.721744
199	-3041.000000	1018.293180
199	-4069.000000	1027.734888
232	-4914.000000	1034.328768
228	-5559.000000	1036.184829
204	-5702.000000	1028.425982
219	-5372.000000	1011.964426
195	-4580.000000	996.315211
196	-3478.000000	985.046192
183	-2061.000000	971.455094
185	-653.000000	952.952780
155	779.000000	925.261585
157	1917.000000	893.128770
124	2659.000000	868.513097
121	3030.000000	853.073268
149	3139.000000	841.089175
123	2763.000000	830.913353
106	2286.000000	813.529348
135	1872.000000	793.165809
104	1360.000000	779.825622
109	811.000000	771.457711
114	596.000000	767.102340
115	561.000000	764.317342
114	562.000000	758.846493
93	868.000000	752.948869
115	1373.000000	745.038925
103	1684.000000	736.639668
86	1732.000000	732.805568
96	1699.000000	730.281453
112	1320.000000	734.340520
93	796.000000	745.959784
110	446.000000	756.469431
121	442.000000	762.297842
112	710.000000	764.803243
104	1516.000000	764.341547
114	2601.000000	771.120613
94	3946.000000	788.258841
129	5503.000000	810.441238
120	7239.000000	836.017344
113	9019.000000	865.998268
129	11222.000000	899.637705
154	13762.000000	946.668897
145	16714.000000	1007.546525
177	20297.000000	1078.634785
210	24680.000000	1160.671357
235	29573.000000	1252.211244
270	35124.000000	1355.984513
311	41092.000000	1472.146732
391	47188.000000	1600.642996
460	53066.000000	1744.327951
540	58436.000000	1901.636138
682	62213.000000	2069.491000
790	63939.000000	2244.560759
996	62595.000000	2421.540212
1141	57169.000000	2600.272870
1332	47159.000000	2784.830515
1600	33581.000000	2972.730899
1914	16802.000000	3165.391287
2111	-1734.000000	3354.924738
2455	-20310.000000	3528.454903
2733	-37566.000000	3681.814498
2914	-54034.000000	3814.475586
3099	-69532.000000	3930.068193
3282	-84220.000000	4034.923295
3509	-98324.000000	4126.050169
3687	-112165.000000	4199.624150
3692	-123741.000000	4251.134084
3861	-131795.000000	4274.709932
3849	-135365.000000	4271.633528
3759	-133416.000000	4244.475233
3677	-124826.000000	4191.232754
3540	-110967.000000	4117.037406
3284	-92368.000000	4023.299641
3128	-70389.000000	3906.081796
2850	-47100.000000	3768.196651
2499	-24544.000000	3612.094129
2281	-3442.000000	3439.499091
2022	14254.000000	3262.843239
1668	28704.000000	3085.692143
1578	40301.000000	2904.993460
1297	49273.000000	2722.724555
1077	55733.000000	2533.787087
927	60667.000000	2334.411489
722	62991.000000	2139.705354
530	62706.000000	1956.539803
493	59921.000000	1792.089004
386	54839.000000	1651.549878
328	47849.000000	1522.881151
295	40594.000000	1397.213656
244	33418.000000	1278.494427
180	27047.000000	1166.967437
190	21907.000000	1070.430287
144	17892.000000	994.930148
130	14520.000000	936.144220
125	11981.000000	886.667356
123	9847.000000	841.488562
104	7905.000000	797.678507
87	6244.000000	759.881570
97	4905.000000	738.319037
88	3629.000000	730.974008
103	2625.000000	727.644831
102	1988.000000	718.754478
88	1556.000000	703.307898
87	1179.000000	690.063041
76	1085.000000	688.497640
107	1005.000000	694.690579
89	726.000000	700.922250
84	388.000000	702.528291
101	183.000000	694.716489
101	-281.000000	692.166887
69	-703.000000	698.623647
110	-837.000000	705.361609
113	-797.000000	710.779150
88	-767.000000	709.765454
94	-359.000000	700.302078
98	128.000000	695.984195
81	477.000000	696.480438
101	663.000000	697.083209
85	844.000000	697.458242
97	756.000000	696.796958
86	550.000000	700.458421
90	323.000000	708.609201
108	162.000000	709.870411
103	-115.000000	706.081440
79	-396.000000	700.708213
96	-662.000000	701.164745
98	-919.000000	709.611866
111	-1129.000000	717.787573
102	-1153.000000	717.336044
94	-934.000000	709.977464
98	-552.000000	701.615279
90	58.000000	697.750672
101	700.000000	699.005007
78	1382.000000	699.664205
99	1898.000000	699.076534
81	2287.000000	696.453157
94	2318.000000	698.398167
77	2159.000000	703.356951
101	1647.000000	713.157065
93	984.000000	722.416777
110	197.000000	732.126355
101	-451.000000	743.325635
111	-976.000000	757.214633
119	-1176.000000	769.073469
125	-1116.000000	774.337136
120	-897.000000	774.238335
104	-647.000000	776.396162
117	-478.000000	784.687199
126	-539.000000	793.642867
131	-874.000000	797.982456
118	-1323.000000	793.886012
125	-1820.000000	793.043504
114	-2176.000000	798.906753
146	-2228.000000	805.154644
136	-1871.000000	803.683395
118	-1252.000000	790.389777
114	-500.000000	772.920436
98	233.000000	762.015092
121	742.000000	757.001982
105	867.000000	753.999337
97	711.000000	750.505829
109	434.000000	743.275185
108	102.000000	739.287495
100	-167.000000	734.063349
106	-194.000000	724.252718
100	-25.000000	715.413866
89	244.000000	708.739727
97	504.000000	705.763416
87	799.000000	701.898141
105	996.000000	694.273721
80	1027.000000	687.670706
77	889.000000	688.163498
92	770.000000	689.797072
107	528.000000	689.882599
84	189.000000	686.641828
77	-108.000000	683.126635
94	-325.000000	684.499087
98	-611.000000	687.129537
97	-806.000000	685.798804
85	-828.000000	680.565941
85	-760.000000	677.319718
91	-551.000000	678.907210
95	-104.000000	678.387795
94	466.000000	672.743636
68	1024.000000	665.426179
78	1565.000000	661.397762
88	1894.000000	664.153597
76	1849.000000	666.860555
86	1412.000000	665.415660
71	726.000000	664.714977
92	-170.000000	671.051414
91	-1005.000000	684.598422
98	-1519.000000	698.584998
109	-1553.000000	703.230403
95	-1262.000000	698.399599
90	-659.000000	689.304722
87	-21.000000	680.449116
87	450.000000	678.924149
85	578.000000	684.391701
86	557.000000	692.065748
105	329.000000	700.480549
83	149.000000	704.026278
109	-17.000000	700.678956
82	-90.000000	691.650201
94	-238.000000	684.159338
85	-330.000000	682.726885
93	-537.000000	694.098696
93	-636.000000	706.290309
112	-582.000000	711.284753
97	-395.000000	703.247467
87	-219.000000	686.925760
80	12.000000	675.668558
86	109.000000	674.349316
97	-33.000000	683.308861
80	-127.000000	692.520758
109	-65.000000	693.587053
87	109.000000	688.660294
82	426.000000	680.058821
92	977.000000	669.826097
80	1328.000000	668.958893
70	1331.000000	671.650951
93	1071.000000	676.584806
88	635.000000	682.765699
96	-82.000000	687.226309
81	-715.000000	694.264359
97	-1000.000000	698.780366
121	-1031.000000	697.924781
80	-944.000000	697.578669
83	-622.000000	694.322692
105	-254.000000	691.184491
91	-83.000000	692.911971
90	-103.000000	691.562723
88	-136.000000	692.531588
89	-191.000000	695.616992
107	-195.000000	695.061868
92	-87.000000	694.241313
79	282.000000	690.304281
102	645.000000	686.283469
76	861.000000	686.231011
92	882.000000	683.521763
90	795.000000	678.148214
84	377.000000	681.789557
78	-52.000000	692.726497
110	-297.000000	706.848640
106	-346.000000	711.754171
98	-355.000000	702.294098
79	-169.000000	687.717238
87	-12.000000	682.788401
94	-36.000000	692.352511
95	-153.000000	709.136799
104	-220.000000	717.885785
103	-310.000000	713.366666
92	-331.000000	704.004972
88	-222.000000	694.455182
100	-137.000000	694.101578
83	-51.000000	702.762407
104	82.000000	710.185891
103	185.000000	713.179501
85	313.000000	708.640247
105	637.000000	699.650627
85	933.000000	698.222744
82	1204.000000	706.683805
104	1553.000000	718.234641
103	1825.000000	727.173294
98	1768.000000	729.926024
81	1631.000000	728.087220
114	1404.000000	732.090158
99	1079.000000	748.790358
108	861.000000	775.434717
126	1103.000000	800.885135
134	1674.000000	818.719732
130	2421.000000	825.170891
115	3130.000000	829.421485
117	3566.000000	842.312294
140	3331.000000	867.528098
147	2434.000000	903.893799
162	1114.000000	938.815211
192	-326.000000	967.361360
190	-1746.000000	991.123605
200	-2825.000000	1010.999011
216	-3631.000000	1027.343662
213	-4261.000000	1039.899514
230	-4879.000000	1050.125231
216	-5375.000000	1061.062204
240	-5825.000000	1076.280168
232	-5938.000000	1086.936981
266	-5669.000000	1087.055196
228	-4950.000000	1074.156413
216	-3999.000000	1054.915636
208	-2910.000000	1038.554765
202	-2002.000000	1028.019455
216	-1408.000000	1015.812975
187	-1159.000000	997.759991
179	-1061.000000	975.709485
176	-1058.000000	951.079387
173	-902.000000	930.569718
161	-369.000000	909.303580
155	503.000000	885.878660
130	1440.000000	861.238643
122	2489.000000	831.044523
138	3291.000000	799.196471
83	3513.000000	771.661195
94	3170.000000	754.956952
99	2625.000000	747.273042
124	1771.000000	745.402576
92	964.000000	737.709970
96	534.000000	720.533136
104	567.000000	701.553277
83	693.000000	687.423450
86	955.000000	678.770211
79	1225.000000	674.785151
87	1305.000000	669.851476
90	1027.000000	666.257458
61	719.000000	665.025563
101	433.000000	660.995461
85	157.000000	660.355207
72	8.000000	661.318380
92	163.000000	658.093458
80	388.000000	655.949693
81	654.000000	651.845074
81	934.000000	651.000768
68	1083.000000	657.324121
87	965.000000	661.860257
87	701.000000	661.987160
85	232.000000	659.147935
75	-330.000000	661.335013
81	-779.000000	675.140726
106	-1020.000000	688.890412
106	-1111.000000	691.870653
85	-893.000000	682.622150
83	-558.000000	669.589426
79	-297.000000	667.873491
89	-64.000000	675.847616
102	221.000000	682.783275
87	270.000000	685.620886
70	345.000000	683.611732
104	545.000000	679.373977
91	579.000000	674.853317
76	322.000000	673.296369
73	122.000000	670.759271
109	-231.000000	675.008889
80	-763.000000	685.296286
91	-1024.000000	690.657658
111	-910.000000	689.105217
81	-625.000000	683.187383
93	-133.000000	675.596773
75	563.000000	671.105804
91	1025.000000	669.947013
81	1237.000000	669.540887
80	1131.000000	672.885577
83	747.000000	675.279942
91	112.000000	679.523362
90	-448.000000	680.726083
101	-1008.000000	680.724614
74	-1289.000000	682.784739
104	-1233.000000	683.488844
100	-866.000000	684.296719
81	-371.000000	683.219584
89	369.000000	676.420727
86	999.000000	671.077492
77	1366.000000	668.570116
84	1436.000000	669.227913
78	1229.000000	672.788971
92	613.000000	677.022156
83	-92.000000	681.242982
98	-756.000000	684.539261
93	-1292.000000	686.773616
90	-1552.000000	688.212177
103	-1359.000000	687.113528
93	-952.000000	686.304597
83	-387.000000	684.396815
92	256.000000	679.580753
87	731.000000	672.561521
81	825.000000	665.208990
73	744.000000	663.024886
88	506.000000	668.002994
91	202.000000	678.825456
87	29.000000	685.808282
99	148.000000	681.181327
86	334.000000	671.154230
70	577.000000	662.373762
89	700.000000	662.240138
76	685.000000	672.054313
98	500.000000	684.150568
88	340.000000	691.882938
93	222.000000	695.581771
92	462.000000	695.115818
99	943.000000	697.761421
84	1594.000000	706.076483
89	2378.000000	718.466422
103	3286.000000	730.291723
103	3936.000000	743.193111
83	4450.000000	760.003947
110	4940.000000	784.297138
121	5187.000000	817.015912
123	5118.000000	852.950174
139	4933.000000	884.395274
153	4446.000000	912.601775
159	3444.000000	945.420541
167	2324.000000	986.820146
216	1154.000000	1036.109068
222	-66.000000	1084.971889
250	-1134.000000	1124.931998
266	-1834.000000	1153.570111
273	-2720.000000	1178.056026
266	-3800.000000	1204.580425
306	-5128.000000	1232.770863
331	-6715.000000	1259.578104
332	-8527.000000	1283.053000
335	-9819.000000	1298.953810
375	-10439.000000	1310.349190
345	-10191.000000	1313.930363
369	-9142.000000	1306.405756
326	-7500.000000	1288.929789
315	-5865.000000	1266.458448
309	-4481.000000	1245.553291
285	-3588.000000	1229.675567
299	-3158.000000	1213.441387
274	-2920.000000	1190.427654
275	-2653.000000	1157.693828
243	-2162.000000	1117.688687
216	-1314.000000	1077.945268
214	-125.000000	1039.591747
192	1111.000000	1003.116643
169	2434.000000	964.721722
161	3608.000000	922.506369
128	4499.000000	881.403994
125	5078.000000	844.801752
114	5479.000000	810.467149
114	5472.000000	783.281559
77	5251.000000	760.230886
106	4876.000000	738.900535
94	4296.000000	722.113564
76	3458.000000	706.066569
96	2593.000000	692.634824
75	1629.000000	689.532450
94	602.000000	690.787956
100	-300.000000	692.226841
87	-884.000000	690.250679
104	-1228.000000	680.889125
79	-1243.000000	674.703639
89	-814.000000	673.539902
99	-114.000000	672.490892
78	543.000000	670.473713
77	1213.000000	659.323138
84	1737.000000	644.260041
69	1809.000000	640.425640
60	1468.000000	647.271195
90	1041.000000	659.065247
97	373.000000	666.392527
78	-408.000000	662.907233
82	-1011.000000	655.143496
80	-1273.000000	652.023773
101	-1432.000000	658.909705
75	-1264.000000	668.389108
98	-806.000000	670.478933
87	-236.000000	659.762078
78	164.000000	645.905566
65	462.000000	632.537746
78	533.000000	629.951585
75	398.000000	638.111276
82	220.000000	648.026234
86	172.000000	654.324079
75	316.000000	648.641658
91	526.000000	632.996051
58	768.000000	619.411011
67	796.000000	615.459178
71	667.000000	624.034454
81	313.000000	641.416401
85	23.000000	650.886319
89	-251.000000	653.050534
65	-225.000000	646.375278
98	-129.000000	637.053373
63	89.000000	634.823598
79	170.000000	640.602841
77	222.000000	648.832798
88	34.000000	658.565107
84	-131.000000	660.037120
88	-415.000000	656.334518
72	-668.000000	652.151823
87	-890.000000	649.963076
89	-960.000000	652.705140
82	-1053.000000	657.771237
80	-899.000000	658.658485
95	-526.000000	654.281285
81	-77.000000	646.178768
70	369.000000	638.666580
70	874.000000	632.531422
83	1171.000000	629.772181
69	1185.000000	631.001585
68	1052.000000	632.468181
82	800.000000	635.666579
72	418.000000	639.216708
86	18.000000	639.025821
75	-292.000000	636.213801
76	-521.000000	634.981102
82	-637.000000	637.558625
79	-597.000000	646.765027
85	-375.000000	653.474560
87	-106.000000	650.330685
77	127.000000	641.177822
69	277.000000	630.766993
77	264.000000	629.423546
72	87.000000	639.727286
84	-36.000000	651.232677
95	-44.000000	656.411456
75	87.000000	654.868689
79	368.000000	648.006173
78	654.000000	640.245266
76	692.000000	637.339784
71	470.000000	637.245636
82	13.000000	644.947285
78	-546.000000	660.059088
93	-969.000000	671.564591
103	-1103.000000	672.670053
81	-904.000000	662.944945
83	-450.000000	649.475173
71	34.000000	644.507564
77	370.000000	648.951462
90	572.000000	653.331463
83	530.000000	656.843969
70	307.000000	657.947566
84	95.000000	657.927808
93	-51.000000	656.862999
85	-271.000000	652.731951
70	-438.000000	649.142511
78	-545.000000	647.097365
94	-613.000000	649.663759
82	-616.000000	654.712150
81	-372.000000	656.257571
84	-3.000000	654.822877
75	472.000000	646.645189
92	897.000000	634.892904
55	1207.000000	628.303271
71	1245.000000	632.796176
76	1136.000000	646.583328
89	811.000000	658.626601
90	418.000000	656.525704
72	44.000000	649.430520
74	-234.000000	647.212484
88	-529.000000	656.549313
86	-646.000000	671.300231
102	-619.000000	675.388037
86	-568.000000	672.349611
70	-479.000000	669.514003
96	-278.000000	667.743963
95	-230.000000	671.270437
75	-333.000000	673.019316
91	-436.000000	670.043282
87	-545.000000	671.035767
87	-676.000000	673.125545
95	-548.000000	674.284806
84	-182.000000	673.180511
88	301.000000	666.752578
81	812.000000	661.309307
73	1310.000000	658.445138
89	1430.000000	657.314232
67	1189.000000	659.918934
87	604.000000	661.864034
87	-192.000000	662.554149
85	-1106.000000	668.035927
88	-1614.000000	674.215099
106	-1746.000000	681.983871
86	-1392.000000	685.016788
98	-655.000000	675.148132
84	379.000000	657.714984
70	1116.000000	644.941858
62	1659.000000	644.758094
88	1832.000000	659.287494
82	1694.000000	674.238830
94	1157.000000	679.735978
73	713.000000	672.784512
99	167.000000	665.201473
71	-354.000000	668.172134
92	-876.000000	682.392849
99	-1070.000000	696.597445
109	-1282.000000	702.693390
90	-1311.000000	697.057386
91	-1143.000000	689.971739
90	-784.000000	685.788597
102	-641.000000	689.304722
76	-430.000000	693.020923
109	-257.000000	689.069663
87	-285.000000	681.845290
74	-419.000000	675.242919
99	-312.000000	671.043963
87	-217.000000	672.133171
85	-125.000000	673.142630
82	204.000000	667.057719
92	558.000000	655.553202
73	678.000000	642.602521
63	775.000000	635.500590
86	910.000000	639.305874
77	834.000000	651.476784
79	752.000000	660.742007
89	726.000000	654.183461
80	562.000000	636.568928
66	159.000000	624.353265
60	-238.000000	627.267088
97	-654.000000	648.832798
82	-897.000000	668.089066
110	-798.000000	670.784615
76	-293.000000	660.128018
67	345.000000	643.794222
86	938.000000	632.264185
62	1247.000000	632.517984
83	1179.000000	640.191378
70	700.000000	654.296569
81	141.000000	671.046198
109	-296.000000	677.015509
89	-546.000000	673.311221
79	-617.000000	663.414652
74	-424.000000	655.669124
96	-308.000000	661.387935
79	-339.000000	672.667080
95	-437.000000	682.002199
89	-578.000000	681.357469
93	-836.000000	675.280682
83	-922.000000	667.724494
90	-811.000000	664.185968
86	-563.000000	668.334497
80	-52.000000	673.820451
103	675.000000	674.448664
75	1352.000000	667.216607
76	1857.000000	655.290012
72	2144.000000	646.425556
75	1919.000000	651.720032
75	1287.000000	665.889630
93	519.000000	681.391958
100	-214.000000	692.228286
92	-837.000000	697.109030
93	-1066.000000	698.630088
101	-944.000000	698.270721
99	-711.000000	698.446132
88	-474.000000	700.977888
92	-224.000000	706.535208
103	-113.000000	714.395549
100	-180.000000	720.141653
101	-249.000000	720.635137
100	-283.000000	718.176162
96	-366.000000	717.023012
99	-437.000000	719.592246
102	-428.000000	721.326556
110	-421.000000	722.046397
90	-440.000000	722.784892
99	-433.000000	721.526853
109	-430.000000	718.478949
96	-430.000000	713.147951
101	-465.000000	708.535814
82	-474.000000	709.261588
104	-357.000000	711.978230
111	-88.000000	709.685846
91	213.000000	702.864852
81	685.000000	695.660118
88	1191.000000	693.138514
98	1444.000000	694.436462
85	1380.000000	692.560467
86	1162.000000	686.603233
90	530.000000	686.029154
76	-316.000000	696.716585
113	-1014.000000	708.635308
113	-1464.000000	711.440792
96	-1794.000000	706.277566
81	-1644.000000	694.999281
109	-1157.000000	690.357154
89	-636.000000	691.168576
92	-140.000000	689.176320
88	443.000000	682.576736
83	754.000000	673.545841
85	789.000000	667.761185
74	772.000000	666.781823
96	675.000000	665.975225
81	367.000000	664.896233
73	149.000000	662.987934
97	84.000000	657.089035
81	45.000000	655.697339
73	100.000000	657.644281
87	344.000000	657.633637
88	544.000000	658.314514
74	691.000000	654.587656
84	711.000000	649.292692
69	558.000000	650.499808
83	259.000000	656.285761
94	-74.000000	662.534527
82	-484.000000	668.783971
81	-717.000000	667.648860
101	-716.000000	664.447139
79	-607.000000	664.903752
81	-374.000000	665.466753
91	39.000000	665.650809
85	419.000000	665.625270
83	599.000000	664.000753
72	703.000000	663.283499
90	664.000000	663.692700
87	438.000000	665.152614
81	33.000000	670.594512
80	-270.000000	674.304086
103	-545.000000	675.953401
87	-705.000000	675.399882
88	-724.000000	674.327813
82	-420.000000	676.099105
95	-105.000000	679.244433
90	281.000000	678.967599
87	609.000000	675.328809
77	828.000000	669.840279
85	641.000000	670.734672
77	352.000000	675.942305
109	-135.000000	680.510838
80	-665.000000	683.351301
89	-1136.000000	685.260534
97	-1216.000000	684.711618
103	-1147.000000	685.537016
82	-811.000000	681.789557
91	-361.000000	673.528767
82	144.000000	666.351259
84	440.000000	662.745803
81	658.000000	662.760892
81	747.000000	665.808531
84	854.000000	666.573327
92	876.000000	665.152614
73	956.000000	665.492299
82	946.000000	664.234898
86	731.000000	660.875934
80	206.000000	658.568144
80	-391.000000	656.773172
93	-1095.000000	666.060808
76	-1585.000000	683.393737
116	-1582.000000	693.721846
106	-1092.000000	689.012337
79	-332.000000	672.899695
72	604.000000	654.777825
75	1282.000000	649.284221
81	1397.000000	655.236598
80	1086.000000	661.729552
89	431.000000	667.502060
75	-321.000000	673.825645
98	-766.000000	680.289644
103	-711.000000	680.977973
90	-354.000000	676.383028
71	295.000000	666.757077
87	874.000000	660.738980
77	1061.000000	662.653001
82	790.000000	667.330503
89	221.000000	672.066217
84	-566.000000	679.554266
95	-1136.000000	689.511421
104	-1279.000000	696.856513
100	-1004.000000	697.126961
88	-419.000000	685.652244
87	306.000000	669.558063
78	704.000000	662.537546
69	706.000000	667.272058
99	353.000000	679.462287
90	-251.000000	688.464233
99	-910.000000	689.105217
87	-1198.000000	683.352032
95	-1147.000000	676.967503
91	-771.000000	673.567369
81	-159.000000	670.746599
91	486.000000	663.278222
75	843.000000	655.647009
71	1005.000000	650.700392
89	932.000000	652.490613
71	639.000000	661.369035
90	305.000000	665.287156
93	165.000000	662.252973
78	75.000000	656.757946
75	40.000000	650.774923
80	151.000000	652.112720
90	333.000000	657.898928
87	330.000000	664.818772
68	226.000000	669.489358
93	107.000000	664.371131
98	-160.000000	656.601858
67	-586.000000	655.609640
77	-868.000000	662.985671
99	-902.000000	676.510163
105	-778.000000	684.308410
90	-438.000000	678.482129
70	68.000000	661.359206
82	561.000000	645.018604
79	844.000000	642.727003
75	978.000000	656.956620
82	937.000000	676.401508
88	863.000000	685.072989
109	652.000000	676.137560
69	419.000000	657.426041
73	73.000000	649.351215
71	-267.000000	661.845148
108	-693.000000	688.609468
103	-908.000000	704.102265
104	-960.000000	699.872846
78	-751.000000	682.198651
86	-428.000000	669.444546
89	31.000000	672.402409
89	373.000000	685.844735
89	621.000000	697.190792
93	658.000000	696.377771
97	541.000000	687.701243
81	173.000000	680.058086
80	-400.000000	678.054570
96	-1058.000000	684.406312
97	-1529.000000	691.885106
113	-1797.000000	696.661324
78	-1663.000000	699.091553
99	-941.000000	693.924347
111	33.000000	678.873331
68	871.000000	661.739375
65	1531.000000	646.318033
75	1828.000000	644.940307
82	1462.000000	660.525548
80	839.000000	673.056461
103	230.000000	674.665843
78	-325.000000	664.091108
84	-682.000000	654.987023
77	-609.000000	653.878429
95	-364.000000	661.531556
82	-41.000000	668.756308
83	312.000000	665.093978
92	555.000000	657.196318
59	599.000000	650.665044
94	493.000000	651.657118
74	277.000000	661.866301
88	69.000000	672.783026
101	-78.000000	675.708517
74	-156.000000	672.218714
93	-105.000000	663.488508
79	44.000000	658.486143
84	130.000000	666.439795
80	239.000000	678.751059
99	345.000000	686.982533
97	366.000000	685.034306
77	250.000000	676.075440
85	91.000000	671.223510
83	-222.000000	679.003682
95	-629.000000	691.559831
108	-1071.000000	697.341380
88	-1354.000000	694.987770
97	-1514.000000	687.306336
88	-1483.000000	683.380567
93	-1260.000000	684.070172
99	-835.000000	678.636132
90	-447.000000	670.675033
66	11.000000	662.050602
91	496.000000	654.919842
83	950.000000	653.133983
74	1335.000000	651.543552
78	1739.000000	646.005418
72	1941.000000	642.548831
70	1934.000000	639.688987
82	1665.000000	637.618224
69	1114.000000	640.702739
74	382.000000	648.595405
90	-316.000000	660.278729
92	-915.000000	672.675999
91	-1199.000000	678.611082
94	-1160.000000	675.049628
89	-935.000000	670.243985
78	-639.000000	668.470643
92	-369.000000	670.133569
88	-384.000000	674.704380
80	-542.000000	675.289568
103	-787.000000	671.324810
78	-1006.000000	669.926862
88	-1047.000000	672.011161
93	-675.000000	671.309914
95	-103.000000	667.551496
73	709.000000	656.235476
79	1540.000000	644.312036
66	2182.000000	642.232045
71	2390.000000	646.485885
85	2236.000000	651.125180
75	1572.000000	655.576083
73	637.000000	657.933887
93	-400.000000	665.713151
84	-1274.000000	677.365485
109	-1884.000000	685.655890
91	-1969.000000	689.590458
95	-1679.000000	687.631442
96	-1074.000000	683.776279
83	-391.000000	680.975036
94	241.000000	676.503511
81	498.000000	674.001484
75	503.000000	672.632886
101	273.000000	674.355248
77	8.000000	680.042646
100	-240.000000	684.832826
84	-166.000000	684.255800
99	69.000000	678.749586
83	394.000000	669.126296
73	607.000000	663.966114
83	730.000000	663.742420
89	547.000000	669.388527
85	220.000000	678.546977
89	-178.000000	683.703152
93	-436.000000	684.847428
95	-620.000000	681.256193
87	-596.000000	674.427164
88	-455.000000	672.447024
77	-126.000000	675.371009
103	190.000000	681.533565
82	593.000000	686.569006
93	942.000000	685.397695
84	1193.000000	679.762459
78	1087.000000	676.317233
86	784.000000	674.164668
95	195.000000	680.594593
80	-499.000000	694.467422
104	-1191.000000	707.586744
105	-1523.000000	713.054696
113	-1579.000000	706.493454
89	-1365.000000	693.718243
79	-1023.000000	687.833555
93	-528.000000	688.585507
109	-171.000000	691.656707
84	75.000000	691.188108
83	334.000000	686.262341
90	652.000000	683.296422
91	808.000000	683.616852
86	880.000000	678.317035
86	869.000000	667.295287
76	609.000000	659.497536
76	132.000000	663.549546
91	-243.000000	678.891007
102	-413.000000	690.322388
102	-427.000000	689.677461
74	-193.000000	678.056782
87	209.000000	662.508113
85	498.000000	656.463251
72	576.000000	664.024096
89	469.000000	675.620456
91	225.000000	686.654935
94	-73.000000	688.406130
96	-309.000000	679.672715
79	-494.000000	670.823375
81	-484.000000	667.895201
100	-434.000000	675.662638
81	-398.000000	687.494000
98	-320.000000	690.420162
93	-186.000000	677.065728
91	-216.000000	663.088229
59	-223.000000	659.326171
93	-137.000000	668.850506
99	-71.000000	681.945012
87	128.000000	681.545303
100	515.000000	667.304278
55	932.000000	655.618792
81	1220.000000	656.254524
87	1486.000000	664.365863
93	1395.000000	673.834549
71	994.000000	672.944277
84	365.000000	670.425984
89	-200.000000	675.094068
100	-838.000000	687.248136
89	-1197.000000	700.641849
102	-1211.000000	706.520346
106	-914.000000	700.633999
96	-709.000000	692.516426
67	-403.000000	686.547158
106	-193.000000	686.564636
91	-213.000000	693.618771
92	-366.000000	702.333254
98	-291.000000	704.995745
100	-189.000000	703.112367
91	-49.000000	695.261821
88	193.000000	682.516666
90	345.000000	673.896876
74	280.000000	676.164181
91	129.000000	687.344892
100	-35.000000	697.322737
98	-235.000000	695.994971
91	-245.000000	682.054983
83	-200.000000	669.525205
73	-118.000000	667.589694
97	-30.000000	674.993333
92	138.000000	681.913484
93	119.000000	680.997063
72	167.000000	672.962852
93	237.000000	664.947366
85	313.000000	661.626027
80	255.000000	666.015766
78	383.000000	670.246969
102	482.000000	674.688076
77	526.000000	675.413947
88	451.000000	669.791759
80	425.000000	662.490000
86	187.000000	661.258648
81	-159.000000	669.609588
84	-443.000000	683.702421
106	-478.000000	690.761898
102	-424.000000	688.255766
75	-210.000000	681.297292
84	128.000000	675.137023
91	318.000000	674.473128
89	180.000000	677.796430
84	-206.000000	678.339148
89	-682.000000	680.245544
92	-1191.000000	685.929297
97	-1426.000000	689.914487
107	-1290.000000	689.847809
79	-704.000000	680.277884
98	20.000000	667.225599
63	798.000000	657.408549
87	1404.000000	654.536477
78	1747.000000	655.210653
75	1647.000000	660.888039
78	1394.000000	665.081950
90	1044.000000	667.848785
89	604.000000	670.107454
75	208.000000	671.046943
92	-38.000000	672.667823
90	-288.000000	676.533813
89	-567.000000	683.839894
90	-719.000000	690.152882
100	-913.000000	694.398301
91	-1105.000000	693.736982
100	-1218.000000	690.139116
89	-1208.000000	687.297607
92	-1162.000000	689.936229
91	-866.000000	692.628327
108	-392.000000	691.496927
85	201.000000	686.104219
78	798.000000	676.941652
87	1304.000000	668.878165
78	1491.000000	665.515590
85	1314.000000	664.602137
77	769.000000	667.215857
80	74.000000	673.432996
101	-589.000000	676.448816
96	-990.000000	679.560152
84	-978.000000	682.278535
91	-483.000000	681.924483
96	213.000000	680.603409
79	958.000000	671.355346
90	1488.000000	659.786329
59	1663.000000	660.523277
80	1406.000000	676.158265
100	909.000000	695.532170
103	264.000000	706.523885
97	-351.000000	701.313767
86	-900.000000	693.776621
86	-1330.000000	695.298497
109	-1612.000000	703.585105
110	-1790.000000	711.903083
94	-1760.000000	714.624377
99	-1468.000000	712.819753
100	-899.000000	709.080390
106	-198.000000	703.779795
84	702.000000	693.958212
90	1460.000000	686.614885
68	2051.000000	686.866071
98	2395.000000	693.310176
93	2579.000000	699.709225
85	2457.000000	704.680779
82	2413.000000	707.691317
103	2444.000000	717.956823
95	2634.000000	736.294778
106	2980.000000	758.826726
104	3603.000000	780.424884
122	4184.000000	799.871240
113	4601.000000	819.045176
120	4787.000000	843.659291
135	4689.000000	875.679736
150	4383.000000	918.828058
171	4020.000000	967.427517
190	3827.000000	1012.865736
213	3739.000000	1054.046963
208	3658.000000	1086.385751
247	3165.000000	1119.745060
220	2225.000000	1159.951292
290	449.000000	1204.765122
303	-1978.000000	1252.794476
324	-4697.000000	1297.000000
381	-7118.000000	1332.174913
366	-9258.000000	1363.221919
384	-10450.000000	1386.206334
435	-10870.000000	1400.033571
388	-10898.000000	1407.793309
402	-10883.000000	1408.955287
393	-10547.000000	1406.080012
423	-10448.000000	1403.056663
381	-10204.000000	1396.349526
396	-9387.000000	1385.386228
383	-7827.000000	1364.734040
362	-5948.000000	1334.076460
321	-3557.000000	1291.450735
307	-1200.000000	1243.002011
259	634.000000	1201.752886
240	1744.000000	1169.352812
262	2437.000000	1141.835803
233	2678.000000	1109.568385
215	2744.000000	1064.954459
185	2894.000000	1015.372838
160	3315.000000	969.974742
180	3705.000000	932.131429
131	4045.000000	902.550276
136	4357.000000	873.342430
133	4538.000000	840.094042
112	4376.000000	810.934029
100	4167.000000	783.249003
111	3897.000000	760.614883
95	3408.000000	746.327006
90	2861.000000	734.678841
106	2434.000000	725.188251
90	1903.000000	715.935053
91	1373.000000	705.660683
92	1084.000000	698.970672
93	825.000000	697.758554
90	551.000000	700.720344
90	494.000000	703.231114
107	480.000000	698.431099
88	248.000000	693.916421
71	10.000000	690.576571
111	-205.000000	690.003623
90	-603.000000	695.859900
89	-899.000000	699.157350
110	-815.000000	701.004280
85	-482.000000	703.300789
104	-24.000000	700.549784
85	652.000000	691.275632
93	1222.000000	679.691106
77	1380.000000	674.290738
67	1099.000000	681.870222
104	582.000000	693.248873
104	-130.000000	700.362763
95	-821.000000	701.692953
85	-1239.000000	699.531986
98	-1179.000000	699.364712
115	-830.000000	699.472659
86	-343.000000	696.197529
84	187.000000	691.277802
83	643.000000	686.518026
102	693.000000	685.478665
83	472.000000	688.753947
83	141.000000	691.639357
103	-275.000000	692.942278
89	-715.000000	694.614281
98	-827.000000	690.483164
101	-765.000000	684.585276
71	-550.000000	683.264224
98	-147.000000	682.144413
95	325.000000	680.006618
83	583.000000	674.709567
77	877.000000	666.761577
85	1044.000000	667.408421
79	991.000000	674.656209
92	863.000000	680.212467
93	809.000000	677.915186
86	485.000000	672.958394
65	137.000000	673.337211
99	-118.000000	678.098813
105	-351.000000	685.198511
84	-536.000000	694.440782
87	-375.000000	699.506254
106	-146.000000	702.536832
91	46.000000	698.816142
100	182.000000	686.745950
77	102.000000	681.829891
72	-301.000000	690.581639
114	-664.000000	707.225565
114	-876.000000	720.936890
101	-938.000000	719.656863
87	-707.000000	706.715643
92	-193.000000	693.209204
104	206.000000	686.256512
75	358.000000	689.032655
85	373.000000	694.546615
104	252.000000	699.589880
97	-5.000000	704.232206
93	-127.000000	703.054052
92	-19.000000	697.097554
93	161.000000	688.166404
92	345.000000	682.649984
79	525.000000	685.452405
90	596.000000	693.656976
96	551.000000	701.772755
98	492.000000	701.542586
99	395.000000	695.581052
73	269.000000	693.516402
96	126.000000	699.452643
102	-138.000000	708.228777
100	-545.000000	710.859339
99	-962.000000	703.032005
89	-1282.000000	698.471188
96	-1456.000000	706.614463
104	-1254.000000	719.774965
119	-687.000000	725.650742
94	40.000000	711.350828
88	704.000000	686.649838
68	1268.000000	671.349387
87	1474.000000	677.046527
91	1299.000000	698.510558
92	1007.000000	716.511689
115	690.000000	715.225838
90	254.000000	702.693390
76	-202.000000	689.174869
98	-566.000000	684.927733
96	-1052.000000	697.281866
94	-1429.000000	713.368769
117	-1541.000000	723.566859
99	-1261.000000	723.449376
110	-805.000000	711.912214
81	-131.000000	692.283901
92	381.000000	676.651313
73	746.000000	672.269291
93	750.000000	685.025547
84	619.000000	702.701217
106	448.000000	708.676231
105	473.000000	694.290285
82	484.000000	674.062312
60	602.000000	663.740913
91	754.000000	673.951037
98	802.000000	693.727612
100	695.000000	704.516146
88	561.000000	701.527619
82	373.000000	690.283275
102	44.000000	686.649838
78	-281.000000	693.932994
110	-605.000000	707.568371
91	-822.000000	719.395580
111	-878.000000	723.958562
109	-716.000000	718.993741
88	-425.000000	713.134630
96	-34.000000	707.975988
96	289.000000	709.363799
97	438.000000	716.759374
98	509.000000	722.046397
104	419.000000	726.168713
92	191.000000	724.932411
110	-108.000000	721.614856
94	-373.000000	719.044505
103	-805.000000	720.261758
93	-1137.000000	724.492236
116	-1250.000000	728.613752
113	-1117.000000	730.337593
92	-860.000000	729.095330
100	-250.000000	721.657814
109	421.000000	711.281238
87	839.000000	701.644497
81	919.000000	697.176448
84	871.000000	699.822120
112	497.000000	705.979461
92	-45.000000	710.244324
92	-332.000000	708.824379
105	-256.000000	703.418794
93	-110.000000	701.147631
87	230.000000	699.951427
97	761.000000	696.417260
94	1027.000000	692.396563
77	948.000000	692.954544
87	798.000000	698.817573
108	519.000000	707.124459
96	4.000000	714.494227
90	-328.000000	713.719833
113	-431.000000	710.627188
87	-486.000000	712.557366
100	-487.000000	718.117678
102	-262.000000	722.393245
108	-79.000000	722.299799
97	10.000000	718.542970
87	120.000000	720.049998
104	283.000000	726.603743
111	311.000000	733.571401
100	283.000000	735.235336
100	265.000000	728.768139
100	158.000000	724.421148
96	-62.000000	729.954793
108	-268.000000	742.491751
114	-482.000000	752.275216
112	-791.000000	750.296608
106	-1098.000000	737.162126
102	-1384.000000	724.640601
99	-1583.000000	726.170090
106	-1565.000000	740.500506
121	-1186.000000	753.106898
118	-565.000000	748.281364
99	261.000000	722.651368
87	1023.000000	693.229399
67	1522.000000	680.877375
91	1619.000000	693.196220
95	1487.000000	713.738748
112	1110.000000	722.939832
91	724.000000	714.389250
89	410.000000	697.637442
92	206.000000	687.985465
86	-83.000000	694.032420
95	-355.000000	704.916307
109	-635.000000	712.246446
96	-804.000000	713.823508
101	-840.000000	711.942413
91	-622.000000	710.762970
104	-226.000000	707.051625
102	282.000000	701.217513
80	665.000000	698.202693
83	884.000000	698.458302
99	983.000000	703.906954
102	922.000000	708.240072
96	670.000000	711.156804
76	386.000000	712.735575
110	154.000000	711.447820
110	-217.000000	711.912214
80	-621.000000	713.628054
106	-949.000000	717.419682
96	-1120.000000	723.940605
124	-1214.000000	729.963013
96	-1069.000000	727.617344
101	-705.000000	721.105401
96	-187.000000	712.939689
98	239.000000	708.681169
96	607.000000	710.204900
85	931.000000	712.924260
109	993.000000	713.480904
85	820.000000	713.212451
95	627.000000	709.174873
107	350.000000	703.359083
81	-131.000000	708.000706
91	-375.000000	715.336984
127	-469.000000	722.785584
90	-533.000000	725.876711
102	-462.000000	717.775731
98	-150.000000	708.326196
91	-80.000000	706.688050
93	-53.000000	710.800253
103	16.000000	717.398076
105	109.000000	720.779439
96	100.000000	720.144430
90	376.000000	717.515157
112	641.000000	715.124465
84	792.000000	713.154962
99	702.000000	712.325768
86	569.000000	711.073133
112	175.000000	716.843777
88	-155.000000	727.824842
112	-303.000000	740.833990
111	-147.000000	745.524647
112	100.000000	740.295887
98	396.000000	729.265384
87	446.000000	724.160203
99	99.000000	730.894657
109	-587.000000	742.361772
124	-1433.000000	752.763575
104	-2164.000000	755.818761
119	-2512.000000	754.380541
115	-2196.000000	750.639727
120	-1407.000000	743.550267
100	-274.000000	732.902449
88	897.000000	721.504678
96	1881.000000	711.931879
93	2235.000000	709.521670
79	2137.000000	710.973277
104	1629.000000	714.266757
89	871.000000	717.910162
107	-12.000000	720.370738
97	-534.000000	720.279113
110	-843.000000	720.214551
95	-903.000000	720.997226
98	-716.000000	721.792214
112	-315.000000	718.776043
97	-103.000000	715.782788
83	84.000000	714.932165
105	191.000000	715.992318
100	147.000000	718.684214
102	-29.000000	718.762130
94	-42.000000	715.485849
100	-56.000000	715.798854
91	-54.000000	715.867306
110	83.000000	714.482330
97	329.000000	711.899572
87	452.000000	710.209828
92	563.000000	713.789185
99	732.000000	716.755188
118	788.000000	717.467769
75	673.000000	718.114893
92	563.000000	719.632545
114	432.000000	724.713737
100	126.000000	730.818719
106	-252.000000	732.786463
91	-513.000000	734.697897
116	-707.000000	739.543778
113	-928.000000	745.660781
101	-997.000000	749.218927
118	-838.000000	745.214063
106	-670.000000	741.302907
99	-606.000000	741.681873
104	-400.000000	743.626250
119	-194.000000	743.248276
106	-144.000000	738.739467
90	-87.000000	735.395812
103	214.000000	733.321212
120	447.000000	736.097140
87	657.000000	738.408424
109	898.000000	733.538002
98	1061.000000	727.006878
93	841.000000	723.438318
99	455.000000	723.979972
100	24.000000	732.581736
111	-349.000000	741.705467
114	-625.000000	748.766319
100	-489.000000	751.057255
121	10.000000	744.937581
103	606.000000	739.035858
86	1154.000000	738.318360
105	1767.000000	742.443937
112	2278.000000	754.958277
103	2631.000000	770.727578
108	3145.000000	786.305920
119	3961.000000	801.283346
124	4865.000000	814.387500
113	5884.000000	830.484196
114	7282.000000	854.783013
145	8983.000000	894.024049
140	10968.000000	949.618871
165	13640.000000	1013.246268
196	17131.000000	1074.243455
208	21111.000000	1135.510898
206	25425.000000	1204.985892
243	30187.000000	1294.501835
304	34834.000000	1409.005323
349	38928.000000	1536.433533
451	42320.000000	1666.840124
509	44830.000000	1796.419216
610	45375.000000	1930.666465
680	43862.000000	2076.958353
858	40306.000000	2233.814674
1053	34788.000000	2398.404470
1168	26990.000000	2566.080279
1356	17814.000000	2726.551668
1609	7248.000000	2874.978956
1744	-4578.000000	3010.976918
1930	-17937.000000	3139.808752
2044	-31872.000000	3265.403191
2349	-45634.000000	3389.974631
2501	-58336.000000	3502.309809
2670	-69695.000000	3592.200857
2719	-78402.000000	3654.144496
2826	-84496.000000	3690.082384
2892	-89131.000000	3711.730998
2762	-92177.000000	3725.518622
2929	-92521.000000	3726.548135
2908	-90441.000000	3709.977224
2758	-85614.000000	3670.752239
2680	-76547.000000	3601.577293
2543	-63676.000000	3510.864281
2331	-48807.000000	3405.025551
2119	-32967.000000	3286.647076
1948	-17167.000000	3160.523216
1761	-2929.000000	3024.288511
1586	9016.000000	2881.421177
1333	19126.000000	2735.157399
1221	27781.000000	2582.724337
1090	34804.000000	2424.041666
859	39995.000000	2261.369718
717	43479.000000	2097.024320
603	44930.000000	1940.605576
524	44007.000000	1799.145631
437	41237.000000	1670.977259
363	37398.000000	1553.916986
324	33088.000000	1441.717032
289	28814.000000	1331.135605
237	25054.000000	1223.570186
181	21744.000000	1124.659949
150	18802.000000	1044.628164
157	15942.000000	987.056229
144	13205.000000	942.585275
142	10613.000000	899.365888
112	8401.000000	855.458357
112	6470.000000	819.918289
106	5055.000000	795.467787
124	4038.000000	779.191889
101	3342.000000	764.460594
96	2675.000000	752.802099
92	2201.000000	745.771413
119	1726.000000	744.038977
102	1203.000000	742.254000
97	601.000000	740.464044
97	123.000000	737.294378
119	-356.000000	737.811629
103	-795.000000	741.149782
103	-1029.000000	741.157878
116	-971.000000	740.496455
100	-716.000000	738.746235
116	-353.000000	737.345916
88	159.000000	734.481450
110	590.000000	726.319489
100	802.000000	717.515157
80	755.000000	715.107684
103	685.000000	719.546385
102	500.000000	730.889869
105	401.000000	738.064360
112	417.000000	733.320530
89	631.000000	722.135029
102	749.000000	714.415145
82	935.000000	720.757241
110	1008.000000	738.694795
106	1101.000000	751.915554
118	1182.000000	757.078596
97	1565.000000	754.501822
110	2062.000000	759.000659
95	3002.000000	777.879168
128	4320.000000	804.835387
126	6029.000000	830.033132
117	8008.000000	854.414419
119	10507.000000	881.765842
142	13185.000000	922.962079
135	16148.000000	981.525344
173	19649.000000	1050.319475
204	23800.000000	1129.705271
207	28600.000000	1223.170471
257	34356.000000	1326.730568
324	41046.000000	1442.460398
355	48239.000000	1570.158909
426	55586.000000	1709.161783
516	62564.000000	1864.855490
620	68804.000000	2036.559353
791	73397.000000	2220.661838
910	75849.000000	2413.222949
1130	75678.000000	2611.513354
1344	72420.000000	2815.171398
1584	64839.000000	3023.892359
1838	53479.000000	3234.109615
2196	38268.000000	3441.431098
2511	19443.000000	3645.493794
2796	-2214.000000	3848.099271
3152	-24887.000000	4039.909776
3604	-48950.000000	4212.729756
3782	-72765.000000	4362.704551
4118	-95274.000000	4490.964930
4302	-115946.000000	4607.050466
4513	-134052.000000	4713.484062
4829	-146902.000000	4793.863160
4992	-154953.000000	4842.171310
4782	-157995.000000	4856.659655
4854	-155367.000000	4842.874456
4824	-147906.000000	4812.589116
4670	-137837.000000	4763.546683
4531	-124816.000000	4688.420843
4254	-108876.000000	4587.421498
4064	-90941.000000	4463.881831
3741	-70752.000000	4325.069248
3430	-47842.000000	4170.931071
3175	-23414.000000	3994.621884
2748	880.000000	3799.458382
2374	23890.000000	3589.302161
2080	43672.000000	3375.659639
1721	58928.000000	3168.157509
1546	69288.000000	2962.296069
1285	74898.000000	2756.853641
1023	76324.000000	2551.201678
893	75015.000000	2346.688518
723	71646.000000	2155.187695
579	66785.000000	1976.801710
490	61252.000000	1806.954344
395	55331.000000	1647.157248
318	48748.000000	1498.740805
240	42020.000000	1370.537851
224	35534.000000	1262.911715
222	29249.000000	1168.958083
165	23421.000000	1086.407382
145	18513.000000	1010.195526
149	14357.000000	947.163661
121	10915.000000	901.725568
142	8210.000000	864.636340
119	6076.000000	835.454367
100	4317.000000	811.851587
126	3048.000000	790.521347
117	2083.000000	777.481189
100	1415.000000	766.443083
113	1097.000000	755.693721
101	1038.000000	748.686850
109	1017.000000	741.530175
98	1097.000000	733.051840
97	1128.000000	724.324513
96	1004.000000	717.321406
92	830.000000	718.566629
102	684.000000	724.088392
104	548.000000	729.077499
99	516.000000	729.195447
103	592.000000	721.846244
96	530.000000	715.193680
84	366.000000	714.058821
108	79.000000	719.208593
100	-358.000000	728.859383
105	-891.000000	735.905565
109	-1152.000000	735.148964
114	-1217.000000	732.144111
94	-1071.000000	728.337147
104	-717.000000	725.042757
103	-165.000000	721.176123
104	249.000000	717.547908
85	516.000000	715.137749
93	654.000000	714.797874
104	647.000000	712.312431
101	460.000000	709.446263
85	279.000000	708.459597
92	203.000000	709.996479
107	182.000000	714.232455
97	260.000000	713.492817
103	411.000000	708.180062
77	551.000000	703.548861
96	587.000000	706.055947
100	533.000000	712.762934
102	358.000000	718.480341
97	146.000000	719.943053
91	-68.000000	719.031293
110	-229.000000	721.996537
97	-256.000000	728.225240
110	-226.000000	732.636335
99	-211.000000	732.822625
98	-123.000000	729.814360
115	-7.000000	727.171919
91	-28.000000	733.000682
98	30.000000	743.943546
122	157.000000	750.588436
113	89.000000	749.747291
95	-177.000000	739.435596
98	-441.000000	728.518359
110	-906.000000	730.490246
99	-1359.000000	746.015415
123	-1486.000000	761.225328
125	-1205.000000	762.830912
112	-669.000000	750.821550
92	113.000000	727.720413
99	747.000000	711.105477
77	1104.000000	709.675982
107	1107.000000	718.817779
102	767.000000	732.834906
92	312.000000	739.737791
124	119.000000	732.707991
99	52.000000	720.569219
84	117.000000	712.231002
94	447.000000	711.936093
107	778.000000	722.610545
100	798.000000	733.093446
94	695.000000	733.117317
111	523.000000	725.566675
94	98.000000	720.651094
94	-419.000000	727.643457
105	-681.000000	742.706537
125	-689.000000	754.817196
119	-598.000000	754.479953
94	-225.000000	745.818342
103	331.000000	737.545253
105	674.000000	737.932246
101	626.000000	747.400830
103	436.000000	752.785494
126	-105.000000	753.497843
93	-887.000000	754.387831
115	-1500.000000	758.274357
124	-1751.000000	761.925849
121	-1794.000000	763.965968
107	-1393.000000	756.721217
115	-618.000000	746.455625
100	125.000000	741.211846
93	734.000000	737.611009
116	1158.000000	734.659105
88	1185.000000	728.044641
103	816.000000	722.943981
85	411.000000	724.028314
114	21.000000	731.489576
109	-252.000000	736.844624
100	-241.000000	734.258129
110	5.000000	722.598782
85	225.000000	712.121478
94	332.000000	709.043017
97	350.000000	712.116563
103	155.000000	720.544933
96	-112.000000	725.526016
106	-313.000000	726.185238
101	-322.000000	721.391711
104	-301.000000	713.389795
88	-151.000000	706.998586
95	62.000000	707.217081
96	289.000000	711.555339
103	435.000000	716.727982
94	731.000000	718.635513
101	1031.000000	716.201787
91	1169.000000	713.860631
86	1161.000000	712.921454
106	984.000000	710.411149
97	418.000000	714.615981
81	-326.000000	726.283691
117	-916.000000	738.172067
124	-1349.000000	747.749290
105	-1464.000000	747.050199
114	-1122.000000	740.021621
91	-525.000000	737.151952
109	5.000000	737.181796
109	448.000000	735.991848
100	599.000000	734.531824
94	382.000000	733.897813
98	-46.000000	740.760420
117	-460.000000	747.906411
123	-836.000000	746.498493
99	-988.000000	740.326955
95	-846.000000	732.860150
112	-499.000000	732.286146
103	-49.000000	736.118876
109	466.000000	732.768722
98	860.000000	725.964186
79	1077.000000	721.263475
110	1084.000000	720.006944
98	871.000000	724.515700
96	526.000000	727.921699
105	186.000000	727.453091
98	-70.000000	730.996580
106	-128.000000	734.576068
113	56.000000	738.513372
97	284.000000	741.007422
102	553.000000	738.577687
108	635.000000	734.882984
95	479.000000	734.364351
106	58.000000	741.490391
99	-320.000000	754.318235
133	-804.000000	767.605367
106	-992.000000	770.630910
132	-960.000000	763.828515
96	-700.000000	752.525083
107	-483.000000	750.633732
106	-20.000000	757.493234
127	192.000000	768.452991
104	251.000000	773.099605
112	142.000000	765.424065
117	-7.000000	752.048536
101	-546.000000	746.121974
95	-883.000000	752.080448
132	-1006.000000	765.563844
117	-840.000000	775.057417
124	-446.000000	771.276863
99	445.000000	752.962814
112	1161.000000	735.665005
74	1587.000000	728.847721
106	1627.000000	735.887899
107	1353.000000	747.991310
110	639.000000	758.873507
108	66.000000	763.486739
117	-266.000000	763.257493
118	-359.000000	761.764399
104	-298.000000	759.287824
112	-77.000000	757.471452
110	-74.000000	758.747652
105	-296.000000	763.815423
121	-630.000000	770.488157
116	-985.000000	775.718377
123	-1268.000000	777.321040
116	-1238.000000	774.533408
120	-934.000000	769.624584
112	-504.000000	764.790167
105	-15.000000	760.204578
116	383.000000	755.312518
101	546.000000	752.380223
104	450.000000	749.787970
110	286.000000	749.026034
107	68.000000	751.252288
110	-65.000000	751.127819
110	-87.000000	749.037382
100	151.000000	742.596122
117	358.000000	734.204331
84	592.000000	732.351009
103	748.000000	735.930703
108	869.000000	739.562709
108	721.000000	743.032301
94	633.000000	738.692764
115	474.000000	737.166196
86	302.000000	742.200781
119	70.000000	749.214255
111	-24.000000	753.412238
110	-219.000000	752.338355
105	-390.000000	749.183556
101	-485.000000	752.771546
121	-468.000000	759.760489
118	-394.000000	766.319777
108	-175.000000	768.600677
114	127.000000	764.166867
110	338.000000	760.898154
104	447.000000	759.833534
117	329.000000	760.915895
103	49.000000	766.538323
118	-337.000000	773.153930
120	-655.000000	776.703933
122	-908.000000	778.104106
111	-829.000000	773.115127
127	-562.000000	770.617934
97	-249.000000	771.213978
121	89.000000	771.343633
119	409.000000	768.203749
107	414.000000	762.602124
104	211.000000	761.539887
100	52.000000	766.070493
142	-230.000000	771.164055
103	-509.000000	772.060231
113	-578.000000	765.275114
117	-497.000000	755.305898
101	-471.000000	755.255586
109	-239.000000	756.052247
125	48.000000	756.353092
95	329.000000	754.597244
111	699.000000	749.737954
106	1111.000000	749.508506
97	1300.000000	751.273585
112	1294.000000	747.526588
103	1050.000000	741.212520
100	416.000000	740.152687
93	-352.000000	748.263323
125	-1001.000000	762.756186
128	-1337.000000	772.433169
120	-1345.000000	771.242504
106	-889.000000	761.696134
107	-255.000000	752.768889
109	309.000000	747.048191
109	487.000000	745.881358
90	380.000000	746.923021
116	-64.000000	749.421110
108	-567.000000	755.239697
118	-865.000000	761.711888
116	-746.000000	759.664400
112	-350.000000	752.067816
97	299.000000	738.210675
107	929.000000	725.664523
88	1282.000000	726.085394
87	1338.000000	733.850121
124	1148.000000	744.327885
97	746.000000	750.345254
114	321.000000	747.385443
100	-7.000000	741.151132
101	-279.000000	739.979054
115	-443.000000	743.415765
105	-459.000000	752.406140
114	-451.000000	759.751933
108	-344.000000	760.292049
120	-128.000000	757.073312
105	92.000000	751.739317
102	151.000000	752.751619
101	194.000000	757.468151
128	104.000000	762.241432
109	-176.000000	762.935122
104	-512.000000	759.767070
113	-620.000000	758.134553
118	-601.000000	763.529305
114	-457.000000	770.678273
111	-35.000000	770.375882
122	520.000000	761.384266
102	861.000000	751.085215
92	944.000000	751.332150
103	845.000000	759.100125
130	380.000000	766.374582
112	-270.000000	768.792560
106	-783.000000	765.944515
118	-998.000000	766.778977
114	-902.000000	775.075480
129	-333.000000	779.759578
123	422.000000	776.837177
90	1079.000000	767.131671
112	1407.000000	756.009921
104	1290.000000	756.305494
106	582.000000	767.570192
116	-395.000000	780.623469
128	-1318.000000	792.001263
133	-1904.000000	793.459514
129	-2078.000000	788.224587
107	-1709.000000	779.835239
126	-911.000000	771.053176
116	-35.000000	768.234990
99	612.000000	768.054686
113	1085.000000	767.123849
110	1316.000000	765.015033
116	1080.000000	761.259483
94	653.000000	760.304544
110	371.000000	762.019029
131	34.000000	763.933243
100	-388.000000	767.524592
108	-480.000000	764.071986
132	-385.000000	757.862125
97	-469.000000	756.832214
102	-397.000000	758.384467
124	-74.000000	760.938894
115	170.000000	762.552293
105	337.000000	760.688504
98	755.000000	755.407837
125	1079.000000	753.538984
91	1166.000000	755.445564
111	1105.000000	759.646628
108	961.000000	763.102221
115	498.000000	766.318472
113	-141.000000	768.189430
107	-737.000000	772.860272
126	-1238.000000	776.900251
126	-1644.000000	780.699686
116	-1779.000000	784.771941
121	-1535.000000	782.596320
130	-1162.000000	778.033418
103	-609.000000	771.182858
123	71.000000	765.710781
100	676.000000	765.286874
110	1027.000000	768.847839
113	1277.000000	766.623115
117	1202.000000	758.987483
94	782.000000	749.773299
97	318.000000	748.261986
123	-86.000000	759.782864
112	-449.000000	775.131602
125	-559.000000	780.241629
116	-342.000000	766.627680
115	-126.000000	748.382255
83	52.000000	740.526839
107	181.000000	751.622911
119	187.000000	769.939608
124	62.000000	777.578292
120	-32.000000	768.135405
94	-77.000000	752.305124
106	-109.000000	746.555423
107	-108.000000	753.635190
123	-121.000000	765.757795
110	-116.000000	768.912219
113	-130.000000	760.980946
108	-67.000000	752.100392
102	18.000000	750.012000
114	167.000000	754.939070
107	303.000000	762.651296
112	466.000000	761.935693
121	481.000000	755.270150
86	435.000000	751.368751
114	241.000000	750.512492
110	-16.000000	756.826268
110	-309.000000	763.414042
125	-392.000000	763.080599
106	-333.000000	766.617897
101	-17.000000	767.758426
137	410.000000	766.715071
96	860.000000	764.979738
112	1001.000000	758.443801
99	804.000000	757.771733
101	270.000000	766.267577
138	-467.000000	774.461749
114	-1327.000000	783.326879
113	-1862.000000	786.151385
138	-1941.000000	781.070419
120	-1654.000000	777.790460
110	-996.000000	773.073088
117	-24.000000	767.335650
110	811.000000	765.398589
100	1354.000000	760.907353
115	1640.000000	755.421737
98	1544.000000	754.129962
101	1103.000000	757.073973
116	616.000000	765.043790
114	215.000000	772.466828
125	-130.000000	772.064764
105	-299.000000	767.371488
110	-297.000000	763.669431
118	-268.000000	764.701249
110	-309.000000	773.257396
116	-308.000000	779.136702
127	-326.000000	779.579374
111	-358.000000	777.929303
114	-358.000000	774.505003
118	-237.000000	775.515957
113	-106.000000	778.626997
123	74.000000	778.985237
114	266.000000	778.788803
108	491.000000	777.479903
124	620.000000	778.580760
103	653.000000	780.829687
127	565.000000	780.877071
111	356.000000	779.019897
115	2.000000	781.822230
116	-402.000000	788.347639
124	-735.000000	796.101124
137	-1064.000000	796.828714
115	-1260.000000	789.001901
124	-1317.000000	782.796909
105	-1198.000000	781.960357
136	-1014.000000	788.910641
115	-562.000000	790.279697
135	-34.000000	782.558624
98	521.000000	769.380920
101	1061.000000	762.172553
116	1511.000000	761.447963
108	1657.000000	765.461299
109	1595.000000	767.862618
103	1398.000000	764.499836
119	929.000000	766.141632
95	430.000000	769.629781
137	-26.000000	774.932255
107	-433.000000	780.822003
116	-831.000000	783.241342
130	-928.000000	783.240704
116	-934.000000	785.333050
122	-813.000000	786.913591
117	-539.000000	790.210731
121	-47.000000	791.837736
134	330.000000	790.673131
97	646.000000	789.126099
124	909.000000	787.127055
118	1014.000000	787.784234
115	817.000000	792.799470
120	631.000000	799.168943
123	500.000000	806.846950
135	228.000000	813.186326
116	-121.000000	814.299085
134	-392.000000	810.176524
131	-853.000000	805.740033
113	-1526.000000	810.295008
132	-1978.000000	821.701892
152	-2107.000000	831.297179
148	-1955.000000	833.957433
120	-1330.000000	824.632039
133	-245.000000	809.778365
121	780.000000	799.746210
106	1513.000000	794.930815
125	1816.000000	793.501103
105	1616.000000	794.459565
128	921.000000	797.219543
115	103.000000	800.740282
130	-572.000000	804.513518
133	-856.000000	802.675526
127	-735.000000	801.176011
114	-299.000000	799.195220
121	288.000000	794.858478
128	753.000000	789.596733
108	859.000000	783.756978
112	504.000000	784.984076
105	-70.000000	792.679002
148	-807.000000	800.310565
128	-1435.000000	801.386923
120	-1750.000000	796.522442
119	-1549.000000	787.509365
127	-1058.000000	783.000639
117	-267.000000	779.474823
118	607.000000	773.674996
100	1349.000000	768.085282
103	1780.000000	762.581143
116	1941.000000	759.588704
103	1765.000000	761.228612
102	1311.000000	763.881535
112	812.000000	768.278595
119	326.000000	772.453235
121	-81.000000	774.552129
109	-399.000000	777.625231
110	-522.000000	778.910778
136	-669.000000	779.286212
107	-759.000000	779.008986
125	-823.000000	780.906524
107	-751.000000	786.678460
131	-662.000000	795.004403
127	-440.000000	793.777047
125	-192.000000	784.154322
103	75.000000	773.311709
104	215.000000	771.172484
123	256.000000	780.021795
121	305.000000	789.749960
130	296.000000	790.549176
103	158.000000	781.849090
111	44.000000	771.738298
123	24.000000	765.460646
116	-196.000000	772.647397
94	-373.000000	784.719695
139	-312.000000	789.674617
136	-194.000000	784.883431
101	-188.000000	772.205931
100	13.000000	761.366535
111	204.000000	761.822814
125	231.000000	772.022668
113	215.000000	781.029449
113	341.000000	780.952623
121	354.000000	772.987710
103	323.000000	763.376054
118	207.000000	758.972332
97	22.000000	762.022309
120	-302.000000	771.848431
118	-558.000000	779.107181
127	-745.000000	779.414524
113	-710.000000	770.790503
110	-527.000000	760.688504
109	-230.000000	757.758537
106	104.000000	762.139095
120	415.000000	764.712364
112	596.000000	762.662442
100	653.000000	757.089823
109	619.000000	752.205424
106	396.000000	754.092832
106	138.000000	755.142371
125	-111.000000	755.315166
94	-239.000000	757.110956
117	-260.000000	760.181557
111	13.000000	763.884154
119	355.000000	762.646052
110	720.000000	755.110588
91	902.000000	750.481179
104	901.000000	750.960052
119	550.000000	759.944735
105	82.000000	770.599766
127	-483.000000	775.678413
106	-931.000000	775.196104
127	-1166.000000	771.976684
119	-1069.000000	769.677205
109	-824.000000	773.622647
113	-376.000000	778.010283
124	128.000000	776.613160
123	481.000000	770.878071
91	545.000000	762.833534
108	439.000000	760.668785
115	102.000000	766.330216
120	-357.000000	773.063387
123	-755.000000	776.106307
102	-906.000000	773.092491
130	-884.000000	767.209228
106	-651.000000	760.910639
114	-313.000000	754.505799
105	94.000000	749.722615
99	426.000000	750.471852
116	739.000000	754.638324
104	920.000000	756.294916
110	1052.000000	750.557126
103	1001.000000	739.140717
92	826.000000	733.153463
106	471.000000	740.104722
98	112.000000	753.171959
134	-343.000000	762.034776
101	-653.000000	757.372432
118	-835.000000	746.229857
95	-851.000000	739.547835
104	-737.000000	746.637127
121	-360.000000	757.399498
116	27.000000	760.599106
107	402.000000	752.926291
92	758.000000	738.639290
109	906.000000	731.913929
91	751.000000	738.045392
106	491.000000	748.942588
123	155.000000	755.439607
103	-254.000000	757.370451
109	-530.000000	752.761582
113	-714.000000	746.901600
103	-874.000000	744.247271
111	-956.000000	741.801860
109	-950.000000	744.236522
102	-839.000000	750.360580
116	-465.000000	752.457972
118	72.000000	748.029411
95	624.000000	735.927986
95	1150.000000	722.938448
91	1381.000000	717.220329
95	1188.000000	721.818537
100	746.000000	728.949930
110	242.000000	733.912801
104	-322.000000	738.647413
94	-597.000000	739.918239
128	-608.000000	737.156700
94	-497.000000	729.558085
102	-435.000000	720.047915
89	-303.000000	715.969971
103	-299.000000	725.086891
107	-281.000000	736.042798
112	-127.000000	741.786357
103	231.000000	734.232252
100	581.000000	717.958912
86	936.000000	709.248898
87	1146.000000	709.756296
108	1049.000000	719.494962
89	702.000000	730.736615
113	272.000000	733.851484
106	-281.000000	733.470517
88	-881.000000	730.593594
120	-1332.000000	724.229245
102	-1657.000000	723.258598
98	-1866.000000	726.830104
109	-1756.000000	732.771451
108	-1269.000000	736.455701
120	-585.000000	727.174670
88	152.000000	708.704452
76	838.000000	689.972463
91	1218.000000	679.480684
83	1171.000000	683.737523
90	845.000000	692.247788
93	455.000000	694.501980
96	128.000000	691.651646
88	10.000000	683.050511
90	119.000000	674.952591
80	331.000000	670.463273
83	476.000000	666.145630
91	429.000000	664.780415
72	174.000000	666.139625
92	-183.000000	669.905217
87	-597.000000	673.237699
92	-887.000000	672.857340
93	-954.000000	665.639542
78	-804.000000	656.115843
84	-551.000000	650.721907
73	-72.000000	648.143503
98	405.000000	648.950692
63	820.000000	647.627980
79	1096.000000	641.301801
77	1285.000000	631.437249
71	1146.000000	625.819463
68	855.000000	626.746360
72	452.000000	636.176076
85	102.000000	645.099992
92	-213.000000	647.946757
71	-312.000000	643.866446
81	-279.000000	637.693500
73	-125.000000	638.176308
83	-56.000000	641.685281
83	-32.000000	645.182145
72	-109.000000	645.512974
87	-226.000000	643.979813
77	-424.000000	648.811221
77	-514.000000	651.809788
102	-556.000000	650.330685
64	-542.000000	643.874211
88	-526.000000	634.584904
69	-406.000000	633.529794
77	-276.000000	639.363746
93	-122.000000	642.035825
68	80.000000	639.163516
82	319.000000	625.441444
69	487.000000	613.797198
58	575.000000	613.644034
81	667.000000	618.873977
76	665.000000	626.704875
71	668.000000	627.525298
78	627.000000	621.072460
62	583.000000	615.900154
78	364.000000	615.912331
65	83.000000	618.809341
85	-406.000000	624.213105
67	-784.000000	627.601785
90	-1087.000000	631.179055
74	-1103.000000	634.574661
81	-854.000000	636.168217
84	-201.000000	630.583064
76	352.000000	623.228690
53	806.000000	614.740596
78	976.000000	608.719968
67	825.000000	609.605610
71	269.000000	617.440685
68	-207.000000	626.746360
91	-516.000000	635.211776
82	-572.000000	636.469952
75	-421.000000	628.163195
70	-75.000000	613.280523
68	188.000000	601.185496
69	212.000000	602.381939
62	34.000000	616.404088
81	-193.000000	631.259851
89	-363.000000	633.942426
79	-473.000000	622.494177
62	-352.000000	606.001650
65	-102.000000	597.565059
71	154.000000	602.597710
74	264.000000	611.892147
70	422.000000	612.961663
77	455.000000	607.551644
53	433.000000	600.000833
78	390.000000	599.599867
62	474.000000	602.649152
82	423.000000	607.890615
56	322.000000	609.749129
74	177.000000	607.589500
80	-44.000000	604.575884
58	-470.000000	603.721790
76	-855.000000	606.447854
70	-1053.000000	611.747497
89	-1086.000000	617.728096
70	-890.000000	618.566084
69	-320.000000	613.012235
81	435.000000	601.355968
57	1059.000000	592.227152
57	1515.000000	589.943218
62	1741.000000	593.424806
72	1546.000000	602.343756
65	1007.000000	610.561217
68	341.000000	613.047306
81	-382.000000	612.501429
69	-1094.000000	613.667663
78	-1607.000000	617.505466
80	-1862.000000	624.695126
78	-1817.000000	628.723310
92	-1497.000000	625.447840
66	-981.000000	617.439066
70	-360.000000	606.395910
71	277.000000	597.575937
63	769.000000	594.899151
66	1072.000000	594.649477
60	1266.000000	595.553524
71	1308.000000	594.595661
64	1185.000000	591.233456
59	935.000000	586.977853
66	661.000000	584.110435
65	258.000000	587.744843
65	-162.000000	596.233176
75	-498.000000	605.182617
73	-629.000000	609.298777
81	-730.000000	607.593614
58	-666.000000	602.071424
77	-488.000000	597.844461
67	-294.000000	596.107373
70	-191.000000	601.967607
64	39.000000	607.772161
82	279.000000	611.222545
68	427.000000	609.008210
62	543.000000	598.781262
74	607.000000	589.392060
53	458.000000	590.166078
71	169.000000	603.495650
70	-77.000000	616.421122
90	-284.000000	620.532030
70	-394.000000	612.035947
64	-331.000000	602.872292
68	-159.000000	603.452566
69	1.000000	611.750766
87	66.000000	617.392906
64	54.000000	614.123766
71	-103.000000	607.833036
64	-320.000000	605.413908
78	-517.000000	612.797683
78	-562.000000	618.414101
79	-530.000000	618.939415
64	-320.000000	613.648108
74	-27.000000	603.676238
73	219.000000	597.366722
56	340.000000	595.657620
72	400.000000	597.568406
67	291.000000	602.825845
69	100.000000	604.486559
78	-4.000000	599.871653
62	-43.000000	593.615195
66	-36.000000	591.667136
63	74.000000	594.910077
77	224.000000	598.765396
70	215.000000	596.679981
55	126.000000	588.280545
72	-73.000000	580.548878
58	-295.000000	582.416518
75	-492.000000	594.681427
66	-452.000000	604.630466
81	-265.000000	604.239191
67	120.000000	588.999151
62	459.000000	572.187906
46	670.000000	566.545673
60	617.000000	575.451996
74	384.000000	587.126903
73	-43.000000	591.980574
59	-411.000000	588.578797
66	-591.000000	583.438943
71	-529.000000	584.057360
68	-271.000000	586.461422
67	99.000000	583.084042
58	457.000000	575.802918
60	677.000000	570.977232
61	701.000000	573.870194
61	491.000000	583.456082
65	208.000000	587.135419
79	-133.000000	584.401403
55	-447.000000	581.172092
64	-653.000000	582.248229
69	-623.000000	587.582335
76	-480.000000	590.972081
69	-206.000000	586.552640
56	151.000000	580.927706
60	509.000000	578.815169
68	702.000000	580.901024
64	780.000000	584.176343
63	687.000000	581.770573
61	444.000000	581.071424
60	141.000000	587.660616
75	-99.000000	596.477158
76	-354.000000	603.072135
61	-539.000000	598.884797
79	-640.000000	589.270736
58	-737.000000	587.112425
66	-852.000000	594.383714
76	-820.000000	602.327154
78	-630.000000	603.673753
74	-323.000000	596.450333
52	130.000000	588.814062
66	664.000000	586.184271
68	1067.000000	583.399520
66	1188.000000	579.722347
50	1042.000000	574.893034
58	625.000000	577.119572
69	36.000000	588.158142
74	-513.000000	598.655995
79	-868.000000	600.586380
62	-985.000000	593.286609
69	-794.000000	586.823653
67	-392.000000	584.595587
69	82.000000	587.998299
61	552.000000	590.982233
65	909.000000	587.568719
70	1011.000000	586.500639
46	867.000000	586.249947
80	454.000000	585.779822
58	-166.000000	588.195546
68	-784.000000	590.598002
82	-1311.000000	594.335764
56	-1534.000000	604.435274
89	-1311.000000	606.803922
79	-724.000000	599.556503
58	-38.000000	588.294144
53	778.000000	570.398107
69	1347.000000	566.099815
42	1547.000000	573.608752
73	1434.000000	584.289312
62	1161.000000	592.591765
67	640.000000	593.189683
68	176.000000	587.332955
62	-136.000000	585.101701
71	-267.000000	590.730903
65	-133.000000	604.710675
79	387.000000	621.284959
78	1157.000000	629.108099
72	2057.000000	629.341720
64	2982.000000	626.691312
66	3681.000000	632.786694
68	4003.000000	655.480740
78	3987.000000	687.859724
100	3665.000000	720.952842
98	3110.000000	749.741289
107	2490.000000	773.205018
121	1871.000000	797.352494
122	1235.000000	826.302003
143	755.000000	861.373903
154	380.000000	898.893765
168	186.000000	935.454970
182	163.000000	968.007748
188	206.000000	992.419266
206	-46.000000	1014.876347
180	-552.000000	1037.141263
240	-1692.000000	1059.865086
220	-3360.000000	1087.407927
244	-5221.000000	1114.856493
284	-6937.000000	1134.721552
264	-8353.000000	1150.855769
274	-8818.000000	1153.788542
305	-8439.000000	1148.574334
238	-7591.000000	1142.730502
257	-6291.000000	1130.397718
273	-4892.000000	1114.045780
222	-3911.000000	1095.037442
228	-3313.000000	1071.446219
204	-2778.000000	1047.700339
225	-2390.000000	1026.001949
191	-1712.000000	999.291749
192	-596.000000	969.935049
152	891.000000	933.353631
155	2463.000000	891.770710
133	3862.000000	847.104480
102	4628.000000	805.838694
95	4692.000000	776.113394
95	4210.000000	760.193396
118	3254.000000	752.457308
91	2322.000000	738.869407
106	1665.000000	713.232781
82	1432.000000	681.115262
78	1353.000000	657.830525
67	1600.000000	644.172337
88	1718.000000	640.082807
61	1771.000000	634.253104
84	1614.000000	626.054311
56	1576.000000	619.293145
79	1410.000000	618.839236
64	1436.000000	618.952341
81	1466.000000	618.734192
63	1563.000000	614.682845
67	1415.000000	614.215760
64	1242.000000	621.089366
82	851.000000	632.366191
81	380.000000	644.692175
76	-144.000000	654.618973
87	-462.000000	660.958395
94	-740.000000	667.865256
81	-862.000000	674.861467
97	-925.000000	678.556556
87	-944.000000	680.723145
93	-1061.000000	683.298617
91	-1169.000000	686.019679
96	-1286.000000	692.701956
93	-1288.000000	697.185772
105	-1258.000000	695.186306
90	-1171.000000	687.538363
86	-1036.000000	675.563469
92	-955.000000	665.111269
77	-987.000000	662.107997
87	-918.000000	660.340821
96	-665.000000	655.842207
77	-304.000000	649.919995
71	323.000000	637.600972
83	1105.000000	621.954178
62	1733.000000	606.172418
59	1955.000000	590.580223
54	1879.000000	583.606888
63	1354.000000	587.447019
69	573.000000	595.515743
72	-189.000000	603.084571
71	-525.000000	601.809771
82	-621.000000	595.893447
50	-379.000000	588.723195
75	25.000000	580.085339
61	428.000000	571.867117
59	392.000000	569.643748
49	208.000000	572.214995
74	-130.000000	580.163770
72	-450.000000	586.411119
68	-679.000000	587.662318
60	-477.000000	579.942239
73	-145.000000	568.829500
51	230.000000	558.850606
60	473.000000	552.656313
51	571.000000	552.744968
58	335.000000	556.890474
64	-5.000000	559.520330
62	-260.000000	561.171988
62	-282.000000	560.355244
59	-117.000000	558.674324
57	323.000000	555.849800
64	872.000000	547.647697
52	1209.000000	540.829918
37	1185.000000	540.230506
57	876.000000	545.147686
68	205.000000	553.531390
58	-703.000000	560.536350
60	-1462.000000	564.363358
69	-1861.000000	566.885350
74	-1920.000000	567.684772
63	-1512.000000	562.423328
62	-701.000000	550.395312
53	223.000000	539.534058
46	1015.000000	534.467024
54	1612.000000	533.120999
51	1828.000000	532.298788
46	1626.000000	528.068177
51	1124.000000	528.030302
46	496.000000	534.952334
67	-215.000000	543.511729
58	-807.000000	548.146878
61	-1168.000000	544.136012
63	-1299.000000	537.787133
47	-1228.000000	538.510910
64	-871.000000	542.725529
64	-416.000000	543.028544
53	91.000000	537.098687
50	605.000000	526.063684
45	1040.000000	519.963460
51	1205.000000	523.135738
46	1287.000000	527.007590
65	1142.000000	528.666246
37	810.000000	529.815062
53	361.000000	532.797335
61	-25.000000	535.771406
62	-507.000000	542.109767
49	-815.000000	544.515381
67	-955.000000	548.104917
56	-908.000000	553.956677
68	-766.000000	556.699201
60	-460.000000	553.938625
53	-227.000000	544.691656
57	-41.000000	534.977570
51	93.000000	535.158855
57	215.000000	546.108963
58	330.000000	559.015206
62	579.000000	561.101595
68	839.000000	548.258151
41	974.000000	531.693521
43	933.000000	527.718675
52	688.000000	541.368636
67	134.000000	561.143475
68	-557.000000	570.789804
61	-1164.000000	566.287913
66	-1624.000000	558.404871
56	-1886.000000	557.551791
70	-1788.000000	561.521148
73	-1424.000000	561.610185
55	-933.000000	553.912448
55	-341.000000	539.912030
51	330.000000	526.833940
56	888.000000	521.258093
42	1318.000000	520.438277
48	1607.000000	520.998081
49	1685.000000	517.293920
48	1452.000000	507.706608
44	1036.000000	498.816600
39	498.000000	499.353582
52	-44.000000	512.322164
58	-399.000000	532.190755
62	-410.000000	543.194256
65	-198.000000	539.255042
41	171.000000	526.916502
51	512.000000	513.968871
50	557.000000	512.984405
42	249.000000	527.087279
62	-214.000000	544.901826
66	-794.000000	559.753517
62	-1251.000000	564.295136
69	-1326.000000	554.283321
62	-1053.000000	542.137436
47	-633.000000	538.428268
52	-35.000000	541.365865
69	511.000000	546.440299
50	804.000000	543.764655
53	851.000000	534.201273
44	774.000000	529.758436
55	489.000000	536.295627
61	118.000000	546.662602
59	-180.000000	552.483484
62	-408.000000	545.560262
55	-594.000000	536.477399
48	-660.000000	535.234528
63	-595.000000	539.865724
63	-532.000000	547.669608
51	-369.000000	547.034734
67	-186.000000	535.749942
43	21.000000	525.268503
52	180.000000	522.143658
52	387.000000	525.451235
56	472.000000	533.941944
49	567.000000	531.112982
63	540.000000	520.497839
35	454.000000	512.304597
50	239.000000	511.643431
54	34.000000	521.302216
54	-222.000000	531.635213
62	-332.000000	529.886780
53	-332.000000	523.862577
43	-153.000000	519.808619
59	119.000000	522.326526
49	412.000000	528.605713
57	533.000000	526.035170
49	479.000000	516.725265
42	196.000000	511.841772
52	-281.000000	517.185653
54	-753.000000	532.230213
67	-1019.000000	541.631794
65	-1023.000000	538.394837
47	-749.000000	528.160014
50	-158.000000	516.207323
56	487.000000	511.686427
41	999.000000	513.005848
49	1242.000000	513.236787
44	1202.000000	511.476295
52	799.000000	512.916172
44	225.000000	517.088967
57	-435.000000	522.726506
56	-933.000000	526.038972
61	-1195.000000	526.696307
55	-1200.000000	526.058932
48	-993.000000	525.508325
59	-514.000000	518.877635
61	-42.000000	508.485988
32	306.000000	502.330568
40	593.000000	500.528720
59	803.000000	505.146513
49	790.000000	511.196635
44	672.000000	508.061020
45	525.000000	498.791540
46	302.000000	491.623840
50	-28.000000	491.385795
42	-310.000000	501.244451
50	-432.000000	512.798206
63	-408.000000	515.715038
53	-261.000000	512.227489
39	74.000000	502.816070
50	425.000000	493.630429
43	608.000000	496.215679
42	614.000000	502.702695
58	470.000000	508.039369
42	115.000000	512.734824
51	-241.000000	513.077967
61	-507.000000	515.281476
43	-677.000000	519.437195
61	-748.000000	518.113887
50	-614.000000	513.123767
54	-445.000000	508.744533
44	-240.000000	506.855009
48	69.000000	513.631191
56	473.000000	518.006757
56	780.000000	516.493950
38	1025.000000	510.234260
44	1158.000000	501.158658
51	963.000000	500.340884
37	485.000000	508.956776
58	-78.000000	518.823669
58	-656.000000	527.878774
55	-1125.000000	536.821199
59	-1209.000000	539.391324
66	-1045.000000	536.314274
50	-716.000000	526.866207
53	-264.000000	515.208696
48	112.000000	512.310453
42	245.000000	521.193822
57	363.000000	529.631004
67	458.000000	530.490339
44	464.000000	524.518827
41	597.000000	516.798800
57	901.000000	517.179853
52	1132.000000	526.832042
48	1206.000000	534.185361
51	1257.000000	534.844837
57	1111.000000	534.489476
49	755.000000	540.670880
54	350.000000	558.087807
64	203.000000	577.569909
85	234.000000	593.226769
58	556.000000	602.995854
67	1193.000000	608.227753
71	2157.000000	616.038148
74	3055.000000	634.130113
64	3810.000000	657.887528
79	4362.000000	685.695268
90	4677.000000	711.797022
103	4585.000000	740.808342
86	4289.000000	776.186189
120	3959.000000	815.348392
148	3563.000000	858.579641
140	3059.000000	901.451607
166	2481.000000	940.723658
169	1751.000000	976.873073
206	679.000000	1012.247499
209	-681.000000	1050.107137
222	-2234.000000	1092.463272
258	-3784.000000	1134.551013
283	-5181.000000	1170.852254
299	-6288.000000	1195.436322
292	-7086.000000	1209.988430
292	-7630.000000	1219.890979
317	-7982.000000	1231.583534
313	-8291.000000	1244.842560
322	-8487.000000	1252.866713
323	-8560.000000	1250.155190
311	-8315.000000	1235.871757
316	-7897.000000	1216.150895
265	-7105.000000	1196.030518
294	-6045.000000	1176.763783
261	-4725.000000	1150.463820
264	-3421.000000	1115.461788
208	-1932.000000	1070.911761
204	-481.000000	1027.019474
181	878.000000	988.927702
168	2152.000000	953.388693
170	3357.000000	911.945722
121	4226.000000	863.316860
109	4713.000000	813.468500
97	4878.000000	766.486790
103	4558.000000	729.736939
74	3983.000000	699.451928
82	3401.000000	677.060559
74	3050.000000	659.565008
81	2862.000000	639.025821
68	2999.000000	605.845690
54	3114.000000	563.760587
33	3020.000000	529.006616
41	2553.000000	521.657934
51	1883.000000	538.981447
68	968.000000	556.855457
58	169.000000	554.868453
61	-360.000000	531.877806
48	-562.000000	504.406582
42	-573.000000	496.222732
43	-302.000000	505.323659
66	51.000000	515.758664
51	432.000000	516.232506
42	819.000000	505.067322
42	1131.000000	492.167654
38	1221.000000	487.174507
48	1109.000000	484.471877
47	754.000000	485.095867
33	190.000000	493.434899
49	-240.000000	508.007874
67	-503.000000	521.874506
55	-554.000000	523.868304
52	-349.000000	511.268031
40	86.000000	495.083831
49	285.000000	494.702941
32	383.000000	506.421761
72	376.000000	521.141056
48	239.000000	528.714479
50	-21.000000	531.564672
50	-45.000000	528.008523
66	3.000000	525.753745
51	40.000000	527.150832
41	102.000000	531.990601
62	151.000000	539.545179
56	72.000000	543.803273
67	-58.000000	544.753155
46	-103.000000	545.020183
57	-67.000000	553.778837
62	116.000000	564.118782
74	367.000000	569.985088
57	623.000000	567.329710
49	714.000000	560.852922
59	524.000000	561.544299
59	45.000000	571.106820
76	-577.000000	583.044595
67	-1223.000000	594.132140
67	-1695.000000	602.860680
83	-1765.000000	605.211533
81	-1518.000000	600.839413
65	-1116.000000	588.015306
58	-664.000000	573.689812
59	-301.000000	566.917102
68	-247.000000	569.161664
59	-371.000000	574.242980
67	-483.000000	572.591477
67	-531.000000	561.785546
55	-475.000000	547.387431
54	-179.000000	531.811057
55	265.000000	521.034548
46	654.000000	517.103471
45	924.000000	511.849587
51	1067.000000	503.021868
43	1011.000000	490.372308
42	757.000000	480.069787
35	505.000000	482.848838
47	350.000000	491.025458
61	288.000000	495.360475
39	327.000000	492.277361
40	455.000000	477.548950
44	445.000000	465.468581
29	232.000000	463.352997
53	-144.000000	467.525400
40	-590.000000	479.791621
44	-980.000000	490.770822
61	-1054.000000	492.227590
48	-780.000000	486.296206
44	-216.000000	471.550634
34	431.000000	455.294410
32	1051.000000	449.694341
40	1379.000000	450.645093
35	1352.000000	457.335763
35	996.000000	466.426843
39	570.000000	469.337831
58	4.000000	472.114393
27	-454.000000	472.766327
55	-700.000000	472.061437
43	-689.000000	474.260477
45	-606.000000	481.852675
45	-296.000000	485.120604
50	45.000000	484.785520
42	303.000000	479.696779
38	367.000000	473.481784
40	279.000000	472.430947
44	16.000000	477.195977
49	-299.000000	485.741701
47	-554.000000	495.025252
47	-649.000000	498.679256
55	-517.000000	492.133112
49	-305.000000	480.225988
31	-85.000000	468.601110
42	61.000000	465.288083
40	167.000000	472.255228
53	110.000000	482.520466
39	60.000000	485.771551
47	73.000000	481.212011
43	148.000000	468.247798
42	105.000000	457.664724
29	99.000000	454.857120
45	70.000000	459.373486
45	-39.000000	469.481629
38	-130.000000	476.419983
51	-27.000000	470.439157
44	131.000000	460.958783
27	271.000000	454.544827
40	446.000000	452.249931
43	527.000000	457.450544
37	453.000000	460.552929
45	266.000000	463.273138
29	121.000000	469.076753
54	-46.000000	472.798054
45	-160.000000	472.747290
40	-233.000000	469.332505
41	-204.000000	464.854816
40	-244.000000	470.195704
43	-266.000000	478.520637
55	-273.000000	482.378482
41	-265.000000	478.772389
42	-330.000000	472.052963
36	-324.000000	468.173045
52	-282.000000	469.638159
44	-220.000000	473.457495
37	-110.000000	475.059996
47	132.000000	472.878420
41	417.000000	467.868571
44	673.000000	462.656460
30	874.000000	459.144857
38	1046.000000	461.878772
44	1098.000000	468.685396
39	1076.000000	478.261435
44	1073.000000	486.689840
43	1168.000000	493.939268
51	1191.000000	504.550295
38	1202.000000	514.441445
58	1128.000000	521.867799
50	960.000000	529.656492
53	591.000000	546.804353
54	280.000000	572.545195
77	27.000000	600.182472
79	-54.000000	616.760894
79	-58.000000	620.791430
63	143.000000	623.311319
75	329.000000	637.200910
82	444.000000	662.590371
96	342.000000	688.537581
94	108.000000	701.841863
100	-474.000000	705.010638
85	-1278.000000	708.139817
106	-2183.000000	718.390562
116	-2958.000000	735.927986
118	-3518.000000	754.481279
120	-3542.000000	764.239491
126	-3074.000000	761.289695
114	-2274.000000	745.888732
103	-1426.000000	724.942756
88	-741.000000	708.650125
93	-453.000000	705.999292
95	-549.000000	710.607487
109	-861.000000	710.324574
99	-1129.000000	698.267141
86	-1159.000000	674.134260
88	-913.000000	650.499039
65	-361.000000	633.110575
88	361.000000	619.421504
64	1022.000000	605.278448
55	1481.000000	587.580633
62	1748.000000	566.660392
51	1704.000000	549.794507
55	1400.000000	539.840717
44	1003.000000	534.040261
59	595.000000	529.657436
54	204.000000	520.952973
48	-16.000000	507.702669
51	-59.000000	494.816127
35	-1.000000	486.930180
52	140.000000	482.644797
44	359.000000	477.146728
41	522.000000	469.158822
35	588.000000	458.427748
34	629.000000	451.669127
45	617.000000	448.135024
35	508.000000	446.598253
33	424.000000	447.725362
38	448.000000	446.920575
45	407.000000	445.186478
30	358.000000	442.434176
35	338.000000	435.777466
40	231.000000	431.864562
29	-25.000000	437.971460
38	-170.000000	445.131441
52	-274.000000	452.820053
29	-333.000000	455.127455
47	-250.000000	447.816927
37	-13.000000	440.457716
32	125.000000	438.039953
36	222.000000	439.640762
36	279.000000	445.635501
45	235.000000	449.100212
35	60.000000	450.199956
33	-52.000000	450.501942
47	-149.000000	447.232602
39	-251.000000	446.400045
35	-336.000000	448.430597
37	-344.000000	449.664319
46	-411.000000	450.835890
37	-451.000000	446.350759
43	-444.000000	439.244806
29	-382.000000	436.788278
37	-267.000000	439.650998
45	0.000000	440.989796
39	301.000000	438.343473
27	558.000000	426.661458
30	774.000000	415.237282
31	859.000000	412.003641
33	733.000000	415.866565
31	476.000000	426.790347
30	251.000000	433.108531
52	-8.000000	434.255685
25	-166.000000	432.626860
40	-171.000000	429.454305
35	-62.000000	430.481126
33	-1.000000	437.992009
42	113.000000	442.387839
38	113.000000	443.295612
33	-19.000000	440.512202
37	-235.000000	437.896106
39	-415.000000	441.770302
43	-621.000000	451.301451
36	-666.000000	459.140501
51	-556.000000	458.514994
39	-329.000000	448.913132
34	-99.000000	435.406706
32	162.000000	426.745826
33	333.000000	431.656113
38	442.000000	443.348621
41	449.000000	450.964522
35	456.000000	446.781826
40	406.000000	432.421091
29	306.000000	422.158738
30	110.000000	428.635043
35	-82.000000	442.913084
52	-335.000000	453.335417
38	-549.000000	450.602929
38	-688.000000	437.268796
34	-678.000000	430.587970
33	-579.000000	436.163960
48	-337.000000	443.532411
39	-52.000000	443.501973
31	285.000000	430.682017
35	570.000000	416.542915
21	800.000000	415.203565
39	890.000000	423.438307
33	897.000000	432.392183
36	725.000000	434.774654
32	423.000000	427.135810
33	8.000000	422.239269
34	-399.000000	424.868215
41	-792.000000	436.153643
38	-991.000000	450.465315
47	-918.000000	455.888144
47	-594.000000	450.146643
32	-131.000000	439.471273
30	392.000000	427.366353
36	817.000000	423.111097
29	1024.000000	429.881379
34	1023.000000	438.940770
39	865.000000	449.333952
34	724.000000	457.482240
49	574.000000	458.621849
34	484.000000	459.001089
36	521.000000	461.758595
47	727.000000	469.888285
42	835.000000	489.635579
37	1068.000000	509.034380
67	1359.000000	521.186147
46	1526.000000	529.607402
44	1380.000000	538.169118
49	1165.000000	548.396754
75	617.000000	568.971880
56	-193.000000	593.539384
77	-1057.000000	618.285533
81	-1687.000000	636.857127
98	-2190.000000	646.437932
86	-2404.000000	650.934713
75	-2335.000000	654.980152
95	-2094.000000	659.518006
90	-1872.000000	664.173170
91	-1632.000000	665.157124
85	-1397.000000	662.468867
80	-1177.000000	662.720907
90	-975.000000	661.069588
92	-744.000000	655.260254
77	-554.000000	642.801680
72	-481.000000	625.444642
71	-533.000000	614.969105
70	-585.000000	610.937804
86	-649.000000	608.227753
61	-631.000000	601.602028
69	-386.000000	586.276385
69	43.000000	564.830063
51	443.000000	545.971611
46	808.000000	528.866713
51	1078.000000	516.166640
50	1074.000000	509.676368
40	881.000000	504.516600
49	630.000000	497.475628
46	378.000000	485.845655
46	136.000000	472.533597
35	23.000000	460.059779
40	-19.000000	454.093603
37	52.000000	450.217725
47	149.000000	445.038201
30	244.000000	435.642055
30	336.000000	422.953898
36	449.000000	411.403695
30	475.000000	406.587014
28	489.000000	407.591707
29	580.000000	408.129881
38	669.000000	406.751767
25	707.000000	401.169540
27	730.000000	392.076523
28	686.000000	386.812616
24	447.000000	390.249920
31	85.000000	397.724779
33	-276.000000	406.910310
35	-600.000000	409.716975
38	-830.000000	408.196031
26	-794.000000	407.953429
39	-499.000000	405.454066
36	-116.000000	404.875289
20	345.000000	404.199208
37	771.000000	398.277541
24	939.000000	394.234702
22	814.000000	392.527706
32	534.000000	391.795865
31	72.000000	401.424962
28	-398.000000	415.733087
42	-683.000000	425.655964
42	-755.000000	426.071590
34	-661.000000	415.207177
29	-443.000000	398.704151
28	-236.000000	393.908619
26	-110.000000	402.512112
40	-80.000000	412.131047
35	-180.000000	414.883116
25	-233.000000	404.018564
41	-212.000000	389.474004
18	-119.000000	387.593860
29	66.000000	394.748021
36	379.000000	395.318859
33	585.000000	387.975515
16	709.000000	372.975871
21	693.000000	364.583324
24	511.000000	371.783539
31	211.000000	383.774673
36	-34.000000	391.591624
24	-267.000000	394.211872
26	-356.000000	390.120494
40	-256.000000	384.432049
27	-91.000000	381.223032
22	41.000000	381.569129
23	218.000000	387.285424
37	313.000000	392.989822
34	230.000000	394.970885
18	60.000000	391.274839
32	-124.000000	384.455459
31	-387.000000	386.060876
28	-632.000000	394.304451
37	-734.000000	400.749298
30	-660.000000	401.977611
36	-467.000000	393.409456
28	-124.000000	381.698834
21	306.000000	374.859974
27	745.000000	373.859599
25	1041.000000	379.603741
24	1237.000000	384.789553
29	1224.000000	383.679554
21	983.000000	380.726936
26	489.000000	380.842487
26	-54.000000	386.554007
39	-702.000000	400.047497
27	-1208.000000	413.185189
47	-1475.000000	421.790232
37	-1384.000000	421.236276
39	-1123.000000	415.329989
25	-633.000000	402.018656
36	-164.000000	388.934442
23	227.000000	383.169675
25	388.000000	385.875628
28	477.000000	393.747381
31	471.000000	398.435691
35	484.000000	391.203272
25	458.000000	378.937990
14	547.000000	370.028377
34	575.000000	368.033966
23	568.000000	378.552506
27	514.000000	390.520166
31	481.000000	394.239775
30	290.000000	396.108571
23	159.000000	391.278673
42	-13.000000	389.729393
16	-225.000000	399.112766
35	-441.000000	412.697226
43	-473.000000	422.664169
40	-544.000000	426.537220
28	-526.000000	420.152353
33	-437.000000	413.167036
35	-375.000000	410.678707
35	-455.000000	413.007264
30	-479.000000	417.443409
38	-511.000000	419.011933
35	-502.000000	419.008353
34	-351.000000	415.132509
36	-54.000000	405.144419
26	229.000000	395.273323
23	519.000000	386.860440
33	735.000000	384.526982
22	748.000000	389.574126
26	581.000000	391.258227
34	339.000000	388.470076
26	-25.000000	383.271444
28	-454.000000	379.301991
25	-784.000000	381.887418
36	-968.000000	386.326287
37	-1057.000000	386.762201
22	-953.000000	379.174102
32	-620.000000	362.563098
24	-179.000000	346.697274
19	311.000000	342.550726
18	854.000000	344.894187
23	1302.000000	345.603819
21	1509.000000	335.325215
12	1474.000000	314.191025
14	1157.000000	301.414996
7	607.000000	311.905434
27	9.000000	338.929196
33	-452.000000	361.859089
30	-674.000000	369.334537
25	-580.000000	360.077769
22	-286.000000	346.170478
22	6.000000	336.606595
20	196.000000	335.809470
21	141.000000	343.282682
20	-151.000000	356.296225
29	-496.000000	370.475370
35	-710.000000	376.007979
33	-833.000000	372.629843
15	-707.000000	358.824470
33	-385.000000	341.673821
19	-59.000000	332.130998
16	179.000000	336.435729
20	443.000000	343.477801
29	607.000000	348.458032
21	667.000000	345.162281
16	736.000000	332.298059
22	779.000000	325.126129
10	686.000000	328.435686
27	484.000000	338.186339
22	227.000000	346.971180
24	-103.000000	350.695024
25	-430.000000	352.235717
21	-659.000000	357.744322
34	-718.000000	363.205176
29	-645.000000	366.577413
23	-494.000000	365.702065
25	-298.000000	359.385587
25	-144.000000	351.892029
26	-116.000000	347.099409
17	-226.000000	347.165667
23	-343.000000	350.823317
32	-448.000000	353.502475
24	-448.000000	351.323213
25	-328.000000	342.467517
15	-13.000000	328.796290
26	332.000000	317.776651
12	666.000000	310.448063
17	885.000000	310.104821
12	1027.000000	310.604250
22	971.000000	313.303367
14	812.000000	314.922213
18	605.000000	317.138771
19	399.000000	320.513650
20	164.000000	328.079259
22	-10.000000	337.295123
24	-120.000000	344.665055
25	-257.000000	348.931225
20	-357.000000	349.037247
30	-400.000000	350.194232
22	-368.000000	357.169428
27	-303.000000	372.181407
25	-76.000000	382.036647
40	197.000000	382.707460
20	465.000000	372.833743
22	610.000000	364.502401
18	682.000000	371.141482
30	569.000000	390.406199
38	318.000000	408.220529
29	10.000000	416.187458
35	-226.000000	413.777718
34	-479.000000	411.799709
30	-669.000000	418.801862
41	-734.000000	428.756341
41	-760.000000	436.616537
36	-811.000000	438.430154
36	-738.000000	433.365896
43	-596.000000	428.651373
32	-471.000000	429.691750
32	-278.000000	433.993088
43	-37.000000	432.983833
38	100.000000	426.701301
26	127.000000	415.996394
30	48.000000	405.151823
32	-172.000000	404.413155
31	-425.000000	406.727181
43	-612.000000	408.668570
24	-659.000000	409.183333
35	-476.000000	401.220638
39	-126.000000	387.267350
17	236.000000	371.066032
23	552.000000	352.283976
18	750.000000	343.164683
22	741.000000	348.830905
23	631.000000	358.899707
25	534.000000	366.475101
27	450.000000	358.630729
24	394.000000	341.109953
15	362.000000	328.426552
16	280.000000	329.277998
23	88.000000	344.331236
26	-116.000000	355.612148
35	-303.000000	356.520687
15	-390.000000	353.618438
23	-376.000000	350.878896
29	-179.000000	351.671722
27	48.000000	352.215843
21	233.000000	345.289733
15	273.000000	340.994135
18	276.000000	340.822534
37	90.000000	346.236913
13	-147.000000	355.019718
27	-306.000000	358.655824
29	-312.000000	355.859523
27	-354.000000	352.036930
18	-222.000000	344.621532
25	-29.000000	339.333170
20	92.000000	338.812633
20	156.000000	343.068506
25	339.000000	345.634200
28	398.000000	347.433447
10	423.000000	350.144256
27	442.000000	344.940575
29	336.000000	336.339115
11	13.000000	333.141111
19	-305.000000	334.327684
31	-651.000000	350.298444
22	-895.000000	366.972751
42	-906.000000	367.031334
23	-681.000000	354.985915
15	-345.000000	336.263290
24	59.000000	319.701423
16	342.000000	317.329482
18	480.000000	321.424952
19	501.000000	325.841986
20	434.000000	332.114438
20	358.000000	331.936741
24	377.000000	323.831746
19	373.000000	312.779475
8	359.000000	306.419647
21	325.000000	310.739441
20	195.000000	322.380210
22	-30.000000	333.202641
21	-162.000000	334.622175
26	-276.000000	332.544734
16	-342.000000	331.378937
24	-290.000000	332.045178
26	-167.000000	333.716946
18	-139.000000	336.203807
18	-112.000000	334.221483
27	-110.000000	328.447865
21	-152.000000	327.029051
16	-181.000000	331.178200
23	-98.000000	339.434824
26	42.000000	344.168563
25	230.000000	335.779690
19	361.000000	320.135909
6	376.000000	309.137510
21	265.000000	312.865786
23	34.000000	326.671088
24	-281.000000	338.811157
21	-480.000000	341.016129
25	-507.000000	334.429365
26	-421.000000	328.595496
12	-220.000000	322.546121
26	55.000000	314.405789
16	230.000000	309.590052
12	274.000000	309.757970
22	244.000000	314.028661
16	163.000000	319.141035
27	77.000000	318.827540
15	52.000000	314.124179
16	74.000000	310.605860
19	121.000000	306.246633
19	174.000000	304.121686
19	153.000000	303.583596
10	87.000000	306.690398
22	26.000000	315.026983
22	-27.000000	319.435439
23	-117.000000	317.721576
13	-117.000000	309.262025
20	-88.000000	303.769650
17	-95.000000	309.006472
17	-128.000000	316.872214
26	-63.000000	317.617695
20	-54.000000	312.490000
11	-54.000000	308.003247
19	1.000000	309.908051
21	90.000000	312.009615
25	52.000000	310.869748
6	43.000000	304.074004
23	46.000000	299.536308
16	7.000000	305.707376
17	-49.000000	315.241178
26	23.000000	316.466428
16	82.000000	308.933650
16	119.000000	298.142583
13	184.000000	296.293773
18	259.000000	305.245803
23	234.000000	316.249901
13	212.000000	320.156212
26	203.000000	313.705276
15	167.000000	309.148831
13	85.000000	313.832758
23	36.000000	322.570922
23	-21.000000	331.256698
24	-93.000000	332.774699
18	-205.000000	330.634239
17	-289.000000	332.741642
28	-417.000000	333.926639
25	-591.000000	333.225149
19	-758.000000	332.027107
19	-800.000000	328.027438
31	-780.000000	330.898776
16	-576.000000	335.052235
30	-198.000000	329.899985
17	215.000000	314.698268
9	537.000000	293.146721
17	790.000000	272.539905
9	805.000000	271.354012
9	627.000000	287.619540
19	439.000000	304.251541
26	280.000000	310.879398
16	103.000000	299.140435
10	47.000000	276.248077
15	69.000000	263.117844
11	31.000000	274.432141
16	-28.000000	298.931430
22	5.000000	314.755461
25	35.000000	311.575031
14	71.000000	295.910459
9	162.000000	286.108371
16	236.000000	289.271499
21	194.000000	304.873744
16	118.000000	317.487008
24	-17.000000	317.217591
16	-182.000000	316.123394
16	-305.000000	315.453642
30	-364.000000	317.493307
14	-404.000000	325.557983
20	-344.000000	324.792241
31	-255.000000	320.822381
8	-164.000000	321.599129
25	-75.000000	319.576282
20	0.000000	319.731137
16	-11.000000	318.811857
24	-63.000000	308.280716
15	-160.000000	305.973855
13	-231.000000	310.095147
27	-254.000000	313.751494
20	-212.000000	315.867061
17	-73.000000	304.218671
20	142.000000	289.523747
5	292.000000	284.949118
16	396.000000	284.594448
22	462.000000	285.499562
12	421.000000	286.602512
11	284.000000	287.544779
12	201.000000	291.309114
27	122.000000	291.513293
16	40.000000	286.649612
8	-23.000000	284.596205
13	-22.000000	287.033099
24	-56.000000	297.546635
18	-96.000000	302.271401
19	-166.000000	296.826549
9	-208.000000	290.027585
19	-266.000000	288.620859
21	-301.000000	295.474195
15	-295.000000	302.428504
21	-171.000000	301.063116
17	-44.000000	296.162118
12	75.000000	289.470206
18	184.000000	280.096412
13	254.000000	272.525228
14	207.000000	274.413921
8	180.000000	286.160794
23	219.000000	300.564469
21	281.000000	302.021522
15	372.000000	289.827535
10	501.000000	273.647584
9	531.000000	270.892968
16	423.000000	290.742154
16	244.000000	311.024115
30	-20.000000	320.608796
12	-335.000000	318.548269
20	-579.000000	311.523675
25	-742.000000	312.550796
15	-841.000000	322.615871
30	-836.000000	329.305329
20	-716.000000	328.347377
23	-557.000000	320.538609
17	-365.000000	306.853385
17	-151.000000	300.058328
17	74.000000	299.142107
17	235.000000	299.861635
16	343.000000	296.622656
14	468.000000	284.689304
18	564.000000	271.992647
6	585.000000	272.306812
9	595.000000	281.746340
24	611.000000	287.048776
17	462.000000	283.749890
5	227.000000	271.748045
14	-31.000000	265.855224
14	-296.000000	277.773289
24	-552.000000	299.699850
17	-589.000000	312.344361
26	-438.000000	310.872964
14	-175.000000	293.579631
16	141.000000	277.739086
9	437.000000	274.745337
12	558.000000	285.163111
19	452.000000	299.452834
14	233.000000	302.100976
28	-77.000000	298.688801
4	-395.000000	297.178398
23	-647.000000	303.728497
22	-706.000000	309.270108
26	-670.000000	306.796349
16	-526.000000	293.952377
7	-276.000000	284.573365
21	71.000000	285.949296
18	355.000000	293.470612
14	585.000000	294.769401
13	743.000000	281.177880
11	723.000000	262.969580
10	507.000000	257.307209
9	252.000000	271.429549
21	11.000000	293.201296
21	-185.000000	310.275684
17	-220.000000	308.716699
25	-99.000000	290.597660
7	27.000000	275.679161
9	106.000000	274.874517
20	96.000000	290.241279
16	-16.000000	309.657876
26	-232.000000	313.346454
16	-401.000000	307.390631
16	-473.000000	302.312752
21	-414.000000	300.499584
20	-301.000000	307.631273
14	-60.000000	306.440859
27	171.000000	297.111090
5	332.000000	291.307398
14	402.000000	291.592181
20	439.000000	297.138015
18	327.000000	304.550488
16	134.000000	303.285344
15	-100.000000	297.936235
18	-354.000000	293.274615
20	-583.000000	293.027302
18	-687.000000	300.943516
18	-624.000000	310.361080
23	-388.000000	313.241121
21	-3.000000	302.286288
16	402.000000	281.328989
3	752.000000	263.081736
11	953.000000	265.708487
12	948.000000	284.731452
20	735.000000	302.742465
17	399.000000	304.993443
16	-26.000000	293.281435
16	-461.000000	284.764815
13	-795.000000	290.762790
27	-972.000000	307.866854
21	-911.000000	323.816306
25	-588.000000	325.865003
22	-72.000000	311.759523
11	545.000000	294.955929
12	1166.000000	284.408157
13	1558.000000	290.712917
8	1667.000000	310.523751
20	1549.000000	326.206990
24	1113.000000	332.855825
14	470.000000	338.387352
21	-119.000000	346.688621
34	-622.000000	365.707533
27	-1073.000000	389.962819
34	-1149.000000	402.451239
49	-983.000000	403.535624
19	-781.000000	399.828713
30	-521.000000	399.470900
32	-162.000000	402.484782
43	-97.000000	411.126501
19	-171.000000	417.079129
38	-218.000000	419.339958
42	-308.000000	421.480723
28	-494.000000	423.511511
39	-488.000000	421.551895
35	-430.000000	416.285959
33	-456.000000	411.361155
29	-476.000000	407.003685
34	-447.000000	404.399555
37	-501.000000	403.857648
24	-535.000000	402.252408
38	-461.000000	395.728442
29	-359.000000	383.805941
25	-239.000000	368.533581
26	-86.000000	354.183568
17	59.000000	348.971346
26	136.000000	346.052019
23	209.000000	337.468517
22	260.000000	323.882695
12	323.000000	305.183551
17	364.000000	295.736369
12	465.000000	293.780530
23	573.000000	291.463548
12	679.000000	284.764815
8	738.000000	273.784587
14	807.000000	265.975563
12	744.000000	266.623330
12	581.000000	271.748045
12	356.000000	276.188342
16	96.000000	277.279642
19	-232.000000	281.417839
9	-444.000000	289.485751
26	-585.000000	294.779579
16	-664.000000	294.686274
18	-628.000000	287.742941
19	-469.000000	276.942232
10	-337.000000	279.315234
12	-124.000000	286.384357
27	156.000000	287.937493
14	344.000000	281.662919
4	445.000000	265.135814
13	528.000000	251.201115
12	471.000000	254.470038
12	254.000000	267.850705
13	73.000000	278.716702
20	-80.000000	280.994662
15	-235.000000	272.618781
13	-325.000000	263.986742
10	-272.000000	258.959456
19	-207.000000	263.003802
10	-124.000000	270.957561
17	39.000000	275.156319
16	231.000000	272.427972
10	333.000000	265.365785
11	367.000000	256.731377
10	341.000000	250.409664
16	140.000000	252.467820
6	-142.000000	263.844651
18	-381.000000	277.955032
21	-528.000000	282.595117
18	-604.000000	275.688230
11	-459.000000	257.516990
14	-189.000000	247.016194
6	117.000000	253.418626
15	404.000000	263.662663
16	672.000000	262.164071
11	759.000000	248.118923
2	693.000000	236.213886
6	497.000000	242.608739
17	199.000000	259.636284
19	-154.000000	272.051466
14	-421.000000	273.596418
13	-593.000000	270.179570
14	-625.000000	273.278246
20	-526.000000	276.090565
20	-372.000000	271.551100
7	-249.000000	261.172357
9	-115.000000	250.097981
18	-32.000000	252.934774
9	20.000000	266.289316
18	105.000000	272.978021
13	233.000000	265.098095
12	297.000000	245.664405
7	322.000000	224.895531
6	281.000000	224.523941
9	131.000000	240.147871
15	-61.000000	256.095685
18	-164.000000	260.541743
13	-176.000000	250.611253
8	-115.000000	241.530536
6	59.000000	237.067501
20	249.000000	236.442382
7	318.000000	236.816385
4	245.000000	233.484475
12	121.000000	234.066230
12	-76.000000	243.294061
16	-292.000000	252.729104
10	-398.000000	255.929678
15	-306.000000	249.955996
17	-149.000000	240.863032
2	52.000000	237.027425
12	314.000000	237.364698
12	534.000000	238.796985
11	535.000000	242.798270
3	432.000000	243.708843
14	268.000000	242.173492
16	-17.000000	244.129064
6	-335.000000	252.537126
16	-466.000000	263.890129
19	-491.000000	272.270086
16	-438.000000	271.727805
14	-244.000000	260.353606
10	7.000000	246.708330
10	105.000000	243.259121
6	146.000000	250.774799
21	137.000000	259.088788
13	32.000000	264.786707
7	-125.000000	264.229067
17	-153.000000	255.423178
17	-162.000000	249.511523
6	-162.000000	244.372666
13	-112.000000	244.904063
8	22.000000	250.059993
21	91.000000	252.168594
7	141.000000	248.565887
8	211.000000	240.389268
14	238.000000	230.612229
6	145.000000	232.109888
10	57.000000	238.123917
14	21.000000	241.464283
14	-26.000000	247.673172
6	-10.000000	248.829259
17	133.000000	248.971886
10	259.000000	244.129064
10	286.000000	234.661458
7	281.000000	231.121180
8	194.000000	238.373656
17	-24.000000	256.320112
8	-177.000000	272.780131
26	-226.000000	274.116763
13	-244.000000	264.718719
5	-187.000000	257.881756
16	-36.000000	253.460056
16	13.000000	262.188863
8	-14.000000	271.746205
19	-55.000000	271.350327
15	-197.000000	270.988930
8	-381.000000	268.858699
22	-495.000000	264.289614
13	-563.000000	263.398937
12	-592.000000	261.457454
16	-437.000000	257.687796
15	-215.000000	256.322063
9	64.000000	248.688560
13	362.000000	234.721111
5	652.000000	218.714426
8	759.000000	210.421007
0	783.000000	213.070411
14	676.000000	224.695349
7	494.000000	231.555609
13	234.000000	232.172350
6	39.000000	227.374141
12	-136.000000	226.512693
11	-241.000000	233.368807
11	-279.000000	245.285548
15	-231.000000	252.232036
13	-172.000000	252.194369
11	-115.000000	245.985772
11	-81.000000	238.815829
10	-124.000000	239.841614
10	-222.000000	245.022448
17	-332.000000	252.614331
11	-398.000000	254.684118
17	-426.000000	250.627213
8	-336.000000	242.993827
14	-176.000000	233.713500
10	2.000000	225.477272
5	139.000000	218.926928
11	271.000000	212.642893
7	332.000000	212.461761
6	338.000000	214.429476
10	347.000000	214.338517
8	404.000000	211.641206
10	425.000000	207.511445
1	409.000000	206.356488
8	382.000000	207.118324
13	295.000000	209.200860
5	96.000000	215.220817
7	-105.000000	225.386335
12	-238.000000	235.257306
19	-334.000000	243.232399
9	-368.000000	246.264086
9	-304.000000	239.979166
16	-213.000000	233.852518
6	-173.000000	232.561820
14	-173.000000	235.127625
8	-197.000000	241.894605
12	-201.000000	244.660990
20	-175.000000	242.732363
3	-54.000000	241.172138
14	154.000000	238.163809
9	386.000000	234.004273
10	528.000000	230.108670
7	582.000000	221.702503
6	462.000000	218.910941
8	200.000000	228.543213
11	-116.000000	244.944892
19	-385.000000	257.614052
14	-573.000000	260.793021
11	-578.000000	251.268780
18	-437.000000	238.887003
5	-203.000000	236.957802
12	76.000000	242.668498
13	322.000000	249.038150
9	467.000000	249.845953
13	497.000000	239.296887
6	393.000000	230.219461
7	189.000000	235.259431
12	-30.000000	247.592407
20	-243.000000	262.398552
11	-370.000000	267.996269
16	-367.000000	260.463049
14	-294.000000	248.813183
7	-161.000000	243.846263
15	9.000000	245.957313
11	105.000000	255.458411
10	111.000000	263.710068
16	79.000000	256.485867
16	-84.000000	242.919740
1	-302.000000	232.800344
14	-447.000000	234.633757
16	-510.000000	251.833278
13	-478.000000	264.843350
19	-228.000000	254.251844
11	137.000000	228.195092
0	469.000000	200.052493
4	744.000000	191.562000
6	907.000000	211.170547
10	844.000000	228.508206
11	600.000000	232.340268
4	321.000000	224.037943
14	7.000000	215.835586
6	-312.000000	226.415547
10	-508.000000	245.466902
23	-553.000000	254.591830
13	-566.000000	250.826633
8	-484.000000	237.781412
10	-296.000000	227.811325
12	-111.000000	233.210206
11	47.000000	245.851581
11	266.000000	248.720727
16	437.000000	241.927675
1	531.000000	230.675096
11	594.000000	224.405882
9	596.000000	233.940163
7	449.000000	248.907613
17	260.000000	257.864305
11	75.000000	261.011494
15	-129.000000	257.586879
12	-247.000000	262.024808
11	-128.000000	277.989208
27	147.000000	296.423683
12	483.000000	310.868139
16	939.000000	310.530192
22	1294.000000	298.834402
4	1325.000000	297.497899
11	1084.000000	315.429865
23	705.000000	348.443683
36	50.000000	384.244714
25	-599.000000	403.498451
43	-1042.000000	404.820948
34	-1301.000000	399.275594
29	-1475.000000	404.575086
32	-1351.000000	421.068878
50	-1139.000000	439.805639
40	-950.000000	445.838536
38	-790.000000	434.149744
33	-620.000000	415.956729
30	-606.000000	411.142311
31	-631.000000	421.937199
44	-630.000000	433.905520
42	-560.000000	432.164321
34	-439.000000	412.066742
26	-230.000000	387.822124
20	7.000000	375.341178
31	232.000000	374.641162
31	383.000000	378.006614
21	459.000000	374.559742
25	453.000000	360.462203
21	373.000000	344.797042
21	212.000000	331.381955
21	5.000000	323.386765
16	-181.000000	325.338285
23	-276.000000	329.554244
27	-283.000000	329.998485
18	-182.000000	319.173934
19	35.000000	294.446939
12	218.000000	268.946091
6	294.000000	258.893801
13	319.000000	264.410665
18	314.000000	274.816302
16	222.000000	277.149779
8	223.000000	264.490075
17	311.000000	243.829859
6	392.000000	227.134321
6	397.000000	224.661968
7	417.000000	229.069858
17	317.000000	237.686769
6	160.000000	242.903273
12	7.000000	241.149331
12	-52.000000	235.116992
12	-63.000000	233.415938
9	22.000000	235.401784
10	125.000000	242.682921
10	245.000000	246.400081
17	289.000000	241.112007
7	195.000000	236.543865
2	-20.000000	234.264807
18	-234.000000	239.599666
15	-447.000000	253.205450
14	-566.000000	265.706605
14	-469.000000	271.858419
16	-184.000000	266.379429
19	93.000000	248.650357
0	320.000000	227.648852
7	417.000000	216.450918
8	295.000000	228.146883
11	-16.000000	253.795193
19	-293.000000	267.882437
18	-484.000000	264.571351
11	-531.000000	247.598465
10	-387.000000	231.661391
9	-102.000000	226.269751
13	157.000000	228.278339
6	365.000000	228.746585
10	472.000000	224.093730
7	413.000000	220.288447
5	255.000000	220.215803
15	76.000000	220.775904
8	-127.000000	221.632579
9	-293.000000	222.878891
10	-308.000000	222.737514
14	-240.000000	223.548652
8	-99.000000	219.997727
8	147.000000	212.661703
9	425.000000	208.146583
4	580.000000	210.622886
6	652.000000	216.092573
11	596.000000	216.018518
8	343.000000	212.487647
4	-49.000000	214.562345
9	-408.000000	224.191882
20	-709.000000	241.964873
11	-862.000000	254.668412
18	-791.000000	250.952187
13	-501.000000	237.151850
7	-135.000000	222.317341
9	212.000000	213.939244
3	447.000000	215.185966
11	537.000000	214.165824
11	440.000000	213.925221
0	250.000000	221.061078
12	68.000000	228.057010
15	-54.000000	230.499458
13	-112.000000	226.472956
5	-77.000000	217.786593
5	-58.000000	212.941306
11	-70.000000	213.419774
13	-90.000000	214.228850
10	-143.000000	216.972348
1	-215.000000	225.395208
12	-119.000000	232.587618
25	55.000000	232.045254
2	191.000000	222.766694
0	319.000000	206.429165
8	405.000000	191.083751
13	249.000000	196.242197
1	-12.000000	213.513466
11	-220.000000	231.205536
16	-371.000000	243.538498
13	-421.000000	239.835360
16	-249.000000	220.923064
1	9.000000	201.804361
3	244.000000	198.025251
10	435.000000	211.926874
11	535.000000	227.817910
11	459.000000	229.919551
2	324.000000	223.763268
12	152.000000	219.120971
11	-38.000000	226.940521
9	-243.000000	241.985537
14	-359.000000	247.473231
17	-470.000000	246.981781
7	-543.000000	239.468161
16	-593.000000	234.552766
5	-542.000000	235.452755
20	-434.000000	239.156852
10	-217.000000	242.113610
9	76.000000	242.086761
12	414.000000	231.330932
7	689.000000	216.039348
6	809.000000	199.927487
0	740.000000	192.208220
7	494.000000	205.936884
9	177.000000	228.032892
18	-174.000000	247.580290
9	-388.000000	251.706178
17	-454.000000	239.303155
10	-376.000000	220.376950
7	-275.000000	216.709483
5	-96.000000	227.393931
18	-7.000000	242.707643
10	22.000000	248.060476
13	-17.000000	236.082613
8	-58.000000	219.981817
5	-174.000000	218.073382
11	-201.000000	228.440364
18	-199.000000	240.035414
8	-136.000000	237.604714
12	-20.000000	221.995495
4	188.000000	205.936884
10	326.000000	206.533290
2	426.000000	215.569014
14	450.000000	219.827205
9	366.000000	213.682007
3	159.000000	205.837314
8	-64.000000	206.968597
9	-241.000000	221.551348
17	-355.000000	235.289184
11	-351.000000	236.251984
10	-215.000000	227.541205
8	37.000000	214.105114
10	243.000000	213.056331
2	403.000000	219.583697
14	466.000000	225.348619
8	404.000000	226.446462
8	145.000000	225.368587
7	-111.000000	227.940782
15	-361.000000	236.205419
15	-567.000000	246.286419
10	-696.000000	249.871967
15	-603.000000	240.605486
17	-446.000000	228.718167
1	-227.000000	223.738687
12	28.000000	227.771816
8	309.000000	228.834001
17	453.000000	221.465573
0	533.000000	205.871319
4	552.000000	201.930681
7	489.000000	214.193837
11	321.000000	228.059203
16	158.000000	230.334539
4	-30.000000	218.128403
9	-288.000000	209.585305
4	-503.000000	217.524711
19	-623.000000	230.358416
18	-682.000000	236.655868
2	-613.000000	233.715639
15	-308.000000	221.738585
12	58.000000	215.745220
2	410.000000	212.856759
10	708.000000	201.484491
2	840.000000	187.445992
5	687.000000	182.704680
0	392.000000	190.751147
13	58.000000	212.070743
12	-208.000000	230.451730
13	-317.000000	237.299389
13	-222.000000	233.229501
5	13.000000	221.515236
13	230.000000	208.139376
2	294.000000	202.019801
5	198.000000	209.728396
12	-11.000000	227.079281
13	-331.000000	250.253871
14	-555.000000	264.573241
19	-583.000000	259.030886
16	-481.000000	239.722757
3	-335.000000	219.829479
6	-96.000000	212.428812
15	49.000000	224.448212
5	72.000000	237.865508
17	56.000000	237.730940
8	80.000000	225.915914
9	72.000000	216.997696
4	135.000000	214.781284
12	264.000000	217.439647
12	400.000000	214.825511
4	476.000000	210.047614
4	513.000000	211.983490
7	482.000000	221.571659
15	340.000000	229.242230
10	106.000000	228.403152
6	-176.000000	225.681191
9	-446.000000	229.373059
16	-693.000000	244.722292
15	-804.000000	256.015625
20	-740.000000	255.695131
8	-513.000000	246.493408
11	-219.000000	235.131878
10	133.000000	228.186327
10	419.000000	224.750973
8	533.000000	219.702071
2	476.000000	218.751000
10	347.000000	220.315683
15	137.000000	225.137736
6	-82.000000	233.811890
10	-175.000000	234.036322
17	-136.000000	230.347563
7	-75.000000	224.839943
8	16.000000	216.231358
8	137.000000	215.858750
8	177.000000	221.776915
13	88.000000	228.993450
5	-7.000000	233.330238
16	-88.000000	227.991228
11	-212.000000	223.127766
2	-298.000000	226.578905
16	-253.000000	228.785926
15	-174.000000	230.876590
6	-91.000000	228.089895
8	63.000000	216.658718
10	241.000000	211.397729
7	362.000000	215.350876
8	442.000000	222.831775
8	484.000000	228.048241
10	450.000000	223.239781
11	330.000000	215.429803
3	160.000000	219.440197
8	1.000000	234.795656
18	-125.000000	251.322502
16	-199.000000	260.324797
12	-193.000000	257.625697
10	-152.000000	250.898386
11	-161.000000	249.994000
14	-233.000000	252.239965
16	-386.000000	254.212510
10	-597.000000	257.738239
13	-750.000000	263.305906
21	-754.000000	269.814751
17	-604.000000	270.702789
13	-291.000000	255.927724
11	128.000000	230.776949
4	501.000000	210.734430
5	730.000000	208.187416
6	776.000000	219.572312
10	652.000000	227.811325
12	384.000000	224.058028
5	90.000000	214.158820
9	-149.000000	210.501781
9	-233.000000	219.952268
15	-206.000000	234.456819
10	-74.000000	236.938811
11	75.000000	222.829531
6	198.000000	199.674736
5	160.000000	191.321719
2	43.000000	207.241405
15	-93.000000	232.449995
16	-154.000000	246.442691
14	-127.000000	244.763151
5	95.000000	230.666426
11	402.000000	219.362713
6	652.000000	217.848571
7	748.000000	224.107117
8	660.000000	231.719658
9	333.000000	240.093732
13	-118.000000	254.715528
13	-518.000000	268.938655
24	-790.000000	279.385039
14	-832.000000	283.150137
19	-608.000000	279.044799
17	-203.000000	275.283490
7	235.000000	274.683454
18	679.000000	274.530508
12	968.000000	277.780489
9	1069.000000	286.193990
15	974.000000	297.422259
15	789.000000	310.848838
26	459.000000	322.417431
13	111.000000	328.108214
27	-223.000000	336.373305
18	-410.000000	346.666987
35	-510.000000	362.954543
23	-404.000000	378.774339
32	-99.000000	389.896140
34	339.000000	394.508555
23	685.000000	396.682493
28	906.000000	399.251800
28	866.000000	405.945809
33	439.000000	420.429542
31	-307.000000	436.124982
45	-1109.000000	449.834414
51	-1810.000000	460.916478
44	-2294.000000	470.057443
48	-2361.000000	474.559796
52	-1971.000000	470.522050
51	-1350.000000	457.143304
32	-725.000000	441.024943
25	-140.000000	431.295722
41	218.000000	427.261044
38	221.000000	426.322648
28	2.000000	419.122894
33	-206.000000	403.509603
33	-412.000000	392.571013
24	-465.000000	386.231796
37	-267.000000	379.010554
23	131.000000	364.034339
24	514.000000	340.432078
11	840.000000	316.344749
13	975.000000	302.544212
17	880.000000	296.617599
15	581.000000	295.596008
16	257.000000	294.691364
16	28.000000	293.301892
19	1.000000	292.231073
17	178.000000	285.485551
13	496.000000	268.000000
10	840.000000	245.291663
4	1090.000000	236.469871
6	1175.000000	250.505489
13	1121.000000	278.422341
17	1033.000000	298.256601
23	956.000000	302.016556
9	993.000000	303.563832
11	1185.000000	311.658467
25	1543.000000	333.761891
20	2003.000000	367.209749
25	2526.000000	397.881892
28	2932.000000	424.777589
24	3224.000000	448.620107
46	3266.000000	471.177249
34	3008.000000	503.251428
44	2593.000000	550.869313
66	2269.000000	604.285529
91	1879.000000	655.540235
83	1603.000000	693.392385
101	1511.000000	718.710651
102	1222.000000	744.127677
97	484.000000	778.697631
134	-326.000000	821.630087
160	-1371.000000	866.158761
157	-2711.000000	907.019845
165	-3833.000000	936.221662
207	-4509.000000	951.974264
199	-5245.000000	962.639600
161	-5833.000000	973.264096
212	-6123.000000	986.245913
213	-6409.000000	1000.672274
213	-6800.000000	1008.141855
204	-6762.000000	999.931998
207	-6391.000000	982.363985
187	-5755.000000	962.913807
180	-4767.000000	946.867995
176	-3377.000000	931.302851
167	-2004.000000	905.837734
150	-761.000000	866.593907
122	223.000000	820.861133
104	871.000000	779.931407
107	1116.000000	752.579564
97	1218.000000	732.217181
107	1326.000000	703.272351
80	1567.000000	660.023484
59	1967.000000	608.523623
54	2478.000000	559.288834
44	2894.000000	522.513158
41	3112.000000	493.063890
34	3054.000000	463.691708
26	2729.000000	436.331296
25	2291.000000	410.257236
32	1863.000000	386.953486
21	1482.000000	365.006849
16	1237.000000	340.154377
20	1144.000000	315.838566
14	1079.000000	301.106294
11	1013.000000	292.965868
16	997.000000	287.438689
14	949.000000	280.914578
12	852.000000	272.433478
10	743.000000	267.856305
11	648.000000	268.897750
18	447.000000	273.032965
9	208.000000	275.648327
18	-61.000000	274.472221
13	-304.000000	272.172739
18	-523.000000	280.269513
13	-549.000000	292.573068
26	-427.000000	302.706128
17	-156.000000	301.247407
17	158.000000	287.586509
11	418.000000	270.861588
7	485.000000	267.284493
14	364.000000	276.691164
19	53.000000	290.910639
18	-336.000000	302.539254
18	-626.000000	304.965572
24	-790.000000	301.111275
15	-763.000000	293.211528
20	-532.000000	281.822639
15	-197.000000	271.066413
10	93.000000	273.483089
9	386.000000	277.812887
25	526.000000	275.952895
7	463.000000	264.524101
8	280.000000	243.606240
13	41.000000	235.900403
5	-271.000000	253.469919
21	-464.000000	270.662151
23	-445.000000	273.837543
11	-284.000000	257.309153
8	-9.000000	226.977972
4	346.000000	210.109495
9	663.000000	213.379943
11	812.000000	228.530086
2	831.000000	241.128596
14	726.000000	239.336583
11	518.000000	231.114690
7	187.000000	229.000000
6	-152.000000	234.674242
16	-485.000000	247.339847
18	-747.000000	258.598144
16	-943.000000	262.665186
11	-948.000000	259.761429
17	-788.000000	254.059048
15	-505.000000	243.866767
13	-193.000000	237.371018
0	179.000000	231.562087
16	455.000000	222.631983
7	603.000000	217.556889
3	670.000000	212.494706
12	675.000000	208.961719
0	575.000000	218.565780
11	500.000000	223.499441
18	437.000000	221.483634
0	329.000000	223.640336
6	190.000000	222.144097
15	50.000000	229.630137
10	-169.000000	240.422545
15	-399.000000	243.641130
10	-587.000000	250.053994
11	-653.000000	258.036819
25	-648.000000	264.124970
9	-549.000000	263.698692
16	-404.000000	251.125467
8	-236.000000	231.041122
11	-192.000000	223.508389
5	-144.000000	228.328710
16	-43.000000	241.456000
14	96.000000	248.873462
8	266.000000	240.503638
11	575.000000	217.809550
5	806.000000	191.551560
0	836.000000	184.791775
0	728.000000	199.829928
15	492.000000	219.854497
14	56.000000	234.439758
3	-328.000000	239.115035
19	-546.000000	236.004237
12	-667.000000	235.989407
10	-668.000000	238.541401
14	-482.000000	231.974136
13	-299.000000	225.913700
3	-120.000000	224.686448
12	108.000000	227.222358
13	328.000000	235.554665
6	498.000000	237.802439
13	675.000000	227.374141
6	745.000000	219.706623
0	635.000000	216.663333
14	405.000000	220.420054
9	67.000000	235.114866
12	-339.000000	249.373214
16	-677.000000	263.114044
13	-823.000000	271.129121
26	-847.000000	263.167247
9	-734.000000	247.806376
8	-508.000000	235.728658
12	-261.000000	233.775533
11	-111.000000	247.307501
12	50.000000	249.130488
19	190.000000	235.223298
0	271.000000	218.391850
4	366.000000	209.141101
13	518.000000	215.865699
9	604.000000	226.358123
9	622.000000	223.839228
3	610.000000	210.836429
9	472.000000	202.074244
5	230.000000	209.389589
10	-15.000000	231.842619
14	-231.000000	249.012048
16	-396.000000	254.947053
13	-391.000000	249.064249
13	-267.000000	241.911141
7	-117.000000	244.832596
11	76.000000	253.349561
20	239.000000	258.485976
9	237.000000	257.435429
7	131.000000	254.615396
13	27.000000	255.798749
20	-146.000000	268.793601
10	-330.000000	281.797800
19	-384.000000	283.813319
20	-362.000000	274.776273
11	-351.000000	263.459674
11	-299.000000	259.509152
12	-175.000000	266.846398
21	-104.000000	277.535583
13	-67.000000	278.346906
15	-32.000000	267.495794
10	8.000000	249.407297
12	-58.000000	239.491127
7	-111.000000	242.987654
16	-95.000000	254.466108
16	-7.000000	261.658174
12	93.000000	259.455198
8	310.000000	243.174834
14	515.000000	219.974999
3	585.000000	209.592462
1	512.000000	220.036361
13	372.000000	240.224895
17	111.000000	255.246939
13	-175.000000	253.741995
11	-363.000000	241.489130
9	-433.000000	235.709567
13	-433.000000	241.791232
15	-330.000000	251.081660
14	-135.000000	253.619794
11	53.000000	244.983673
8	202.000000	236.241402
8	343.000000	236.171548
13	432.000000	238.683891
12	405.000000	244.476993
4	362.000000	247.995968
18	315.000000	249.805925
10	205.000000	257.081699
9	57.000000	260.078834
20	-35.000000	257.932162
10	-158.000000	259.665169
12	-298.000000	266.773312
15	-387.000000	279.021505
19	-382.000000	286.059434
25	-365.000000	283.455464
4	-312.000000	275.445094
16	-227.000000	269.022304
15	-122.000000	269.506957
18	-80.000000	276.387409
13	-77.000000	279.833879
10	-58.000000	277.737286
22	-38.000000	267.921630
12	-50.000000	258.739251
8	-31.000000	258.149182
12	73.000000	261.811001
19	173.000000	270.153660
12	267.000000	268.557256
14	362.000000	256.019531
6	418.000000	243.889319
9	345.000000	241.985537
13	215.000000	255.039213
13	55.000000	269.189524
20	-101.000000	274.125883
11	-225.000000	272.769133
13	-251.000000	266.005639
19	-229.000000	262.196491
8	-161.000000	264.966036
18	-96.000000	268.752674
11	-52.000000	273.151972
15	-46.000000	272.040438
19	-18.000000	266.375675
8	-30.000000	265.213122
12	-26.000000	266.900731
17	31.000000	271.828990
16	132.000000	272.609611
16	187.000000	268.005597
2	301.000000	264.478733
20	424.000000	264.473061
14	482.000000	272.712303
9	449.000000	283.811557
17	390.000000	284.330793
17	215.000000	282.848016
12	-71.000000	281.320102
17	-377.000000	285.942302
16	-589.000000	303.211148
24	-695.000000	317.888345
28	-675.000000	322.296447
15	-448.000000	316.044301
21	-114.000000	299.919989
14	142.000000	290.960478
8	294.000000	296.043916
23	388.000000	301.483001
23	273.000000	310.162860
6	63.000000	315.599430
26	-82.000000	312.454797
23	-169.000000	308.721557
15	-221.000000	306.530586
17	-100.000000	306.512642
18	70.000000	312.774679
21	249.000000	319.021943
21	397.000000	317.245961
16	432.000000	310.167697
11	283.000000	304.566906
18	95.000000	306.213977
28	-218.000000	318.995298
12	-508.000000	335.431066
30	-623.000000	342.194389
29	-545.000000	336.652640
20	-433.000000	326.690985
12	-142.000000	313.719620
24	147.000000	311.591078
13	311.000000	318.064459
23	383.000000	324.461092
20	493.000000	327.537784
19	489.000000	328.939204
17	465.000000	329.522382
21	483.000000	329.713512
25	430.000000	327.588156
14	219.000000	327.229277
17	7.000000	334.211011
28	-173.000000	346.783794
29	-348.000000	361.936459
24	-323.000000	370.619751
31	-16.000000	370.248565
26	437.000000	368.766864
19	943.000000	370.660222
25	1566.000000	376.608550
28	2145.000000	391.140640
20	2639.000000	411.440154
31	3193.000000	436.725314
34	4000.000000	467.189469
43	4987.000000	501.291332
37	6269.000000	541.014787
45	7979.000000	585.263189
64	10132.000000	634.922042
63	12680.000000	696.660606
70	16024.000000	773.215365
107	20497.000000	868.602901
124	26103.000000	976.813698
163	32941.000000	1092.656854
187	40955.000000	1212.548968
239	49556.000000	1340.749044
277	58044.000000	1486.719207
344	66264.000000	1653.008167
505	73870.000000	1840.388003
593	80902.000000	2047.372951
781	87234.000000	2266.156658
970	92565.000000	2486.813021
1194	96250.000000	2708.722208
1410	97490.000000	2932.276931
1673	94909.000000	3165.550347
1969	88433.000000	3414.864419
2404	78573.000000	3674.014562
2865	65191.000000	3934.384704
3186	48647.000000	4186.333360
3678	29907.000000	4419.200946
4158	8127.000000	4637.079792
4466	-17933.000000	4848.014336
4949	-47777.000000	5052.626545
5484	-80295.000000	5252.638480
5919	-114953.000000	5434.714068
6409	-148946.000000	5587.640826
6638	-178960.000000	5708.913732
6950	-202847.000000	5799.703354
7160	-220222.000000	5868.578363
7127	-229085.000000	5912.737522
7455	-229842.000000	5923.988015
7153	-223594.000000	5899.080945
7044	-210999.000000	5843.151632
6771	-191536.000000	5761.426039
6563	-167090.000000	5661.791766
6235	-138507.000000	5536.744441
5800	-106397.000000	5378.694730
5393	-72922.000000	5191.156711
4723	-40428.000000	4983.210411
4403	-10288.000000	4768.320669
3894	16564.000000	4549.397982
3518	38752.000000	4322.970275
3044	56875.000000	4081.627004
2613	71292.000000	3829.869449
2259	82659.000000	3572.717873
1898	90738.000000	3320.302998
1550	96093.000000	3075.785266
1319	98485.000000	2834.481081
1067	97802.000000	2596.810736
833	93948.000000	2362.488095
661	87626.000000	2138.346090
509	79442.000000	1933.329253
439	70120.000000	1749.363884
339	60618.000000	1579.485992
276	51717.000000	1413.781100
201	43854.000000	1246.121182
140	36977.000000	1087.032198
88	31039.000000	949.695214
72	25871.000000	838.329887
76	21286.000000	744.393713
44	17063.000000	654.320258
23	13385.000000	564.536093
19	10331.000000	480.698450
22	7833.000000	413.670158
16	5846.000000	362.552065
5	4411.000000	318.029873
10	3324.000000	278.273247
2	2470.000000	246.507606
11	1801.000000	221.812984
5	1266.000000	197.802932
1	786.000000	177.516196
4	418.000000	165.819179
7	131.000000	174.066079
6	-59.000000	184.105948
10	-120.000000	177.837004
6	-91.000000	154.683548
0	-51.000000	126.818768
0	10.000000	118.127050
4	75.000000	129.996154
8	85.000000	145.289366
0	90.000000	144.374513
6	124.000000	127.859298
0	167.000000	108.880669
1	193.000000	101.769347
2	212.000000	103.295692
1	205.000000	107.559286
4	164.000000	107.536040
0	108.000000	111.928549
2	45.000000	121.379570
4	26.000000	125.027997
6	25.000000	122.086035
0	32.000000	111.427106
1	41.000000	112.298709
1	93.000000	127.338133
9	89.000000	144.951716
1	56.000000	149.706379
5	25.000000	138.025360
4	-17.000000	123.891081
0	-127.000000	134.896256
3	-190.000000	158.619040
12	-205.000000	171.933127
9	-206.000000	168.777961
0	-175.000000	151.746499
3	-77.000000	139.731886
4	-3.000000	147.874947
6	40.000000	160.561515
8	58.000000	161.455876
1	53.000000	154.178468
3	5.000000	145.220522
5	-23.000000	146.788964
6	-30.000000	157.949359
5	3.000000	160.651797
6	58.000000	159.530561
0	147.000000	152.685952
9	217.000000	146.523036
0	253.000000	149.442297
3	230.000000	156.160174
7	130.000000	161.530183
3	-20.000000	167.385782
9	-194.000000	167.062862
4	-359.000000	166.334001
6	-471.000000	172.258527
8	-438.000000	175.664453
12	-338.000000	181.058002
0	-162.000000	178.476889
9	50.000000	164.012195
4	226.000000	144.637478
0	236.000000	132.890933
0	169.000000	133.000000
6	28.000000	147.064612
7	-132.000000	161.015527
6	-245.000000	163.459475
5	-202.000000	153.779062
5	-59.000000	135.037032
2	142.000000	118.431415
0	321.000000	111.431593
0	449.000000	111.144051
4	454.000000	117.132404
0	336.000000	124.249748
3	141.000000	133.435378
3	-55.000000	138.408815
8	-252.000000	137.433620
3	-402.000000	134.365174
2	-447.000000	130.893086
8	-403.000000	132.811897
2	-296.000000	140.854535
6	-126.000000	140.989361
4	76.000000	128.070293
0	223.000000	106.943911
0	305.000000	82.371111
0	302.000000	84.011904
0	235.000000	106.859721
5	100.000000	123.052834
3	-25.000000	124.318140
4	-123.000000	107.121426
1	-172.000000	81.951205
0	-201.000000	82.613558
0	-156.000000	97.887691
9	-88.000000	108.425089
0	-6.000000	104.096109
0	90.000000	84.463010
0	204.000000	62.449980
0	267.000000	65.337585
1	299.000000	76.674637
1	290.000000	84.687661
0	218.000000	88.328931
0	109.000000	85.632938
4	4.000000	86.729464
1	-87.000000	95.073656
2	-129.000000	111.995536
3	-93.000000	126.534580
6	-12.000000	131.818056
3	96.000000	123.596116
1	196.000000	109.562767
0	233.000000	111.601971
0	189.000000	131.350676
8	82.000000	150.572242
6	-83.000000	157.591243
4	-255.000000	155.605270
4	-383.000000	154.806331
6	-453.000000	162.286783
9	-451.000000	169.596580
7	-356.000000	166.270863
6	-220.000000	156.025639
0	-61.000000	150.814456
5	93.000000	153.313405
7	195.000000	153.235113
3	204.000000	143.645397
1	169.000000	124.687610
2	89.000000	121.610032
1	18.000000	141.647450
9	15.000000	159.075454
8	129.000000	161.935172
2	303.000000	147.834367
0	515.000000	129.472005
0	691.000000	129.595525
3	781.000000	144.627107
6	708.000000	164.626851
0	517.000000	183.322121
9	235.000000	199.331382
9	-100.000000	211.697898
12	-462.000000	220.208992
10	-746.000000	222.494944
13	-946.000000	227.451094
12	-1046.000000	240.058326
14	-1000.000000	252.729104
20	-811.000000	255.614945
12	-566.000000	242.705583
9	-300.000000	220.290717
5	-43.000000	204.672910
7	115.000000	205.905318
10	199.000000	216.792528
9	252.000000	219.554094
11	290.000000	206.605905
3	301.000000	187.672587
2	367.000000	173.830377
10	402.000000	174.482091
0	405.000000	183.605555
10	367.000000	184.951345
5	329.000000	179.680272
5	209.000000	180.928163
3	114.000000	187.573985
11	-6.000000	197.590486
8	-122.000000	196.718072
10	-253.000000	188.671672
2	-309.000000	186.475199
9	-360.000000	200.349694
9	-322.000000	217.292430
17	-236.000000	219.084459
8	-137.000000	199.992500
0	-100.000000	174.160845
3	-90.000000	162.480768
9	-147.000000	176.864355
9	-222.000000	196.753653
9	-233.000000	201.159141
8	-138.000000	188.483421
5	49.000000	166.406130
4	269.000000	145.715476
0	464.000000	135.440024
2	539.000000	135.273796
2	483.000000	136.810087
5	288.000000	144.478372
0	66.000000	151.135701
10	-136.000000	157.403939
4	-237.000000	162.157331
7	-252.000000	159.837417
5	-169.000000	148.751471
2	-74.000000	135.403102
4	23.000000	125.375436
2	69.000000	133.457859
2	99.000000	153.235113
8	97.000000	164.356320
6	106.000000	161.269960
4	87.000000	139.932126
0	73.000000	115.156415
1	37.000000	120.154068
3	24.000000	146.621963
11	1.000000	172.635454
3	28.000000	177.662602
9	49.000000	157.343573
0	58.000000	127.011810
0	6.000000	119.849906
3	-76.000000	140.399430
8	-217.000000	170.073514
8	-319.000000	182.332115
10	-361.000000	171.058470
3	-337.000000	149.856598
0	-246.000000	132.770479
7	-93.000000	128.860390
4	35.000000	136.926988
1	134.000000	139.692519
4	233.000000	130.395552
3	300.000000	122.057364
0	337.000000	116.116321
3	365.000000	117.264658
0	362.000000	120.407641
4	303.000000	116.923052
2	212.000000	115.238882
0	101.000000	121.659361
5	9.000000	139.093494
4	-29.000000	159.125736
9	-16.000000	165.776959
5	51.000000	161.155205
1	163.000000	152.285915
6	264.000000	153.518728
1	340.000000	175.709988
8	421.000000	196.481551
13	488.000000	210.518408
2	526.000000	218.700709
10	561.000000	221.776915
9	556.000000	233.057933
8	461.000000	248.702634
17	280.000000	264.177970
10	43.000000	281.320102
20	-251.000000	296.248207
20	-540.000000	311.326195
20	-761.000000	324.288452
28	-877.000000	329.925749
21	-888.000000	333.724437
23	-761.000000	337.569252
26	-534.000000	344.786891
22	-266.000000	354.936614
27	-48.000000	356.491234
24	67.000000	347.708211
20	5.000000	335.381872
18	-208.000000	331.572013
21	-515.000000	345.726771
28	-769.000000	363.217566
38	-888.000000	367.447955
26	-793.000000	354.210389
19	-538.000000	331.200845
15	-201.000000	314.065280
19	64.000000	309.728914
21	193.000000	307.449183
17	125.000000	301.942047
10	-64.000000	292.407250
19	-258.000000	284.931571
19	-341.000000	282.405736
17	-294.000000	276.792341
12	-94.000000	261.273803
9	193.000000	234.322427
11	434.000000	203.474814
0	549.000000	186.024192
2	549.000000	188.140905
9	445.000000	197.759956
10	289.000000	201.739932
8	164.000000	186.263255
3	103.000000	157.629312
0	93.000000	133.749766
4	131.000000	126.043643
6	163.000000	135.922772
0	187.000000	143.815854
5	209.000000	139.035967
3	227.000000	125.375436
2	222.000000	111.471970
0	250.000000	104.632691
2	269.000000	112.165057
2	279.000000	126.249752
4	293.000000	136.729660
4	302.000000	137.309869
2	244.000000	134.825814
0	156.000000	133.626345
7	10.000000	139.075519
3	-213.000000	151.858487
5	-444.000000	163.658180
10	-607.000000	172.107525
7	-709.000000	177.361213
8	-703.000000	175.148508
7	-551.000000	163.844438
7	-333.000000	148.502525
1	-116.000000	135.469554
1	91.000000	128.432862
5	249.000000	122.902400
2	316.000000	114.882549
0	330.000000	102.293695
0	330.000000	92.822411
1	318.000000	91.356445
3	306.000000	92.757749
0	297.000000	87.412814
0	290.000000	75.511589
0	257.000000	69.404611
0	195.000000	77.749598
3	107.000000	99.584135
0	16.000000	114.096450
7	-99.000000	118.831814
0	-210.000000	115.126018
4	-297.000000	107.429046
4	-357.000000	108.457365
0	-379.000000	121.905701
8	-322.000000	133.431630
4	-207.000000	134.510223
4	-62.000000	122.882057
0	90.000000	96.654022
0	200.000000	74.913283
0	225.000000	72.436179
0	190.000000	85.860352
4	112.000000	102.489024
0	34.000000	108.986238
5	-1.000000	105.494076
1	27.000000	93.898882
1	78.000000	79.937476
0	148.000000	71.274119
0	194.000000	78.511146
2	183.000000	91.241438
1	123.000000	106.418983
2	38.000000	111.211510
5	-71.000000	108.004630
0	-174.000000	106.263823
3	-224.000000	106.197928
5	-246.000000	117.166548
0	-209.000000	127.165247
9	-113.000000	127.000000
0	12.000000	117.677525
2	111.000000	105.655099
0	215.000000	101.434708
2	245.000000	110.412862
3	186.000000	117.830387
1	85.000000	119.125984
5	-19.000000	115.043470
2	-153.000000	120.685542
0	-237.000000	133.030072
10	-227.000000	137.480908
5	-184.000000	132.121157
0	-115.000000	118.460964
1	-13.000000	107.438354
2	90.000000	112.409964
6	129.000000	123.511133
0	164.000000	128.156155
4	161.000000	124.414629
0	149.000000	113.626581
5	109.000000	110.449083
0	105.000000	117.076898
4	78.000000	133.311665
2	90.000000	144.893064
8	66.000000	144.706600
2	26.000000	130.522029
2	-68.000000	118.380742
0	-146.000000	125.538839
7	-274.000000	150.066652
6	-337.000000	168.496291
11	-321.000000	168.133875
4	-240.000000	150.119952
0	-167.000000	130.977097
1	-32.000000	120.266371
9	50.000000	122.016392
0	49.000000	131.411567
0	26.000000	136.937942
7	27.000000	133.210360
5	-16.000000	125.123939
0	-30.000000	108.027774
2	3.000000	88.605869
0	23.000000	90.260733
1	26.000000	99.719607
6	51.000000	102.659632
0	68.000000	93.123574
0	73.000000	70.576200
0	95.000000	58.008620
0	113.000000	67.119297
3	124.000000	74.000000
0	136.000000	71.986110
0	155.000000	63.725976
0	161.000000	61.131007
0	185.000000	73.803794
3	197.000000	84.350459
0	191.000000	88.243980
1	138.000000	88.419455
0	67.000000	88.085186
4	-71.000000	97.030923
0	-213.000000	108.402030
6	-339.000000	119.687092
3	-394.000000	125.841170
6	-396.000000	130.330349
2	-283.000000	127.534309
6	-126.000000	120.000000
0	39.000000	106.756733
1	165.000000	92.838570
1	250.000000	86.660256
0	251.000000	97.298510
2	208.000000	113.912247
3	164.000000	122.482652
5	131.000000	121.338370
0	98.000000	107.144762
2	75.000000	96.202911
0	66.000000	103.894177
4	18.000000	123.207143
4	-75.000000	139.028774
3	-170.000000	138.838035
8	-262.000000	123.434193
0	-376.000000	114.899956
0	-436.000000	123.434193
9	-397.000000	136.685771
7	-294.000000	142.870571
3	-134.000000	129.282636
0	104.000000	101.094016
0	338.000000	80.099938
0	487.000000	77.427385
0	539.000000	85.023526
0	508.000000	88.000000
1	374.000000	87.886290
0	185.000000	98.858485
2	16.000000	116.155069
6	-101.000000	125.694073
5	-194.000000	126.229949
0	-234.000000	118.945366
4	-229.000000	113.942968
3	-221.000000	120.776653
4	-206.000000	133.798356
5	-143.000000	143.104857
4	-70.000000	142.751532
4	14.000000	133.633828
2	133.000000	122.869850
3	232.000000	119.891618
0	260.000000	130.199846
2	260.000000	140.399430
9	208.000000	140.854535
1	76.000000	138.296782
0	-65.000000	136.561342
7	-148.000000	145.292808
6	-217.000000	161.700340
7	-230.000000	170.405399
6	-173.000000	167.089796
4	-97.000000	154.470062
5	-88.000000	142.035207
0	-86.000000	139.506272
8	-117.000000	149.368671
3	-154.000000	162.947844
8	-168.000000	172.545646
6	-73.000000	168.086287
7	35.000000	150.993377
0	151.000000	128.852629
0	230.000000	117.456375
3	251.000000	124.100766
4	158.000000	142.751532
3	61.000000	153.521985
9	-22.000000	154.596248
1	-85.000000	148.489057
5	-104.000000	139.183332
4	-64.000000	131.301180
3	-39.000000	129.301972
3	-46.000000	133.723596
1	-21.000000	141.318789
10	9.000000	148.219432
1	47.000000	148.791801
5	108.000000	144.478372
2	197.000000	134.406101
4	203.000000	130.671343
0	140.000000	128.972865
4	22.000000	131.331641
5	-123.000000	138.553239
4	-271.000000	151.211772
6	-312.000000	166.114418
7	-260.000000	167.672299
9	-151.000000	152.220235
0	-21.000000	122.241564
0	93.000000	99.060588
0	109.000000	113.371072
2	87.000000	143.488676
13	57.000000	159.809261
2	23.000000	153.710767
2	-9.000000	130.479884
0	14.000000	101.508620
5	0.000000	95.812317
0	-55.000000	111.063045
2	-110.000000	128.374452
7	-131.000000	136.451457
4	-150.000000	132.566964
3	-105.000000	115.684917
1	-5.000000	90.702811
0	100.000000	73.389373
1	174.000000	77.226938
0	241.000000	97.000000
3	268.000000	109.453186
2	244.000000	105.061887
1	199.000000	88.255311
0	133.000000	65.825527
0	28.000000	70.042844
0	-65.000000	98.229324
6	-102.000000	121.317765
6	-120.000000	130.744025
0	-80.000000	125.131930
4	11.000000	107.577879
1	72.000000	92.919320
0	54.000000	96.994845
1	26.000000	108.701426
7	-65.000000	127.306716
0	-192.000000	139.362836
7	-267.000000	137.357199
6	-266.000000	123.515181
1	-259.000000	109.293184
0	-206.000000	102.839681
3	-104.000000	106.677083
6	-19.000000	111.009009
0	50.000000	104.909485
1	138.000000	93.048375
0	235.000000	83.827203
2	275.000000	80.864083
0	290.000000	76.262704
0	264.000000	66.045439
0	190.000000	58.258047
0	45.000000	74.397581
0	-68.000000	93.423766
8	-156.000000	101.970584
0	-195.000000	98.086696
2	-183.000000	88.910067
0	-76.000000	82.498485
4	40.000000	92.195445
0	140.000000	96.322375
2	205.000000	92.146622
0	234.000000	84.604964
0	175.000000	80.318118
2	71.000000	94.546285
0	-4.000000	111.722871
9	-45.000000	124.478914
0	-77.000000	131.480037
2	-53.000000	127.800626
7	5.000000	114.258479
0	0.000000	107.443008
0	-74.000000	112.133849
2	-147.000000	126.889716
9	-243.000000	142.628889
5	-337.000000	147.373675
3	-359.000000	141.756834
4	-284.000000	125.872952
5	-191.000000	111.476455
0	-73.000000	103.773792
2	51.000000	102.513414
1	156.000000	103.373111
3	213.000000	101.543094
1	268.000000	94.191295
0	306.000000	82.849261
0	329.000000	75.213031
0	327.000000	76.347888
2	308.000000	86.925255
0	233.000000	98.463191
1	115.000000	102.122475
4	-44.000000	100.209780
1	-212.000000	98.701570
4	-379.000000	107.522091
1	-470.000000	125.467127
8	-468.000000	137.934767
7	-360.000000	134.899963
2	-184.000000	117.635029
0	49.000000	92.633687
0	242.000000	83.294658
0	355.000000	91.689694
3	357.000000	97.288232
0	277.000000	93.984041
1	125.000000	90.890043
0	-25.000000	97.575612
5	-129.000000	113.168017
4	-156.000000	119.272797
4	-125.000000	112.013392
0	-58.000000	95.414884
0	20.000000	82.788888
3	62.000000	87.681241
0	57.000000	100.831543
4	20.000000	112.498889
1	-15.000000	113.960519
5	-61.000000	109.485159
0	-71.000000	101.029699
3	-47.000000	94.841974
2	0.000000	97.948966
0	44.000000	108.949530
4	91.000000	111.503363
3	110.000000	105.280578
0	92.000000	92.184597
1	42.000000	85.976741
0	-35.000000	101.296594
4	-107.000000	116.811814
7	-171.000000	121.181682
0	-201.000000	111.727347
3	-193.000000	95.304774
0	-129.000000	87.926105
4	-50.000000	97.570487
1	58.000000	103.624321
3	170.000000	102.215459
0	261.000000	89.816480
0	292.000000	76.432977
0	265.000000	72.876608
0	173.000000	77.878110
3	29.000000	89.190807
0	-113.000000	100.254676
5	-207.000000	110.213429
3	-213.000000	116.871725
4	-137.000000	120.602653
2	-5.000000	113.026546
2	121.000000	96.845237
0	215.000000	79.290605
0	226.000000	81.375672
0	162.000000	109.215384
3	84.000000	137.083916
9	17.000000	148.124947
4	-63.000000	139.244389
0	-109.000000	119.595150
2	-128.000000	103.971150
4	-180.000000	116.473173
2	-230.000000	142.000000
8	-206.000000	157.181424
8	-164.000000	159.624560
0	-101.000000	147.380460
6	-9.000000	122.780292
1	52.000000	102.635277
0	20.000000	105.792249
1	-36.000000	123.109707
7	-99.000000	142.607854
6	-128.000000	146.451357
5	-84.000000	134.476764
0	31.000000	113.872736
0	162.000000	92.531076
3	280.000000	82.437855
0	338.000000	89.106678
0	317.000000	109.649441
0	255.000000	128.206864
8	163.000000	134.836939
4	40.000000	124.024191
0	-89.000000	105.389753
0	-214.000000	99.809819
3	-336.000000	120.896650
8	-419.000000	144.647848
7	-419.000000	150.960260
5	-346.000000	140.121376
0	-190.000000	119.983332
4	-2.000000	104.833201
1	160.000000	98.061205
1	247.000000	93.952115
0	275.000000	87.011493
1	223.000000	91.787799
0	143.000000	102.464628
5	90.000000	108.388191
3	84.000000	105.185550
0	85.000000	91.329075
0	90.000000	77.730303
0	89.000000	76.596345
4	32.000000	84.083292
0	-71.000000	97.000000
1	-155.000000	108.448144
6	-184.000000	113.084040
4	-187.000000	116.133544
0	-120.000000	110.199819
4	-16.000000	93.477270
0	65.000000	77.220464
0	86.000000	73.334848
0	82.000000	83.090312
3	30.000000	102.000000
2	-23.000000	110.013636
5	-48.000000	104.842739
0	-33.000000	90.016665
0	11.000000	72.698005
2	88.000000	70.469852
0	163.000000	86.156834
2	226.000000	101.813555
1	268.000000	105.801701
3	271.000000	100.404183
0	221.000000	92.525672
0	119.000000	95.994792
2	-34.000000	110.372098
4	-196.000000	125.960311
7	-340.000000	135.173962
3	-422.000000	140.000000
4	-427.000000	141.325865
6	-330.000000	136.952547
6	-190.000000	129.506757
0	-19.000000	118.865470
2	113.000000	113.547347
0	214.000000	117.362686
6	229.000000	123.381522
1	180.000000	119.924977
2	66.000000	111.606451
0	-31.000000	101.108852
6	-142.000000	105.309069
0	-206.000000	119.214093
5	-190.000000	126.126920
6	-107.000000	118.873883
0	-31.000000	100.274623
0	57.000000	73.790243
0	116.000000	57.775427
1	96.000000	72.166474
0	36.000000	89.129120
4	-7.000000	97.329338
2	-29.000000	91.000000
1	-10.000000	74.067537
0	78.000000	56.124861
0	190.000000	54.369109
0	267.000000	59.724367
0	301.000000	63.929649
0	262.000000	59.329588
0	144.000000	54.552727
0	-18.000000	71.288148
1	-148.000000	91.005494
7	-247.000000	107.494186
0	-254.000000	111.839170
6	-169.000000	104.780723
0	-31.000000	95.963535
0	84.000000	93.755000
2	180.000000	89.699498
2	188.000000	88.056800
0	111.000000	92.709223
0	8.000000	108.701426
5	-76.000000	128.273146
6	-146.000000	136.198385
4	-157.000000	127.628367
2	-121.000000	105.465634
0	-109.000000	91.580566
0	-118.000000	100.975244
6	-126.000000	117.677525
5	-147.000000	128.183462
1	-163.000000	125.805405
3	-108.000000	111.471970
4	-14.000000	96.674712
0	81.000000	86.965510
0	167.000000	84.065451
0	232.000000	84.273365
3	232.000000	83.809307
0	191.000000	84.243694
0	131.000000	85.831230
2	75.000000	90.978019
2	29.000000	97.913227
3	-6.000000	96.809090
1	-30.000000	91.553263
0	-28.000000	86.301796
4	-21.000000	92.255081
0	-22.000000	109.361785
3	16.000000	120.191514
6	70.000000	118.507384
0	97.000000	108.143423
1	107.000000	101.345942
0	129.000000	107.429046
6	90.000000	125.952372
1	16.000000	138.643428
6	-43.000000	138.928039
5	-84.000000	135.166564
0	-160.000000	135.683455
5	-202.000000	140.975175
6	-198.000000	146.294224
7	-181.000000	146.577624
2	-174.000000	147.010204
0	-103.000000	147.678705
12	-9.000000	146.836644
2	44.000000	144.319091
1	51.000000	137.269807
2	52.000000	128.444541
5	-14.000000	127.035428
5	-134.000000	131.719399
0	-224.000000	138.340160
7	-244.000000	139.111466
6	-224.000000	133.011278
2	-133.000000	122.225202
2	13.000000	103.261803
0	153.000000	87.686943
1	250.000000	81.117199
1	312.000000	83.821238
0	304.000000	91.836812
0	266.000000	92.768529
4	219.000000	89.246849
0	163.000000	84.077345
0	94.000000	84.841028
0	73.000000	88.932559
6	57.000000	97.688280
0	45.000000	110.240646
1	53.000000	119.845734
5	79.000000	123.648696
3	54.000000	124.008064
2	-6.000000	117.881296
2	-96.000000	116.653333
2	-204.000000	128.007812
7	-294.000000	146.109548
6	-310.000000	163.187009
6	-257.000000	164.045725
7	-137.000000	148.818682
1	15.000000	127.526468
2	124.000000	114.306605
0	159.000000	127.432335
3	154.000000	148.344194
11	78.000000	157.626140
1	-50.000000	153.629424
3	-141.000000	136.216739
6	-187.000000	122.666214
1	-239.000000	131.343062
4	-221.000000	144.710055
8	-128.000000	148.425065
5	-36.000000	138.780402
0	62.000000	120.706255
0	184.000000	106.141415
4	244.000000	106.789513
0	240.000000	114.551299
4	225.000000	118.907527
2	166.000000	119.966662
0	96.000000	122.229293
6	59.000000	122.788436
3	32.000000	122.139265
2	-24.000000	123.255832
0	-54.000000	120.573629
8	-122.000000	122.564269
0	-216.000000	127.114122
5	-291.000000	130.410889
5	-317.000000	132.094663
3	-326.000000	133.326666
5	-251.000000	125.383412
4	-125.000000	111.449540
0	8.000000	97.713868
0	136.000000	87.795216
2	244.000000	86.971260
1	281.000000	85.866175
0	263.000000	75.848533
0	213.000000	60.074953
0	129.000000	55.668663
0	48.000000	66.226883
3	5.000000	81.234229
1	0.000000	85.732141
2	30.000000	78.076885
0	91.000000	62.793312
0	153.000000	57.680153
0	181.000000	71.168813
0	170.000000	86.371292
4	112.000000	95.645178
0	15.000000	94.915752
3	-99.000000	95.827971
0	-195.000000	102.863988
5	-253.000000	114.310979
5	-263.000000	121.790804
2	-215.000000	122.429572
4	-148.000000	114.166545
0	-72.000000	102.176318
4	-13.000000	94.005319
0	33.000000	91.504098
2	45.000000	105.370774
0	83.000000	115.667627
8	138.000000	118.869677
0	205.000000	109.685915
0	254.000000	91.235958
0	284.000000	79.949984
0	262.000000	94.191295
4	164.000000	115.706525
1	25.000000	129.641814
6	-107.000000	133.652535
4	-204.000000	130.123019
4	-301.000000	135.340312
0	-331.000000	140.046421
11	-312.000000	138.823629
4	-280.000000	132.143861
0	-261.000000	126.960624
2	-169.000000	128.541822
7	-49.000000	136.202056
6	80.000000	137.963763
0	208.000000	127.224212
0	338.000000	107.647573
2	378.000000	91.913002
0	308.000000	92.930081
1	162.000000	105.527248
2	3.000000	119.812353
6	-149.000000	130.839596
4	-223.000000	136.554019
4	-159.000000	135.111065
5	4.000000	127.153451
1	173.000000	121.288911
0	301.000000	117.860087
3	333.000000	116.021550
2	198.000000	119.046210
1	-53.000000	127.964839
5	-330.000000	142.807563
7	-548.000000	157.676885
9	-656.000000	163.743702
6	-580.000000	154.983870
6	-369.000000	135.841820
0	-76.000000	115.732450
2	185.000000	104.436584
0	380.000000	101.212647
2	449.000000	101.759520
0	411.000000	99.362971
1	271.000000	102.883429
0	146.000000	107.925901
7	30.000000	107.638283
1	-47.000000	103.985576
0	-70.000000	100.109940
3	-20.000000	97.693398
3	3.000000	104.398276
0	38.000000	106.695829
5	80.000000	102.244804
0	105.000000	107.317287
0	85.000000	117.324337
5	85.000000	122.894263
5	70.000000	123.028452
1	20.000000	114.035082
1	-56.000000	116.387285
0	-128.000000	128.631256
11	-211.000000	136.992701
4	-301.000000	137.822349
0	-346.000000	128.460111
6	-339.000000	121.675799
1	-273.000000	125.988095
9	-162.000000	128.755582
0	19.000000	120.627526
2	205.000000	104.704346
0	386.000000	88.090862
0	500.000000	93.573501
0	527.000000	99.824847
2	421.000000	97.585860
0	233.000000	87.835073
2	-32.000000	86.590993
0	-301.000000	109.977270
5	-486.000000	135.166564
11	-527.000000	144.440299
5	-457.000000	134.294453
0	-276.000000	110.390217
0	-32.000000	85.755466
3	165.000000	80.888813
0	266.000000	90.310575
0	287.000000	95.052617
2	223.000000	95.660859
0	105.000000	96.078093
4	6.000000	95.341491
2	-62.000000	93.840290
0	-93.000000	88.977525
3	-71.000000	80.392786
1	-21.000000	77.012986
1	26.000000	81.547532
0	85.000000	87.332697
3	135.000000	91.733309
1	136.000000	86.798618
0	106.000000	74.283242
1	56.000000	64.869099
0	-20.000000	75.881487
2	-109.000000	97.698516
3	-146.000000	109.863552
6	-140.000000	107.293989
0	-98.000000	92.032603
0	-39.000000	77.633756
0	50.000000	74.431176
4	108.000000	85.802098
0	125.000000	94.292099
1	114.000000	98.954535
1	97.000000	95.189285
4	44.000000	88.634079
0	-10.000000	88.396833
0	-24.000000	93.016128
5	-23.000000	105.645634
0	-13.000000	115.849040
6	28.000000	115.559508
1	75.000000	106.306162
0	66.000000	97.272812
1	36.000000	96.374270
3	-6.000000	108.249711
5	-58.000000	125.027997
1	-100.000000	138.701118
5	-86.000000	139.463257
7	-46.000000	128.576825
0	-12.000000	113.630982
1	-19.000000	104.780723
0	-53.000000	116.038787
6	-110.000000	131.833228
8	-179.000000	139.796280
0	-211.000000	139.531358
4	-142.000000	129.112354
6	-27.000000	119.812353
0	92.000000	116.327125
2	219.000000	112.289804
1	284.000000	106.103723
2	226.000000	104.345580
0	111.000000	107.874928
4	-25.000000	115.199826
4	-182.000000	125.753728
1	-261.000000	129.162688
10	-230.000000	123.028452
0	-140.000000	116.824655
0	-3.000000	113.564959
4	149.000000	106.456564
2	222.000000	101.410059
0	200.000000	90.011110
0	113.000000	85.936023
1	-28.000000	106.216760
3	-154.000000	123.312611
10	-213.000000	128.580714
0	-184.000000	117.430831
2	-81.000000	97.195679
0	55.000000	84.148678
1	167.000000	89.224436
3	229.000000	91.394748
0	222.000000	89.162773
0	153.000000	94.535708
0	88.000000	104.431796
8	25.000000	118.469405
0	-7.000000	122.126983
4	-18.000000	110.335851
1	-18.000000	93.145048
0	-45.000000	93.610897
3	-49.000000	111.278929
4	-73.000000	132.245983
4	-68.000000	141.301097
6	-18.000000	135.166564
2	38.000000	121.128031
0	36.000000	112.889326
0	37.000000	111.959814
9	-16.000000	118.042365
0	-138.000000	131.407762
1	-232.000000	142.098557
10	-248.000000	143.847141
5	-243.000000	138.834434
2	-185.000000	121.049577
1	-63.000000	99.272353
1	42.000000	96.343137
2	122.000000	107.312627
4	198.000000	121.688126
1	252.000000	121.885192
3	278.000000	106.103723
0	298.000000	86.902244
0	267.000000	81.258846
0	201.000000	101.098961
2	119.000000	122.470405
8	9.000000	130.893086
1	-115.000000	128.868150
2	-171.000000	120.784933
6	-201.000000	122.804723
0	-211.000000	138.625394
8	-169.000000	147.983107
6	-97.000000	144.972411
2	-90.000000	133.895482
0	-83.000000	120.328716
5	-76.000000	122.237474
4	-96.000000	134.655115
4	-113.000000	146.931957
4	-40.000000	147.912136
7	47.000000	135.871263
0	125.000000	118.435637
0	199.000000	102.562176
3	237.000000	104.398276
0	170.000000	122.580586
4	53.000000	134.695954
6	-69.000000	134.733069
3	-182.000000	124.048378
3	-267.000000	114.930414
0	-268.000000	120.008333
7	-189.000000	129.255561
6	-79.000000	130.648383
0	33.000000	118.528478
1	138.000000	95.026312
0	196.000000	78.752778
2	173.000000	85.901106
0	119.000000	104.608795
3	65.000000	115.719488
5	21.000000	113.221023
1	-2.000000	102.049008
1	25.000000	88.696110
1	46.000000	87.143560
0	47.000000	92.881645
5	19.000000	95.880134
0	-25.000000	95.744452
2	-89.000000	98.898938
1	-118.000000	106.892469
5	-115.000000	112.938036
4	-79.000000	106.004717
0	-27.000000	88.436418
0	26.000000	71.091490
0	48.000000	76.759364
2	44.000000	93.605555
4	18.000000	99.468588
1	-21.000000	93.225533
0	-47.000000	77.233412
2	-56.000000	68.658576
0	-43.000000	74.692704
3	-6.000000	79.749608
1	55.000000	78.351771
0	109.000000	73.287107
0	155.000000	63.158531
1	179.000000	58.008620
0	166.000000	56.639209
0	106.000000	60.827625
0	31.000000	74.986665
2	-51.000000	84.587233
4	-129.000000	88.062478
0	-179.000000	85.492690
2	-176.000000	78.562077
2	-152.000000	78.485667
0	-102.000000	82.957821
4	-28.000000	81.951205
0	53.000000	78.415560
0	99.000000	72.560320
0	140.000000	64.961527
2	155.000000	65.030762
0	140.000000	68.029405
0	85.000000	77.311060
0	36.000000	82.231381
5	-29.000000	79.981248
0	-93.000000	74.558702
0	-151.000000	73.681748
1	-165.000000	81.221918
4	-161.000000	90.735880
3	-125.000000	90.470990
0	-66.000000	78.803553
0	17.000000	61.180062
1	84.000000	54.607692
0	143.000000	64.241731
1	172.000000	70.639932
0	182.000000	68.600292
1	163.000000	61.684682
0	137.000000	63.206012
0	74.000000	74.027022
1	15.000000	80.703160
4	-55.000000	80.529498
0	-122.000000	76.746335
1	-198.000000	82.849261
0	-209.000000	92.601296
8	-191.000000	99.201814
0	-129.000000	95.577194
1	-34.000000	85.603738
0	108.000000	76.052613
2	211.000000	82.091412
0	263.000000	84.492603
1	253.000000	78.198465
0	187.000000	71.295161
0	45.000000	74.679314
2	-112.000000	97.959175
2	-223.000000	114.232220
9	-283.000000	115.173782
0	-295.000000	105.123737
0	-224.000000	90.055538
4	-108.000000	82.158384
0	-2.000000	89.117899
3	97.000000	93.888231
0	184.000000	91.640602
1	204.000000	86.011627
0	187.000000	75.066637
2	147.000000	71.770467
0	64.000000	75.802375
0	-42.000000	87.532851
3	-112.000000	94.720642
5	-168.000000	93.562813
0	-201.000000	88.266641
0	-171.000000	79.088558
4	-100.000000	77.162167
0	-27.000000	80.777472
2	58.000000	79.284299
0	137.000000	69.706528
0	178.000000	59.883220
0	182.000000	51.807335
0	164.000000	55.063600
1	124.000000	67.022384
0	92.000000	79.837335
3	48.000000	88.521184
0	9.000000	85.854528
3	-30.000000	73.891813
0	-76.000000	59.766211
0	-159.000000	71.979164
0	-203.000000	92.276758
8	-215.000000	105.844225
2	-189.000000	107.233390
0	-120.000000	92.433760
2	11.000000	68.927498
0	124.000000	58.872744
0	202.000000	63.245553
0	231.000000	73.259812
0	221.000000	80.938248
3	153.000000	79.012657
0	67.000000	79.906195
0	-15.000000	83.803341
3	-73.000000	86.110394
3	-123.000000	93.418414
0	-145.000000	93.909531
4	-145.000000	90.625603
0	-121.000000	90.061090
3	-82.000000	91.531415
2	-29.000000	95.063137
0	38.000000	97.344748
4	109.000000	92.179173
0	149.000000	85.094066
0	152.000000	84.687661
0	128.000000	83.294658
4	57.000000	87.721149
0	-39.000000	94.122261
2	-108.000000	100.578328
4	-153.000000	109.036691
1	-169.000000	111.548196
6	-140.000000	102.752129
0	-96.000000	86.011627
0	-80.000000	76.315136
0	-64.000000	80.062476
4	-58.000000	93.123574
3	-66.000000	98.193686
0	-58.000000	89.677199
2	-14.000000	70.427267
0	31.000000	50.744458
0	82.000000	42.684892
0	139.000000	41.436699
0	180.000000	45.497253
0	201.000000	48.093659
0	223.000000	54.616847
0	210.000000	54.000000
0	168.000000	42.778499
0	107.000000	25.553865
0	28.000000	30.166206
0	-82.000000	68.731361
0	-136.000000	96.446877
9	-164.000000	104.690019
0	-166.000000	94.657277
0	-138.000000	71.582121
0	-62.000000	51.361464
2	-27.000000	74.357246
0	27.000000	98.878714
6	93.000000	112.022319
0	138.000000	108.664622
1	137.000000	89.157165
1	130.000000	64.699304
0	57.000000	65.015383
0	-77.000000	92.244241
2	-198.000000	116.884558
9	-276.000000	126.214104
3	-310.000000	116.687617
1	-270.000000	97.703634
0	-146.000000	83.306662
3	-23.000000	84.005952
2	72.000000	86.359713
0	130.000000	79.586431
0	145.000000	64.397205
0	97.000000	60.802960
0	50.000000	70.071392
4	18.000000	75.617458
0	1.000000	69.849839
0	13.000000	50.447993
0	68.000000	23.916521
0	127.000000	27.946377
0	187.000000	50.328918
0	257.000000	71.533209
1	268.000000	75.723180
0	212.000000	62.225397
0	108.000000	35.411862
0	-44.000000	23.579652
0	-254.000000	76.980517
0	-387.000000	112.689840
14	-430.000000	125.817328
1	-392.000000	115.507576
0	-273.000000	82.722427
0	-68.000000	39.012818
0	95.000000	45.617979
1	194.000000	67.941151
0	239.000000	77.723870
1	235.000000	72.463784
0	181.000000	57.974132
0	130.000000	60.083276
0	102.000000	67.171422
3	91.000000	72.131824
0	77.000000	68.534663
0	61.000000	64.350602
0	39.000000	68.956508
2	18.000000	82.849261
3	-17.000000	98.625554
0	-41.000000	104.158533
5	-58.000000	101.449495
0	-54.000000	97.149370
3	-84.000000	97.549987
0	-107.000000	103.522944
4	-121.000000	111.063045
5	-121.000000	113.097303
1	-152.000000	116.232526
0	-122.000000	113.833211
8	-81.000000	106.418983
0	-64.000000	99.206855
0	-69.000000	93.289871
1	-33.000000	89.615847
5	-36.000000	94.773414
0	-38.000000	97.662685
2	1.000000	93.150416
2	66.000000	81.166496
0	104.000000	68.249542
0	141.000000	55.506756
0	159.000000	47.655010
0	133.000000	51.390661
0	92.000000	58.855756
2	61.000000	72.587878
0	57.000000	81.774079
3	60.000000	79.711982
0	81.000000	69.562921
0	74.000000	53.122500
0	37.000000	43.000000
0	-50.000000	64.560050
1	-129.000000	86.515894
6	-207.000000	102.513414
0	-224.000000	106.028298
5	-195.000000	93.096724
0	-115.000000	70.943640
0	-39.000000	54.083269
0	46.000000	48.600412
1	89.000000	66.128662
0	125.000000	79.252760
3	157.000000	83.036137
0	190.000000	78.370913
0	199.000000	64.536811
0	206.000000	50.990195
0	159.000000	48.342528
0	53.000000	63.631753
0	-65.000000	83.468557
5	-160.000000	98.630624
3	-237.000000	108.843925
1	-242.000000	109.068786
5	-160.000000	98.539332
1	-56.000000	84.947042
0	44.000000	77.472576
0	154.000000	85.510233
2	239.000000	103.975959
3	250.000000	114.280357
1	245.000000	112.618826
3	214.000000	101.488916
0	129.000000	97.964279
0	-5.000000	113.265176
4	-97.000000	128.891427
10	-189.000000	139.696099
0	-226.000000	144.526814
5	-187.000000	147.617750
4	-56.000000	148.101317
8	83.000000	148.993288
1	249.000000	144.010416
3	362.000000	144.672043
0	424.000000	158.151826
7	396.000000	172.563032
10	301.000000	183.420282
1	120.000000	186.756526
8	-86.000000	185.089168
8	-337.000000	191.747229
7	-554.000000	204.860928
16	-719.000000	215.306758
7	-777.000000	221.492664
14	-743.000000	219.159759
10	-591.000000	208.933004
9	-414.000000	200.559218
4	-228.000000	188.547076
9	-93.000000	179.574497
4	-9.000000	173.507925
6	15.000000	167.418637
5	39.000000	163.594010
3	87.000000	156.987261
8	166.000000	142.232205
0	258.000000	121.342490
0	336.000000	96.031245
0	374.000000	72.842295
0	330.000000	74.175468
0	247.000000	81.725149
3	149.000000	88.447725
0	82.000000	87.589954
3	62.000000	77.974355
0	120.000000	70.270904
0	187.000000	65.230361
0	237.000000	57.419509
0	235.000000	54.120237
0	153.000000	52.735187
0	-17.000000	69.375788
0	-183.000000	91.961949
7	-305.000000	105.104710
4	-364.000000	111.130554
0	-308.000000	105.517771
5	-134.000000	92.940841
0	50.000000	82.752643
0	204.000000	75.617458
0	306.000000	67.970582
0	296.000000	69.469418
0	159.000000	80.814603
0	0.000000	92.725401
7	-160.000000	102.391406
0	-282.000000	104.584894
4	-318.000000	101.024749
2	-238.000000	91.989130
3	-119.000000	85.842880
0	30.000000	80.386566
0	159.000000	76.778903
1	229.000000	70.021425
0	211.000000	60.802960
0	140.000000	56.780278
0	26.000000	66.015150
1	-81.000000	83.516465
4	-146.000000	92.293012
3	-157.000000	87.458562
0	-120.000000	68.014704
0	-45.000000	39.761791
0	29.000000	32.939338
0	80.000000	53.291650
1	106.000000	66.030296
1	109.000000	65.138314
0	97.000000	51.913389
0	93.000000	36.701499
0	102.000000	45.825757
0	129.000000	67.771675
2	149.000000	79.705709
1	150.000000	77.961529
0	108.000000	61.725197
0	31.000000	45.771170
0	-85.000000	66.760767
1	-178.000000	98.600203
7	-238.000000	120.382723
3	-225.000000	125.008000
4	-168.000000	109.434912
0	-73.000000	82.371111
0	-14.000000	68.702256
0	19.000000	75.861716
4	-14.000000	98.731960
0	-62.000000	112.214081
6	-108.000000	111.337325
1	-103.000000	98.554553
2	-67.000000	80.454956
0	24.000000	67.793805
0	126.000000	72.000000
2	216.000000	79.410327
0	288.000000	84.000000
1	341.000000	82.188807
0	363.000000	78.287930
0	396.000000	89.899944
1	467.000000	106.766099
4	538.000000	125.849116
0	645.000000	143.321317
5	813.000000	158.034806
4	959.000000	173.910897
1	1065.000000	192.818568
8	1229.000000	213.356509
11	1442.000000	242.726183
7	1673.000000	281.124528
12	2068.000000	318.524724
27	2644.000000	351.402903
22	3269.000000	382.574176
17	3845.000000	417.692471
25	4354.000000	457.803451
45	4626.000000	501.894411
48	4593.000000	550.402580
53	4315.000000	603.838555
70	3929.000000	661.755997
96	3466.000000	719.394190
114	2925.000000	767.908198
123	2424.000000	813.208460
122	1910.000000	859.932555
159	1232.000000	911.441715
177	309.000000	964.559485
202	-571.000000	1009.703422
231	-1645.000000	1050.379455
196	-2814.000000	1091.035288
270	-3954.000000	1130.019469
282	-4869.000000	1163.748684
295	-6053.000000	1190.182759
270	-7157.000000	1209.041356
306	-8185.000000	1225.985726
333	-9028.000000	1239.595095
331	-9784.000000	1252.269939
301	-9874.000000	1257.627131
345	-9466.000000	1255.191619
310	-8614.000000	1242.913513
321	-7541.000000	1218.281166
274	-6326.000000	1188.095114
246	-5341.000000	1159.971982
274	-4600.000000	1135.711231
242	-3920.000000	1111.770660
246	-3195.000000	1076.063660
200	-2260.000000	1025.939569
176	-980.000000	972.057611
167	669.000000	918.138878
144	2261.000000	870.895516
105	3776.000000	821.533931
114	4961.000000	761.979659
78	5615.000000	700.180691
54	5626.000000	645.972136
52	5349.000000	602.432569
63	4720.000000	570.308688
43	3929.000000	532.209545
45	3179.000000	481.421852
20	2591.000000	427.706675
20	2082.000000	383.515319
27	1752.000000	357.793236
16	1590.000000	340.496696
23	1529.000000	313.083056
4	1550.000000	271.090391
8	1588.000000	223.731983
1	1584.000000	180.049993
0	1465.000000	158.047461
1	1260.000000	148.168823
2	968.000000	144.090249
3	681.000000	134.733069
3	436.000000	114.070154
0	294.000000	89.666047
0	220.000000	62.529993
0	199.000000	44.977772
0	180.000000	42.918527
0	149.000000	46.786750
0	83.000000	56.700970
0	18.000000	65.726707
3	-26.000000	69.310894
1	-40.000000	66.648331
0	-34.000000	57.096410
0	1.000000	44.643029
1	35.000000	43.943145
0	40.000000	51.185936
0	23.000000	59.640590
1	4.000000	63.007936
2	-25.000000	63.063460
0	-55.000000	64.753378
0	-51.000000	64.132675
3	-23.000000	61.733297
0	9.000000	61.359596
0	40.000000	63.576725
0	67.000000	62.169124
2	59.000000	58.779248
0	21.000000	51.176166
0	-34.000000	50.517324
0	-87.000000	63.663176
2	-118.000000	76.772391
4	-112.000000	80.771282
0	-70.000000	73.334848
0	-7.000000	53.600373
0	57.000000	29.949958
0	92.000000	27.092434
0	95.000000	38.483763
0	66.000000	55.910643
0	25.000000	64.303966
3	-18.000000	62.305698
0	-45.000000	52.507142
0	-56.000000	35.888717
0	-47.000000	29.715316
0	-26.000000	42.755117
2	5.000000	52.124850
0	45.000000	54.083269
0	96.000000	51.029403
0	138.000000	44.158804
0	156.000000	41.713307
0	152.000000	41.521079
0	111.000000	43.852024
0	25.000000	56.506637
0	-65.000000	70.915443
4	-129.000000	80.814603
2	-173.000000	86.365502
0	-167.000000	87.401373
3	-98.000000	83.126410
2	-8.000000	80.709355
0	66.000000	80.461171
0	127.000000	77.116795
2	148.000000	78.943017
0	114.000000	83.606220
2	43.000000	90.138782
1	-25.000000	98.949482
3	-82.000000	103.237590
4	-125.000000	102.941731
0	-127.000000	102.112683
3	-84.000000	97.672924
3	-23.000000	98.625554
0	42.000000	106.207344
3	123.000000	110.322255
3	167.000000	111.682586
0	166.000000	107.293989
3	110.000000	99.206855
0	15.000000	99.513818
3	-117.000000	113.035393
3	-221.000000	127.306716
7	-289.000000	136.773535
3	-272.000000	133.484081
5	-194.000000	119.991666
1	-76.000000	107.814656
0	41.000000	105.038088
4	140.000000	106.160256
2	161.000000	109.128365
0	136.000000	109.123783
3	78.000000	105.640901
2	-8.000000	107.154095
2	-93.000000	107.317287
4	-132.000000	102.323018
2	-153.000000	99.242128
0	-137.000000	97.092739
4	-71.000000	96.348326
2	12.000000	94.233752
1	87.000000	86.029065
0	170.000000	76.889531
0	206.000000	70.753092
1	182.000000	69.253159
0	126.000000	68.891219
2	50.000000	69.296465
0	-58.000000	79.158070
0	-120.000000	89.095454
7	-131.000000	90.338253
0	-109.000000	84.029757
0	-66.000000	70.908392
0	13.000000	57.662813
2	59.000000	63.063460
0	70.000000	68.833132
1	50.000000	71.470274
0	19.000000	69.332532
2	-31.000000	64.428255
1	-66.000000	64.529063
0	-73.000000	66.400301
2	-43.000000	64.753378
1	5.000000	61.862751
0	61.000000	56.293872
0	118.000000	48.969378
0	146.000000	44.788391
0	130.000000	42.965102
0	75.000000	46.765372
0	4.000000	52.172790
2	-83.000000	61.196405
0	-147.000000	69.303680
3	-173.000000	71.881847
1	-153.000000	66.700825
1	-107.000000	56.026779
0	-35.000000	40.779897
0	31.000000	32.878564
0	80.000000	33.436507
0	108.000000	37.469988
0	121.000000	38.509739
0	119.000000	34.539832
0	117.000000	33.271610
0	120.000000	40.472213
0	103.000000	47.000000
0	69.000000	46.054316
1	18.000000	37.549967
0	-53.000000	32.046841
0	-145.000000	53.150729
0	-199.000000	73.966209
6	-214.000000	83.797375
1	-190.000000	79.044291
0	-127.000000	59.439044
0	-25.000000	29.580399
0	58.000000	23.832751
0	117.000000	36.945906
0	152.000000	44.721360
0	163.000000	44.977772
0	150.000000	42.426407
0	133.000000	48.507731
0	101.000000	50.487622
1	54.000000	44.226689
0	-6.000000	32.771939
0	-76.000000	36.687873
0	-142.000000	61.692787
2	-165.000000	81.221918
5	-144.000000	87.874911
0	-89.000000	80.355460
0	-15.000000	58.455111
0	58.000000	31.240999
0	85.000000	30.610456
0	61.000000	49.969991
0	6.000000	69.152006
2	-50.000000	77.019478
3	-96.000000	73.157365
0	-108.000000	62.689712
0	-76.000000	46.626173
1	-20.000000	35.721142
0	35.000000	38.948684
0	82.000000	41.472883
0	116.000000	39.899875
0	127.000000	38.039453
0	128.000000	41.158231
0	110.000000	45.716518
0	83.000000	45.354162
1	47.000000	40.533936
0	7.000000	42.154478
0	-54.000000	58.326666
0	-94.000000	70.668239
5	-123.000000	73.708887
0	-141.000000	66.970143
0	-149.000000	59.000000
0	-116.000000	57.218878
3	-82.000000	64.822835
1	-42.000000	66.813172
0	4.000000	58.566202
0	57.000000	42.743421
0	86.000000	30.033315
0	110.000000	31.112698
0	128.000000	36.027767
0	143.000000	41.629317
0	150.000000	50.079936
0	154.000000	57.008771
1	137.000000	55.901699
0	99.000000	48.897853
0	27.000000	43.439613
0	-69.000000	57.367238
1	-162.000000	81.572054
4	-223.000000	96.213305
4	-252.000000	100.518655
0	-229.000000	91.219515
3	-164.000000	72.773622
0	-92.000000	62.000000
0	-33.000000	63.379808
2	13.000000	69.634761
0	36.000000	74.135012
2	42.000000	68.498175
0	50.000000	55.335341
0	60.000000	42.000000
0	72.000000	28.774989
0	81.000000	30.347982
0	81.000000	32.726136
0	68.000000	29.732137
0	48.000000	23.622024
0	21.000000	15.588457
0	-6.000000	21.771541
0	-22.000000	29.325757
1	-27.000000	32.171416
0	-23.000000	29.614186
0	-10.000000	22.360680
0	10.000000	15.811388
0	22.000000	17.088007
0	26.000000	18.384776
0	25.000000	17.175564
0	19.000000	16.643317
0	8.000000	24.657656
0	7.000000	34.307434
1	16.000000	41.327957
0	20.000000	40.124805
0	19.000000	30.116441
0	17.000000	11.704700
0	3.000000	12.124356
0	-23.000000	38.897301
0	-31.000000	56.382621
3	-21.000000	64.784257
0	-13.000000	60.390397
0	-2.000000	43.726422
0	12.000000	15.099669
0	-1.000000	14.456832
0	-41.000000	45.902070
0	-68.000000	64.280635
4	-83.000000	69.072426
0	-86.000000	60.530984
0	-62.000000	41.327957
0	-11.000000	11.269428
0	27.000000	12.124356
0	52.000000	26.000000
0	64.000000	32.000000
0	61.000000	30.016662
0	43.000000	20.223748
0	31.000000	13.453624
0	25.000000	12.041595
0	29.000000	16.401219
0	38.000000	19.798990
0	52.000000	23.194827
0	62.000000	26.305893
0	68.000000	33.075671
0	50.000000	38.209946
0	18.000000	39.268308
1	-28.000000	39.597980
0	-78.000000	42.213742
1	-132.000000	54.990908
0	-148.000000	65.053824
4	-136.000000	67.453688
0	-96.000000	60.249481
0	-38.000000	45.738387
0	38.000000	30.724583
0	82.000000	31.811947
0	99.000000	35.707142
0	89.000000	34.713110
0	57.000000	31.416556
0	3.000000	34.770677
0	-33.000000	42.743421
2	-52.000000	45.650849
0	-54.000000	41.060930
0	-40.000000	28.284271
0	-10.000000	7.071068
0	12.000000	8.485281
0	26.000000	18.384776
0	32.000000	22.627417
0	30.000000	21.213203
0	20.000000	14.142136
0	12.000000	8.485281
0	6.000000	4.242641
0	2.000000	1.414214
0	0.000000	0.000000
0	0.000000	0.000000
0	0.000000	0.000000
0	0.000000	0.000000
0	0.000000	0.000000
0	0.000000	0.000000
0	1.000000	1.000000
0	3.000000	3.000000
0	6.000000	6.000000
0	10.000000	10.000000
0	15.000000	15.000000
0	16.000000	16.000000
0	13.000000	13.000000
0	7.000000	6.082763
0	-2.000000	5.830952
0	-14.000000	20.880613
0	-19.000000	30.675723
1	-17.000000	35.341194
0	-13.000000	33.120990
0	-7.000000	23.853721
0	1.000000	7.810250
0	1.000000	7.810250
0	-6.000000	23.874673
0	-10.000000	33.256578
1	-11.000000	35.846897
0	-9.000000	32.264532
0	1.000000	25.709920
0	14.000000	17.029386
0	20.000000	14.352700
0	19.000000	14.317821
0	11.000000	16.763055
0	-5.000000	25.000000
0	-19.000000	30.675723
1	-25.000000	32.572995
0	-23.000000	29.308702
0	-13.000000	20.904545
0	6.000000	11.224972
0	24.000000	16.431677
0	36.000000	21.494185
0	43.000000	23.130067
0	45.000000	23.043437
0	37.000000	22.737634
0	24.000000	30.495901
0	15.000000	37.027017
1	5.000000	38.871583
0	-6.000000	39.874804
0	-7.000000	41.267421
1	1.000000	48.815981
0	-2.000000	56.373753
1	-5.000000	56.665686
1	-5.000000	50.269275
0	-17.000000	43.829214
0	-41.000000	51.681718
0	-42.000000	65.406422
4	-35.000000	74.101282
0	-35.000000	72.297994
0	-27.000000	59.169249
1	-11.000000	39.887341
0	-23.000000	39.962482
0	-46.000000	56.249444
1	-50.000000	68.000000
3	-46.000000	70.156967
0	-32.000000	60.778286
0	12.000000	45.760245
0	65.000000	31.064449
0	97.000000	30.903074
0	113.000000	37.696154
0	104.000000	42.308392
0	61.000000	46.679760
0	9.000000	47.906158
2	-37.000000	48.487112
0	-78.000000	52.535702
0	-95.000000	56.080300
2	-78.000000	56.071383
1	-48.000000	54.387499
0	-8.000000	49.030603
0	42.000000	47.560488
0	72.000000	49.112117
1	72.000000	47.686476
0	52.000000	41.689327
0	12.000000	34.985711
0	-48.000000	45.299007
0	-88.000000	59.766211
4	-103.000000	65.719099
0	-95.000000	60.257780
0	-64.000000	42.731721
0	-9.000000	14.177447
0	33.000000	13.747727
0	63.000000	26.888659
0	81.000000	33.808283
0	87.000000	34.597688
0	76.000000	29.257478
0	68.000000	27.640550
0	53.000000	24.351591
0	31.000000	20.074860
0	4.000000	23.958297
0	-18.000000	33.674916
1	-44.000000	46.389654
0	-54.000000	53.777319
2	-48.000000	54.166410
0	-36.000000	47.370877
0	-28.000000	39.673669
0	-14.000000	33.645208
1	-14.000000	37.443290
0	-28.000000	46.946778
0	-36.000000	51.903757
2	-31.000000	50.606324
0	-22.000000	44.113490
0	1.000000	33.511192
0	38.000000	23.664319
0	69.000000	29.137605
0	84.000000	34.292856
0	83.000000	33.926391
0	67.000000	27.184554
0	36.000000	20.346990
0	1.000000	35.085610
0	-20.000000	51.652686
2	-18.000000	61.627916
1	-8.000000	60.975405
0	10.000000	51.942276
0	29.000000	43.462628
0	24.000000	44.158804
1	-14.000000	56.053546
0	-55.000000	64.707032
3	-96.000000	68.498175
0	-127.000000	71.700767
1	-118.000000	72.718636
3	-66.000000	69.065187
0	-1.000000	64.567794
0	62.000000	53.572381
0	113.000000	42.555846
0	126.000000	46.604721
0	95.000000	52.583267
1	38.000000	62.225397
0	-15.000000	66.340033
3	-58.000000	64.961527
0	-82.000000	66.558245
0	-67.000000	68.315445
3	-31.000000	64.984614
0	-3.000000	60.373835
0	11.000000	52.009614
0	18.000000	45.431267
1	-5.000000	56.400355
0	-28.000000	66.693328
3	-40.000000	71.260087
0	-31.000000	66.850580
1	-11.000000	55.542776
0	24.000000	42.778499
0	45.000000	41.892720
0	54.000000	44.022721
1	42.000000	46.733286
0	14.000000	51.633323
0	-13.000000	54.157179
2	-29.000000	56.240555
0	-34.000000	55.497748
1	-28.000000	48.207883
0	-12.000000	36.742346
0	-4.000000	33.704599
0	3.000000	36.701499
1	4.000000	45.607017
0	8.000000	50.099900
1	15.000000	48.280431
0	25.000000	40.926764
0	28.000000	29.866369
0	28.000000	17.435596
0	15.000000	18.734994
0	-11.000000	34.568772
0	-32.000000	45.144213
2	-43.000000	48.052055
0	-45.000000	42.320208
0	-29.000000	29.000000
0	7.000000	9.848858
0	43.000000	15.329710
0	78.000000	28.460499
0	112.000000	40.149720
0	124.000000	43.863424
0	104.000000	37.255872
0	62.000000	23.537205
0	0.000000	13.856406
0	-82.000000	40.865633
0	-144.000000	65.084560
4	-166.000000	77.317527
2	-150.000000	76.563699
0	-106.000000	61.595454
0	-32.000000	35.213634
0	32.000000	16.852300
0	66.000000	29.495762
0	70.000000	48.600412
0	64.000000	59.531504
2	38.000000	58.395205
0	12.000000	48.620983
0	-4.000000	31.304952
0	-10.000000	11.045361
0	-26.000000	29.563491
0	-32.000000	44.944410
2	-32.000000	50.596443
0	-28.000000	46.173586
0	-20.000000	31.622777
0	2.000000	11.045361
0	18.000000	9.486833
0	28.000000	18.439089
0	32.000000	22.627417
0	30.000000	21.213203
0	20.000000	14.142136
0	12.000000	8.485281
0	7.000000	4.358899
0	9.000000	3.872983
0	18.000000	8.485281
0	34.000000	15.620499
0	56.000000	25.019992
0	79.000000	34.132096
0	83.000000	35.057096
0	71.000000	28.548205
0	44.000000	20.542639
0	2.000000	29.631065
0	-43.000000	54.708317
1	-47.000000	73.491496
4	-22.000000	81.030858
0	29.000000	80.156098
0	91.000000	70.703607
1	145.000000	62.457986
0	137.000000	69.361373
0	85.000000	80.243380
3	-1.000000	93.557469
1	-73.000000	105.664564
5	-110.000000	116.335721
2	-67.000000	124.269868
4	47.000000	128.611819
3	200.000000	124.498996
2	308.000000	117.405281
0	356.000000	119.983332
1	288.000000	131.064869
6	91.000000	149.863271
3	-190.000000	163.774235
10	-451.000000	165.876460
8	-686.000000	168.279529
1	-799.000000	173.080906
15	-758.000000	176.765381
6	-574.000000	175.926121
8	-347.000000	162.705255
1	-79.000000	138.582106
1	131.000000	121.140414
3	255.000000	111.781036
2	261.000000	116.691902
0	229.000000	119.653667
5	163.000000	111.610931
1	112.000000	98.030607
1	83.000000	77.955115
0	106.000000	56.160484
0	128.000000	44.788391
0	143.000000	41.340053
0	141.000000	42.461747
0	126.000000	40.620192
0	90.000000	31.654384
0	57.000000	22.516660
0	31.000000	13.453624
0	14.000000	7.071068
0	4.000000	3.162278
0	1.000000	1.000000
0	0.000000	0.000000
0	0.000000	0.000000
0	0.000000	0.000000
0	0.000000	0.000000
0	0.000000	0.000000
0	0.000000	0.000000
0	0.000000	0.000000
0	0.000000	0.000000
0	0.000000	0.000000
0	0.000000	0.000000
0	0.000000	0.000000
0	0.000000	0.000000
0	0.000000	0.000000
0	0.000000	0.000000
0	0.000000	0.000000
0	0.000000	0.000000
0	0.000000	0.000000
0	0.000000	0.000000
0	0.000000	0.000000
0	0.000000	0.000000
0	0.000000	0.000000
0	0.000000	0.000000
0	0.000000	0.000000
0	0.000000	0.000000
0	0.000000	0.000000
0	1.000000	1.000000
0	3.000000	3.000000
0	6.000000	6.000000
0	10.000000	10.000000
0	15.000000	15.000000
0	16.000000	16.000000
0	13.000000	13.000000
0	6.000000	6.000000
0	-5.000000	5.000000
0	-20.000000	20.000000
0	-29.000000	29.000000
1	-30.000000	32.031235
0	-23.000000	29.308702
0	-6.000000	21.771541
0	21.000000	15.588457
0	48.000000	23.622024
0	65.000000	29.681644
0	72.000000	32.310989
0	59.000000	28.442925
0	26.000000	22.090722
0	-22.000000	30.133038
0	-65.000000	41.725292
2	-103.000000	53.376025
0	-116.000000	58.000000
2	-104.000000	53.366656
0	-65.000000	41.653331
0	-19.000000	29.983329
0	34.000000	22.271057
0	74.000000	29.732137
0	101.000000	38.249183
0	100.000000	38.470768
0	81.000000	32.078030
0	45.000000	18.083141
0	2.000000	12.569805
0	-45.000000	35.454196
0	-66.000000	51.497573
3	-63.000000	58.352378
0	-41.000000	55.488738
0	-2.000000	45.210618
0	39.000000	29.647934
0	52.000000	25.298221
0	37.000000	31.859065
0	4.000000	41.036569
1	-47.000000	53.842363
0	-86.000000	60.530984
3	-98.000000	59.833101
0	-83.000000	50.744458
0	-51.000000	35.199432
0	-2.000000	15.620499
0	34.000000	19.078784
0	54.000000	27.055499
0	58.000000	29.461840
0	51.000000	26.664583
0	33.000000	17.578396
0	19.000000	10.440307
0	9.000000	5.196152
0	3.000000	1.732051
0	0.000000	0.000000
0	0.000000	0.000000
0	0.000000	0.000000
0	0.000000	0.000000
0	0.000000	0.000000
0	0.000000	0.000000
0	0.000000	0.000000
0	0.000000	0.000000
0	0.000000	0.000000
0	2.000000	1.414214
0	6.000000	4.242641
0	12.000000	8.485281
0	21.000000	14.177447
0	33.000000	21.424285
0	38.000000	23.409400
0	36.000000	20.928450
0	27.000000	17.233688
0	7.000000	17.521415
0	-24.000000	31.272992
0	-46.000000	41.880783
2	-59.000000	46.615448
0	-62.000000	48.041649
0	-50.000000	43.657760
1	-23.000000	35.763109
0	-1.000000	32.388269
0	16.000000	31.432467
0	23.000000	34.539832
0	20.000000	38.678159
1	7.000000	37.802116
0	-6.000000	34.554305
0	-18.000000	32.310989
0	-19.000000	31.256999
1	-14.000000	33.645208
0	-3.000000	33.451457
0	12.000000	29.698485
0	26.000000	22.494444
0	29.000000	17.464249
0	25.000000	15.524175
0	14.000000	17.029386
0	-4.000000	25.019992
0	-19.000000	30.675723
1	-26.000000	32.557641
0	-26.000000	29.154759
0	-19.000000	20.024984
0	-5.000000	5.000000
0	6.000000	6.000000
0	13.000000	13.000000
0	16.000000	16.000000
0	15.000000	15.000000
0	10.000000	10.000000
0	6.000000	6.000000
0	3.000000	3.000000
0	1.000000	1.000000
0	0.000000	0.000000
0	1.000000	1.000000
0	3.000000	3.000000
0	6.000000	6.000000
0	10.000000	10.000000
0	16.000000	15.033296
0	19.000000	16.278821
0	19.000000	14.317821
0	16.000000	11.661904
0	10.000000	15.811388
0	-4.000000	25.612497
0	-12.000000	31.843367
1	-14.000000	33.105891
0	-10.000000	31.780497
0	1.000000	34.655447
0	29.000000	42.130749
1	46.000000	46.065171
0	54.000000	42.497059
0	53.000000	33.391616
0	38.000000	29.631065
0	-1.000000	50.547008
0	-28.000000	67.586981
4	-53.000000	72.422372
0	-76.000000	66.603303
0	-87.000000	52.564246
1	-81.000000	47.275787
0	-84.000000	61.090097
2	-76.000000	70.540768
2	-57.000000	69.390201
0	-37.000000	58.677082
0	-17.000000	42.649736
0	13.000000	36.918830
1	33.000000	41.170378
0	43.000000	42.367440
0	48.000000	37.389838
0	48.000000	26.153394
0	39.000000	17.578396
0	31.000000	16.093477
0	24.000000	16.613248
0	17.000000	15.066519
0	10.000000	10.000000
0	6.000000	6.000000
0	3.000000	3.000000
0	1.000000	1.000000
0	0.000000	0.000000
0	0.000000	0.000000
0	0.000000	0.000000
0	0.000000	0.000000
0	2.000000	1.414214
0	6.000000	4.242641
0	12.000000	8.485281
0	20.000000	14.142136
0	30.000000	21.213203
0	32.000000	22.627417
0	26.000000	18.384776
0	12.000000	8.485281
0	-10.000000	7.071068
0	-40.000000	28.284271
0	-58.000000	41.012193
2	-61.000000	45.287967
0	-49.000000	41.340053
0	-22.000000	30.133038
0	20.000000	18.708287
0	57.000000	27.331301
0	74.000000	33.256578
0	72.000000	31.937439
0	51.000000	23.811762
0	11.000000	17.635192
0	-38.000000	37.040518
0	-66.000000	52.592775
3	-78.000000	57.706152
0	-73.000000	51.894123
0	-51.000000	35.284558
0	-14.000000	11.661904
0	10.000000	24.698178
0	31.000000	39.887341
1	44.000000	46.043458
0	49.000000	43.416587
0	46.000000	34.438351
0	40.000000	25.884358
0	21.000000	28.301943
0	-1.000000	32.939338
1	-26.000000	36.469165
0	-51.000000	43.231933
0	-59.000000	47.000000
2	-45.000000	47.085029
0	-19.000000	45.022217
0	19.000000	40.558600
0	54.000000	32.771939
0	66.000000	28.354894
0	54.000000	23.366643
0	23.000000	24.959968
0	-27.000000	40.730824
0	-66.000000	52.191953
3	-84.000000	56.071383
0	-81.000000	50.408333
0	-58.000000	34.669872
0	-15.000000	8.660254
0	18.000000	10.392305
0	39.000000	22.516660
0	48.000000	27.712813
0	45.000000	25.980762
0	30.000000	17.320508
0	18.000000	10.392305
0	9.000000	5.196152
0	3.000000	1.732051
0	0.000000	0.000000
0	0.000000	0.000000
0	0.000000	0.000000
0	0.000000	0.000000
0	0.000000	0.000000
0	0.000000	0.000000
0	0.000000	0.000000
0	0.000000	0.000000
0	0.000000	0.000000
0	2.000000	1.414214
0	9.000000	4.582576
0	21.000000	9.949874
0	38.000000	17.549929
0	60.000000	27.386128
0	77.000000	34.452866
0	74.000000	33.256578
0	51.000000	24.062419
0	8.000000	12.569805
0	-53.000000	29.614186
0	-112.000000	53.851648
2	-139.000000	68.139563
3	-134.000000	70.384657
0	-97.000000	61.424751
0	-38.000000	41.976184
0	23.000000	22.022716
0	56.000000	22.759613
0	61.000000	32.695565
0	38.000000	44.922155
0	7.000000	50.566788
2	-22.000000	49.193496
0	-34.000000	42.520583
0	-29.000000	28.792360
0	-7.000000	7.280110
0	12.000000	8.485281
0	26.000000	18.384776
0	32.000000	22.627417
0	30.000000	21.213203
0	20.000000	14.142136
0	12.000000	8.485281
0	6.000000	4.242641
0	2.000000	1.414214
0	0.000000	0.000000
0	0.000000	0.000000
0	0.000000	0.000000
0	0.000000	0.000000
0	0.000000	0.000000
0	0.000000	0.000000
0	0.000000	0.000000
0	0.000000	0.000000
0	0.000000	0.000000
0	0.000000	0.000000
0	0.000000	0.000000
0	0.000000	0.000000
0	0.000000	0.000000
0	0.000000	0.000000
0	0.000000	0.000000
0	0.000000	0.000000
0	0.000000	0.000000
0	0.000000	0.000000
0	0.000000	0.000000
0	0.000000	0.000000
0	0.000000	0.000000
0	0.000000	0.000000
0	0.000000	0.000000
0	0.000000	0.000000
0	0.000000	0.000000
0	0.000000	0.000000
0	1.000000	1.000000
0	3.000000	3.000000
0	6.000000	6.000000
0	10.000000	10.000000
0	15.000000	15.000000
0	16.000000	16.000000
0	13.000000	13.000000
0	6.000000	6.000000
0	-5.000000	5.000000
0	-20.000000	20.000000
0	-29.000000	29.000000
1	-32.000000	32.000000
0	-29.000000	29.000000
0	-20.000000	20.000000
0	-5.000000	5.000000
0	6.000000	6.000000
0	13.000000	13.000000
0	16.000000	16.000000
0	15.000000	15.000000
0	10.000000	10.000000
0	6.000000	6.000000
0	3.000000	3.000000
0	1.000000	1.000000
0	0.000000	0.000000
0	0.000000	0.000000
0	0.000000	0.000000
0	0.000000	0.000000
0	0.000000	0.000000
0	0.000000	0.000000
0	0.000000	0.000000
0	1.000000	1.000000
0	3.000000	3.000000
0	6.000000	6.000000
0	10.000000	10.000000
0	15.000000	15.000000
0	17.000000	16.031220
0	19.000000	13.453624
0	28.000000	10.295630
0	49.000000	17.349352
0	83.000000	34.971417
0	139.000000	51.623638
1	202.000000	64.093681
0	248.000000	67.498148
0	258.000000	61.040970
0	241.000000	56.718604
0	197.000000	71.323208
1	186.000000	105.555673
3	244.000000	137.120385
7	419.000000	157.680056
5	682.000000	168.243871
1	1008.000000	172.319471
4	1264.000000	180.443897
0	1428.000000	198.438907
11	1426.000000	226.490618
6	1287.000000	262.101126
14	1057.000000	300.960130
20	915.000000	331.808680
30	878.000000	357.326182
21	1012.000000	378.861452
28	1322.000000	405.694466
31	1709.000000	440.396412
40	1935.000000	474.344811
47	1899.000000	501.353169
43	1503.000000	520.990403
56	656.000000	543.694767
54	-480.000000	578.691628
82	-1559.000000	622.118156
99	-2399.000000	660.009848
97	-2824.000000	684.628366
101	-2678.000000	692.701956
100	-2119.000000	694.752474
92	-1570.000000	702.731812
90	-1185.000000	713.939073
116	-1135.000000	726.148057
102	-1525.000000	734.780920
110	-2230.000000	741.990566
106	-2852.000000	750.206638
126	-3297.000000	754.576040
128	-3457.000000	749.735287
102	-3310.000000	733.986376
105	-2970.000000	710.845975
92	-2652.000000	692.478159
92	-2319.000000	681.008811
102	-2014.000000	669.348937
77	-1666.000000	652.941039
81	-1119.000000	624.266770
75	-367.000000	586.742703
50	403.000000	549.173015
42	1179.000000	510.391027
44	1799.000000	473.809033
31	2082.000000	441.981900
23	2072.000000	412.601503
24	1927.000000	385.498379
24	1672.000000	359.179621
18	1442.000000	326.355634
16	1320.000000	287.812439
3	1284.000000	250.699023
6	1289.000000	219.292043
9	1288.000000	197.220689
0	1225.000000	178.966477
3	1110.000000	153.264477
0	953.000000	126.566188
0	742.000000	109.370928
1	543.000000	96.638502
2	378.000000	88.249646
0	239.000000	74.572113
0	132.000000	60.497934
0	88.000000	55.892754
2	69.000000	57.887823
0	59.000000	56.222771
0	55.000000	45.508241
0	51.000000	26.664583
0	23.000000	19.570386
0	-19.000000	40.236799
0	-48.000000	55.263008
3	-64.000000	59.363288
0	-67.000000	52.182373
0	-48.000000	35.665109
0	-8.000000	9.695360
0	23.000000	10.908712
0	45.000000	23.302360
0	58.000000	29.461840
0	60.000000	30.000000
0	46.000000	23.579652
0	31.000000	16.643317
0	15.000000	7.937254
0	-2.000000	5.291503
0	-20.000000	20.000000
0	-29.000000	29.000000
1	-32.000000	32.000000
0	-29.000000	29.000000
0	-20.000000	20.000000
0	-5.000000	5.000000
0	6.000000	6.000000
0	13.000000	13.000000
0	16.000000	16.000000
0	15.000000	15.000000
0	10.000000	10.000000
0	6.000000	6.000000
0	3.000000	3.000000
0	1.000000	1.000000
0	0.000000	0.000000
0	0.000000	0.000000
0	0.000000	0.000000
0	0.000000	0.000000
0	0.000000	0.000000
0	0.000000	0.000000
0	0.000000	0.000000
0	0.000000	0.000000
0	0.000000	0.000000
0	0.000000	0.000000
0	0.000000	0.000000
0	0.000000	0.000000
0	0.000000	0.000000
0	0.000000	0.000000
0	0.000000	0.000000
0	0.000000	0.000000
0	0.000000	0.000000
0	0.000000	0.000000
0	0.000000	0.000000
0	0.000000	0.000000
0	0.000000	0.000000
0	0.000000	0.000000
0	0.000000	0.000000
0	0.000000	0.000000
0	0.000000	0.000000
0	0.000000	0.000000
0	0.000000	0.000000
0	0.000000	0.000000
0	0.000000	0.000000
0	0.000000	0.000000
0	0.000000	0.000000
0	0.000000	0.000000
0	0.000000	0.000000
0	0.000000	0.000000
0	0.000000	0.000000
0	0.000000	0.000000
0	0.000000	0.000000
0	0.000000	0.000000
0	0.000000	0.000000
0	0.000000	0.000000
0	0.000000	0.000000
0	0.000000	0.000000
0	0.000000	0.000000
0	0.000000	0.000000
0	0.000000	0.000000
0	0.000000	0.000000
0	0.000000	0.000000
0	0.000000	0.000000
0	0.000000	0.000000
0	0.000000	0.000000
0	1.000000	1.000000
0	6.000000	3.464102
0	15.000000	7.937254
0	28.000000	14.422205
0	45.000000	22.912878
0	61.000000	30.512293
0	61.000000	30.610456
0	45.000000	23.302360
0	13.000000	11.532563
0	-35.000000	21.794495
0	-89.000000	45.177428
1	-119.000000	59.556696
3	-125.000000	62.553977
0	-107.000000	54.064776
0	-64.000000	35.014283
0	-5.000000	11.000000
0	40.000000	17.944358
0	71.000000	29.983329
0	88.000000	36.304270
0	87.000000	35.454196
0	68.000000	27.748874
0	47.000000	18.947295
0	24.000000	14.071247
0	-1.000000	26.248809
0	-23.000000	39.962482
1	-33.000000	47.528939
1	-39.000000	46.443514
0	-41.000000	37.881394
0	-39.000000	29.342802
0	-31.000000	30.479501
1	-27.000000	40.583248
0	-17.000000	46.679760
1	-1.000000	45.880279
0	21.000000	40.509258
0	34.000000	32.924155
0	44.000000	24.041631
0	41.000000	19.570386
0	25.000000	21.931712
0	-4.000000	35.440090
0	-22.000000	46.561787
2	-35.000000	49.122296
0	-38.000000	43.451122
0	-31.000000	29.068884
0	-14.000000	8.717798
0	-8.000000	21.725561
0	-3.000000	34.336569
1	0.000000	39.191836
0	1.000000	35.930488
0	0.000000	24.494897
0	7.000000	9.848858
0	12.000000	7.348469
0	15.000000	13.076697
0	16.000000	16.000000
0	15.000000	15.000000
0	10.000000	10.000000
0	6.000000	6.000000
0	3.000000	3.000000
0	4.000000	2.000000
0	9.000000	5.196152
0	18.000000	10.392305
0	30.000000	17.320508
0	45.000000	25.980762
0	48.000000	27.712813
0	39.000000	22.516660
0	18.000000	10.392305
0	-15.000000	8.660254
0	-60.000000	34.641016
0	-87.000000	50.229473
3	-96.000000	55.425626
0	-81.000000	50.289164
0	-42.000000	35.411862
0	21.000000	17.058722
0	78.000000	26.608269
0	129.000000	43.092923
0	144.000000	48.000000
0	123.000000	41.097445
0	66.000000	22.715633
0	-12.000000	16.062378
0	-111.000000	49.264592
0	-171.000000	71.056316
6	-192.000000	78.383672
0	-174.000000	71.035203
0	-120.000000	48.989795
0	-30.000000	12.247449
0	36.000000	14.696938
0	78.000000	31.843367
0	96.000000	39.191836
0	90.000000	36.742346
0	60.000000	24.494897
0	36.000000	14.696938
0	20.000000	7.483315
0	12.000000	4.898979
0	12.000000	8.485281
0	20.000000	14.142136
0	30.000000	21.213203
0	32.000000	22.627417
0	26.000000	18.384776
0	12.000000	8.485281
0	-10.000000	7.071068
0	-40.000000	28.284271
0	-58.000000	41.012193
2	-64.000000	45.254834
0	-58.000000	41.012193
0	-40.000000	28.284271
0	-10.000000	7.071068
0	12.000000	8.485281
0	26.000000	18.384776
0	32.000000	22.627417
0	30.000000	21.213203
0	20.000000	14.142136
0	12.000000	8.485281
0	6.000000	4.242641
0	2.000000	1.414214
0	0.000000	0.000000
0	0.000000	0.000000
0	0.000000	0.000000
0	0.000000	0.000000
0	0.000000	0.000000
0	0.000000	0.000000
0	0.000000	0.000000
0	0.000000	0.000000
0	0.000000	0.000000
0	0.000000	0.000000
0	0.000000	0.000000
0	0.000000	0.000000
0	0.000000	0.000000
0	0.000000	0.000000
0	0.000000	0.000000
0	0.000000	0.000000
0	0.000000	0.000000
0	0.000000	0.000000
0	0.000000	0.000000
0	0.000000	0.000000
0	0.000000	0.000000
0	0.000000	0.000000
0	0.000000	0.000000
0	0.000000	0.000000
0	0.000000	0.000000
0	0.000000	0.000000
0	1.000000	1.000000
0	3.000000	3.000000
0	6.000000	6.000000
0	10.000000	10.000000
0	18.000000	15.099669
0	25.000000	16.822604
0	31.000000	16.643317
0	37.000000	18.357560
0	43.000000	26.627054
0	34.000000	34.698703
0	20.000000	38.052595
1	1.000000	36.837481
0	-28.000000	34.234486
0	-67.000000	42.059482
0	-86.000000	50.833060
3	-95.000000	55.973208
0	-94.000000	55.605755
0	-73.000000	47.927028
1	-32.000000	36.386811
0	-1.000000	32.388269
0	25.000000	30.708305
0	46.000000	28.319605
0	52.000000	26.683328
0	43.000000	21.656408
0	34.000000	19.078784
0	24.000000	15.874508
0	13.000000	10.148892
0	6.000000	6.000000
0	6.000000	3.464102
0	10.000000	5.291503
0	18.000000	10.392305
0	30.000000	17.320508
0	45.000000	25.980762
0	48.000000	27.712813
0	39.000000	22.516660
0	18.000000	10.392305
0	-15.000000	8.660254
0	-58.000000	34.669872
0	-81.000000	50.408333
3	-84.000000	56.071383
0	-67.000000	52.182373
0	-30.000000	40.620192
0	17.000000	24.228083
0	46.000000	21.166010
0	57.000000	24.433583
0	50.000000	29.832868
0	25.000000	40.926764
0	2.000000	49.315312
2	-13.000000	51.662365
0	-20.000000	45.343136
0	-19.000000	30.182777
0	-10.000000	14.142136
0	-13.000000	33.120990
0	-16.000000	47.707442
2	-19.000000	52.239832
0	-22.000000	46.561787
0	-25.000000	32.015621
0	-18.000000	22.847319
0	-11.000000	30.512293
1	-4.000000	36.932371
0	3.000000	36.783148
0	10.000000	29.154759
0	15.000000	15.000000
0	18.000000	10.392305
0	19.000000	13.674794
0	18.000000	16.062378
0	15.000000	15.000000
0	10.000000	10.000000
0	6.000000	6.000000
0	3.000000	3.000000
0	1.000000	1.000000
0	0.000000	0.000000
0	0.000000	0.000000
0	0.000000	0.000000
0	0.000000	0.000000
0	0.000000	0.000000
0	0.000000	0.000000
0	0.000000	0.000000
0	0.000000	0.000000
0	0.000000	0.000000
0	0.000000	0.000000
0	0.000000	0.000000
0	0.000000	0.000000
0	0.000000	0.000000
0	0.000000	0.000000
0	2.000000	1.414214
0	6.000000	4.242641
0	12.000000	8.485281
0	20.000000	14.142136
0	30.000000	21.213203
0	32.000000	22.627417
0	26.000000	18.384776
0	12.000000	8.485281
0	-10.000000	7.071068
0	-40.000000	28.284271
0	-57.000000	41.024383
2	-61.000000	45.354162
0	-52.000000	41.448764
0	-29.000000	30.016662
0	8.000000	16.852300
0	34.000000	19.078784
0	49.000000	24.637370
0	53.000000	27.802878
0	41.000000	27.037012
0	13.000000	27.730849
0	-11.000000	30.805844
1	-31.000000	32.664966
0	-45.000000	35.284558
0	-42.000000	35.496479
1	-22.000000	33.615473
0	7.000000	33.421550
0	45.000000	33.985291
0	86.000000	34.146742
0	115.000000	35.930488
0	132.000000	39.420807
0	131.000000	42.555846
0	114.000000	52.134442
0	82.000000	60.778286
2	50.000000	68.425142
1	18.000000	81.975606
0	-20.000000	89.218832
4	-70.000000	91.695147
0	-117.000000	88.198639
4	-172.000000	81.731267
0	-234.000000	90.730370
0	-252.000000	108.415866
9	-226.000000	116.481758
2	-176.000000	112.294256
1	-97.000000	91.678787
0	6.000000	62.305698
0	58.000000	62.000000
0	79.000000	74.986665
4	80.000000	83.582295
0	60.000000	80.981479
0	29.000000	67.520367
1	38.000000	54.899909
1	57.000000	54.194096
0	72.000000	52.421370
0	83.000000	44.350874
0	80.000000	32.710854
0	44.000000	26.076810
0	-7.000000	42.059482
0	-44.000000	55.136195
3	-67.000000	58.318093
0	-71.000000	51.565492
0	-51.000000	35.284558
0	-11.000000	9.219544
0	19.000000	10.440307
0	39.000000	22.516660
0	48.000000	27.712813
0	47.000000	26.019224
0	38.000000	17.888544
0	36.000000	14.071247
0	41.000000	17.291616
0	53.000000	25.553865
0	62.000000	31.016125
0	58.000000	29.154759
0	40.000000	20.297783
0	8.000000	11.832160
0	-38.000000	30.364453
0	-78.000000	51.788030
2	-92.000000	64.652920
2	-90.000000	65.130638
0	-72.000000	53.103672
0	-38.000000	30.364453
0	-7.000000	13.152946
0	1.000000	34.914181
0	6.000000	50.675438
2	9.000000	55.776339
0	10.000000	50.655701
0	14.000000	36.932371
0	31.000000	20.223748
0	41.000000	18.788294
0	39.000000	24.919872
0	25.000000	32.878564
0	7.000000	36.428011
1	-17.000000	35.341194
0	-35.000000	36.262929
0	-37.000000	35.735137
1	-22.000000	33.526109
0	0.000000	32.954514
0	29.000000	32.480764
0	53.000000	29.883106
0	62.000000	28.705400
0	51.000000	24.433583
0	25.000000	22.605309
0	-14.000000	32.741411
0	-46.000000	42.731721
2	-66.000000	50.556899
0	-60.000000	52.306787
1	-29.000000	48.072861
0	17.000000	39.331921
0	58.000000	34.785054
0	93.000000	36.537652
0	93.000000	40.286474
0	58.000000	45.869380
0	8.000000	48.145612
2	-47.000000	50.447993
0	-107.000000	60.207973
0	-132.000000	66.768256
4	-119.000000	65.779936
0	-88.000000	59.160798
0	-41.000000	45.508241
0	22.000000	36.221541
0	70.000000	45.934736
1	89.000000	51.662365
0	91.000000	49.547957
0	78.000000	38.496753
0	53.000000	26.362853
0	27.000000	43.646306
0	25.000000	61.245408
3	37.000000	69.289249
0	60.000000	66.588287
0	79.000000	53.507009
0	90.000000	42.988371
0	74.000000	56.885851
1	43.000000	78.885994
2	-15.000000	93.546780
2	-60.000000	95.874919
3	-80.000000	87.452844
1	-65.000000	83.180527
0	-16.000000	96.974223
2	113.000000	114.991304
7	242.000000	123.773988
0	354.000000	121.909803
0	417.000000	113.221023
1	401.000000	111.977676
2	224.000000	128.273146
3	8.000000	147.424557
10	-251.000000	164.648110
3	-494.000000	177.239950
10	-662.000000	183.902148
9	-657.000000	181.815841
11	-611.000000	175.650221
0	-476.000000	166.379085
8	-287.000000	162.169664
6	-100.000000	162.671448
5	14.000000	166.769302
3	146.000000	161.691063
7	221.000000	147.800541
1	228.000000	135.476935
0	190.000000	125.203834
6	127.000000	124.470880
0	14.000000	129.158817
6	-82.000000	127.992187
4	-141.000000	124.406591
0	-147.000000	120.411793
6	-101.000000	109.549076
1	-18.000000	98.254771
1	59.000000	83.564346
0	124.000000	65.528620
0	142.000000	66.573268
0	130.000000	71.777434
3	101.000000	73.722452
0	74.000000	67.052218
0	49.000000	48.197510
0	50.000000	24.899799
0	52.000000	17.262677
0	54.000000	23.622024
0	52.000000	27.892651
0	46.000000	26.000000
0	30.000000	17.320508
0	18.000000	10.392305
0	9.000000	5.196152
0	3.000000	1.732051
0	0.000000	0.000000
0	0.000000	0.000000
0	0.000000	0.000000
0	0.000000	0.000000
0	0.000000	0.000000
0	0.000000	0.000000
0	0.000000	0.000000
0	0.000000	0.000000
0	0.000000	0.000000
0	0.000000	0.000000
0	0.000000	0.000000
0	1.000000	1.000000
0	3.000000	3.000000
0	6.000000	6.000000
0	10.000000	10.000000
0	15.000000	15.000000
0	16.000000	16.000000
0	13.000000	13.000000
0	6.000000	6.000000
0	-5.000000	5.000000
0	-20.000000	20.000000
0	-29.000000	29.000000
1	-32.000000	32.000000
0	-29.000000	29.000000
0	-20.000000	20.000000
0	-5.000000	5.000000
0	6.000000	6.000000
0	13.000000	13.000000
0	16.000000	16.000000
0	15.000000	15.000000
0	10.000000	10.000000
0	6.000000	6.000000
0	3.000000	3.000000
0	2.000000	1.414214
0	3.000000	3.000000
0	6.000000	6.000000
0	10.000000	10.000000
0	15.000000	15.000000
0	16.000000	16.000000
0	17.000000	13.152946
0	20.000000	8.602325
0	25.000000	13.674794
0	32.000000	29.529646
0	51.000000	44.056782
1	62.000000	49.979996
0	55.000000	45.044423
0	30.000000	29.698485
0	-13.000000	14.035669
0	-84.000000	41.060930
0	-143.000000	65.825527
4	-167.000000	77.698134
2	-156.000000	75.259551
0	-110.000000	59.076222
0	-24.000000	35.156792
0	62.000000	29.631065
0	113.000000	38.948684
0	129.000000	43.231933
0	110.000000	38.987177
0	55.000000	30.413813
0	-16.000000	39.293765
0	-63.000000	51.293274
3	-86.000000	55.623736
0	-85.000000	50.249378
0	-60.000000	34.641016
0	-15.000000	8.660254
0	18.000000	10.392305
0	39.000000	22.516660
0	48.000000	27.712813
0	45.000000	25.980762
0	30.000000	17.320508
0	18.000000	10.392305
0	9.000000	5.196152
0	4.000000	2.000000
0	3.000000	3.000000
0	6.000000	6.000000
0	10.000000	10.000000
0	15.000000	15.000000
0	16.000000	16.000000
0	13.000000	13.000000
0	6.000000	6.000000
0	-5.000000	5.000000
0	-20.000000	20.000000
0	-29.000000	29.000000
1	-32.000000	32.000000
0	-29.000000	29.000000
0	-20.000000	20.000000
0	-5.000000	5.000000
0	6.000000	6.000000
0	13.000000	13.000000
0	16.000000	16.000000
0	16.000000	15.033296
0	13.000000	10.440307
0	12.000000	8.485281
0	13.000000	10.440307
0	16.000000	15.033296
0	16.000000	16.000000
0	13.000000	13.000000
0	6.000000	6.000000
0	-5.000000	5.000000
0	-20.000000	20.000000
0	-26.000000	29.051678
1	-23.000000	32.419130
0	-11.000000	30.805844
0	10.000000	26.457513
0	40.000000	26.457513
0	54.000000	28.354894
0	52.000000	26.000000
0	34.000000	19.078784
0	0.000000	17.320508
0	-50.000000	36.055513
0	-81.000000	50.586559
3	-93.000000	55.506756
0	-86.000000	50.239427
0	-60.000000	34.641016
0	-15.000000	8.660254
0	18.000000	10.392305
0	39.000000	22.516660
0	50.000000	27.748874
0	51.000000	26.324893
0	42.000000	19.287302
0	38.000000	17.549929
0	39.000000	21.840330
0	35.000000	22.693611
0	26.000000	18.384776
0	12.000000	8.485281
0	-10.000000	7.071068
0	-40.000000	28.284271
0	-58.000000	41.012193
2	-64.000000	45.254834
0	-58.000000	41.012193
0	-40.000000	28.284271
0	-10.000000	7.071068
0	12.000000	8.485281
0	26.000000	18.384776
0	32.000000	22.627417
0	30.000000	21.213203
0	21.000000	14.177447
0	15.000000	9.000000
0	12.000000	7.348469
0	12.000000	10.099505
0	15.000000	15.000000
0	16.000000	16.000000
0	13.000000	13.000000
0	6.000000	6.000000
0	-5.000000	5.000000
0	-20.000000	20.000000
0	-29.000000	29.000000
1	-32.000000	32.000000
0	-29.000000	29.000000
0	-20.000000	20.000000
0	-5.000000	5.000000
0	6.000000	6.000000
0	13.000000	13.000000
0	16.000000	16.000000
0	15.000000	15.000000
0	10.000000	10.000000
0	6.000000	6.000000
0	3.000000	3.000000
0	1.000000	1.000000
0	0.000000	0.000000
0	0.000000	0.000000
0	0.000000	0.000000
0	1.000000	1.000000
0	3.000000	3.000000
0	6.000000	6.000000
0	10.000000	10.000000
0	15.000000	15.000000
0	16.000000	16.000000
0	13.000000	13.000000
0	6.000000	6.000000
0	-5.000000	5.000000
0	-20.000000	20.000000
0	-29.000000	29.000000
1	-32.000000	32.000000
0	-29.000000	29.000000
0	-20.000000	20.000000
0	-5.000000	5.000000
0	6.000000	6.000000
0	13.000000	13.000000
0	16.000000	16.000000
0	15.000000	15.000000
0	10.000000	10.000000
0	6.000000	6.000000
0	3.000000	3.000000
0	1.000000	1.000000
0	0.000000	0.000000
0	0.000000	0.000000
0	0.000000	0.000000
0	0.000000	0.000000
0	0.000000	0.000000
0	0.000000	0.000000
0	0.000000	0.000000
0	0.000000	0.000000
0	0.000000	0.000000
0	0.000000	0.000000
0	1.000000	1.000000
0	3.000000	3.000000
0	6.000000	6.000000
0	10.000000	10.000000
0	16.000000	15.033296
0	19.000000	16.278821
0	19.000000	14.317821
0	16.000000	11.661904
0	10.000000	15.811388
0	-4.000000	25.612497
0	-16.000000	31.780497
1	-26.000000	32.557641
0	-34.000000	29.427878
0	-40.000000	28.284271
0	-34.000000	29.427878
1	-26.000000	32.557641
0	-14.000000	31.811947
0	2.000000	25.961510
0	22.000000	17.944358
0	36.000000	18.330303
0	49.000000	25.592968
0	51.000000	27.874720
0	42.000000	23.748684
0	22.000000	13.114877
0	-4.000000	9.273618
0	-37.000000	28.442925
0	-57.000000	41.024383
2	-64.000000	45.254834
0	-58.000000	41.012193
0	-40.000000	28.284271
0	-10.000000	7.071068
0	12.000000	8.485281
0	26.000000	18.384776
0	32.000000	22.627417
0	30.000000	21.213203
0	20.000000	14.142136
0	12.000000	8.485281
0	6.000000	4.242641
0	2.000000	1.414214
0	0.000000	0.000000
0	0.000000	0.000000
0	0.000000	0.000000
0	0.000000	0.000000
0	0.000000	0.000000
0	0.000000	0.000000
0	0.000000	0.000000
0	0.000000	0.000000
0	0.000000	0.000000
0	0.000000	0.000000
0	2.000000	1.414214
0	6.000000	4.242641
0	12.000000	8.485281
0	20.000000	14.142136
0	30.000000	21.213203
0	32.000000	22.627417
0	26.000000	18.384776
0	12.000000	8.485281
0	-10.000000	7.071068
0	-40.000000	28.284271
0	-58.000000	41.012193
2	-64.000000	45.254834
0	-58.000000	41.012193
0	-40.000000	28.284271
0	-8.000000	7.211103
0	18.000000	9.486833
0	38.000000	20.248457
0	52.000000	26.683328
0	60.000000	30.000000
0	52.000000	26.683328
0	38.000000	20.248457
0	19.000000	9.539392
0	-5.000000	7.810250
0	-34.000000	28.913665
0	-48.000000	42.213742
2	-49.000000	47.675990
0	-42.000000	44.022721
0	-27.000000	31.128765
0	-4.000000	9.273618
0	7.000000	9.848858
0	6.000000	27.166155
0	3.000000	36.783148
1	-2.000000	38.392708
0	-9.000000	32.264532
0	-7.000000	21.748563
0	4.000000	7.211103
0	14.000000	8.602325
0	23.000000	16.401219
0	31.000000	21.931712
0	31.000000	21.931712
0	23.000000	16.401219
0	12.000000	8.485281
0	-1.000000	5.916080
0	-16.000000	20.248457
0	-23.000000	29.614186
1	-22.000000	33.526109
0	-14.000000	32.649655
0	-4.000000	25.612497
0	8.000000	13.928388
0	12.000000	8.485281
0	8.000000	13.928388
0	-4.000000	25.612497
0	-11.000000	32.695565
1	-13.000000	33.926391
0	-5.000000	31.384710
0	13.000000	26.627054
0	41.000000	26.476405
0	54.000000	28.354894
0	52.000000	26.000000
0	34.000000	19.078784
0	0.000000	17.320508
0	-50.000000	36.055513
0	-81.000000	50.586559
3	-93.000000	55.506756
0	-86.000000	50.239427
0	-60.000000	34.641016
0	-15.000000	8.660254
0	18.000000	10.392305
0	39.000000	22.516660
0	48.000000	27.712813
0	45.000000	25.980762
0	30.000000	17.320508
0	18.000000	10.392305
0	9.000000	5.196152
0	3.000000	1.732051
0	0.000000	0.000000
0	0.000000	0.000000
0	0.000000	0.000000
0	0.000000	0.000000
0	0.000000	0.000000
0	0.000000	0.000000
0	0.000000	0.000000
0	0.000000	0.000000
0	0.000000	0.000000
0	0.000000	0.000000
0	0.000000	0.000000
0	0.000000	0.000000
0	0.000000	0.000000
0	0.000000	0.000000
0	0.000000	0.000000
0	0.000000	0.000000
0	0.000000	0.000000
0	0.000000	0.000000
0	1.000000	1.000000
0	3.000000	3.000000
0	6.000000	6.000000
0	10.000000	10.000000
0	15.000000	15.000000
0	16.000000	16.000000
0	13.000000	13.000000
0	6.000000	6.000000
0	-4.000000	5.099020
0	-17.000000	20.223748
0	-23.000000	29.614186
1	-22.000000	33.526109
0	-14.000000	32.649655
0	-4.000000	25.612497
0	8.000000	13.928388
0	12.000000	8.485281
0	9.000000	13.964240
0	-1.000000	25.787594
0	-8.000000	33.196385
1	-11.000000	35.000000
0	-5.000000	33.331667
0	5.000000	26.476405
0	19.000000	17.175564
0	27.000000	17.233688
0	24.000000	21.213203
0	9.000000	28.722813
0	-6.000000	33.226495
1	-21.000000	34.161382
0	-31.000000	36.728735
0	-25.000000	38.091994
1	-3.000000	38.845849
0	15.000000	37.749172
0	29.000000	31.733263
0	38.000000	24.041631
0	27.000000	23.811762
0	-4.000000	35.185224
0	-30.000000	44.833024
2	-51.000000	48.031240
0	-67.000000	46.722586
0	-63.000000	40.951190
1	-39.000000	32.908965
0	-14.000000	30.265492
0	12.000000	27.495454
0	39.000000	24.677925
0	56.000000	26.191602
0	63.000000	28.618176
0	60.000000	28.982753
0	47.000000	24.103942
0	24.000000	13.190906
0	-4.000000	9.273618
0	-37.000000	28.442925
0	-57.000000	41.024383
2	-64.000000	45.254834
0	-58.000000	41.012193
0	-40.000000	28.284271
0	-10.000000	7.071068
0	12.000000	8.485281
0	26.000000	18.384776
0	32.000000	22.627417
0	30.000000	21.213203
0	20.000000	14.142136
0	12.000000	8.485281
0	6.000000	4.242641
0	2.000000	1.414214
0	0.000000	0.000000
0	0.000000	0.000000
0	0.000000	0.000000
0	0.000000	0.000000
0	1.000000	1.000000
0	3.000000	3.000000
0	6.000000	6.000000
0	10.000000	10.000000
0	15.000000	15.000000
0	16.000000	16.000000
0	13.000000	13.000000
0	6.000000	6.000000
0	-5.000000	5.000000
0	-20.000000	20.000000
0	-29.000000	29.000000
1	-32.000000	32.000000
0	-29.000000	29.000000
0	-19.000000	20.024984
0	-2.000000	5.830952
0	12.000000	8.485281
0	23.000000	16.401219
0	31.000000	21.931712
0	31.000000	21.931712
0	23.000000	16.401219
0	12.000000	8.485281
0	-2.000000	5.830952
0	-19.000000	20.024984
0	-29.000000	29.000000
1	-32.000000	32.000000
0	-29.000000	29.000000
0	-20.000000	20.000000
0	-5.000000	5.000000
0	6.000000	6.000000
0	13.000000	13.000000
0	16.000000	16.000000
0	15.000000	15.000000
0	10.000000	10.000000
0	6.000000	6.000000
0	3.000000	3.000000
0	1.000000	1.000000
0	0.000000	0.000000
0	0.000000	0.000000
0	0.000000	0.000000
0	1.000000	1.000000
0	3.000000	3.000000
0	6.000000	6.000000
0	10.000000	10.000000
0	15.000000	15.000000
0	17.000000	16.031220
0	16.000000	13.341664
0	12.000000	8.485281
0	5.000000	11.180340
0	-5.000000	25.000000
0	-13.000000	33.120990
1	-19.000000	34.539832
0	-23.000000	29.614186
0	-25.000000	20.615528
0	-25.000000	20.615528
0	-22.000000	29.631065
1	-16.000000	34.669872
0	-7.000000	33.660065
0	5.000000	26.925824
0	20.000000	18.708287
0	28.000000	18.110770
0	29.000000	18.627936
0	23.000000	17.117243
0	10.000000	15.811388
0	-10.000000	22.360680
0	-23.000000	29.614186
1	-29.000000	32.140317
0	-28.000000	29.017236
0	-19.000000	20.024984
0	-2.000000	5.830952
0	14.000000	8.602325
0	29.000000	16.941074
0	43.000000	23.515952
0	51.000000	26.095977
0	53.000000	26.814175
0	44.000000	24.166092
0	24.000000	19.287302
0	-7.000000	21.748563
0	-39.000000	29.849623
1	-72.000000	42.708313
0	-87.000000	50.229473
2	-83.000000	49.487372
0	-60.000000	41.424630
0	-28.000000	29.529646
0	13.000000	17.860571
0	43.000000	23.515952
0	57.000000	28.618176
0	55.000000	27.946377
0	42.000000	22.847319
0	18.000000	15.297059
0	-7.000000	21.748563
0	-23.000000	29.308702
1	-30.000000	32.031235
0	-29.000000	29.000000
0	-20.000000	20.000000
0	-5.000000	5.000000
0	6.000000	6.000000
0	13.000000	13.000000
0	16.000000	16.000000
0	15.000000	15.000000
0	10.000000	10.000000
0	6.000000	6.000000
0	3.000000	3.000000
0	1.000000	1.000000
0	0.000000	0.000000
0	0.000000	0.000000
0	0.000000	0.000000
0	0.000000	0.000000
0	3.000000	1.732051
0	9.000000	5.196152
0	18.000000	10.392305
0	30.000000	17.320508
0	45.000000	25.980762
0	49.000000	27.730849
0	42.000000	22.715633
0	24.000000	12.000000
0	-5.000000	13.228757
0	-45.000000	37.749172
0	-71.000000	52.716221
3	-83.000000	56.929781
0	-81.000000	50.586559
0	-65.000000	35.000000
0	-35.000000	21.794495
0	-11.000000	30.805844
1	8.000000	39.140772
0	22.000000	40.224371
0	31.000000	33.331667
0	35.000000	20.615528
0	39.000000	19.209373
0	38.000000	21.260292
0	32.000000	20.688161
0	21.000000	16.155494
0	5.000000	11.180340
0	-14.000000	20.880613
0	-26.000000	29.154759
1	-30.000000	32.031235
0	-26.000000	29.154759
0	-14.000000	20.880613
0	5.000000	11.180340
0	21.000000	16.155494
0	29.000000	20.615528
0	30.000000	20.639767
0	24.000000	16.431677
0	11.000000	12.688578
0	-3.000000	23.173260
0	-8.000000	32.924155
1	-9.000000	36.290495
0	-6.000000	33.316662
0	1.000000	25.709920
0	7.000000	17.521415
0	2.000000	24.779023
0	-4.000000	32.893768
1	-11.000000	37.483330
0	-19.000000	41.121770
0	-23.000000	39.962482
1	-18.000000	35.411862
0	-14.000000	30.364453
0	-11.000000	24.392622
0	-9.000000	26.095977
0	-8.000000	33.196385
1	-9.000000	35.958309
0	-7.000000	33.660065
0	-2.000000	25.179357
0	6.000000	11.224972
0	12.000000	8.485281
0	16.000000	13.341664
0	17.000000	16.031220
0	15.000000	15.000000
0	10.000000	10.000000
0	6.000000	6.000000
0	3.000000	3.000000
0	1.000000	1.000000
0	0.000000	0.000000
0	0.000000	0.000000
0	2.000000	1.414214
0	6.000000	4.242641
0	15.000000	8.660254
0	34.000000	15.231546
0	70.000000	24.698178
0	119.000000	32.572995
0	188.000000	42.731721
0	272.000000	54.350713
0	358.000000	66.075714
0	432.000000	78.000000
0	509.000000	88.752465
2	584.000000	104.364745
0	687.000000	127.902306
3	850.000000	157.600761
5	1094.000000	186.488606
7	1394.000000	212.009434
6	1761.000000	235.348677
7	2109.000000	257.656748
10	2409.000000	286.480366
12	2660.000000	323.233662
21	2906.000000	367.524149
25	3082.000000	416.237913
30	3332.000000	461.800823
50	3620.000000	503.334879
42	3835.000000	542.318172
56	3849.000000	585.338364
60	3741.000000	634.022870
91	3295.000000	685.905970
94	2554.000000	737.010176
111	1764.000000	785.389076
139	1107.000000	832.691419
144	533.000000	885.194329
160	176.000000	934.509497
199	2.000000	975.313283
194	-418.000000	1006.702538
199	-1314.000000	1032.831061
214	-2699.000000	1065.981707
234	-4488.000000	1105.167861
292	-6584.000000	1144.587262
268	-8362.000000	1174.098803
313	-9473.000000	1188.735042
293	-9807.000000	1193.609233
287	-9451.000000	1194.283467
304	-8450.000000	1189.992437
278	-7307.000000	1181.614573
277	-6294.000000	1167.309728
260	-5385.000000	1151.052996
257	-4555.000000	1136.958662
255	-3857.000000	1120.448571
234	-3103.000000	1095.376191
231	-2233.000000	1054.652075
199	-1484.000000	1006.008946
156	-926.000000	963.022326
167	-437.000000	931.383380
166	14.000000	906.464561
156	456.000000	872.637382
127	1043.000000	820.600390
96	1832.000000	758.224241
89	2594.000000	697.766437
71	3173.000000	649.917687
62	3521.000000	612.841741
54	3642.000000	572.316346
52	3494.000000	527.569901
27	3293.000000	478.126552
35	3153.000000	428.040886
19	3055.000000	382.757103
12	2958.000000	339.923521
16	2865.000000	295.694099
1	2655.000000	255.293948
4	2302.000000	221.318775
1	1899.000000	194.938452
7	1460.000000	179.270745
1	1051.000000	158.161310
3	736.000000	131.537067
0	538.000000	99.458534
0	393.000000	71.644958
0	319.000000	57.035077
0	264.000000	53.721504
0	213.000000	51.058790
0	152.000000	42.023803
0	104.000000	32.249031
0	59.000000	20.024984
0	31.000000	11.532563
0	16.000000	8.000000
0	13.000000	10.148892
0	15.000000	15.000000
0	16.000000	16.000000
0	13.000000	13.000000
0	6.000000	6.000000
0	-5.000000	5.000000
0	-20.000000	20.000000
0	-29.000000	29.000000
1	-32.000000	32.000000
0	-29.000000	29.000000
0	-20.000000	20.000000
0	-5.000000	5.000000
0	6.000000	6.000000
0	13.000000	13.000000
0	19.000000	16.093477
0	24.000000	15.874508
0	28.000000	14.422205
0	36.000000	18.330303
0	48.000000	26.153394
0	49.000000	27.730849
0	39.000000	22.516660
0	20.000000	10.488088
0	-9.000000	9.643651
0	-48.000000	35.665109
0	-67.000000	52.182373
3	-66.000000	59.346440
0	-55.000000	55.090834
0	-34.000000	39.217343
0	-3.000000	12.124356
0	8.000000	12.569805
0	-1.000000	36.152455
0	-10.000000	49.497475
2	-19.000000	52.182373
0	-28.000000	44.519659
0	-22.000000	30.133038
0	-1.000000	8.774964
0	15.000000	8.660254
0	26.000000	18.384776
0	32.000000	22.627417
0	30.000000	21.213203
0	21.000000	14.177447
0	15.000000	9.000000
0	12.000000	7.348469
0	12.000000	10.099505
0	15.000000	15.000000
0	16.000000	16.000000
0	13.000000	13.000000
0	6.000000	6.000000
0	-5.000000	5.000000
0	-20.000000	20.000000
0	-29.000000	29.000000
1	-32.000000	32.000000
0	-29.000000	29.000000
0	-20.000000	20.000000
0	-5.000000	5.000000
0	6.000000	6.000000
0	13.000000	13.000000
0	16.000000	16.000000
0	15.000000	15.000000
0	11.000000	10.049876
0	9.000000	6.708204
0	9.000000	6.708204
0	11.000000	10.049876
0	15.000000	15.000000
0	16.000000	16.000000
0	13.000000	13.000000
0	6.000000	6.000000
0	-5.000000	5.000000
0	-20.000000	20.000000
0	-29.000000	29.000000
1	-32.000000	32.000000
0	-29.000000	29.000000
0	-20.000000	20.000000
0	-5.000000	5.000000
0	7.000000	6.082763
0	16.000000	13.341664
0	22.000000	17.088007
0	25.000000	18.027756
0	25.000000	18.027756
0	22.000000	17.088007
0	16.000000	13.341664
0	7.000000	6.082763
0	-5.000000	5.000000
0	-20.000000	20.000000
0	-29.000000	29.000000
1	-32.000000	32.000000
0	-29.000000	29.000000
0	-20.000000	20.000000
0	-5.000000	5.000000
0	6.000000	6.000000
0	13.000000	13.000000
0	16.000000	16.000000
0	15.000000	15.000000
0	10.000000	10.000000
0	6.000000	6.000000
0	3.000000	3.000000
0	1.000000	1.000000
0	0.000000	0.000000
0	0.000000	0.000000
0	0.000000	0.000000
0	0.000000	0.000000
0	0.000000	0.000000
0	0.000000	0.000000
0	0.000000	0.000000
0	0.000000	0.000000
0	0.000000	0.000000
0	0.000000	0.000000
0	0.000000	0.000000
0	0.000000	0.000000
0	0.000000	0.000000
0	0.000000	0.000000
0	0.000000	0.000000
0	0.000000	0.000000
0	0.000000	0.000000
0	0.000000	0.000000
0	1.000000	1.000000
0	3.000000	3.000000
0	8.000000	6.164414
0	16.000000	10.862780
0	27.000000	17.233688
0	36.000000	21.354157
0	43.000000	24.879711
0	38.000000	23.409400
0	21.000000	19.052559
0	-8.000000	21.725561
0	-39.000000	29.849623
1	-72.000000	42.708313
0	-87.000000	50.229473
2	-84.000000	49.477268
0	-63.000000	41.315857
0	-34.000000	28.913665
0	3.000000	14.798649
0	28.000000	18.110770
0	41.000000	23.727621
0	42.000000	24.738634
0	36.000000	22.045408
0	23.000000	14.456832
0	13.000000	8.544004
0	6.000000	4.242641
0	3.000000	1.732051
0	3.000000	3.000000
0	6.000000	6.000000
0	10.000000	10.000000
0	15.000000	15.000000
0	16.000000	16.000000
0	13.000000	13.000000
0	6.000000	6.000000
0	-5.000000	5.000000
0	-20.000000	20.000000
0	-29.000000	29.000000
1	-32.000000	32.000000
0	-29.000000	29.000000
0	-20.000000	20.000000
0	-5.000000	5.000000
0	6.000000	6.000000
0	13.000000	13.000000
0	16.000000	16.000000
0	15.000000	15.000000
0	10.000000	10.000000
0	6.000000	6.000000
0	3.000000	3.000000
0	1.000000	1.000000
0	0.000000	0.000000
0	0.000000	0.000000
0	0.000000	0.000000
0	0.000000	0.000000
0	0.000000	0.000000
0	0.000000	0.000000
0	0.000000	0.000000
0	0.000000	0.000000
0	0.000000	0.000000
0	0.000000	0.000000
0	0.000000	0.000000
0	0.000000	0.000000
0	0.000000	0.000000
0	0.000000	0.000000
0	0.000000	0.000000
0	0.000000	0.000000
0	0.000000	0.000000
0	0.000000	0.000000
0	0.000000	0.000000
0	0.000000	0.000000
0	0.000000	0.000000
0	0.000000	0.000000
0	0.000000	0.000000
0	0.000000	0.000000
0	3.000000	1.732051
0	10.000000	5.291503
0	21.000000	10.816654
0	36.000000	18.330303
0	55.000000	27.838822
0	63.000000	31.511903
0	55.000000	27.622455
0	31.000000	16.643317
0	-9.000000	10.535654
0	-65.000000	35.000000
0	-107.000000	54.064776
3	-125.000000	62.553977
1	-119.000000	59.556696
0	-89.000000	45.177428
0	-35.000000	21.794495
0	13.000000	11.532563
0	45.000000	23.302360
0	61.000000	30.610456
0	61.000000	30.512293
0	45.000000	22.912878
0	28.000000	14.422205
0	15.000000	7.937254
0	6.000000	3.464102
0	1.000000	1.000000
0	0.000000	0.000000
0	0.000000	0.000000
0	0.000000	0.000000
0	0.000000	0.000000
0	0.000000	0.000000
0	0.000000	0.000000
0	0.000000	0.000000
0	0.000000	0.000000
0	0.000000	0.000000
0	0.000000	0.000000
0	0.000000	0.000000
0	0.000000	0.000000
0	0.000000	0.000000
0	0.000000	0.000000
0	0.000000	0.000000
0	0.000000	0.000000
0	0.000000	0.000000
0	0.000000	0.000000
0	0.000000	0.000000
0	0.000000	0.000000
0	0.000000	0.000000
0	0.000000	0.000000
0	0.000000	0.000000
0	0.000000	0.000000
0	0.000000	0.000000
0	0.000000	0.000000
0	0.000000	0.000000
0	0.000000	0.000000
0	0.000000	0.000000
0	0.000000	0.000000
0	0.000000	0.000000
0	0.000000	0.000000
0	0.000000	0.000000
0	0.000000	0.000000
0	0.000000	0.000000
0	0.000000	0.000000
0	1.000000	1.000000
0	3.000000	3.000000
0	6.000000	6.000000
0	10.000000	10.000000
0	15.000000	15.000000
0	16.000000	16.000000
0	13.000000	13.000000
0	6.000000	6.000000
0	-5.000000	5.000000
0	-20.000000	20.000000
0	-29.000000	29.000000
1	-32.000000	32.000000
0	-29.000000	29.000000
0	-20.000000	20.000000
0	-5.000000	5.000000
0	6.000000	6.000000
0	13.000000	13.000000
0	16.000000	16.000000
0	15.000000	15.000000
0	10.000000	10.000000
0	6.000000	6.000000
0	3.000000	3.000000
0	1.000000	1.000000
0	0.000000	0.000000
0	0.000000	0.000000
0	0.000000	0.000000
0	0.000000	0.000000
0	0.000000	0.000000
0	0.000000	0.000000
0	0.000000	0.000000
0	0.000000	0.000000
0	0.000000	0.000000
0	0.000000	0.000000
0	0.000000	0.000000
0	0.000000	0.000000
0	0.000000	0.000000
0	0.000000	0.000000
0	0.000000	0.000000
0	0.000000	0.000000
0	0.000000	0.000000
0	0.000000	0.000000
0	0.000000	0.000000
0	0.000000	0.000000
0	3.000000	1.732051
0	9.000000	5.196152
0	18.000000	10.392305
0	30.000000	17.320508
0	45.000000	25.980762
0	48.000000	27.712813
0	39.000000	22.516660
0	18.000000	10.392305
0	-15.000000	8.660254
0	-60.000000	34.641016
0	-87.000000	50.229473
3	-96.000000	55.425626
0	-87.000000	50.229473
0	-60.000000	34.641016
0	-15.000000	8.660254
0	18.000000	10.392305
0	39.000000	22.516660
0	48.000000	27.712813
0	45.000000	25.980762
0	30.000000	17.320508
0	18.000000	10.392305
0	9.000000	5.196152
0	3.000000	1.732051
0	0.000000	0.000000
0	0.000000	0.000000
0	1.000000	1.000000
0	3.000000	3.000000
0	6.000000	6.000000
0	10.000000	10.000000
0	15.000000	15.000000
0	16.000000	16.000000
0	13.000000	13.000000
0	6.000000	6.000000
0	-5.000000	5.000000
0	-20.000000	20.000000
0	-29.000000	29.000000
1	-32.000000	32.000000
0	-29.000000	29.000000
0	-20.000000	20.000000
0	-5.000000	5.000000
0	6.000000	6.000000
0	13.000000	13.000000
0	16.000000	16.000000
0	15.000000	15.000000
0	10.000000	10.000000
0	6.000000	6.000000
0	3.000000	3.000000
0	1.000000	1.000000
0	0.000000	0.000000
0	0.000000	0.000000
0	0.000000	0.000000
0	0.000000	0.000000
0	0.000000	0.000000
0	0.000000	0.000000
0	0.000000	0.000000
0	0.000000	0.000000
0	0.000000	0.000000
0	0.000000	0.000000
0	0.000000	0.000000
0	0.000000	0.000000
0	0.000000	0.000000
0	0.000000	0.000000
0	0.000000	0.000000
0	0.000000	0.000000
0	0.000000	0.000000
0	0.000000	0.000000
0	0.000000	0.000000
0	0.000000	0.000000
0	0.000000	0.000000
0	0.000000	0.000000
0	0.000000	0.000000
0	0.000000	0.000000
0	1.000000	1.000000
0	3.000000	3.000000
0	6.000000	6.000000
0	10.000000	10.000000
0	15.000000	15.000000
0	18.000000	16.062378
0	19.000000	13.674794
0	18.000000	10.392305
0	16.000000	15.033296
0	13.000000	29.308702
0	9.000000	37.269290
1	4.000000	38.236109
0	-2.000000	33.734256
0	-14.000000	26.570661
0	-32.000000	31.527766
0	-46.000000	41.880783
2	-56.000000	47.349762
0	-62.000000	48.352870
0	-54.000000	43.197222
1	-32.000000	34.263683
0	-11.000000	30.805844
0	9.000000	27.331301
0	28.000000	23.194827
0	36.000000	22.045408
0	33.000000	19.209373
0	28.000000	18.110770
0	21.000000	15.588457
0	12.000000	10.099505
0	6.000000	6.000000
0	3.000000	3.000000
0	1.000000	1.000000
0	0.000000	0.000000
0	0.000000	0.000000
0	0.000000	0.000000
0	0.000000	0.000000
0	0.000000	0.000000
0	0.000000	0.000000
0	0.000000	0.000000
0	0.000000	0.000000
0	0.000000	0.000000
0	0.000000	0.000000
0	0.000000	0.000000
0	0.000000	0.000000
0	1.000000	1.000000
0	3.000000	3.000000
0	6.000000	6.000000
0	10.000000	10.000000
0	15.000000	15.000000
0	16.000000	16.000000
0	13.000000	13.000000
0	6.000000	6.000000
0	-5.000000	5.000000
0	-20.000000	20.000000
0	-28.000000	29.017236
1	-29.000000	32.140317
0	-23.000000	29.614186
0	-10.000000	22.360680
0	10.000000	15.811388
0	22.000000	17.088007
0	26.000000	18.384776
0	22.000000	17.088007
0	10.000000	15.811388
0	-10.000000	22.360680
0	-23.000000	29.614186
1	-29.000000	32.140317
0	-28.000000	29.017236
0	-20.000000	20.000000
0	-5.000000	5.000000
0	6.000000	6.000000
0	13.000000	13.000000
0	16.000000	16.000000
0	15.000000	15.000000
0	10.000000	10.000000
0	6.000000	6.000000
0	3.000000	3.000000
0	1.000000	1.000000
0	0.000000	0.000000
0	0.000000	0.000000
0	0.000000	0.000000
0	0.000000	0.000000
0	0.000000	0.000000
0	0.000000	0.000000
0	0.000000	0.000000
0	0.000000	0.000000
0	0.000000	0.000000
0	0.000000	0.000000
0	0.000000	0.000000
0	0.000000	0.000000
0	0.000000	0.000000
0	0.000000	0.000000
0	0.000000	0.000000
0	0.000000	0.000000
0	0.000000	0.000000
0	0.000000	0.000000
0	0.000000	0.000000
0	0.000000	0.000000
0	0.000000	0.000000
0	0.000000	0.000000
0	0.000000	0.000000
0	0.000000	0.000000
0	0.000000	0.000000
0	1.000000	1.000000
0	3.000000	3.000000
0	6.000000	6.000000
0	10.000000	10.000000
0	15.000000	15.000000
0	16.000000	16.000000
0	13.000000	13.000000
0	6.000000	6.000000
0	-5.000000	5.000000
0	-20.000000	20.000000
0	-29.000000	29.000000
1	-32.000000	32.000000
0	-29.000000	29.000000
0	-20.000000	20.000000
0	-5.000000	5.000000
0	6.000000	6.000000
0	13.000000	13.000000
0	16.000000	16.000000
0	15.000000	15.000000
0	10.000000	10.000000
0	6.000000	6.000000
0	3.000000	3.000000
0	1.000000	1.000000
0	0.000000	0.000000
0	0.000000	0.000000
0	0.000000	0.000000
0	0.000000	0.000000
0	0.000000	0.000000
0	0.000000	0.000000
0	0.000000	0.000000
0	0.000000	0.000000
0	1.000000	1.000000
0	3.000000	3.000000
0	6.000000	6.000000
0	10.000000	10.000000
0	15.000000	15.000000
0	16.000000	16.000000
0	13.000000	13.000000
0	6.000000	6.000000
0	-5.000000	5.000000
0	-20.000000	20.000000
0	-29.000000	29.000000
1	-32.000000	32.000000
0	-29.000000	29.000000
0	-20.000000	20.000000
0	-5.000000	5.000000
0	6.000000	6.000000
0	13.000000	13.000000
0	16.000000	16.000000
0	15.000000	15.000000
0	10.000000	10.000000
0	6.000000	6.000000
0	3.000000	3.000000
0	1.000000	1.000000
0	0.000000	0.000000
0	0.000000	0.000000
0	0.000000	0.000000
0	0.000000	0.000000
0	0.000000	0.000000
0	0.000000	0.000000
0	0.000000	0.000000
0	0.000000	0.000000
0	0.000000	0.000000
0	0.000000	0.000000
0	0.000000	0.000000
0	0.000000	0.000000
0	0.000000	0.000000
0	0.000000	0.000000
0	0.000000	0.000000
0	0.000000	0.000000
0	0.000000	0.000000
0	0.000000	0.000000
0	0.000000	0.000000
0	0.000000	0.000000
0	2.000000	1.414214
0	6.000000	4.242641
0	12.000000	8.485281
0	20.000000	14.142136
0	30.000000	21.213203
0	32.000000	22.627417
0	26.000000	18.384776
0	12.000000	8.485281
0	-9.000000	7.141428
0	-37.000000	28.442925
0	-52.000000	41.448764
2	-54.000000	46.346521
0	-43.000000	43.669211
0	-24.000000	32.496154
0	3.000000	14.798649
0	18.000000	10.392305
0	21.000000	19.052559
0	12.000000	30.199338
0	1.000000	35.930488
1	-12.000000	34.985711
0	-16.000000	30.232433
0	-11.000000	20.663978
0	3.000000	7.937254
0	16.000000	11.661904
0	28.000000	19.849433
0	32.000000	22.627417
0	28.000000	19.849433
0	16.000000	11.661904
0	1.000000	7.810250
0	-17.000000	20.223748
0	-28.000000	29.017236
1	-32.000000	32.000000
0	-29.000000	29.000000
0	-20.000000	20.000000
0	-5.000000	5.000000
0	6.000000	6.000000
0	13.000000	13.000000
0	16.000000	16.000000
0	15.000000	15.000000
0	10.000000	10.000000
0	6.000000	6.000000
0	3.000000	3.000000
0	1.000000	1.000000
0	0.000000	0.000000
0	0.000000	0.000000
0	0.000000	0.000000
0	0.000000	0.000000
0	0.000000	0.000000
0	0.000000	0.000000
0	0.000000	0.000000
0	0.000000	0.000000
0	2.000000	1.414214
0	6.000000	4.242641
0	12.000000	8.485281
0	20.000000	14.142136
0	30.000000	21.213203
0	32.000000	22.627417
0	26.000000	18.384776
0	12.000000	8.485281
0	-10.000000	7.071068
0	-40.000000	28.284271
0	-58.000000	41.012193
2	-64.000000	45.254834
0	-58.000000	41.012193
0	-40.000000	28.284271
0	-9.000000	7.141428
0	16.000000	9.055385
0	35.000000	19.570386
0	48.000000	25.455844
0	55.000000	27.838822
0	51.000000	26.095977
0	41.000000	22.293497
0	27.000000	15.000000
0	9.000000	9.000000
0	-13.000000	22.293497
0	-29.000000	37.960506
1	-31.000000	48.114447
1	-29.000000	48.754487
0	-23.000000	39.736633
0	-13.000000	22.293497
0	-9.000000	10.535654
0	-21.000000	31.701735
0	-29.000000	45.902070
2	-33.000000	50.289164
0	-33.000000	44.799554
0	-24.000000	30.594117
0	-1.000000	9.746794
0	16.000000	9.055385
0	27.000000	18.411953
0	32.000000	22.627417
0	30.000000	21.213203
0	20.000000	14.142136
0	12.000000	8.485281
0	6.000000	4.242641
0	2.000000	1.414214
0	0.000000	0.000000
0	0.000000	0.000000
0	0.000000	0.000000
0	0.000000	0.000000
0	0.000000	0.000000
0	0.000000	0.000000
0	0.000000	0.000000
0	0.000000	0.000000
0	0.000000	0.000000
0	0.000000	0.000000
0	0.000000	0.000000
0	0.000000	0.000000
0	0.000000	0.000000
0	0.000000	0.000000
0	0.000000	0.000000
0	0.000000	0.000000
0	0.000000	0.000000
0	0.000000	0.000000
0	0.000000	0.000000
0	0.000000	0.000000
0	0.000000	0.000000
0	0.000000	0.000000
0	0.000000	0.000000
0	1.000000	1.000000
0	3.000000	3.000000
0	6.000000	6.000000
0	10.000000	10.000000
0	15.000000	15.000000
0	16.000000	16.000000
0	13.000000	13.000000
0	6.000000	6.000000
0	-5.000000	5.000000
0	-20.000000	20.000000
0	-29.000000	29.000000
1	-32.000000	32.000000
0	-29.000000	29.000000
0	-20.000000	20.000000
0	-5.000000	5.000000
0	6.000000	6.000000
0	13.000000	13.000000
0	16.000000	16.000000
0	15.000000	15.000000
0	10.000000	10.000000
0	6.000000	6.000000
0	3.000000	3.000000
0	1.000000	1.000000
0	0.000000	0.000000
0	0.000000	0.000000
0	0.000000	0.000000
0	0.000000	0.000000
0	0.000000	0.000000
0	0.000000	0.000000
0	0.000000	0.000000
0	0.000000	0.000000
0	0.000000	0.000000
0	0.000000	0.000000
0	0.000000	0.000000
0	0.000000	0.000000
0	0.000000	0.000000
0	0.000000	0.000000
0	1.000000	1.000000
0	3.000000	3.000000
0	6.000000	6.000000
0	10.000000	10.000000
0	15.000000	15.000000
0	16.000000	16.000000
0	13.000000	13.000000
0	6.000000	6.000000
0	-5.000000	5.000000
0	-20.000000	20.000000
0	-29.000000	29.000000
1	-32.000000	32.000000
0	-29.000000	29.000000
0	-20.000000	20.000000
0	-5.000000	5.000000
0	6.000000	6.000000
0	13.000000	13.000000
0	16.000000	16.000000
0	15.000000	15.000000
0	10.000000	10.000000
0	7.000000	6.082763
0	6.000000	4.242641
0	7.000000	6.082763
0	10.000000	10.000000
0	15.000000	15.000000
0	16.000000	16.000000
0	13.000000	13.000000
0	7.000000	6.082763
0	-2.000000	5.830952
0	-14.000000	20.880613
0	-19.000000	30.675723
1	-17.000000	35.341194
0	-13.000000	33.120990
0	-7.000000	23.853721
0	1.000000	7.810250
0	1.000000	7.810250
0	-7.000000	23.853721
0	-13.000000	33.120990
1	-17.000000	35.341194
0	-19.000000	30.675723
0	-13.000000	20.904545
0	1.000000	6.557439
0	13.000000	8.544004
0	23.000000	16.401219
0	31.000000	21.931712
0	31.000000	21.931712
0	23.000000	16.401219
0	12.000000	8.485281
0	-2.000000	5.830952
0	-19.000000	20.024984
0	-29.000000	29.000000
1	-32.000000	32.000000
0	-29.000000	29.000000
0	-20.000000	20.000000
0	-5.000000	5.000000
0	6.000000	6.000000
0	13.000000	13.000000
0	16.000000	16.000000
0	15.000000	15.000000
0	10.000000	10.000000
0	6.000000	6.000000
0	3.000000	3.000000
0	1.000000	1.000000
0	0.000000	0.000000
0	0.000000	0.000000
0	0.000000	0.000000
0	0.000000	0.000000
0	0.000000	0.000000
0	0.000000	0.000000
0	0.000000	0.000000
0	0.000000	0.000000
0	0.000000	0.000000
0	0.000000	0.000000
0	0.000000	0.000000
0	0.000000	0.000000
0	0.000000	0.000000
0	0.000000	0.000000
0	0.000000	0.000000
0	1.000000	1.000000
0	3.000000	3.000000
0	6.000000	6.000000
0	10.000000	10.000000
0	15.000000	15.000000
0	16.000000	16.000000
0	13.000000	13.000000
0	6.000000	6.000000
0	-4.000000	5.099020
0	-17.000000	20.223748
0	-23.000000	29.614186
1	-22.000000	33.526109
0	-14.000000	32.649655
0	-4.000000	25.612497
0	8.000000	13.928388
0	12.000000	8.485281
0	8.000000	13.928388
0	-4.000000	25.612497
0	-14.000000	32.649655
1	-22.000000	33.526109
0	-23.000000	29.614186
0	-17.000000	20.223748
0	-4.000000	5.099020
0	6.000000	6.000000
0	13.000000	13.000000
0	16.000000	16.000000
0	15.000000	15.000000
0	10.000000	10.000000
0	6.000000	6.000000
0	3.000000	3.000000
0	1.000000	1.000000
0	1.000000	1.000000
0	3.000000	3.000000
0	6.000000	6.000000
0	10.000000	10.000000
0	15.000000	15.000000
0	16.000000	16.000000
0	13.000000	13.000000
0	6.000000	6.000000
0	-5.000000	5.000000
0	-20.000000	20.000000
0	-29.000000	29.000000
1	-32.000000	32.000000
0	-29.000000	29.000000
0	-20.000000	20.000000
0	-5.000000	5.000000
0	6.000000	6.000000
0	13.000000	13.000000
0	16.000000	16.000000
0	15.000000	15.000000
0	10.000000	10.000000
0	6.000000	6.000000
0	3.000000	3.000000
0	1.000000	1.000000
0	0.000000	0.000000
0	2.000000	1.414214
0	6.000000	4.242641
0	12.000000	8.485281
0	20.000000	14.142136
0	30.000000	21.213203
0	33.000000	22.649503
0	29.000000	18.627936
0	18.000000	10.392305
0	1.000000	12.288206
0	-22.000000	32.155870
0	-36.000000	44.429720
2	-41.000000	48.135226
0	-37.000000	44.079474
0	-29.000000	32.878564
0	-17.000000	24.879711
0	-11.000000	30.805844
1	-11.000000	37.242449
0	-17.000000	41.868843
0	-19.000000	41.121770
1	-17.000000	35.341194
0	-11.000000	30.805844
0	-1.000000	24.228083
0	13.000000	16.822604
0	21.000000	16.155494
0	24.000000	16.431677
0	25.000000	17.349352
0	24.000000	16.431677
0	21.000000	14.177447
0	21.000000	16.155494
0	19.000000	16.278821
0	14.000000	13.038405
0	6.000000	6.000000
0	-5.000000	5.000000
0	-20.000000	20.000000
0	-29.000000	29.000000
1	-32.000000	32.000000
0	-29.000000	29.000000
0	-20.000000	20.000000
0	-5.000000	5.000000
0	6.000000	6.000000
0	13.000000	13.000000
0	16.000000	16.000000
0	15.000000	15.000000
0	10.000000	10.000000
0	6.000000	6.000000
0	3.000000	3.000000
0	2.000000	1.414214
0	3.000000	3.000000
0	6.000000	6.000000
0	10.000000	10.000000
0	15.000000	15.000000
0	16.000000	16.000000
0	13.000000	13.000000
0	6.000000	6.000000
0	-5.000000	5.000000
0	-20.000000	20.000000
0	-29.000000	29.000000
1	-32.000000	32.000000
0	-29.000000	29.000000
0	-20.000000	20.000000
0	-5.000000	5.000000
0	6.000000	6.000000
0	13.000000	13.000000
0	16.000000	16.000000
0	15.000000	15.000000
0	10.000000	10.000000
0	6.000000	6.000000
0	3.000000	3.000000
0	1.000000	1.000000
0	0.000000	0.000000
0	0.000000	0.000000
0	0.000000	0.000000
0	0.000000	0.000000
0	0.000000	0.000000
0	0.000000	0.000000
0	0.000000	0.000000
0	0.000000	0.000000
0	0.000000	0.000000
0	0.000000	0.000000
0	1.000000	1.000000
0	3.000000	3.000000
0	6.000000	6.000000
0	10.000000	10.000000
0	15.000000	15.000000
0	16.000000	16.000000
0	13.000000	13.000000
0	6.000000	6.000000
0	-5.000000	5.000000
0	-20.000000	20.000000
0	-29.000000	29.000000
1	-31.000000	32.015621
0	-26.000000	29.154759
0	-14.000000	20.880613
0	5.000000	11.180340
0	21.000000	16.155494
0	29.000000	20.615528
0	29.000000	20.615528
0	21.000000	16.155494
0	5.000000	11.180340
0	-14.000000	20.880613
0	-26.000000	29.154759
1	-31.000000	32.015621
0	-29.000000	29.000000
0	-19.000000	20.024984
0	-2.000000	5.830952
0	12.000000	8.485281
0	23.000000	16.401219
0	31.000000	21.931712
0	31.000000	21.931712
0	23.000000	16.401219
0	12.000000	8.485281
0	-2.000000	5.830952
0	-19.000000	20.024984
0	-29.000000	29.000000
1	-32.000000	32.000000
0	-29.000000	29.000000
0	-20.000000	20.000000
0	-5.000000	5.000000
0	6.000000	6.000000
0	13.000000	13.000000
0	16.000000	16.000000
0	15.000000	15.000000
0	10.000000	10.000000
0	6.000000	6.000000
0	3.000000	3.000000
0	1.000000	1.000000
0	0.000000	0.000000
0	0.000000	0.000000
0	0.000000	0.000000
0	0.000000	0.000000
0	0.000000	0.000000
0	0.000000	0.000000
0	0.000000	0.000000
0	0.000000	0.000000
0	0.000000	0.000000
0	0.000000	0.000000
0	0.000000	0.000000
0	2.000000	1.414214
0	6.000000	4.242641
0	12.000000	8.485281
0	20.000000	14.142136
0	30.000000	21.213203
0	32.000000	22.627417
0	26.000000	18.384776
0	12.000000	8.485281
0	-9.000000	7.141428
0	-37.000000	28.442925
0	-52.000000	41.448764
2	-54.000000	46.346521
0	-43.000000	43.669211
0	-24.000000	32.496154
0	3.000000	14.798649
0	18.000000	10.392305
0	21.000000	19.052559
0	12.000000	30.199338
0	1.000000	35.930488
1	-12.000000	34.985711
0	-17.000000	30.215890
0	-14.000000	20.445048
0	-3.000000	5.196152
0	6.000000	6.000000
0	13.000000	13.000000
0	16.000000	16.000000
0	15.000000	15.000000
0	10.000000	10.000000
0	6.000000	6.000000
0	3.000000	3.000000
0	1.000000	1.000000
0	0.000000	0.000000
0	0.000000	0.000000
0	0.000000	0.000000
0	0.000000	0.000000
0	0.000000	0.000000
0	0.000000	0.000000
0	0.000000	0.000000
0	0.000000	0.000000
0	0.000000	0.000000
0	0.000000	0.000000
0	0.000000	0.000000
0	1.000000	1.000000
0	3.000000	3.000000
0	6.000000	6.000000
0	10.000000	10.000000
0	15.000000	15.000000
0	16.000000	16.000000
0	13.000000	13.000000
0	6.000000	6.000000
0	-5.000000	5.000000
0	-20.000000	20.000000
0	-29.000000	29.000000
1	-32.000000	32.000000
0	-29.000000	29.000000
0	-20.000000	20.000000
0	-4.000000	5.099020
0	9.000000	6.708204
0	19.000000	14.317821
0	26.000000	18.867962
0	30.000000	21.213203
0	26.000000	18.867962
0	19.000000	14.317821
0	10.000000	6.782330
0	-1.000000	5.916080
0	-14.000000	20.880613
0	-19.000000	30.675723
1	-17.000000	35.341194
0	-13.000000	33.120990
0	-7.000000	23.853721
0	1.000000	7.810250
0	1.000000	7.810250
0	-7.000000	23.853721
0	-13.000000	33.120990
1	-17.000000	35.341194
0	-19.000000	30.675723
0	-14.000000	20.880613
0	-2.000000	5.830952
0	7.000000	6.082763
0	13.000000	13.000000
0	16.000000	16.000000
0	15.000000	15.000000
0	10.000000	10.000000
0	6.000000	6.000000
0	3.000000	3.000000
0	1.000000	1.000000
0	0.000000	0.000000
0	0.000000	0.000000
0	0.000000	0.000000
0	0.000000	0.000000
0	0.000000	0.000000
0	0.000000	0.000000
0	0.000000	0.000000
0	0.000000	0.000000
0	0.000000	0.000000
0	0.000000	0.000000
0	0.000000	0.000000
0	1.000000	1.000000
0	3.000000	3.000000
0	6.000000	6.000000
0	10.000000	10.000000
0	15.000000	15.000000
0	16.000000	16.000000
0	13.000000	13.000000
0	6.000000	6.000000
0	-5.000000	5.000000
0	-20.000000	20.000000
0	-29.000000	29.000000
1	-32.000000	32.000000
0	-28.000000	29.017236
0	-17.000000	20.223748
0	1.000000	7.810250
0	16.000000	11.661904
0	28.000000	19.849433
0	32.000000	22.627417
0	28.000000	19.849433
0	16.000000	11.661904
0	2.000000	7.874008
0	-14.000000	20.445048
0	-22.000000	29.631065
1	-22.000000	33.526109
0	-14.000000	32.649655
0	-3.000000	25.632011
0	11.000000	14.247807
0	18.000000	10.392305
0	18.000000	17.146428
0	11.000000	29.681644
0	2.000000	36.359318
1	-9.000000	35.958309
0	-17.000000	30.215890
0	-22.000000	20.832667
0	-24.000000	20.639767
0	-23.000000	29.614186
1	-19.000000	34.539832
0	-13.000000	33.120990
0	-5.000000	25.000000
0	5.000000	11.180340
0	12.000000	8.485281
0	16.000000	13.341664
0	17.000000	16.031220
0	15.000000	15.000000
0	10.000000	10.000000
0	6.000000	6.000000
0	3.000000	3.000000
0	1.000000	1.000000
0	0.000000	0.000000
0	0.000000	0.000000
0	0.000000	0.000000
0	0.000000	0.000000
0	0.000000	0.000000
0	0.000000	0.000000
0	0.000000	0.000000
0	0.000000	0.000000
0	0.000000	0.000000
0	0.000000	0.000000
0	0.000000	0.000000
0	0.000000	0.000000
0	0.000000	0.000000
0	0.000000	0.000000
0	0.000000	0.000000
0	1.000000	1.000000
0	3.000000	3.000000
0	6.000000	6.000000
0	10.000000	10.000000
0	15.000000	15.000000
0	16.000000	16.000000
0	13.000000	13.000000
0	6.000000	6.000000
0	-5.000000	5.000000
0	-20.000000	20.000000
0	-29.000000	29.000000
1	-32.000000	32.000000
0	-29.000000	29.000000
0	-20.000000	20.000000
0	-5.000000	5.000000
0	6.000000	6.000000
0	14.000000	13.038405
0	19.000000	16.278821
0	21.000000	16.155494
0	20.000000	14.142136
0	21.000000	16.155494
0	19.000000	16.278821
0	14.000000	13.038405
0	6.000000	6.000000
0	-5.000000	5.000000
0	-20.000000	20.000000
0	-29.000000	29.000000
1	-32.000000	32.000000
0	-29.000000	29.000000
0	-20.000000	20.000000
0	-5.000000	5.000000
0	6.000000	6.000000
0	13.000000	13.000000
0	16.000000	16.000000
0	15.000000	15.000000
0	10.000000	10.000000
0	6.000000	6.000000
0	3.000000	3.000000
0	1.000000	1.000000
0	0.000000	0.000000
0	0.000000	0.000000
0	0.000000	0.000000
0	0.000000	0.000000
0	0.000000	0.000000
0	0.000000	0.000000
0	0.000000	0.000000
0	0.000000	0.000000
0	0.000000	0.000000
0	0.000000	0.000000
0	0.000000	0.000000
0	0.000000	0.000000
0	0.000000	0.000000
0	0.000000	0.000000
0	0.000000	0.000000
0	0.000000	0.000000
0	1.000000	1.000000
0	3.000000	3.000000
0	6.000000	6.000000
0	10.000000	10.000000
0	15.000000	15.000000
0	16.000000	16.000000
0	13.000000	13.000000
0	6.000000	6.000000
0	-5.000000	5.000000
0	-20.000000	20.000000
0	-29.000000	29.000000
1	-32.000000	32.000000
0	-29.000000	29.000000
0	-20.000000	20.000000
0	-5.000000	5.000000
0	6.000000	6.000000
0	13.000000	13.000000
0	16.000000	16.000000
0	15.000000	15.000000
0	10.000000	10.000000
0	6.000000	6.000000
0	3.000000	3.000000
0	1.000000	1.000000
0	0.000000	0.000000
0	0.000000	0.000000
0	0.000000	0.000000
0	0.000000	0.000000
0	0.000000	0.000000
0	0.000000	0.000000
0	0.000000	0.000000
0	0.000000	0.000000
0	0.000000	0.000000
0	0.000000	0.000000
0	0.000000	0.000000
0	0.000000	0.000000
0	0.000000	0.000000
0	0.000000	0.000000
0	0.000000	0.000000
0	0.000000	0.000000
0	0.000000	0.000000
0	0.000000	0.000000
0	0.000000	0.000000
0	0.000000	0.000000
0	0.000000	0.000000
0	0.000000	0.000000
0	0.000000	0.000000
0	0.000000	0.000000
0	0.000000	0.000000
0	0.000000	0.000000
0	0.000000	0.000000
0	0.000000	0.000000
0	0.000000	0.000000
0	0.000000	0.000000
0	0.000000	0.000000
0	0.000000	0.000000
0	0.000000	0.000000
0	0.000000	0.000000
0	1.000000	1.000000
0	3.000000	3.000000
0	6.000000	6.000000
0	10.000000	10.000000
0	15.000000	15.000000
0	16.000000	16.000000
0	13.000000	13.000000
0	6.000000	6.000000
0	-5.000000	5.000000
0	-20.000000	20.000000
0	-29.000000	29.000000
1	-32.000000	32.000000
0	-29.000000	29.000000
0	-20.000000	20.000000
0	-5.000000	5.000000
0	6.000000	6.000000
0	13.000000	13.000000
0	16.000000	16.000000
0	15.000000	15.000000
0	10.000000	10.000000
0	6.000000	6.000000
0	3.000000	3.000000
0	1.000000	1.000000
0	0.000000	0.000000
0	0.000000	0.000000
0	0.000000	0.000000
0	0.000000	0.000000
0	0.000000	0.000000
0	0.000000	0.000000
0	0.000000	0.000000
0	0.000000	0.000000
0	0.000000	0.000000
0	0.000000	0.000000
0	0.000000	0.000000
0	0.000000	0.000000
0	0.000000	0.000000
0	0.000000	0.000000
0	0.000000	0.000000
0	0.000000	0.000000
0	0.000000	0.000000
0	0.000000	0.000000
0	0.000000	0.000000
0	0.000000	0.000000
0	0.000000	0.000000
0	0.000000	0.000000
0	0.000000	0.000000
0	0.000000	0.000000
0	1.000000	1.000000
0	3.000000	3.000000
0	6.000000	6.000000
0	11.000000	10.049876
0	18.000000	15.297059
0	22.000000	17.088007
0	23.000000	16.401219
0	21.000000	16.155494
0	11.000000	16.763055
0	-7.000000	23.853721
0	-22.000000	29.631065
1	-34.000000	32.526912
0	-43.000000	35.735137
0	-39.000000	36.619667
1	-22.000000	35.693137
0	-7.000000	33.660065
0	6.000000	27.166155
0	17.000000	17.804494
0	16.000000	16.911535
0	3.000000	25.865034
0	-7.000000	33.660065
1	-14.000000	35.468296
0	-18.000000	30.692019
0	-14.000000	20.880613
0	-2.000000	5.830952
0	8.000000	6.164414
0	16.000000	13.341664
0	22.000000	17.088007
0	25.000000	18.027756
0	25.000000	18.027756
0	25.000000	17.175564
0	25.000000	14.317821
0	29.000000	12.206556
0	37.000000	19.000000
0	51.000000	34.942810
0	65.000000	45.022217
1	79.000000	50.029991
0	73.000000	46.615448
0	48.000000	40.024992
0	-6.000000	43.474130
0	-69.000000	55.072679
3	-141.000000	70.802542
0	-182.000000	80.112421
4	-197.000000	81.098705
0	-166.000000	73.416619
2	-111.000000	61.895073
0	-32.000000	48.476799
0	31.000000	47.127487
0	88.000000	50.418251
1	119.000000	55.632724
0	123.000000	54.359912
0	100.000000	42.965102
0	70.000000	27.018512
0	23.000000	18.627936
0	-31.000000	38.013156
0	-65.000000	52.886671
3	-79.000000	57.436922
0	-77.000000	51.215232
0	-54.000000	35.156792
0	-12.000000	9.165151
0	19.000000	10.440307
0	39.000000	22.516660
0	48.000000	27.712813
0	45.000000	25.980762
0	30.000000	17.320508
0	18.000000	10.392305
0	9.000000	5.196152
0	3.000000	1.732051
0	0.000000	0.000000
0	0.000000	0.000000
0	0.000000	0.000000
0	0.000000	0.000000
0	0.000000	0.000000
0	0.000000	0.000000
0	0.000000	0.000000
0	0.000000	0.000000
0	0.000000	0.000000
0	0.000000	0.000000
0	0.000000	0.000000
0	0.000000	0.000000
0	0.000000	0.000000
0	0.000000	0.000000
0	0.000000	0.000000
0	0.000000	0.000000
0	0.000000	0.000000
0	0.000000	0.000000
0	0.000000	0.000000
0	0.000000	0.000000
0	0.000000	0.000000
0	0.000000	0.000000
0	0.000000	0.000000
0	0.000000	0.000000
0	0.000000	0.000000
0	0.000000	0.000000
0	0.000000	0.000000
0	0.000000	0.000000
0	0.000000	0.000000
0	0.000000	0.000000
0	0.000000	0.000000
0	0.000000	0.000000
0	0.000000	0.000000
0	0.000000	0.000000
0	0.000000	0.000000
0	0.000000	0.000000
0	0.000000	0.000000
0	0.000000	0.000000
0	0.000000	0.000000
0	0.000000	0.000000
0	0.000000	0.000000
0	0.000000	0.000000
0	1.000000	1.000000
0	4.000000	3.162278
0	9.000000	6.708204
0	16.000000	11.661904
0	25.000000	18.027756
0	31.000000	21.931712
0	29.000000	20.615528
0	19.000000	14.317821
0	1.000000	7.810250
0	-25.000000	20.615528
0	-49.000000	35.227830
1	-61.000000	43.185646
1	-60.000000	43.197222
0	-46.000000	35.355339
0	-19.000000	21.470911
0	11.000000	12.688578
0	34.000000	20.736441
0	45.000000	26.095977
0	44.000000	25.495098
0	31.000000	19.000000
0	11.000000	12.688578
0	-11.000000	21.095023
0	-25.000000	29.171904
1	-31.000000	32.015621
0	-29.000000	29.000000
0	-20.000000	20.000000
0	-5.000000	5.000000
0	6.000000	6.000000
0	13.000000	13.000000
0	16.000000	16.000000
0	15.000000	15.000000
0	10.000000	10.000000
0	6.000000	6.000000
0	3.000000	3.000000
0	1.000000	1.000000
0	0.000000	0.000000
0	0.000000	0.000000
0	0.000000	0.000000
0	0.000000	0.000000
0	0.000000	0.000000
0	0.000000	0.000000
0	0.000000	0.000000
0	0.000000	0.000000
0	0.000000	0.000000
0	0.000000	0.000000
0	0.000000	0.000000
0	0.000000	0.000000
0	0.000000	0.000000
0	0.000000	0.000000
0	0.000000	0.000000
0	0.000000	0.000000
0	0.000000	0.000000
0	0.000000	0.000000
0	0.000000	0.000000
0	0.000000	0.000000
0	0.000000	0.000000
0	2.000000	1.414214
0	6.000000	4.242641
0	12.000000	8.485281
0	20.000000	14.142136
0	30.000000	21.213203
0	32.000000	22.627417
0	26.000000	18.384776
0	12.000000	8.485281
0	-10.000000	7.071068
0	-40.000000	28.284271
0	-58.000000	41.012193
2	-64.000000	45.254834
0	-58.000000	41.012193
0	-40.000000	28.284271
0	-10.000000	7.071068
0	12.000000	8.485281
0	26.000000	18.384776
0	32.000000	22.627417
0	30.000000	21.213203
0	20.000000	14.142136
0	12.000000	8.485281
0	6.000000	4.242641
0	2.000000	1.414214
0	0.000000	0.000000
0	0.000000	0.000000
0	0.000000	0.000000
0	0.000000	0.000000
0	1.000000	1.000000
0	3.000000	3.000000
0	6.000000	6.000000
0	10.000000	10.000000
0	15.000000	15.000000
0	16.000000	16.000000
0	13.000000	13.000000
0	6.000000	6.000000
0	-5.000000	5.000000
0	-20.000000	20.000000
0	-29.000000	29.000000
1	-32.000000	32.000000
0	-29.000000	29.000000
0	-20.000000	20.000000
0	-5.000000	5.000000
0	6.000000	6.000000
0	13.000000	13.000000
0	16.000000	16.000000
0	15.000000	15.000000
0	10.000000	10.000000
0	6.000000	6.000000
0	3.000000	3.000000
0	1.000000	1.000000
0	0.000000	0.000000
0	0.000000	0.000000
0	0.000000	0.000000
0	0.000000	0.000000
0	0.000000	0.000000
0	0.000000	0.000000
0	0.000000	0.000000
0	0.000000	0.000000
0	0.000000	0.000000
0	0.000000	0.000000
0	0.000000	0.000000
0	0.000000	0.000000
0	0.000000	0.000000
0	0.000000	0.000000
0	0.000000	0.000000
0	1.000000	1.000000
0	3.000000	3.000000
0	6.000000	6.000000
0	10.000000	10.000000
0	15.000000	15.000000
0	16.000000	16.000000
0	13.000000	13.000000
0	6.000000	6.000000
0	-3.000000	5.196152
0	-14.000000	20.445048
0	-17.000000	30.215890
1	-12.000000	34.985711
0	1.000000	35.930488
0	12.000000	30.199338
0	21.000000	19.052559
0	18.000000	10.392305
0	3.000000	14.798649
0	-24.000000	32.496154
0	-43.000000	43.669211
2	-54.000000	46.346521
0	-52.000000	41.448764
0	-37.000000	28.442925
0	-9.000000	7.141428
0	12.000000	8.485281
0	26.000000	18.384776
0	32.000000	22.627417
0	30.000000	21.213203
0	20.000000	14.142136
0	12.000000	8.485281
0	7.000000	4.358899
0	5.000000	3.316625
0	6.000000	6.000000
0	10.000000	10.000000
0	15.000000	15.000000
0	16.000000	16.000000
0	13.000000	13.000000
0	7.000000	6.082763
0	-2.000000	5.830952
0	-14.000000	20.880613
0	-19.000000	30.675723
1	-17.000000	35.341194
0	-13.000000	33.120990
0	-7.000000	23.853721
0	1.000000	7.810250
0	3.000000	7.937254
0	-1.000000	24.228083
0	-1.000000	34.190642
1	3.000000	38.065733
0	11.000000	37.296112
0	18.000000	30.789609
0	24.000000	19.287302
0	19.000000	10.440307
0	3.000000	14.798649
0	-24.000000	32.496154
0	-42.000000	43.680659
2	-51.000000	46.443514
0	-45.000000	41.892720
0	-24.000000	30.298515
0	12.000000	17.663522
0	38.000000	20.688161
0	54.000000	27.055499
0	54.000000	28.354894
0	38.000000	25.377155
0	7.000000	25.238859
0	-19.000000	30.773365
1	-40.000000	38.444766
0	-46.000000	42.237424
1	-37.000000	40.607881
0	-18.000000	33.496268
0	-1.000000	24.596748
0	14.000000	15.165751
0	17.000000	17.804494
0	8.000000	28.178006
0	-3.000000	34.597688
1	-11.000000	35.846897
0	-16.000000	30.822070
0	-13.000000	20.904545
0	-2.000000	5.830952
0	7.000000	6.082763
0	13.000000	13.000000
0	16.000000	16.000000
0	15.000000	15.000000
0	10.000000	10.000000
0	6.000000	6.000000
0	3.000000	3.000000
0	2.000000	1.414214
0	3.000000	3.000000
0	6.000000	6.000000
0	10.000000	10.000000
0	15.000000	15.000000
0	16.000000	16.000000
0	13.000000	13.000000
0	6.000000	6.000000
0	-5.000000	5.000000
0	-20.000000	20.000000
0	-29.000000	29.000000
1	-32.000000	32.000000
0	-29.000000	29.000000
0	-20.000000	20.000000
0	-4.000000	5.099020
0	9.000000	6.708204
0	19.000000	14.317821
0	26.000000	18.867962
0	30.000000	21.213203
0	26.000000	18.867962
0	19.000000	14.317821
0	9.000000	6.708204
0	-3.000000	5.196152
0	-17.000000	20.223748
0	-23.000000	29.614186
1	-22.000000	33.526109
0	-14.000000	32.649655
0	-4.000000	25.612497
0	8.000000	13.928388
0	12.000000	8.485281
0	8.000000	13.928388
0	-4.000000	25.612497
0	-14.000000	32.649655
1	-22.000000	33.526109
0	-23.000000	29.614186
0	-17.000000	20.223748
0	-4.000000	5.099020
0	6.000000	6.000000
0	13.000000	13.000000
0	16.000000	16.000000
0	15.000000	15.000000
0	10.000000	10.000000
0	6.000000	6.000000
0	4.000000	3.162278
0	4.000000	3.162278
0	6.000000	6.000000
0	10.000000	10.000000
0	15.000000	15.000000
0	16.000000	16.000000
0	13.000000	13.000000
0	6.000000	6.000000
0	-5.000000	5.000000
0	-19.000000	20.024984
0	-26.000000	29.154759
1	-26.000000	32.557641
0	-19.000000	30.675723
0	-5.000000	25.000000
0	11.000000	16.763055
0	19.000000	14.317821
0	19.000000	14.317821
0	11.000000	16.763055
0	-5.000000	25.000000
0	-19.000000	30.675723
1	-26.000000	32.557641
0	-26.000000	29.154759
0	-19.000000	20.024984
0	-5.000000	5.000000
0	6.000000	6.000000
0	13.000000	13.000000
0	16.000000	16.000000
0	15.000000	15.000000
0	10.000000	10.000000
0	6.000000	6.000000
0	4.000000	3.162278
0	4.000000	3.162278
0	6.000000	6.000000
0	10.000000	10.000000
0	15.000000	15.000000
0	16.000000	16.000000
0	13.000000	13.000000
0	6.000000	6.000000
0	-5.000000	5.000000
0	-20.000000	20.000000
0	-29.000000	29.000000
1	-32.000000	32.000000
0	-29.000000	29.000000
0	-20.000000	20.000000
0	-5.000000	5.000000
0	6.000000	6.000000
0	13.000000	13.000000
0	16.000000	16.000000
0	15.000000	15.000000
0	10.000000	10.000000
0	6.000000	6.000000
0	3.000000	3.000000
0	1.000000	1.000000
0	0.000000	0.000000
0	1.000000	1.000000
0	3.000000	3.000000
0	6.000000	6.000000
0	10.000000	10.000000
0	15.000000	15.000000
0	16.000000	16.000000
0	13.000000	13.000000
0	6.000000	6.000000
0	-5.000000	5.000000
0	-20.000000	20.000000
0	-29.000000	29.000000
1	-32.000000	32.000000
0	-29.000000	29.000000
0	-20.000000	20.000000
0	-5.000000	5.000000
0	6.000000	6.000000
0	13.000000	13.000000
0	16.000000	16.000000
0	15.000000	15.000000
0	10.000000	10.000000
0	6.000000	6.000000
0	3.000000	3.000000
0	1.000000	1.000000
0	0.000000	0.000000
0	0.000000	0.000000
0	2.000000	1.414214
0	6.000000	4.242641
0	12.000000	8.485281
0	20.000000	14.142136
0	30.000000	21.213203
0	32.000000	22.627417
0	28.000000	18.439089
0	18.000000	9.486833
0	2.000000	11.045361
0	-20.000000	31.622777
0	-28.000000	46.173586
2	-32.000000	50.596443
0	-32.000000	44.944410
0	-28.000000	29.529646
0	-20.000000	10.000000
0	-28.000000	29.529646
0	-32.000000	44.944410
2	-32.000000	50.596443
0	-28.000000	46.173586
0	-20.000000	31.622777
0	2.000000	11.045361
0	18.000000	9.486833
0	28.000000	18.439089
0	32.000000	22.627417
0	30.000000	21.213203
0	20.000000	14.142136
0	12.000000	8.485281
0	6.000000	4.242641
0	2.000000	1.414214
0	0.000000	0.000000
0	0.000000	0.000000
0	0.000000	0.000000
0	0.000000	0.000000
0	0.000000	0.000000
0	0.000000	0.000000
0	0.000000	0.000000
0	0.000000	0.000000
0	0.000000	0.000000
0	0.000000	0.000000
0	1.000000	1.000000
0	3.000000	3.000000
0	7.000000	6.082763
0	13.000000	10.440307
0	21.000000	16.155494
0	26.000000	18.867962
0	28.000000	19.849433
0	22.000000	17.088007
0	8.000000	13.928388
0	-14.000000	20.880613
0	-34.000000	29.427878
1	-52.000000	37.735925
0	-58.000000	41.012193
1	-51.000000	37.749172
0	-31.000000	29.580399
0	-8.000000	21.725561
0	18.000000	17.146428
0	37.000000	22.737634
0	44.000000	25.495098
0	39.000000	22.912878
0	27.000000	17.233688
0	8.000000	11.575837
0	-13.000000	20.904545
0	-26.000000	29.154759
1	-31.000000	32.015621
0	-29.000000	29.000000
0	-20.000000	20.000000
0	-5.000000	5.000000
0	6.000000	6.000000
0	13.000000	13.000000
0	16.000000	16.000000
0	15.000000	15.000000
0	10.000000	10.000000
0	6.000000	6.000000
0	3.000000	3.000000
0	1.000000	1.000000
0	0.000000	0.000000
0	0.000000	0.000000
0	0.000000	0.000000
0	0.000000	0.000000
0	0.000000	0.000000
0	0.000000	0.000000
0	0.000000	0.000000
0	0.000000	0.000000
0	0.000000	0.000000
0	0.000000	0.000000
0	0.000000	0.000000
0	0.000000	0.000000
0	0.000000	0.000000
0	0.000000	0.000000
0	0.000000	0.000000
0	0.000000	0.000000
0	0.000000	0.000000
0	0.000000	0.000000
0	0.000000	0.000000
0	0.000000	0.000000
0	0.000000	0.000000
0	0.000000	0.000000
0	0.000000	0.000000
0	0.000000	0.000000
0	0.000000	0.000000
0	0.000000	0.000000
0	0.000000	0.000000
0	0.000000	0.000000
0	0.000000	0.000000
0	0.000000	0.000000
0	0.000000	0.000000
0	0.000000	0.000000
0	0.000000	0.000000
0	0.000000	0.000000
0	0.000000	0.000000
0	0.000000	0.000000
0	0.000000	0.000000
0	2.000000	1.414214
0	6.000000	4.242641
0	12.000000	8.485281
0	20.000000	14.142136
0	30.000000	21.213203
0	32.000000	22.627417
0	26.000000	18.384776
0	12.000000	8.485281
0	-10.000000	7.071068
0	-40.000000	28.284271
0	-58.000000	41.012193
2	-64.000000	45.254834
0	-58.000000	41.012193
0	-40.000000	28.284271
0	-10.000000	7.071068
0	12.000000	8.485281
0	26.000000	18.384776
0	32.000000	22.627417
0	30.000000	21.213203
0	20.000000	14.142136
0	12.000000	8.485281
0	6.000000	4.242641
0	2.000000	1.414214
0	0.000000	0.000000
0	0.000000	0.000000
0	0.000000	0.000000
0	0.000000	0.000000
0	0.000000	0.000000
0	0.000000	0.000000
0	0.000000	0.000000
0	0.000000	0.000000
0	0.000000	0.000000
0	0.000000	0.000000
0	0.000000	0.000000
0	0.000000	0.000000
0	0.000000	0.000000
0	0.000000	0.000000
0	0.000000	0.000000
0	0.000000	0.000000
0	0.000000	0.000000
0	0.000000	0.000000
0	0.000000	0.000000
0	1.000000	1.000000
0	3.000000	3.000000
0	6.000000	6.000000
0	10.000000	10.000000
0	16.000000	15.033296
0	19.000000	16.278821
0	19.000000	14.317821
0	16.000000	11.661904
0	10.000000	15.811388
0	-4.000000	25.612497
0	-16.000000	31.780497
1	-26.000000	32.557641
0	-34.000000	29.427878
0	-40.000000	28.284271
0	-34.000000	29.427878
1	-26.000000	32.557641
0	-16.000000	31.780497
0	-4.000000	25.612497
0	10.000000	15.811388
0	16.000000	11.661904
0	19.000000	14.317821
0	19.000000	16.278821
0	16.000000	15.033296
0	10.000000	10.000000
0	6.000000	6.000000
0	3.000000	3.000000
0	1.000000	1.000000
0	0.000000	0.000000
0	0.000000	0.000000
0	0.000000	0.000000
0	0.000000	0.000000
0	0.000000	0.000000
0	1.000000	1.000000
0	3.000000	3.000000
0	6.000000	6.000000
0	10.000000	10.000000
0	15.000000	15.000000
0	16.000000	16.000000
0	13.000000	13.000000
0	7.000000	6.082763
0	-2.000000	5.830952
0	-14.000000	20.880613
0	-19.000000	30.675723
1	-17.000000	35.341194
0	-13.000000	33.120990
0	-7.000000	23.853721
0	1.000000	7.810250
0	1.000000	7.810250
0	-7.000000	23.853721
0	-13.000000	33.120990
1	-17.000000	35.341194
0	-19.000000	30.675723
0	-14.000000	20.880613
0	-2.000000	5.830952
0	7.000000	6.082763
0	13.000000	13.000000
0	16.000000	16.000000
0	15.000000	15.000000
0	10.000000	10.000000
0	6.000000	6.000000
0	3.000000	3.000000
0	1.000000	1.000000
0	0.000000	0.000000
0	0.000000	0.000000
0	2.000000	1.414214
0	6.000000	4.242641
0	13.000000	8.544004
0	23.000000	14.456832
0	36.000000	22.045408
0	42.000000	24.738634
0	41.000000	23.727621
0	28.000000	18.110770
0	3.000000	14.798649
0	-34.000000	28.913665
0	-63.000000	41.315857
2	-84.000000	49.477268
0	-87.000000	50.229473
1	-72.000000	42.708313
0	-39.000000	29.849623
0	-8.000000	21.725561
0	22.000000	19.078784
0	41.000000	23.600847
0	49.000000	25.592968
0	46.000000	23.579652
0	42.000000	22.847319
0	32.000000	19.339080
0	21.000000	14.387495
0	9.000000	6.708204
0	-4.000000	5.099020
0	-20.000000	20.000000
0	-29.000000	29.000000
1	-32.000000	32.000000
0	-29.000000	29.000000
0	-20.000000	20.000000
0	-5.000000	5.000000
0	6.000000	6.000000
0	13.000000	13.000000
0	16.000000	16.000000
0	15.000000	15.000000
0	11.000000	10.049876
0	9.000000	6.708204
0	9.000000	6.708204
0	11.000000	10.049876
0	15.000000	15.000000
0	16.000000	16.000000
0	13.000000	13.000000
0	6.000000	6.000000
0	-5.000000	5.000000
0	-20.000000	20.000000
0	-29.000000	29.000000
1	-32.000000	32.000000
0	-29.000000	29.000000
0	-20.000000	20.000000
0	-5.000000	5.000000
0	6.000000	6.000000
0	13.000000	13.000000
0	16.000000	16.000000
0	15.000000	15.000000
0	11.000000	10.049876
0	9.000000	6.708204
0	9.000000	6.708204
0	12.000000	10.099505
0	18.000000	15.297059
0	22.000000	17.088007
0	23.000000	16.401219
0	21.000000	16.155494
0	11.000000	16.763055
0	-7.000000	23.853721
0	-23.000000	29.614186
1	-37.000000	32.388269
0	-49.000000	35.227830
0	-49.000000	35.227830
1	-37.000000	32.388269
0	-23.000000	29.614186
0	-7.000000	23.853721
0	11.000000	16.763055
0	21.000000	16.155494
0	23.000000	16.401219
0	22.000000	17.088007
0	18.000000	15.297059
0	11.000000	10.049876
0	6.000000	6.000000
0	3.000000	3.000000
0	1.000000	1.000000
0	1.000000	1.000000
0	3.000000	3.000000
0	6.000000	6.000000
0	11.000000	10.049876
0	19.000000	15.329710
0	25.000000	17.349352
0	29.000000	17.464249
0	31.000000	19.000000
0	26.000000	22.494444
0	9.000000	28.722813
0	-10.000000	32.341923
1	-31.000000	32.939338
0	-54.000000	35.580894
0	-69.000000	40.509258
1	-66.000000	43.474130
1	-55.000000	43.600459
0	-36.000000	37.549967
0	-9.000000	26.095977
0	16.000000	16.911535
0	29.000000	17.464249
0	35.000000	21.470911
0	34.000000	22.135944
0	26.000000	18.055470
0	16.000000	11.661904
0	9.000000	6.708204
0	4.000000	3.162278
0	1.000000	1.000000
0	0.000000	0.000000
0	0.000000	0.000000
0	0.000000	0.000000
0	0.000000	0.000000
0	0.000000	0.000000
0	0.000000	0.000000
0	0.000000	0.000000
0	0.000000	0.000000
0	0.000000	0.000000
0	0.000000	0.000000
0	0.000000	0.000000
0	0.000000	0.000000
0	2.000000	1.414214
0	6.000000	4.242641
0	12.000000	8.485281
0	20.000000	14.142136
0	31.000000	21.236761
0	35.000000	22.825424
0	32.000000	19.339080
0	22.000000	13.114877
0	5.000000	16.583124
0	-24.000000	32.496154
0	-45.000000	43.023250
2	-58.000000	45.650849
0	-63.000000	41.315857
0	-60.000000	34.641016
0	-39.000000	29.849623
1	-20.000000	33.105891
0	-3.000000	34.336569
0	12.000000	30.199338
0	25.000000	21.794495
0	26.000000	15.362291
0	25.000000	15.524175
0	22.000000	16.552945
0	17.000000	15.066519
0	10.000000	10.000000
0	6.000000	6.000000
0	3.000000	3.000000
0	1.000000	1.000000
0	0.000000	0.000000
0	0.000000	0.000000
0	0.000000	0.000000
0	0.000000	0.000000
0	0.000000	0.000000
0	0.000000	0.000000
0	0.000000	0.000000
0	0.000000	0.000000
0	0.000000	0.000000
0	0.000000	0.000000
0	0.000000	0.000000
0	0.000000	0.000000
0	0.000000	0.000000
0	0.000000	0.000000
0	0.000000	0.000000
0	0.000000	0.000000
0	0.000000	0.000000
0	0.000000	0.000000
0	0.000000	0.000000
0	0.000000	0.000000
0	0.000000	0.000000
0	0.000000	0.000000
0	0.000000	0.000000
0	0.000000	0.000000
0	0.000000	0.000000
0	0.000000	0.000000
0	0.000000	0.000000
0	0.000000	0.000000
0	0.000000	0.000000
0	0.000000	0.000000
0	0.000000	0.000000
0	0.000000	0.000000
0	0.000000	0.000000
0	0.000000	0.000000
0	0.000000	0.000000
0	0.000000	0.000000
0	0.000000	0.000000
0	0.000000	0.000000
0	1.000000	1.000000
0	3.000000	3.000000
0	6.000000	6.000000
0	10.000000	10.000000
0	15.000000	15.000000
0	16.000000	16.000000
0	14.000000	13.038405
0	9.000000	6.708204
0	1.000000	7.810250
0	-10.000000	22.360680
0	-14.000000	32.649655
1	-16.000000	35.777088
0	-16.000000	31.780497
0	-14.000000	20.880613
0	-10.000000	7.071068
0	-14.000000	20.880613
0	-16.000000	31.780497
1	-15.000000	35.791060
0	-11.000000	32.787193
0	-4.000000	23.151674
0	11.000000	12.688578
0	24.000000	16.431677
0	30.000000	20.639767
0	29.000000	20.615528
0	21.000000	16.155494
0	5.000000	11.180340
0	-14.000000	20.880613
0	-26.000000	29.154759
1	-31.000000	32.015621
0	-29.000000	29.000000
0	-20.000000	20.000000
0	-5.000000	5.000000
0	6.000000	6.000000
0	13.000000	13.000000
0	16.000000	16.000000
0	15.000000	15.000000
0	10.000000	10.000000
0	6.000000	6.000000
0	3.000000	3.000000
0	1.000000	1.000000
0	0.000000	0.000000
0	0.000000	0.000000
0	0.000000	0.000000
0	0.000000	0.000000
0	0.000000	0.000000
0	0.000000	0.000000
0	0.000000	0.000000
0	0.000000	0.000000
0	0.000000	0.000000
0	0.000000	0.000000
0	0.000000	0.000000
0	0.000000	0.000000
0	0.000000	0.000000
0	0.000000	0.000000
0	0.000000	0.000000
0	0.000000	0.000000
0	0.000000	0.000000
0	0.000000	0.000000
0	0.000000	0.000000
0	0.000000	0.000000
0	0.000000	0.000000
0	0.000000	0.000000
0	0.000000	0.000000
0	0.000000	0.000000
0	0.000000	0.000000
0	0.000000	0.000000
0	0.000000	0.000000
0	0.000000	0.000000
0	0.000000	0.000000
0	0.000000	0.000000
0	0.000000	0.000000
0	0.000000	0.000000
0	0.000000	0.000000
0	0.000000	0.000000
0	0.000000	0.000000
0	0.000000	0.000000
0	0.000000	0.000000
0	0.000000	0.000000
0	0.000000	0.000000
0	0.000000	0.000000
0	0.000000	0.000000
0	0.000000	0.000000
0	0.000000	0.000000
0	0.000000	0.000000
0	0.000000	0.000000
0	1.000000	1.000000
0	3.000000	3.000000
0	6.000000	6.000000
0	10.000000	10.000000
0	15.000000	15.000000
0	16.000000	16.000000
0	13.000000	13.000000
0	6.000000	6.000000
0	-5.000000	5.000000
0	-20.000000	20.000000
0	-29.000000	29.000000
1	-32.000000	32.000000
0	-29.000000	29.000000
0	-19.000000	20.024984
0	-2.000000	5.830952
0	12.000000	8.485281
0	23.000000	16.401219
0	31.000000	21.931712
0	31.000000	21.931712
0	23.000000	16.401219
0	12.000000	8.485281
0	-2.000000	5.830952
0	-19.000000	20.024984
0	-29.000000	29.000000
1	-32.000000	32.000000
0	-29.000000	29.000000
0	-20.000000	20.000000
0	-5.000000	5.000000
0	6.000000	6.000000
0	13.000000	13.000000
0	16.000000	16.000000
0	15.000000	15.000000
0	10.000000	10.000000
0	6.000000	6.000000
0	3.000000	3.000000
0	1.000000	1.000000
0	0.000000	0.000000
0	0.000000	0.000000
0	0.000000	0.000000
0	0.000000	0.000000
0	0.000000	0.000000
0	0.000000	0.000000
0	1.000000	1.000000
0	3.000000	3.000000
0	6.000000	6.000000
0	10.000000	10.000000
0	15.000000	15.000000
0	16.000000	16.000000
0	13.000000	13.000000
0	6.000000	6.000000
0	-5.000000	5.000000
0	-20.000000	20.000000
0	-29.000000	29.000000
1	-32.000000	32.000000
0	-29.000000	29.000000
0	-20.000000	20.000000
0	-5.000000	5.000000
0	6.000000	6.000000
0	13.000000	13.000000
0	16.000000	16.000000
0	15.000000	15.000000
0	10.000000	10.000000
0	6.000000	6.000000
0	4.000000	3.162278
0	4.000000	3.162278
0	6.000000	6.000000
0	10.000000	10.000000
0	15.000000	15.000000
0	16.000000	16.000000
0	13.000000	13.000000
0	6.000000	6.000000
0	-5.000000	5.000000
0	-20.000000	20.000000
0	-29.000000	29.000000
1	-32.000000	32.000000
0	-29.000000	29.000000
0	-20.000000	20.000000
0	-5.000000	5.000000
0	6.000000	6.000000
0	13.000000	13.000000
0	16.000000	16.000000
0	15.000000	15.000000
0	10.000000	10.000000
0	6.000000	6.000000
0	3.000000	3.000000
0	1.000000	1.000000
0	0.000000	0.000000
0	0.000000	0.000000
0	0.000000	0.000000
0	0.000000	0.000000
0	0.000000	0.000000
0	0.000000	0.000000
0	0.000000	0.000000
0	0.000000	0.000000
0	0.000000	0.000000
0	0.000000	0.000000
0	0.000000	0.000000
0	1.000000	1.000000
0	3.000000	3.000000
0	6.000000	6.000000
0	10.000000	10.000000
0	15.000000	15.000000
0	16.000000	16.000000
0	13.000000	13.000000
0	6.000000	6.000000
0	-4.000000	5.099020
0	-17.000000	20.223748
0	-23.000000	29.614186
1	-22.000000	33.526109
0	-14.000000	32.649655
0	-4.000000	25.612497
0	8.000000	13.928388
0	12.000000	8.485281
0	8.000000	13.928388
0	-4.000000	25.612497
0	-14.000000	32.649655
1	-22.000000	33.526109
0	-23.000000	29.614186
0	-17.000000	20.223748
0	-4.000000	5.099020
0	6.000000	6.000000
0	13.000000	13.000000
0	16.000000	16.000000
0	15.000000	15.000000
0	10.000000	10.000000
0	6.000000	6.000000
0	4.000000	3.162278
0	4.000000	3.162278
0	6.000000	6.000000
0	10.000000	10.000000
0	15.000000	15.000000
0	16.000000	16.000000
0	13.000000	13.000000
0	6.000000	6.000000
0	-5.000000	5.000000
0	-20.000000	20.000000
0	-29.000000	29.000000
1	-32.000000	32.000000
0	-29.000000	29.000000
0	-20.000000	20.000000
0	-5.000000	5.000000
0	6.000000	6.000000
0	13.000000	13.000000
0	16.000000	16.000000
0	15.000000	15.000000
0	10.000000	10.000000
0	6.000000	6.000000
0	3.000000	3.000000
0	1.000000	1.000000
0	0.000000	0.000000
0	0.000000	0.000000
0	0.000000	0.000000
0	0.000000	0.000000
0	0.000000	0.000000
0	0.000000	0.000000
0	0.000000	0.000000
0	2.000000	1.414214
0	6.000000	4.242641
0	13.000000	8.544004
0	23.000000	14.456832
0	36.000000	22.045408
0	42.000000	24.738634
0	41.000000	23.727621
0	28.000000	18.110770
0	3.000000	14.798649
0	-34.000000	28.913665
0	-63.000000	41.315857
2	-84.000000	49.477268
0	-87.000000	50.229473
1	-72.000000	42.708313
0	-39.000000	29.849623
0	-8.000000	21.725561
0	21.000000	19.052559
0	38.000000	23.409400
0	43.000000	24.879711
0	36.000000	21.354157
0	27.000000	17.233688
0	16.000000	10.862780
0	8.000000	6.164414
0	3.000000	3.000000
0	1.000000	1.000000
0	0.000000	0.000000
0	0.000000	0.000000
0	0.000000	0.000000
0	0.000000	0.000000
0	0.000000	0.000000
0	0.000000	0.000000
0	0.000000	0.000000
0	0.000000	0.000000
0	0.000000	0.000000
0	0.000000	0.000000
0	0.000000	0.000000
0	0.000000	0.000000
0	0.000000	0.000000
0	1.000000	1.000000
0	3.000000	3.000000
0	6.000000	6.000000
0	10.000000	10.000000
0	15.000000	15.000000
0	16.000000	16.000000
0	13.000000	13.000000
0	6.000000	6.000000
0	-5.000000	5.000000
0	-20.000000	20.000000
0	-29.000000	29.000000
1	-32.000000	32.000000
0	-29.000000	29.000000
0	-20.000000	20.000000
0	-5.000000	5.000000
0	6.000000	6.000000
0	13.000000	13.000000
0	16.000000	16.000000
0	15.000000	15.000000
0	10.000000	10.000000
0	6.000000	6.000000
0	3.000000	3.000000
0	1.000000	1.000000
0	0.000000	0.000000
0	1.000000	1.000000
0	3.000000	3.000000
0	6.000000	6.000000
0	10.000000	10.000000
0	15.000000	15.000000
0	16.000000	16.000000
0	13.000000	13.000000
0	6.000000	6.000000
0	-5.000000	5.000000
0	-20.000000	20.000000
0	-28.000000	29.017236
1	-29.000000	32.140317
0	-23.000000	29.614186
0	-10.000000	22.360680
0	10.000000	15.811388
0	22.000000	17.088007
0	26.000000	18.384776
0	23.000000	17.117243
0	13.000000	16.093477
0	-3.000000	23.173260
0	-10.000000	31.400637
1	-8.000000	35.972211
0	-2.000000	34.612137
0	8.000000	28.178006
0	17.000000	17.804494
0	14.000000	15.165751
0	-1.000000	24.596748
0	-17.000000	33.511192
1	-34.000000	40.718546
0	-42.000000	42.638011
1	-36.000000	39.496835
0	-16.000000	33.166248
0	3.000000	26.324893
0	21.000000	19.052559
0	28.000000	18.110770
0	23.000000	20.469489
0	6.000000	27.495454
0	-8.000000	33.196385
1	-19.000000	33.660065
0	-22.000000	29.631065
0	-17.000000	20.223748
0	-4.000000	5.099020
0	6.000000	6.000000
0	13.000000	13.000000
0	16.000000	16.000000
0	15.000000	15.000000
0	10.000000	10.000000
0	6.000000	6.000000
0	4.000000	3.162278
0	4.000000	3.162278
0	6.000000	6.000000
0	10.000000	10.000000
0	15.000000	15.000000
0	16.000000	16.000000
0	13.000000	13.000000
0	6.000000	6.000000
0	-5.000000	5.000000
0	-20.000000	20.000000
0	-29.000000	29.000000
1	-32.000000	32.000000
0	-29.000000	29.000000
0	-20.000000	20.000000
0	-5.000000	5.000000
0	6.000000	6.000000
0	13.000000	13.000000
0	16.000000	16.000000
0	15.000000	15.000000
0	10.000000	10.000000
0	6.000000	6.000000
0	3.000000	3.000000
0	1.000000	1.000000
0	0.000000	0.000000
0	2.000000	1.414214
0	6.000000	4.242641
0	12.000000	8.485281
0	20.000000	14.142136
0	30.000000	21.213203
0	32.000000	22.627417
0	26.000000	18.384776
0	12.000000	8.485281
0	-10.000000	7.071068
0	-40.000000	28.284271
0	-58.000000	41.012193
2	-64.000000	45.254834
0	-58.000000	41.012193
0	-40.000000	28.284271
0	-10.000000	7.071068
0	12.000000	8.485281
0	26.000000	18.384776
0	32.000000	22.627417
0	30.000000	21.213203
0	20.000000	14.142136
0	12.000000	8.485281
0	6.000000	4.242641
0	2.000000	1.414214
0	0.000000	0.000000
0	0.000000	0.000000
0	0.000000	0.000000
0	0.000000	0.000000
0	0.000000	0.000000
0	0.000000	0.000000
0	0.000000	0.000000
0	0.000000	0.000000
0	0.000000	0.000000
0	0.000000	0.000000
0	0.000000	0.000000
0	0.000000	0.000000
0	1.000000	1.000000
0	3.000000	3.000000
0	6.000000	6.000000
0	10.000000	10.000000
0	15.000000	15.000000
0	16.000000	16.000000
0	13.000000	13.000000
0	6.000000	6.000000
0	-5.000000	5.000000
0	-20.000000	20.000000
0	-29.000000	29.000000
1	-32.000000	32.000000
0	-29.000000	29.000000
0	-20.000000	20.000000
0	-5.000000	5.000000
0	6.000000	6.000000
0	13.000000	13.000000
0	16.000000	16.000000
0	15.000000	15.000000
0	10.000000	10.000000
0	6.000000	6.000000
0	3.000000	3.000000
0	1.000000	1.000000
0	0.000000	0.000000
0	0.000000	0.000000
0	0.000000	0.000000
0	0.000000	0.000000
0	0.000000	0.000000
0	0.000000	0.000000
0	0.000000	0.000000
0	0.000000	0.000000
0	0.000000	0.000000
0	0.000000	0.000000
0	0.000000	0.000000
0	0.000000	0.000000
0	1.000000	1.000000
0	3.000000	3.000000
0	6.000000	6.000000
0	10.000000	10.000000
0	15.000000	15.000000
0	16.000000	16.000000
0	13.000000	13.000000
0	6.000000	6.000000
0	-5.000000	5.000000
0	-20.000000	20.000000
0	-29.000000	29.000000
1	-32.000000	32.000000
0	-29.000000	29.000000
0	-20.000000	20.000000
0	-5.000000	5.000000
0	6.000000	6.000000
0	13.000000	13.000000
0	16.000000	16.000000
0	15.000000	15.000000
0	10.000000	10.000000
0	6.000000	6.000000
0	3.000000	3.000000
0	1.000000	1.000000
0	0.000000	0.000000
0	0.000000	0.000000
0	0.000000	0.000000
0	0.000000	0.000000
0	0.000000	0.000000
0	0.000000	0.000000
0	0.000000	0.000000
0	0.000000	0.000000
0	0.000000	0.000000
0	0.000000	0.000000
0	0.000000	0.000000
0	0.000000	0.000000
0	0.000000	0.000000
0	0.000000	0.000000
0	0.000000	0.000000
0	0.000000	0.000000
0	0.000000	0.000000
0	0.000000	0.000000
0	1.000000	1.000000
0	3.000000	3.000000
0	6.000000	6.000000
0	10.000000	10.000000
0	15.000000	15.000000
0	16.000000	16.000000
0	13.000000	13.000000
0	6.000000	6.000000
0	-5.000000	5.000000
0	-20.000000	20.000000
0	-29.000000	29.000000
1	-32.000000	32.000000
0	-29.000000	29.000000
0	-20.000000	20.000000
0	-5.000000	5.000000
0	6.000000	6.000000
0	13.000000	13.000000
0	16.000000	16.000000
0	15.000000	15.000000
0	10.000000	10.000000
0	6.000000	6.000000
0	3.000000	3.000000
0	1.000000	1.000000
0	0.000000	0.000000
0	0.000000	0.000000
0	0.000000	0.000000
0	0.000000	0.000000
0	0.000000	0.000000
0	0.000000	0.000000
0	0.000000	0.000000
0	0.000000	0.000000
0	0.000000	0.000000
0	0.000000	0.000000
0	0.000000	0.000000
0	0.000000	0.000000
0	0.000000	0.000000
0	0.000000	0.000000
0	1.000000	1.000000
0	3.000000	3.000000
0	6.000000	6.000000
0	10.000000	10.000000
0	15.000000	15.000000
0	16.000000	16.000000
0	13.000000	13.000000
0	6.000000	6.000000
0	-5.000000	5.000000
0	-20.000000	20.000000
0	-29.000000	29.000000
1	-31.000000	32.015621
0	-26.000000	29.154759
0	-14.000000	20.880613
0	5.000000	11.180340
0	21.000000	16.155494
0	29.000000	20.615528
0	29.000000	20.615528
0	21.000000	16.155494
0	5.000000	11.180340
0	-14.000000	20.880613
0	-26.000000	29.154759
1	-30.000000	32.031235
0	-26.000000	29.154759
0	-14.000000	20.880613
0	5.000000	11.180340
0	21.000000	16.155494
0	29.000000	20.615528
0	29.000000	20.615528
0	21.000000	16.155494
0	5.000000	11.180340
0	-14.000000	20.880613
0	-26.000000	29.154759
1	-31.000000	32.015621
0	-28.000000	29.017236
0	-17.000000	20.223748
0	1.000000	7.810250
0	16.000000	11.661904
0	28.000000	19.849433
0	32.000000	22.627417
0	28.000000	19.849433
0	16.000000	11.661904
0	1.000000	7.810250
0	-17.000000	20.223748
0	-28.000000	29.017236
1	-32.000000	32.000000
0	-29.000000	29.000000
0	-20.000000	20.000000
0	-5.000000	5.000000
0	6.000000	6.000000
0	13.000000	13.000000
0	16.000000	16.000000
0	16.000000	15.033296
0	15.000000	10.535654
0	18.000000	9.486833
0	25.000000	13.453624
0	36.000000	20.639767
0	46.000000	26.570661
0	45.000000	26.095977
0	32.000000	19.339080
0	7.000000	9.848858
0	-30.000000	21.213203
0	-69.000000	40.509258
1	-90.000000	52.019227
2	-93.000000	53.749419
0	-78.000000	45.628938
0	-45.000000	28.722813
0	-4.000000	9.273618
0	25.000000	15.524175
0	42.000000	24.372115
0	47.000000	27.147744
0	40.000000	23.452079
0	26.000000	15.362291
0	16.000000	9.055385
0	10.000000	5.291503
0	8.000000	6.164414
0	10.000000	10.000000
0	15.000000	15.000000
0	16.000000	16.000000
0	13.000000	13.000000
0	6.000000	6.000000
0	-5.000000	5.000000
0	-20.000000	20.000000
0	-29.000000	29.000000
1	-32.000000	32.000000
0	-29.000000	29.000000
0	-20.000000	20.000000
0	-5.000000	5.000000
0	6.000000	6.000000
0	13.000000	13.000000
0	16.000000	16.000000
0	15.000000	15.000000
0	10.000000	10.000000
0	6.000000	6.000000
0	3.000000	3.000000
0	1.000000	1.000000
0	0.000000	0.000000
0	0.000000	0.000000
0	0.000000	0.000000
0	0.000000	0.000000
0	0.000000	0.000000
0	0.000000	0.000000
0	0.000000	0.000000
0	0.000000	0.000000
0	1.000000	1.000000
0	3.000000	3.000000
0	6.000000	6.000000
0	11.000000	10.049876
0	18.000000	15.297059
0	22.000000	17.088007
0	23.000000	16.401219
0	21.000000	16.155494
0	11.000000	16.763055
0	-7.000000	23.853721
0	-23.000000	29.614186
1	-37.000000	32.388269
0	-49.000000	35.227830
0	-49.000000	35.227830
1	-37.000000	32.388269
0	-23.000000	29.614186
0	-7.000000	23.853721
0	11.000000	16.763055
0	21.000000	16.155494
0	23.000000	16.401219
0	23.000000	17.117243
0	21.000000	15.588457
0	17.000000	11.704700
0	16.000000	11.661904
0	18.000000	15.297059
0	17.000000	16.031220
0	13.000000	13.000000
0	6.000000	6.000000
0	-5.000000	5.000000
0	-20.000000	20.000000
0	-29.000000	29.000000
1	-32.000000	32.000000
0	-29.000000	29.000000
0	-20.000000	20.000000
0	-5.000000	5.000000
0	6.000000	6.000000
0	13.000000	13.000000
0	16.000000	16.000000
0	15.000000	15.000000
0	10.000000	10.000000
0	6.000000	6.000000
0	4.000000	3.162278
0	4.000000	3.162278
0	6.000000	6.000000
0	10.000000	10.000000
0	15.000000	15.000000
0	16.000000	16.000000
0	13.000000	13.000000
0	6.000000	6.000000
0	-5.000000	5.000000
0	-20.000000	20.000000
0	-29.000000	29.000000
1	-32.000000	32.000000
0	-29.000000	29.000000
0	-20.000000	20.000000
0	-5.000000	5.000000
0	6.000000	6.000000
0	13.000000	13.000000
0	17.000000	16.031220
0	19.000000	15.329710
0	19.000000	12.041595
0	22.000000	13.114877
0	28.000000	18.275667
0	32.000000	21.954498
0	29.000000	20.615528
0	19.000000	14.317821
0	1.000000	7.810250
0	-25.000000	20.615528
0	-49.000000	35.227830
1	-61.000000	43.185646
1	-61.000000	43.185646
0	-49.000000	35.227830
0	-25.000000	20.615528
0	1.000000	7.810250
0	19.000000	14.317821
0	29.000000	20.615528
0	31.000000	21.931712
0	25.000000	18.027756
0	16.000000	11.661904
0	9.000000	6.708204
0	4.000000	3.162278
0	2.000000	1.414214
0	3.000000	3.000000
0	7.000000	6.082763
0	13.000000	10.440307
0	21.000000	16.155494
0	26.000000	18.867962
0	28.000000	19.849433
0	22.000000	17.088007
0	8.000000	13.928388
0	-14.000000	20.880613
0	-34.000000	29.427878
1	-52.000000	37.735925
0	-58.000000	41.012193
1	-52.000000	37.735925
0	-34.000000	29.427878
0	-14.000000	20.880613
0	8.000000	13.928388
0	22.000000	17.088007
0	28.000000	19.849433
0	26.000000	18.867962
0	21.000000	16.155494
0	13.000000	10.440307
0	7.000000	6.082763
0	3.000000	3.000000
0	1.000000	1.000000
0	0.000000	0.000000
0	0.000000	0.000000
0	0.000000	0.000000
0	0.000000	0.000000
0	0.000000	0.000000
0	0.000000	0.000000
0	0.000000	0.000000
0	0.000000	0.000000
0	0.000000	0.000000
0	0.000000	0.000000
0	0.000000	0.000000
0	0.000000	0.000000
0	0.000000	0.000000
0	0.000000	0.000000
0	0.000000	0.000000
0	0.000000	0.000000
0	0.000000	0.000000
0	1.000000	1.000000
0	3.000000	3.000000
0	6.000000	6.000000
0	10.000000	10.000000
0	15.000000	15.000000
0	16.000000	16.000000
0	13.000000	13.000000
0	6.000000	6.000000
0	-5.000000	5.000000
0	-20.000000	20.000000
0	-29.000000	29.000000
1	-32.000000	32.000000
0	-29.000000	29.000000
0	-20.000000	20.000000
0	-5.000000	5.000000
0	6.000000	6.000000
0	13.000000	13.000000
0	16.000000	16.000000
0	15.000000	15.000000
0	10.000000	10.000000
0	6.000000	6.000000
0	3.000000	3.000000
0	2.000000	1.414214
0	3.000000	3.000000
0	6.000000	6.000000
0	10.000000	10.000000
0	15.000000	15.000000
0	16.000000	16.000000
0	13.000000	13.000000
0	6.000000	6.000000
0	-5.000000	5.000000
0	-20.000000	20.000000
0	-29.000000	29.000000
1	-32.000000	32.000000
0	-28.000000	29.017236
0	-17.000000	20.223748
0	1.000000	7.810250
0	16.000000	11.661904
0	28.000000	19.849433
0	32.000000	22.627417
0	28.000000	19.849433
0	16.000000	11.661904
0	1.000000	7.810250
0	-17.000000	20.223748
0	-28.000000	29.017236
1	-32.000000	32.000000
0	-29.000000	29.000000
0	-20.000000	20.000000
0	-5.000000	5.000000
0	6.000000	6.000000
0	13.000000	13.000000
0	16.000000	16.000000
0	15.000000	15.000000
0	10.000000	10.000000
0	6.000000	6.000000
0	3.000000	3.000000
0	1.000000	1.000000
0	0.000000	0.000000
0	0.000000	0.000000
0	0.000000	0.000000
0	0.000000	0.000000
0	0.000000	0.000000
0	0.000000	0.000000
0	0.000000	0.000000
0	0.000000	0.000000
0	0.000000	0.000000
0	0.000000	0.000000
0	0.000000	0.000000
0	0.000000	0.000000
0	0.000000	0.000000
0	0.000000	0.000000
0	0.000000	0.000000
0	0.000000	0.000000
0	0.000000	0.000000
0	0.000000	0.000000
0	0.000000	0.000000
0	0.000000	0.000000
0	0.000000	0.000000
0	0.000000	0.000000
0	0.000000	0.000000
0	0.000000	0.000000
0	0.000000	0.000000
0	0.000000	0.000000
0	0.000000	0.000000
0	0.000000	0.000000
0	0.000000	0.000000
0	0.000000	0.000000
0	0.000000	0.000000
0	0.000000	0.000000
0	0.000000	0.000000
0	0.000000	0.000000
0	0.000000	0.000000
0	0.000000	0.000000
0	1.000000	1.000000
0	3.000000	3.000000
0	6.000000	6.000000
0	10.000000	10.000000
0	15.000000	15.000000
0	16.000000	16.000000
0	13.000000	13.000000
0	6.000000	6.000000
0	-5.000000	5.000000
0	-20.000000	20.000000
0	-29.000000	29.000000
1	-32.000000	32.000000
0	-29.000000	29.000000
0	-20.000000	20.000000
0	-5.000000	5.000000
0	6.000000	6.000000
0	13.000000	13.000000
0	17.000000	16.031220
0	18.000000	15.297059
0	16.000000	11.661904
0	16.000000	11.661904
0	18.000000	15.297059
0	17.000000	16.031220
0	13.000000	13.000000
0	6.000000	6.000000
0	-5.000000	5.000000
0	-20.000000	20.000000
0	-29.000000	29.000000
1	-32.000000	32.000000
0	-29.000000	29.000000
0	-19.000000	20.024984
0	-2.000000	5.830952
0	12.000000	8.485281
0	23.000000	16.401219
0	31.000000	21.931712
0	31.000000	21.931712
0	23.000000	16.401219
0	12.000000	8.485281
0	-2.000000	5.830952
0	-19.000000	20.024984
0	-29.000000	29.000000
1	-32.000000	32.000000
0	-29.000000	29.000000
0	-20.000000	20.000000
0	-4.000000	5.099020
0	9.000000	6.708204
0	19.000000	14.317821
0	26.000000	18.867962
0	30.000000	21.213203
0	26.000000	18.867962
0	19.000000	14.317821
0	9.000000	6.708204
0	-4.000000	5.099020
0	-20.000000	20.000000
0	-28.000000	29.017236
1	-29.000000	32.140317
0	-23.000000	29.614186
0	-10.000000	22.360680
0	10.000000	15.811388
0	22.000000	17.088007
0	26.000000	18.384776
0	22.000000	17.088007
0	10.000000	15.811388
0	-10.000000	22.360680
0	-23.000000	29.614186
1	-29.000000	32.140317
0	-28.000000	29.017236
0	-20.000000	20.000000
0	-5.000000	5.000000
0	6.000000	6.000000
0	13.000000	13.000000
0	16.000000	16.000000
0	15.000000	15.000000
0	10.000000	10.000000
0	6.000000	6.000000
0	3.000000	3.000000
0	2.000000	1.414214
0	3.000000	3.000000
0	6.000000	6.000000
0	10.000000	10.000000
0	15.000000	15.000000
0	16.000000	16.000000
0	13.000000	13.000000
0	6.000000	6.000000
0	-5.000000	5.000000
0	-20.000000	20.000000
0	-28.000000	29.017236
1	-29.000000	32.140317
0	-23.000000	29.614186
0	-9.000000	22.383029
0	13.000000	16.093477
0	28.000000	18.110770
0	36.000000	20.928450
0	37.000000	22.737634
0	26.000000	22.494444
0	3.000000	25.865034
0	-17.000000	30.215890
1	-34.000000	32.526912
0	-48.000000	35.242020
0	-49.000000	35.227830
1	-37.000000	32.388269
0	-23.000000	29.614186
0	-7.000000	23.853721
0	11.000000	16.763055
0	21.000000	16.155494
0	23.000000	16.401219
0	22.000000	17.088007
0	18.000000	15.297059
0	11.000000	10.049876
0	6.000000	6.000000
0	3.000000	3.000000
0	1.000000	1.000000
0	0.000000	0.000000
0	0.000000	0.000000
0	0.000000	0.000000
0	0.000000	0.000000
0	0.000000	0.000000
0	0.000000	0.000000
0	0.000000	0.000000
0	0.000000	0.000000
0	0.000000	0.000000
0	1.000000	1.000000
0	3.000000	3.000000
0	6.000000	6.000000
0	10.000000	10.000000
0	15.000000	15.000000
0	16.000000	16.000000
0	13.000000	13.000000
0	6.000000	6.000000
0	-5.000000	5.000000
0	-20.000000	20.000000
0	-29.000000	29.000000
1	-32.000000	32.000000
0	-29.000000	29.000000
0	-20.000000	20.000000
0	-5.000000	5.000000
0	6.000000	6.000000
0	13.000000	13.000000
0	16.000000	16.000000
0	15.000000	15.000000
0	10.000000	10.000000
0	6.000000	6.000000
0	3.000000	3.000000
0	3.000000	1.732051
0	6.000000	4.242641
0	12.000000	8.485281
0	20.000000	14.142136
0	30.000000	21.213203
0	32.000000	22.627417
0	26.000000	18.384776
0	12.000000	8.485281
0	-9.000000	7.141428
0	-37.000000	28.442925
0	-52.000000	41.448764
2	-54.000000	46.346521
0	-43.000000	43.669211
0	-24.000000	32.496154
0	3.000000	14.798649
0	18.000000	10.392305
0	21.000000	19.052559
0	13.000000	30.215890
0	4.000000	36.055513
1	-6.000000	35.496479
0	-7.000000	31.827661
0	1.000000	25.357445
0	13.000000	16.822604
0	19.000000	14.317821
0	19.000000	14.317821
0	11.000000	16.763055
0	-5.000000	25.000000
0	-19.000000	30.675723
1	-26.000000	32.557641
0	-26.000000	29.154759
0	-19.000000	20.024984
0	-5.000000	5.000000
0	6.000000	6.000000
0	13.000000	13.000000
0	16.000000	16.000000
0	15.000000	15.000000
0	10.000000	10.000000
0	6.000000	6.000000
0	3.000000	3.000000
0	1.000000	1.000000
0	1.000000	1.000000
0	3.000000	3.000000
0	6.000000	6.000000
0	10.000000	10.000000
0	15.000000	15.000000
0	16.000000	16.000000
0	13.000000	13.000000
0	6.000000	6.000000
0	-5.000000	5.000000
0	-20.000000	20.000000
0	-29.000000	29.000000
1	-32.000000	32.000000
0	-29.000000	29.000000
0	-20.000000	20.000000
0	-5.000000	5.000000
0	6.000000	6.000000
0	13.000000	13.000000
0	16.000000	16.000000
0	15.000000	15.000000
0	10.000000	10.000000
0	7.000000	6.082763
0	6.000000	4.242641
0	7.000000	6.082763
0	10.000000	10.000000
0	15.000000	15.000000
0	16.000000	16.000000
0	13.000000	13.000000
0	6.000000	6.000000
0	-5.000000	5.000000
0	-20.000000	20.000000
0	-29.000000	29.000000
1	-31.000000	32.015621
0	-26.000000	29.154759
0	-12.000000	20.928450
0	11.000000	11.958261
0	33.000000	18.248288
0	50.000000	25.019992
0	62.000000	29.732137
0	59.000000	28.442925
0	42.000000	23.748684
0	16.000000	27.239677
0	-11.000000	34.568772
1	-39.000000	46.054316
0	-48.000000	53.777319
2	-43.000000	55.036352
0	-25.000000	54.323107
0	-9.000000	49.809638
1	5.000000	42.130749
0	-3.000000	40.951190
0	-23.000000	43.347434
1	-55.000000	53.488316
0	-74.000000	62.337790
3	-80.000000	62.048368
0	-63.000000	53.637673
0	-33.000000	38.457769
0	10.000000	18.601075
0	40.000000	20.000000
0	57.000000	27.221315
0	59.000000	29.478806
0	53.000000	26.702060
0	39.000000	18.083141
0	31.000000	13.453624
0	29.000000	15.066519
0	33.000000	21.283797
0	32.000000	22.627417
0	26.000000	18.384776
0	12.000000	8.485281
0	-10.000000	7.071068
0	-40.000000	28.284271
0	-58.000000	41.012193
2	-64.000000	45.254834
0	-58.000000	41.012193
0	-40.000000	28.284271
0	-10.000000	7.071068
0	12.000000	8.485281
0	26.000000	18.384776
0	32.000000	22.627417
0	31.000000	21.236761
0	23.000000	14.456832
0	18.000000	10.392305
0	16.000000	10.862780
0	17.000000	15.066519
0	16.000000	16.000000
0	13.000000	13.000000
0	6.000000	6.000000
0	-5.000000	5.000000
0	-20.000000	20.000000
0	-29.000000	29.000000
1	-32.000000	32.000000
0	-29.000000	29.000000
0	-20.000000	20.000000
0	-5.000000	5.000000
0	6.000000	6.000000
0	13.000000	13.000000
0	16.000000	16.000000
0	15.000000	15.000000
0	10.000000	10.000000
0	6.000000	6.000000
0	3.000000	3.000000
0	1.000000	1.000000
0	0.000000	0.000000
0	0.000000	0.000000
0	0.000000	0.000000
0	0.000000	0.000000
0	0.000000	0.000000
0	1.000000	1.000000
0	3.000000	3.000000
0	6.000000	6.000000
0	10.000000	10.000000
0	15.000000	15.000000
0	16.000000	16.000000
0	13.000000	13.000000
0	6.000000	6.000000
0	-5.000000	5.000000
0	-20.000000	20.000000
0	-29.000000	29.000000
1	-32.000000	32.000000
0	-29.000000	29.000000
0	-20.000000	20.000000
0	-4.000000	5.099020
0	9.000000	6.708204
0	21.000000	14.387495
0	32.000000	19.339080
0	42.000000	22.847319
0	46.000000	23.579652
0	49.000000	25.592968
0	41.000000	23.600847
0	22.000000	19.078784
0	-8.000000	21.725561
0	-39.000000	29.849623
1	-72.000000	42.708313
0	-87.000000	50.229473
2	-84.000000	49.477268
0	-63.000000	41.315857
0	-34.000000	28.913665
0	3.000000	14.798649
0	28.000000	18.110770
0	42.000000	23.748684
0	45.000000	24.919872
0	44.000000	22.891046
0	39.000000	18.083141
0	40.000000	19.235384
0	42.000000	21.771541
0	45.000000	24.919872
0	38.000000	23.409400
0	21.000000	19.052559
0	-8.000000	21.725561
0	-39.000000	29.849623
1	-72.000000	42.708313
0	-87.000000	50.229473
2	-84.000000	49.477268
0	-63.000000	41.315857
0	-34.000000	28.913665
0	3.000000	14.798649
0	28.000000	18.110770
0	41.000000	23.727621
0	42.000000	24.738634
0	36.000000	22.045408
0	23.000000	14.456832
0	13.000000	8.544004
0	6.000000	4.242641
0	2.000000	1.414214
0	0.000000	0.000000
0	0.000000	0.000000
0	0.000000	0.000000
0	0.000000	0.000000
0	0.000000	0.000000
0	0.000000	0.000000
0	0.000000	0.000000
0	0.000000	0.000000
0	0.000000	0.000000
0	0.000000	0.000000
0	0.000000	0.000000
0	0.000000	0.000000
0	0.000000	0.000000
0	0.000000	0.000000
0	0.000000	0.000000
0	0.000000	0.000000
0	0.000000	0.000000
0	1.000000	1.000000
0	3.000000	3.000000
0	6.000000	6.000000
0	10.000000	10.000000
0	15.000000	15.000000
0	16.000000	16.000000
0	13.000000	13.000000
0	6.000000	6.000000
0	-5.000000	5.000000
0	-20.000000	20.000000
0	-29.000000	29.000000
1	-32.000000	32.000000
0	-29.000000	29.000000
0	-20.000000	20.000000
0	-5.000000	5.000000
0	6.000000	6.000000
0	13.000000	13.000000
0	16.000000	16.000000
0	15.000000	15.000000
0	10.000000	10.000000
0	6.000000	6.000000
0	3.000000	3.000000
0	1.000000	1.000000
0	0.000000	0.000000
0	0.000000	0.000000
0	0.000000	0.000000
0	0.000000	0.000000
0	0.000000	0.000000
0	0.000000	0.000000
0	0.000000	0.000000
0	0.000000	0.000000
0	1.000000	1.000000
0	3.000000	3.000000
0	6.000000	6.000000
0	10.000000	10.000000
0	15.000000	15.000000
0	16.000000	16.000000
0	13.000000	13.000000
0	6.000000	6.000000
0	-5.000000	5.000000
0	-20.000000	20.000000
0	-29.000000	29.000000
1	-32.000000	32.000000
0	-28.000000	29.017236
0	-17.000000	20.223748
0	1.000000	7.810250
0	16.000000	11.661904
0	28.000000	19.849433
0	33.000000	22.649503
0	31.000000	20.074860
0	22.000000	13.114877
0	11.000000	12.688578
0	-2.000000	25.179357
0	-12.000000	33.136083
1	-19.000000	34.539832
0	-22.000000	29.631065
0	-22.000000	20.832667
0	-19.000000	21.470911
0	-13.000000	31.256999
1	-4.000000	37.656341
0	4.000000	36.796739
0	11.000000	28.337255
0	17.000000	14.035669
0	17.000000	14.035669
0	11.000000	28.337255
0	4.000000	36.796739
1	-4.000000	37.656341
0	-13.000000	31.256999
0	-19.000000	21.470911
0	-22.000000	20.832667
0	-22.000000	29.631065
1	-19.000000	34.539832
0	-13.000000	33.120990
0	-5.000000	25.000000
0	5.000000	11.180340
0	12.000000	8.485281
0	16.000000	13.341664
0	17.000000	16.031220
0	15.000000	15.000000
0	10.000000	10.000000
0	6.000000	6.000000
0	3.000000	3.000000
0	1.000000	1.000000
0	0.000000	0.000000
0	0.000000	0.000000
0	0.000000	0.000000
0	0.000000	0.000000
0	0.000000	0.000000
0	0.000000	0.000000
0	0.000000	0.000000
0	0.000000	0.000000
0	0.000000	0.000000
0	0.000000	0.000000
0	0.000000	0.000000
0	0.000000	0.000000
0	0.000000	0.000000
0	0.000000	0.000000
0	0.000000	0.000000
0	0.000000	0.000000
0	0.000000	0.000000
0	0.000000	0.000000
0	0.000000	0.000000
0	0.000000	0.000000
0	0.000000	0.000000
0	0.000000	0.000000
0	0.000000	0.000000
0	0.000000	0.000000
0	0.000000	0.000000
0	0.000000	0.000000
0	0.000000	0.000000
0	0.000000	0.000000
0	0.000000	0.000000
0	1.000000	1.000000
0	3.000000	3.000000
0	6.000000	6.000000
0	10.000000	10.000000
0	15.000000	15.000000
0	16.000000	16.000000
0	13.000000	13.000000
0	6.000000	6.000000
0	-5.000000	5.000000
0	-20.000000	20.000000
0	-29.000000	29.000000
1	-32.000000	32.000000
0	-29.000000	29.000000
0	-20.000000	20.000000
0	-5.000000	5.000000
0	6.000000	6.000000
0	13.000000	13.000000
0	16.000000	16.000000
0	15.000000	15.000000
0	10.000000	10.000000
0	6.000000	6.000000
0	3.000000	3.000000
0	1.000000	1.000000
0	0.000000	0.000000
0	0.000000	0.000000
0	0.000000	0.000000
0	0.000000	0.000000
0	0.000000	0.000000
0	0.000000	0.000000
0	0.000000	0.000000
0	1.000000	1.000000
0	3.000000	3.000000
0	6.000000	6.000000
0	10.000000	10.000000
0	15.000000	15.000000
0	16.000000	16.000000
0	13.000000	13.000000
0	6.000000	6.000000
0	-5.000000	5.000000
0	-20.000000	20.000000
0	-29.000000	29.000000
1	-32.000000	32.000000
0	-29.000000	29.000000
0	-20.000000	20.000000
0	-5.000000	5.000000
0	6.000000	6.000000
0	13.000000	13.000000
0	16.000000	16.000000
0	15.000000	15.000000
0	11.000000	10.049876
0	9.000000	6.708204
0	9.000000	6.708204
0	11.000000	10.049876
0	15.000000	15.000000
0	16.000000	16.000000
0	13.000000	13.000000
0	6.000000	6.000000
0	-5.000000	5.000000
0	-20.000000	20.000000
0	-29.000000	29.000000
1	-32.000000	32.000000
0	-29.000000	29.000000
0	-20.000000	20.000000
0	-5.000000	5.000000
0	6.000000	6.000000
0	13.000000	13.000000
0	16.000000	16.000000
0	15.000000	15.000000
0	10.000000	10.000000
0	6.000000	6.000000
0	3.000000	3.000000
0	1.000000	1.000000
0	0.000000	0.000000
0	0.000000	0.000000
0	0.000000	0.000000
0	0.000000	0.000000
0	0.000000	0.000000
0	0.000000	0.000000
0	0.000000	0.000000
0	0.000000	0.000000
0	0.000000	0.000000
0	0.000000	0.000000
0	0.000000	0.000000
0	0.000000	0.000000
0	0.000000	0.000000
0	0.000000	0.000000
0	0.000000	0.000000
0	0.000000	0.000000
0	1.000000	1.000000
0	3.000000	3.000000
0	6.000000	6.000000
0	10.000000	10.000000
0	15.000000	15.000000
0	16.000000	16.000000
0	13.000000	13.000000
0	6.000000	6.000000
0	-5.000000	5.000000
0	-20.000000	20.000000
0	-29.000000	29.000000
1	-32.000000	32.000000
0	-29.000000	29.000000
0	-20.000000	20.000000
0	-5.000000	5.000000
0	6.000000	6.000000
0	13.000000	13.000000
0	16.000000	16.000000
0	15.000000	15.000000
0	10.000000	10.000000
0	6.000000	6.000000
0	3.000000	3.000000
0	1.000000	1.000000
0	0.000000	0.000000
0	0.000000	0.000000
0	0.000000	0.000000
0	0.000000	0.000000
0	0.000000	0.000000
0	0.000000	0.000000
0	1.000000	1.000000
0	3.000000	3.000000
0	6.000000	6.000000
0	10.000000	10.000000
0	15.000000	15.000000
0	16.000000	16.000000
0	13.000000	13.000000
0	6.000000	6.000000
0	-5.000000	5.000000
0	-20.000000	20.000000
0	-29.000000	29.000000
1	-32.000000	32.000000
0	-29.000000	29.000000
0	-20.000000	20.000000
0	-5.000000	5.000000
0	6.000000	6.000000
0	13.000000	13.000000
0	16.000000	16.000000
0	15.000000	15.000000
0	11.000000	10.049876
0	9.000000	6.708204
0	9.000000	6.708204
0	11.000000	10.049876
0	15.000000	15.000000
0	16.000000	16.000000
0	13.000000	13.000000
0	6.000000	6.000000
0	-5.000000	5.000000
0	-19.000000	20.024984
0	-26.000000	29.154759
1	-26.000000	32.557641
0	-19.000000	30.675723
0	-5.000000	25.000000
0	11.000000	16.763055
0	19.000000	14.317821
0	19.000000	14.317821
0	11.000000	16.763055
0	-5.000000	25.000000
0	-19.000000	30.675723
1	-26.000000	32.557641
0	-26.000000	29.154759
0	-19.000000	20.024984
0	-5.000000	5.000000
0	6.000000	6.000000
0	13.000000	13.000000
0	16.000000	16.000000
0	15.000000	15.000000
0	10.000000	10.000000
0	8.000000	6.164414
0	9.000000	5.196152
0	14.000000	8.602325
0	23.000000	14.456832
0	36.000000	22.045408
0	42.000000	24.738634
0	41.000000	23.727621
0	28.000000	18.110770
0	3.000000	14.798649
0	-34.000000	28.913665
0	-63.000000	41.315857
2	-84.000000	49.477268
0	-87.000000	50.229473
1	-71.000000	42.720019
0	-36.000000	30.000000
0	-2.000000	22.538855
0	31.000000	21.517435
0	53.000000	27.802878
0	59.000000	29.580399
0	49.000000	25.000000
0	33.000000	18.248288
0	11.000000	11.958261
0	-12.000000	20.928450
0	-26.000000	29.154759
1	-31.000000	32.015621
0	-29.000000	29.000000
0	-20.000000	20.000000
0	-5.000000	5.000000
0	6.000000	6.000000
0	13.000000	13.000000
0	16.000000	16.000000
0	15.000000	15.000000
0	10.000000	10.000000
0	7.000000	6.082763
0	6.000000	4.242641
0	7.000000	6.082763
0	10.000000	10.000000
0	15.000000	15.000000
0	16.000000	16.000000
0	13.000000	13.000000
0	6.000000	6.000000
0	-5.000000	5.000000
0	-20.000000	20.000000
0	-29.000000	29.000000
1	-32.000000	32.000000
0	-29.000000	29.000000
0	-20.000000	20.000000
0	-5.000000	5.000000
0	7.000000	6.082763
0	16.000000	13.341664
0	22.000000	17.088007
0	25.000000	18.027756
0	25.000000	18.027756
0	22.000000	17.088007
0	18.000000	13.416408
0	13.000000	7.416198
0	7.000000	9.848858
0	0.000000	24.494897
0	1.000000	35.930488
1	0.000000	39.191836
0	-3.000000	34.336569
0	-8.000000	21.725561
0	-15.000000	8.660254
0	-34.000000	28.913665
0	-45.000000	43.023250
2	-48.000000	48.000000
0	-43.000000	43.669211
0	-30.000000	30.000000
0	-4.000000	9.273618
0	15.000000	9.000000
0	27.000000	18.411953
0	32.000000	22.627417
0	30.000000	21.213203
0	20.000000	14.142136
0	12.000000	8.485281
0	8.000000	4.472136
0	8.000000	4.472136
0	12.000000	8.485281
0	20.000000	14.142136
0	30.000000	21.213203
0	32.000000	22.627417
0	26.000000	18.384776
0	12.000000	8.485281
0	-9.000000	7.141428
0	-37.000000	28.442925
0	-52.000000	41.448764
2	-54.000000	46.346521
0	-43.000000	43.669211
0	-24.000000	32.496154
0	3.000000	14.798649
0	18.000000	10.392305
0	21.000000	19.052559
0	12.000000	30.199338
0	1.000000	35.930488
1	-12.000000	34.985711
0	-17.000000	30.215890
0	-14.000000	20.445048
0	-3.000000	5.196152
0	6.000000	6.000000
0	13.000000	13.000000
0	16.000000	16.000000
0	15.000000	15.000000
0	10.000000	10.000000
0	6.000000	6.000000
0	3.000000	3.000000
0	1.000000	1.000000
0	0.000000	0.000000
0	0.000000	0.000000
0	0.000000	0.000000
0	0.000000	0.000000
0	0.000000	0.000000
0	0.000000	0.000000
0	0.000000	0.000000
0	0.000000	0.000000
0	0.000000	0.000000
0	0.000000	0.000000
0	0.000000	0.000000
0	0.000000	0.000000
0	0.000000	0.000000
0	0.000000	0.000000
0	0.000000	0.000000
0	1.000000	1.000000
0	3.000000	3.000000
0	6.000000	6.000000
0	10.000000	10.000000
0	15.000000	15.000000
0	16.000000	16.000000
0	13.000000	13.000000
0	6.000000	6.000000
0	-5.000000	5.000000
0	-19.000000	20.024984
0	-26.000000	29.154759
1	-26.000000	32.557641
0	-19.000000	30.675723
0	-5.000000	25.000000
0	11.000000	16.763055
0	19.000000	14.317821
0	20.000000	14.352700
0	14.000000	17.029386
0	1.000000	25.709920
0	-9.000000	32.264532
1	-11.000000	35.846897
0	-10.000000	33.256578
0	-6.000000	23.874673
0	1.000000	7.810250
0	1.000000	7.810250
0	-6.000000	23.874673
0	-10.000000	33.256578
1	-11.000000	35.846897
0	-9.000000	32.264532
0	1.000000	25.709920
0	14.000000	17.029386
0	20.000000	14.352700
0	19.000000	14.317821
0	11.000000	16.763055
0	-5.000000	25.000000
0	-19.000000	30.675723
1	-26.000000	32.557641
0	-26.000000	29.154759
0	-19.000000	20.024984
0	-5.000000	5.000000
0	6.000000	6.000000
0	13.000000	13.000000
0	16.000000	16.000000
0	15.000000	15.000000
0	10.000000	10.000000
0	6.000000	6.000000
0	3.000000	3.000000
0	1.000000	1.000000
0	0.000000	0.000000
0	0.000000	0.000000
0	0.000000	0.000000
0	0.000000	0.000000
0	0.000000	0.000000
0	0.000000	0.000000
0	0.000000	0.000000
0	0.000000	0.000000
0	0.000000	0.000000
0	0.000000	0.000000
0	0.000000	0.000000
0	0.000000	0.000000
0	0.000000	0.000000
0	1.000000	1.000000
0	3.000000	3.000000
0	6.000000	6.000000
0	10.000000	10.000000
0	15.000000	15.000000
0	16.000000	16.000000
0	13.000000	13.000000
0	6.000000	6.000000
0	-5.000000	5.000000
0	-20.000000	20.000000
0	-29.000000	29.000000
1	-32.000000	32.000000
0	-29.000000	29.000000
0	-20.000000	20.000000
0	-5.000000	5.000000
0	6.000000	6.000000
0	13.000000	13.000000
0	16.000000	16.000000
0	15.000000	15.000000
0	10.000000	10.000000
0	6.000000	6.000000
0	4.000000	3.162278
0	4.000000	3.162278
0	6.000000	6.000000
0	10.000000	10.000000
0	16.000000	15.033296
0	19.000000	16.278821
0	19.000000	14.317821
0	16.000000	11.661904
0	10.000000	15.811388
0	-4.000000	25.612497
0	-16.000000	31.780497
1	-24.000000	32.588341
0	-28.000000	29.732137
0	-28.000000	29.529646
0	-14.000000	32.649655
1	4.000000	38.858718
0	16.000000	39.012818
0	22.000000	31.527766
0	22.000000	17.944358
0	6.000000	13.638182
0	-21.000000	31.701735
0	-39.000000	44.124823
2	-48.000000	47.686476
0	-48.000000	42.213742
0	-34.000000	28.913665
0	-7.000000	7.681146
0	13.000000	8.544004
0	26.000000	18.384776
0	32.000000	22.627417
0	30.000000	21.213203
0	20.000000	14.142136
0	12.000000	8.485281
0	6.000000	4.242641
0	2.000000	1.414214
0	0.000000	0.000000
0	0.000000	0.000000
0	0.000000	0.000000
0	0.000000	0.000000
0	0.000000	0.000000
0	0.000000	0.000000
0	0.000000	0.000000
0	0.000000	0.000000
0	0.000000	0.000000
0	0.000000	0.000000
0	0.000000	0.000000
0	0.000000	0.000000
0	0.000000	0.000000
0	0.000000	0.000000
0	0.000000	0.000000
0	0.000000	0.000000
0	0.000000	0.000000
0	0.000000	0.000000
0	0.000000	0.000000
0	0.000000	0.000000
0	0.000000	0.000000
0	0.000000	0.000000
0	0.000000	0.000000
0	0.000000	0.000000
0	0.000000	0.000000
0	0.000000	0.000000
0	0.000000	0.000000
0	0.000000	0.000000
0	0.000000	0.000000
0	0.000000	0.000000
0	0.000000	0.000000
0	0.000000	0.000000
0	0.000000	0.000000
0	0.000000	0.000000
0	0.000000	0.000000
0	0.000000	0.000000
0	0.000000	0.000000
0	0.000000	0.000000
0	0.000000	0.000000
0	0.000000	0.000000
0	0.000000	0.000000
0	0.000000	0.000000
0	0.000000	0.000000
0	0.000000	0.000000
0	1.000000	1.000000
0	3.000000	3.000000
0	6.000000	6.000000
0	10.000000	10.000000
0	15.000000	15.000000
0	16.000000	16.000000
0	13.000000	13.000000
0	6.000000	6.000000
0	-5.000000	5.000000
0	-20.000000	20.000000
0	-29.000000	29.000000
1	-32.000000	32.000000
0	-29.000000	29.000000
0	-20.000000	20.000000
0	-5.000000	5.000000
0	6.000000	6.000000
0	13.000000	13.000000
0	16.000000	16.000000
0	15.000000	15.000000
0	10.000000	10.000000
0	6.000000	6.000000
0	3.000000	3.000000
0	1.000000	1.000000
0	0.000000	0.000000
0	0.000000	0.000000
0	0.000000	0.000000
0	0.000000	0.000000
0	0.000000	0.000000
0	0.000000	0.000000
0	0.000000	0.000000
0	0.000000	0.000000
0	0.000000	0.000000
0	0.000000	0.000000
0	0.000000	0.000000
0	0.000000	0.000000
0	0.000000	0.000000
0	1.000000	1.000000
0	3.000000	3.000000
0	6.000000	6.000000
0	10.000000	10.000000
0	15.000000	15.000000
0	16.000000	16.000000
0	14.000000	13.038405
0	9.000000	6.708204
0	1.000000	7.810250
0	-10.000000	22.360680
0	-14.000000	32.649655
1	-16.000000	35.777088
0	-16.000000	31.780497
0	-14.000000	20.880613
0	-10.000000	7.071068
0	-14.000000	20.880613
0	-16.000000	31.780497
1	-16.000000	35.777088
0	-14.000000	32.649655
0	-10.000000	22.360680
0	1.000000	7.810250
0	9.000000	6.708204
0	14.000000	13.038405
0	16.000000	16.000000
0	15.000000	15.000000
0	10.000000	10.000000
0	6.000000	6.000000
0	3.000000	3.000000
0	1.000000	1.000000
0	0.000000	0.000000
0	0.000000	0.000000
0	0.000000	0.000000
0	0.000000	0.000000
0	0.000000	0.000000
0	0.000000	0.000000
0	0.000000	0.000000
0	0.000000	0.000000
0	0.000000	0.000000
0	0.000000	0.000000
0	0.000000	0.000000
0	0.000000	0.000000
0	0.000000	0.000000
0	0.000000	0.000000
0	0.000000	0.000000
0	0.000000	0.000000
0	0.000000	0.000000
0	0.000000	0.000000
0	0.000000	0.000000
0	0.000000	0.000000
0	0.000000	0.000000
0	0.000000	0.000000
0	1.000000	1.000000
0	3.000000	3.000000
0	6.000000	6.000000
0	10.000000	10.000000
0	15.000000	15.000000
0	16.000000	16.000000
0	13.000000	13.000000
0	6.000000	6.000000
0	-5.000000	5.000000
0	-20.000000	20.000000
0	-29.000000	29.000000
1	-32.000000	32.000000
0	-29.000000	29.000000
0	-20.000000	20.000000
0	-5.000000	5.000000
0	6.000000	6.000000
0	13.000000	13.000000
0	16.000000	16.000000
0	15.000000	15.000000
0	10.000000	10.000000
0	6.000000	6.000000
0	3.000000	3.000000
0	1.000000	1.000000
0	0.000000	0.000000
0	0.000000	0.000000
0	0.000000	0.000000
0	0.000000	0.000000
0	0.000000	0.000000
0	0.000000	0.000000
0	0.000000	0.000000
0	0.000000	0.000000
0	0.000000	0.000000
0	0.000000	0.000000
0	0.000000	0.000000
0	0.000000	0.000000
0	0.000000	0.000000
0	0.000000	0.000000
0	1.000000	1.000000
0	3.000000	3.000000
0	6.000000	6.000000
0	10.000000	10.000000
0	15.000000	15.000000
0	16.000000	16.000000
0	14.000000	13.038405
0	9.000000	6.708204
0	1.000000	7.810250
0	-10.000000	22.360680
0	-14.000000	32.649655
1	-16.000000	35.777088
0	-16.000000	31.780497
0	-14.000000	20.880613
0	-10.000000	7.071068
0	-14.000000	20.880613
0	-16.000000	31.780497
1	-16.000000	35.777088
0	-14.000000	32.649655
0	-10.000000	22.360680
0	1.000000	7.810250
0	9.000000	6.708204
0	14.000000	13.038405
0	16.000000	16.000000
0	15.000000	15.000000
0	10.000000	10.000000
0	6.000000	6.000000
0	3.000000	3.000000
0	1.000000	1.000000
0	0.000000	0.000000
0	0.000000	0.000000
0	0.000000	0.000000
0	0.000000	0.000000
0	0.000000	0.000000
0	0.000000	0.000000
0	0.000000	0.000000
0	0.000000	0.000000
0	0.000000	0.000000
0	0.000000	0.000000
0	0.000000	0.000000
0	0.000000	0.000000
0	0.000000	0.000000
0	0.000000	0.000000
0	1.000000	1.000000
0	3.000000	3.000000
0	6.000000	6.000000
0	10.000000	10.000000
0	15.000000	15.000000
0	16.000000	16.000000
0	13.000000	13.000000
0	6.000000	6.000000
0	-5.000000	5.000000
0	-20.000000	20.000000
0	-29.000000	29.000000
1	-32.000000	32.000000
0	-29.000000	29.000000
0	-20.000000	20.000000
0	-5.000000	5.000000
0	6.000000	6.000000
0	13.000000	13.000000
0	16.000000	16.000000
0	15.000000	15.000000
0	10.000000	10.000000
0	6.000000	6.000000
0	3.000000	3.000000
0	1.000000	1.000000
0	0.000000	0.000000
0	0.000000	0.000000
0	0.000000	0.000000
0	0.000000	0.000000
0	0.000000	0.000000
0	0.000000	0.000000
0	0.000000	0.000000
0	0.000000	0.000000
0	0.000000	0.000000
0	0.000000	0.000000
0	0.000000	0.000000
0	0.000000	0.000000
0	1.000000	1.000000
0	3.000000	3.000000
0	6.000000	6.000000
0	10.000000	10.000000
0	15.000000	15.000000
0	16.000000	16.000000
0	13.000000	13.000000
0	6.000000	6.000000
0	-5.000000	5.000000
0	-20.000000	20.000000
0	-29.000000	29.000000
1	-32.000000	32.000000
0	-29.000000	29.000000
0	-20.000000	20.000000
0	-4.000000	5.099020
0	9.000000	6.708204
0	19.000000	14.317821
0	26.000000	18.867962
0	30.000000	21.213203
0	26.000000	18.867962
0	19.000000	14.317821
0	9.000000	6.708204
0	-3.000000	5.196152
0	-17.000000	20.223748
0	-23.000000	29.614186
1	-22.000000	33.526109
0	-14.000000	32.649655
0	-4.000000	25.612497
0	8.000000	13.928388
0	13.000000	8.544004
0	11.000000	14.247807
0	2.000000	26.305893
0	-4.000000	34.146742
1	-7.000000	36.728735
0	-7.000000	33.660065
0	-4.000000	24.041631
0	2.000000	7.874008
0	1.000000	7.810250
0	-7.000000	23.853721
0	-13.000000	33.120990
1	-17.000000	35.341194
0	-19.000000	30.675723
0	-14.000000	20.880613
0	-2.000000	5.830952
0	7.000000	6.082763
0	13.000000	13.000000
0	16.000000	16.000000
0	15.000000	15.000000
0	10.000000	10.000000
0	6.000000	6.000000
0	3.000000	3.000000
0	1.000000	1.000000
0	0.000000	0.000000
0	0.000000	0.000000
0	0.000000	0.000000
0	0.000000	0.000000
0	0.000000	0.000000
0	0.000000	0.000000
0	0.000000	0.000000
0	0.000000	0.000000
0	0.000000	0.000000
0	0.000000	0.000000
0	1.000000	1.000000
0	3.000000	3.000000
0	6.000000	6.000000
0	10.000000	10.000000
0	15.000000	15.000000
0	16.000000	16.000000
0	14.000000	13.038405
0	9.000000	6.708204
0	1.000000	7.810250
0	-10.000000	22.360680
0	-14.000000	32.649655
1	-16.000000	35.777088
0	-16.000000	31.780497
0	-14.000000	20.880613
0	-10.000000	7.071068
0	-14.000000	20.880613
0	-16.000000	31.780497
1	-16.000000	35.777088
0	-14.000000	32.649655
0	-10.000000	22.360680
0	1.000000	7.810250
0	9.000000	6.708204
0	14.000000	13.038405
0	16.000000	16.000000
0	15.000000	15.000000
0	10.000000	10.000000
0	6.000000	6.000000
0	3.000000	3.000000
0	1.000000	1.000000
0	0.000000	0.000000
0	0.000000	0.000000
0	0.000000	0.000000
0	0.000000	0.000000
0	0.000000	0.000000
0	0.000000	0.000000
0	0.000000	0.000000
0	0.000000	0.000000
0	0.000000	0.000000
0	0.000000	0.000000
0	0.000000	0.000000
0	0.000000	0.000000
0	0.000000	0.000000
0	0.000000	0.000000
0	0.000000	0.000000
0	0.000000	0.000000
0	0.000000	0.000000
0	0.000000	0.000000
0	0.000000	0.000000
0	0.000000	0.000000
0	0.000000	0.000000
0	0.000000	0.000000
0	0.000000	0.000000
0	0.000000	0.000000
0	0.000000	0.000000
0	0.000000	0.000000
0	0.000000	0.000000
0	0.000000	0.000000
0	1.000000	1.000000
0	3.000000	3.000000
0	7.000000	6.082763
0	13.000000	10.440307
0	21.000000	16.155494
0	26.000000	18.867962
0	28.000000	19.849433
0	22.000000	17.088007
0	8.000000	13.928388
0	-14.000000	20.880613
0	-34.000000	29.427878
1	-52.000000	37.735925
0	-58.000000	41.012193
1	-52.000000	37.735925
0	-34.000000	29.427878
0	-14.000000	20.880613
0	8.000000	13.928388
0	22.000000	17.088007
0	28.000000	19.849433
0	26.000000	18.867962
0	21.000000	16.155494
0	13.000000	10.440307
0	7.000000	6.082763
0	3.000000	3.000000
0	1.000000	1.000000
0	0.000000	0.000000
0	0.000000	0.000000
0	0.000000	0.000000
0	1.000000	1.000000
0	3.000000	3.000000
0	6.000000	6.000000
0	10.000000	10.000000
0	15.000000	15.000000
0	16.000000	16.000000
0	13.000000	13.000000
0	6.000000	6.000000
0	-5.000000	5.000000
0	-20.000000	20.000000
0	-28.000000	29.017236
1	-28.000000	32.155870
0	-20.000000	29.765752
0	-4.000000	23.151674
0	20.000000	18.708287
0	37.000000	22.737634
0	42.000000	24.372115
0	35.000000	21.470911
0	16.000000	16.911535
0	-15.000000	22.912878
0	-43.000000	35.735137
1	-57.000000	43.301270
1	-57.000000	43.301270
0	-43.000000	35.735137
0	-15.000000	22.912878
0	16.000000	16.911535
0	35.000000	21.470911
0	42.000000	24.372115
0	37.000000	22.737634
0	20.000000	18.708287
0	-2.000000	23.194827
0	-14.000000	30.066593
1	-16.000000	33.256578
0	-8.000000	32.280025
0	10.000000	29.154759
0	27.000000	23.173260
0	32.000000	19.339080
0	25.000000	15.524175
0	6.000000	17.492856
0	-25.000000	32.015621
0	-48.000000	42.213742
2	-58.000000	45.650849
0	-55.000000	41.121770
0	-39.000000	28.301943
0	-10.000000	7.071068
0	12.000000	8.485281
0	26.000000	18.384776
0	32.000000	22.627417
0	30.000000	21.213203
0	20.000000	14.142136
0	14.000000	8.602325
0	12.000000	6.000000
0	14.000000	8.602325
0	20.000000	14.142136
0	30.000000	21.213203
0	34.000000	22.671568
0	32.000000	18.867962
0	24.000000	12.000000
0	11.000000	15.842980
0	-7.000000	35.482390
0	-20.000000	47.222876
2	-28.000000	49.859803
0	-31.000000	44.485953
0	-34.000000	33.256578
0	-37.000000	31.921779
0	-40.000000	42.308392
2	-42.000000	49.112117
0	-43.000000	51.019604
0	-33.000000	46.119410
1	-12.000000	37.067506
0	10.000000	34.785054
0	28.000000	31.811947
0	42.000000	26.608269
0	42.000000	22.847319
0	28.000000	19.849433
0	8.000000	26.981475
0	-8.000000	32.924155
1	-20.000000	33.555923
0	-23.000000	29.614186
0	-17.000000	20.223748
0	-4.000000	5.099020
0	6.000000	6.000000
0	13.000000	13.000000
0	16.000000	16.000000
0	15.000000	15.000000
0	10.000000	10.000000
0	6.000000	6.000000
0	3.000000	3.000000
0	1.000000	1.000000
0	0.000000	0.000000
0	0.000000	0.000000
0	0.000000	0.000000
0	0.000000	0.000000
0	0.000000	0.000000
0	0.000000	0.000000
0	0.000000	0.000000
0	0.000000	0.000000
0	0.000000	0.000000
0	0.000000	0.000000
0	0.000000	0.000000
0	0.000000	0.000000
0	0.000000	0.000000
0	0.000000	0.000000
0	0.000000	0.000000
0	0.000000	0.000000
0	0.000000	0.000000
0	0.000000	0.000000
0	0.000000	0.000000
0	0.000000	0.000000
0	0.000000	0.000000
0	0.000000	0.000000
0	0.000000	0.000000
0	0.000000	0.000000
0	0.000000	0.000000
0	0.000000	0.000000
0	0.000000	0.000000
0	0.000000	0.000000
0	0.000000	0.000000
0	0.000000	0.000000
0	0.000000	0.000000
0	0.000000	0.000000
0	0.000000	0.000000
0	0.000000	0.000000
0	0.000000	0.000000
0	0.000000	0.000000
0	0.000000	0.000000
0	0.000000	0.000000
0	0.000000	0.000000
0	0.000000	0.000000
0	0.000000	0.000000
0	1.000000	1.000000
0	3.000000	3.000000
0	6.000000	6.000000
0	10.000000	10.000000
0	15.000000	15.000000
0	16.000000	16.000000
0	13.000000	13.000000
0	6.000000	6.000000
0	-5.000000	5.000000
0	-20.000000	20.000000
0	-29.000000	29.000000
1	-32.000000	32.000000
0	-29.000000	29.000000
0	-19.000000	20.024984
0	-2.000000	5.830952
0	12.000000	8.485281
0	23.000000	16.401219
0	31.000000	21.931712
0	31.000000	21.931712
0	23.000000	16.401219
0	12.000000	8.485281
0	-2.000000	5.830952
0	-18.000000	20.049938
0	-26.000000	29.154759
1	-26.000000	32.557641
0	-19.000000	30.675723
0	-5.000000	25.000000
0	11.000000	16.763055
0	19.000000	14.317821
0	19.000000	14.317821
0	11.000000	16.763055
0	-5.000000	25.000000
0	-19.000000	30.675723
1	-26.000000	32.557641
0	-26.000000	29.154759
0	-19.000000	20.024984
0	-5.000000	5.000000
0	6.000000	6.000000
0	13.000000	13.000000
0	16.000000	16.000000
0	15.000000	15.000000
0	10.000000	10.000000
0	6.000000	6.000000
0	3.000000	3.000000
0	1.000000	1.000000
0	0.000000	0.000000
0	0.000000	0.000000
0	0.000000	0.000000
0	0.000000	0.000000
0	0.000000	0.000000
0	0.000000	0.000000
0	0.000000	0.000000
0	0.000000	0.000000
0	0.000000	0.000000
0	0.000000	0.000000
0	0.000000	0.000000
0	1.000000	1.000000
0	3.000000	3.000000
0	6.000000	6.000000
0	10.000000	10.000000
0	15.000000	15.000000
0	16.000000	16.000000
0	13.000000	13.000000
0	6.000000	6.000000
0	-5.000000	5.000000
0	-20.000000	20.000000
0	-29.000000	29.000000
1	-32.000000	32.000000
0	-29.000000	29.000000
0	-20.000000	20.000000
0	-5.000000	5.000000
0	6.000000	6.000000
0	13.000000	13.000000
0	16.000000	16.000000
0	15.000000	15.000000
0	10.000000	10.000000
0	6.000000	6.000000
0	3.000000	3.000000
0	1.000000	1.000000
0	0.000000	0.000000
0	0.000000	0.000000
0	0.000000	0.000000
0	0.000000	0.000000
0	1.000000	1.000000
0	3.000000	3.000000
0	6.000000	6.000000
0	10.000000	10.000000
0	15.000000	15.000000
0	16.000000	16.000000
0	13.000000	13.000000
0	6.000000	6.000000
0	-5.000000	5.000000
0	-20.000000	20.000000
0	-29.000000	29.000000
1	-32.000000	32.000000
0	-29.000000	29.000000
0	-20.000000	20.000000
0	-5.000000	5.000000
0	6.000000	6.000000
0	13.000000	13.000000
0	16.000000	16.000000
0	15.000000	15.000000
0	10.000000	10.000000
0	6.000000	6.000000
0	3.000000	3.000000
0	2.000000	1.414214
0	3.000000	3.000000
0	6.000000	6.000000
0	10.000000	10.000000
0	15.000000	15.000000
0	16.000000	16.000000
0	13.000000	13.000000
0	6.000000	6.000000
0	-5.000000	5.000000
0	-20.000000	20.000000
0	-29.000000	29.000000
1	-32.000000	32.000000
0	-29.000000	29.000000
0	-20.000000	20.000000
0	-5.000000	5.000000
0	6.000000	6.000000
0	13.000000	13.000000
0	16.000000	16.000000
0	16.000000	15.033296
0	13.000000	10.440307
0	12.000000	8.485281
0	13.000000	10.440307
0	16.000000	15.033296
0	16.000000	16.000000
0	13.000000	13.000000
0	6.000000	6.000000
0	-5.000000	5.000000
0	-20.000000	20.000000
0	-29.000000	29.000000
1	-32.000000	32.000000
0	-29.000000	29.000000
0	-20.000000	20.000000
0	-5.000000	5.000000
0	6.000000	6.000000
0	13.000000	13.000000
0	16.000000	16.000000
0	15.000000	15.000000
0	10.000000	10.000000
0	6.000000	6.000000
0	4.000000	3.162278
0	4.000000	3.162278
0	6.000000	6.000000
0	10.000000	10.000000
0	15.000000	15.000000
0	16.000000	16.000000
0	13.000000	13.000000
0	6.000000	6.000000
0	-5.000000	5.000000
0	-20.000000	20.000000
0	-29.000000	29.000000
1	-32.000000	32.000000
0	-29.000000	29.000000
0	-20.000000	20.000000
0	-5.000000	5.000000
0	6.000000	6.000000
0	13.000000	13.000000
0	16.000000	16.000000
0	15.000000	15.000000
0	10.000000	10.000000
0	6.000000	6.000000
0	3.000000	3.000000
0	1.000000	1.000000
0	0.000000	0.000000
0	0.000000	0.000000
0	0.000000	0.000000
0	0.000000	0.000000
0	0.000000	0.000000
0	0.000000	0.000000
0	0.000000	0.000000
0	0.000000	0.000000
0	0.000000	0.000000
0	0.000000	0.000000
0	0.000000	0.000000
0	1.000000	1.000000
0	3.000000	3.000000
0	6.000000	6.000000
0	10.000000	10.000000
0	15.000000	15.000000
0	16.000000	16.000000
0	13.000000	13.000000
0	6.000000	6.000000
0	-5.000000	5.000000
0	-19.000000	20.024984
0	-26.000000	29.154759
1	-26.000000	32.557641
0	-19.000000	30.675723
0	-5.000000	25.000000
0	11.000000	16.763055
0	19.000000	14.317821
0	19.000000	14.317821
0	11.000000	16.763055
0	-5.000000	25.000000
0	-19.000000	30.675723
1	-24.000000	32.588341
0	-20.000000	29.461840
0	-7.000000	21.748563
0	15.000000	15.000000
0	37.000000	22.068076
0	48.000000	26.267851
0	48.000000	25.099801
0	37.000000	19.924859
0	15.000000	19.364917
0	-18.000000	33.045423
0	-42.000000	43.127717
2	-57.000000	45.661800
0	-63.000000	41.315857
0	-60.000000	34.641016
0	-39.000000	29.849623
1	-20.000000	33.105891
0	-3.000000	34.336569
0	12.000000	30.199338
0	25.000000	21.794495
0	26.000000	15.362291
0	25.000000	15.524175
0	22.000000	16.552945
0	17.000000	15.066519
0	10.000000	10.000000
0	6.000000	6.000000
0	3.000000	3.000000
0	3.000000	1.732051
0	6.000000	4.242641
0	12.000000	8.485281
0	20.000000	14.142136
0	30.000000	21.213203
0	32.000000	22.627417
0	26.000000	18.384776
0	12.000000	8.485281
0	-10.000000	7.071068
0	-40.000000	28.284271
0	-58.000000	41.012193
2	-64.000000	45.254834
0	-58.000000	41.012193
0	-40.000000	28.284271
0	-10.000000	7.071068
0	13.000000	8.544004
0	29.000000	18.627936
0	38.000000	23.409400
0	40.000000	23.452079
0	36.000000	20.639767
0	31.000000	18.357560
0	25.000000	14.933185
0	18.000000	11.747340
0	10.000000	15.811388
0	-4.000000	25.612497
0	-16.000000	31.780497
1	-26.000000	32.557641
0	-34.000000	29.427878
0	-40.000000	28.284271
0	-34.000000	29.427878
1	-26.000000	32.557641
0	-16.000000	31.780497
0	-4.000000	25.612497
0	10.000000	15.811388
0	16.000000	11.661904
0	19.000000	14.317821
0	19.000000	16.278821
0	16.000000	15.033296
0	13.000000	10.148892
0	15.000000	7.937254
0	21.000000	10.816654
0	31.000000	17.349352
0	45.000000	25.980762
0	48.000000	27.712813
0	39.000000	22.516660
0	18.000000	10.392305
0	-15.000000	8.660254
0	-60.000000	34.641016
0	-87.000000	50.229473
3	-96.000000	55.425626
0	-87.000000	50.229473
0	-58.000000	34.669872
0	-9.000000	9.643651
0	30.000000	13.416408
0	59.000000	26.589472
0	78.000000	34.899857
0	77.000000	34.452866
0	56.000000	25.258662
0	30.000000	13.416408
0	-1.000000	8.774964
0	-37.000000	28.337255
0	-58.000000	41.012193
2	-64.000000	45.254834
0	-58.000000	41.012193
0	-40.000000	28.284271
0	-9.000000	7.141428
0	15.000000	9.000000
0	32.000000	19.339080
0	42.000000	24.738634
0	45.000000	25.980762
0	36.000000	21.354157
0	25.000000	15.524175
0	12.000000	7.348469
0	-3.000000	5.196152
0	-20.000000	20.000000
0	-29.000000	29.000000
1	-31.000000	32.015621
0	-26.000000	29.154759
0	-14.000000	20.880613
0	5.000000	11.180340
0	21.000000	16.155494
0	29.000000	20.615528
0	29.000000	20.615528
0	21.000000	16.155494
0	5.000000	11.180340
0	-14.000000	20.880613
0	-25.000000	29.171904
1	-28.000000	32.155870
0	-23.000000	29.614186
0	-9.000000	22.383029
0	13.000000	16.093477
0	28.000000	18.110770
0	36.000000	20.928450
0	37.000000	22.737634
0	26.000000	22.494444
0	3.000000	25.865034
0	-17.000000	30.215890
1	-34.000000	32.526912
0	-48.000000	35.242020
0	-49.000000	35.227830
1	-37.000000	32.388269
0	-23.000000	29.614186
0	-7.000000	23.853721
0	11.000000	16.763055
0	21.000000	16.155494
0	23.000000	16.401219
0	22.000000	17.088007
0	18.000000	15.297059
0	11.000000	10.049876
0	6.000000	6.000000
0	3.000000	3.000000
0	1.000000	1.000000
0	0.000000	0.000000
0	0.000000	0.000000
0	0.000000	0.000000
0	0.000000	0.000000
0	0.000000	0.000000
0	0.000000	0.000000
0	0.000000	0.000000
0	0.000000	0.000000
0	0.000000	0.000000
0	2.000000	1.414214
0	6.000000	4.242641
0	12.000000	8.485281
0	20.000000	14.142136
0	30.000000	21.213203
0	32.000000	22.627417
0	26.000000	18.384776
0	12.000000	8.485281
0	-10.000000	7.071068
0	-40.000000	28.284271
0	-58.000000	41.012193
2	-64.000000	45.254834
0	-58.000000	41.012193
0	-40.000000	28.284271
0	-10.000000	7.071068
0	12.000000	8.485281
0	26.000000	18.384776
0	32.000000	22.627417
0	30.000000	21.213203
0	20.000000	14.142136
0	14.000000	8.602325
0	12.000000	6.000000
0	14.000000	8.602325
0	20.000000	14.142136
0	30.000000	21.213203
0	32.000000	22.627417
0	26.000000	18.384776
0	12.000000	8.485281
0	-10.000000	7.071068
0	-40.000000	28.284271
0	-58.000000	41.012193
2	-64.000000	45.254834
0	-58.000000	41.012193
0	-40.000000	28.284271
0	-10.000000	7.071068
0	12.000000	8.485281
0	26.000000	18.384776
0	32.000000	22.627417
0	30.000000	21.213203
0	20.000000	14.142136
0	12.000000	8.485281
0	6.000000	4.242641
0	2.000000	1.414214
0	0.000000	0.000000
0	0.000000	0.000000
0	0.000000	0.000000
0	0.000000	0.000000
0	0.000000	0.000000
0	0.000000	0.000000
0	0.000000	0.000000
0	0.000000	0.000000
0	0.000000	0.000000
0	0.000000	0.000000
0	0.000000	0.000000
0	0.000000	0.000000
0	0.000000	0.000000
0	0.000000	0.000000
0	0.000000	0.000000
0	0.000000	0.000000
0	0.000000	0.000000
0	0.000000	0.000000
0	2.000000	1.414214
0	6.000000	4.242641
0	12.000000	8.485281
0	20.000000	14.142136
0	30.000000	21.213203
0	32.000000	22.627417
0	26.000000	18.384776
0	12.000000	8.485281
0	-10.000000	7.071068
0	-40.000000	28.284271
0	-58.000000	41.012193
2	-64.000000	45.254834
0	-58.000000	41.012193
0	-40.000000	28.284271
0	-10.000000	7.071068
0	12.000000	8.485281
0	26.000000	18.384776
0	32.000000	22.627417
0	30.000000	21.213203
0	22.000000	14.212670
0	18.000000	9.486833
0	18.000000	9.486833
0	22.000000	14.212670
0	30.000000	21.213203
0	32.000000	22.627417
0	26.000000	18.384776
0	13.000000	8.544004
0	-7.000000	7.681146
0	-33.000000	28.930952
0	-45.000000	42.320208
2	-42.000000	48.062459
0	-29.000000	45.243784
0	-6.000000	35.071356
0	22.000000	21.023796
0	35.000000	22.158520
0	28.000000	32.093613
0	11.000000	39.331921
1	-16.000000	43.703547
0	-42.000000	43.680659
1	-57.000000	43.646306
0	-51.000000	41.964271
1	-34.000000	39.522146
0	-6.000000	35.496479
0	18.000000	30.789609
0	36.000000	24.248711
0	38.000000	20.688161
0	29.000000	21.330729
0	9.000000	27.658633
0	-7.000000	33.211444
1	-19.000000	33.660065
0	-22.000000	29.631065
0	-17.000000	20.223748
0	-4.000000	5.099020
0	6.000000	6.000000
0	13.000000	13.000000
0	16.000000	16.000000
0	15.000000	15.000000
0	10.000000	10.000000
0	6.000000	6.000000
0	3.000000	3.000000
0	1.000000	1.000000
0	0.000000	0.000000
0	1.000000	1.000000
0	3.000000	3.000000
0	6.000000	6.000000
0	10.000000	10.000000
0	15.000000	15.000000
0	16.000000	16.000000
0	13.000000	13.000000
0	6.000000	6.000000
0	-5.000000	5.000000
0	-20.000000	20.000000
0	-29.000000	29.000000
1	-32.000000	32.000000
0	-29.000000	29.000000
0	-20.000000	20.000000
0	-5.000000	5.000000
0	6.000000	6.000000
0	13.000000	13.000000
0	16.000000	16.000000
0	15.000000	15.000000
0	10.000000	10.000000
0	6.000000	6.000000
0	3.000000	3.000000
0	1.000000	1.000000
0	0.000000	0.000000
0	0.000000	0.000000
0	0.000000	0.000000
0	1.000000	1.000000
0	3.000000	3.000000
0	6.000000	6.000000
0	10.000000	10.000000
0	15.000000	15.000000
0	17.000000	16.031220
0	16.000000	13.341664
0	12.000000	8.485281
0	5.000000	11.180340
0	-5.000000	25.000000
0	-13.000000	33.120990
1	-19.000000	34.539832
0	-23.000000	29.614186
0	-25.000000	20.615528
0	-25.000000	20.615528
0	-23.000000	29.614186
1	-19.000000	34.539832
0	-13.000000	33.120990
0	-5.000000	25.000000
0	5.000000	11.180340
0	12.000000	8.485281
0	16.000000	13.341664
0	17.000000	16.031220
0	15.000000	15.000000
0	10.000000	10.000000
0	6.000000	6.000000
0	3.000000	3.000000
0	1.000000	1.000000
0	0.000000	0.000000
0	0.000000	0.000000
0	0.000000	0.000000
0	0.000000	0.000000
0	0.000000	0.000000
0	1.000000	1.000000
0	3.000000	3.000000
0	6.000000	6.000000
0	10.000000	10.000000
0	15.000000	15.000000
0	16.000000	16.000000
0	13.000000	13.000000
0	6.000000	6.000000
0	-5.000000	5.000000
0	-20.000000	20.000000
0	-29.000000	29.000000
1	-32.000000	32.000000
0	-29.000000	29.000000
0	-20.000000	20.000000
0	-5.000000	5.000000
0	6.000000	6.000000
0	13.000000	13.000000
0	16.000000	16.000000
0	15.000000	15.000000
0	10.000000	10.000000
0	6.000000	6.000000
0	3.000000	3.000000
0	1.000000	1.000000
0	0.000000	0.000000
0	0.000000	0.000000
0	0.000000	0.000000
0	0.000000	0.000000
0	0.000000	0.000000
0	0.000000	0.000000
0	0.000000	0.000000
0	0.000000	0.000000
0	0.000000	0.000000
0	0.000000	0.000000
0	0.000000	0.000000
0	0.000000	0.000000
0	0.000000	0.000000
0	1.000000	1.000000
0	3.000000	3.000000
0	6.000000	6.000000
0	10.000000	10.000000
0	15.000000	15.000000
0	16.000000	16.000000
0	13.000000	13.000000
0	6.000000	6.000000
0	-5.000000	5.000000
0	-20.000000	20.000000
0	-29.000000	29.000000
1	-32.000000	32.000000
0	-29.000000	29.000000
0	-20.000000	20.000000
0	-5.000000	5.000000
0	6.000000	6.000000
0	13.000000	13.000000
0	18.000000	16.062378
0	21.000000	15.588457
0	22.000000	13.114877
0	26.000000	15.362291
0	33.000000	21.424285
0	33.000000	22.649503
0	26.000000	18.384776
0	12.000000	8.485281
0	-10.000000	7.071068
0	-40.000000	28.284271
0	-58.000000	41.012193
2	-64.000000	45.254834
0	-57.000000	41.024383
0	-37.000000	28.442925
0	-4.000000	9.273618
0	22.000000	13.114877
0	41.000000	23.727621
0	48.000000	27.712813
0	43.000000	24.879711
0	26.000000	15.362291
0	7.000000	9.848858
0	-14.000000	20.445048
0	-27.000000	29.034462
1	-32.000000	32.000000
0	-29.000000	29.000000
0	-20.000000	20.000000
0	-5.000000	5.000000
0	6.000000	6.000000
0	13.000000	13.000000
0	16.000000	16.000000
0	15.000000	15.000000
0	10.000000	10.000000
0	6.000000	6.000000
0	3.000000	3.000000
0	2.000000	1.414214
0	3.000000	3.000000
0	6.000000	6.000000
0	10.000000	10.000000
0	15.000000	15.000000
0	16.000000	16.000000
0	13.000000	13.000000
0	6.000000	6.000000
0	-5.000000	5.000000
0	-20.000000	20.000000
0	-29.000000	29.000000
1	-32.000000	32.000000
0	-29.000000	29.000000
0	-20.000000	20.000000
0	-5.000000	5.000000
0	6.000000	6.000000
0	13.000000	13.000000
0	16.000000	16.000000
0	15.000000	15.000000
0	10.000000	10.000000
0	6.000000	6.000000
0	3.000000	3.000000
0	1.000000	1.000000
0	0.000000	0.000000
0	0.000000	0.000000
0	0.000000	0.000000
0	0.000000	0.000000
0	0.000000	0.000000
0	0.000000	0.000000
0	0.000000	0.000000
0	0.000000	0.000000
0	0.000000	0.000000
0	0.000000	0.000000
0	1.000000	1.000000
0	3.000000	3.000000
0	6.000000	6.000000
0	10.000000	10.000000
0	15.000000	15.000000
0	16.000000	16.000000
0	13.000000	13.000000
0	6.000000	6.000000
0	-5.000000	5.000000
0	-20.000000	20.000000
0	-29.000000	29.000000
1	-32.000000	32.000000
0	-29.000000	29.000000
0	-20.000000	20.000000
0	-5.000000	5.000000
0	6.000000	6.000000
0	13.000000	13.000000
0	16.000000	16.000000
0	15.000000	15.000000
0	10.000000	10.000000
0	6.000000	6.000000
0	3.000000	3.000000
0	1.000000	1.000000
0	0.000000	0.000000
0	0.000000	0.000000
0	0.000000	0.000000
0	0.000000	0.000000
0	0.000000	0.000000
0	0.000000	0.000000
0	0.000000	0.000000
0	0.000000	0.000000
0	0.000000	0.000000
0	0.000000	0.000000
0	0.000000	0.000000
0	0.000000	0.000000
0	0.000000	0.000000
0	0.000000	0.000000
0	0.000000	0.000000
0	0.000000	0.000000
0	0.000000	0.000000
0	0.000000	0.000000
0	0.000000	0.000000
0	0.000000	0.000000
0	0.000000	0.000000
0	0.000000	0.000000
0	0.000000	0.000000
0	0.000000	0.000000
0	0.000000	0.000000
0	0.000000	0.000000
0	0.000000	0.000000
0	0.000000	0.000000
0	0.000000	0.000000
0	0.000000	0.000000
0	0.000000	0.000000
0	0.000000	0.000000
0	0.000000	0.000000
0	0.000000	0.000000
0	0.000000	0.000000
0	0.000000	0.000000
0	0.000000	0.000000
0	0.000000	0.000000
0	0.000000	0.000000
0	0.000000	0.000000
0	0.000000	0.000000
0	0.000000	0.000000
0	0.000000	0.000000
0	0.000000	0.000000
0	0.000000	0.000000
0	0.000000	0.000000
0	0.000000	0.000000
0	0.000000	0.000000
0	0.000000	0.000000
0	0.000000	0.000000
0	0.000000	0.000000
0	0.000000	0.000000
0	0.000000	0.000000
0	0.000000	0.000000
0	0.000000	0.000000
0	0.000000	0.000000
0	0.000000	0.000000
0	0.000000	0.000000
0	0.000000	0.000000
0	0.000000	0.000000
0	0.000000	0.000000
0	0.000000	0.000000
0	0.000000	0.000000
0	0.000000	0.000000
0	0.000000	0.000000
0	0.000000	0.000000
0	0.000000	0.000000
0	0.000000	0.000000
0	0.000000	0.000000
0	0.000000	0.000000
0	0.000000	0.000000
0	0.000000	0.000000
0	0.000000	0.000000
0	0.000000	0.000000
0	0.000000	0.000000
0	0.000000	0.000000
0	0.000000	0.000000
0	0.000000	0.000000
0	0.000000	0.000000
0	0.000000	0.000000
0	0.000000	0.000000
0	0.000000	0.000000
0	0.000000	0.000000
0	0.000000	0.000000
0	0.000000	0.000000
0	0.000000	0.000000
0	0.000000	0.000000
0	0.000000	0.000000
0	0.000000	0.000000
0	0.000000	0.000000
0	0.000000	0.000000
0	0.000000	0.000000
0	0.000000	0.000000
0	0.000000	0.000000
0	0.000000	0.000000
0	0.000000	0.000000
0	0.000000	0.000000
0	0.000000	0.000000
0	0.000000	0.000000
0	0.000000	0.000000
0	0.000000	0.000000
0	0.000000	0.000000
0	0.000000	0.000000
0	0.000000	0.000000
0	0.000000	0.000000
0	0.000000	0.000000
0	0.000000	0.000000
0	0.000000	0.000000
0	0.000000	0.000000
0	0.000000	0.000000
0	1.000000	1.000000
0	3.000000	3.000000
0	6.000000	6.000000
0	10.000000	10.000000
0	15.000000	15.000000
0	16.000000	16.000000
0	13.000000	13.000000
0	6.000000	6.000000
0	-5.000000	5.000000
0	-20.000000	20.000000
0	-29.000000	29.000000
1	-32.000000	32.000000
0	-29.000000	29.000000
0	-20.000000	20.000000
0	-5.000000	5.000000
0	6.000000	6.000000
0	13.000000	13.000000
0	16.000000	16.000000
0	15.000000	15.000000
0	10.000000	10.000000
0	6.000000	6.000000
0	3.000000	3.000000
0	1.000000	1.000000
0	0.000000	0.000000
0	0.000000	0.000000
0	0.000000	0.000000
0	0.000000	0.000000
0	0.000000	0.000000
0	0.000000	0.000000
0	0.000000	0.000000
0	0.000000	0.000000
0	0.000000	0.000000
0	0.000000	0.000000
0	0.000000	0.000000
0	0.000000	0.000000
0	0.000000	0.000000
0	0.000000	0.000000
0	0.000000	0.000000
0	0.000000	0.000000
0	0.000000	0.000000
0	0.000000	0.000000
0	0.000000	0.000000
0	0.000000	0.000000
0	0.000000	0.000000
0	0.000000	0.000000
0	0.000000	0.000000
0	0.000000	0.000000
0	0.000000	0.000000
0	1.000000	1.000000
0	3.000000	3.000000
0	6.000000	6.000000
0	10.000000	10.000000
0	15.000000	15.000000
0	16.000000	16.000000
0	13.000000	13.000000
0	7.000000	6.082763
0	-2.000000	5.830952
0	-14.000000	20.880613
0	-19.000000	30.675723
1	-17.000000	35.341194
0	-13.000000	33.120990
0	-7.000000	23.853721
0	1.000000	7.810250
0	1.000000	7.810250
0	-6.000000	23.874673
0	-10.000000	33.256578
1	-11.000000	35.846897
0	-8.000000	32.280025
0	4.000000	25.884358
0	21.000000	18.083141
0	33.000000	17.748239
0	41.000000	21.610183
0	40.000000	25.416530
0	29.000000	32.480764
0	13.000000	36.510273
1	-3.000000	38.457769
0	-24.000000	39.268308
0	-40.000000	37.894591
1	-51.000000	38.535698
0	-57.000000	41.749251
1	-59.000000	44.643029
0	-47.000000	44.305756
1	-31.000000	41.048752
0	-11.000000	33.689761
0	8.000000	26.981475
0	26.000000	20.688161
0	33.000000	19.824228
0	34.000000	20.736441
0	29.000000	19.104973
0	22.000000	16.186414
0	13.000000	10.440307
0	7.000000	6.082763
0	3.000000	3.000000
0	1.000000	1.000000
0	0.000000	0.000000
0	0.000000	0.000000
0	0.000000	0.000000
0	0.000000	0.000000
0	0.000000	0.000000
0	0.000000	0.000000
0	0.000000	0.000000
0	0.000000	0.000000
0	0.000000	0.000000
0	0.000000	0.000000
0	0.000000	0.000000
0	0.000000	0.000000
0	0.000000	0.000000
0	1.000000	1.000000
0	3.000000	3.000000
0	6.000000	6.000000
0	11.000000	10.049876
0	18.000000	15.297059
0	22.000000	17.088007
0	23.000000	16.401219
0	21.000000	16.155494
0	11.000000	16.763055
0	-6.000000	23.874673
0	-20.000000	29.765752
1	-31.000000	32.939338
0	-39.000000	36.619667
0	-34.000000	38.288379
1	-21.000000	36.124784
0	-10.000000	32.341923
0	-1.000000	24.596748
0	6.000000	17.492856
0	1.000000	25.709920
0	-6.000000	33.316662
1	-10.000000	36.276714
0	-11.000000	32.787193
0	-9.000000	22.383029
0	1.000000	7.810250
0	9.000000	6.708204
0	14.000000	13.038405
0	16.000000	16.000000
0	15.000000	15.000000
0	10.000000	10.000000
0	6.000000	6.000000
0	3.000000	3.000000
0	1.000000	1.000000
0	0.000000	0.000000
0	0.000000	0.000000
0	1.000000	1.000000
0	3.000000	3.000000
0	6.000000	6.000000
0	10.000000	10.000000
0	15.000000	15.000000
0	16.000000	16.000000
0	13.000000	13.000000
0	6.000000	6.000000
0	-5.000000	5.000000
0	-20.000000	20.000000
0	-29.000000	29.000000
1	-32.000000	32.000000
0	-28.000000	29.017236
0	-17.000000	20.223748
0	1.000000	7.810250
0	16.000000	11.661904
0	28.000000	19.849433
0	32.000000	22.627417
0	28.000000	19.849433
0	16.000000	11.661904
0	1.000000	7.810250
0	-17.000000	20.223748
0	-28.000000	29.017236
1	-32.000000	32.000000
0	-29.000000	29.000000
0	-20.000000	20.000000
0	-5.000000	5.000000
0	6.000000	6.000000
0	13.000000	13.000000
0	16.000000	16.000000
0	15.000000	15.000000
0	10.000000	10.000000
0	6.000000	6.000000
0	3.000000	3.000000
0	1.000000	1.000000
0	0.000000	0.000000
0	1.000000	1.000000
0	3.000000	3.000000
0	6.000000	6.000000
0	10.000000	10.000000
0	15.000000	15.000000
0	16.000000	16.000000
0	13.000000	13.000000
0	6.000000	6.000000
0	-5.000000	5.000000
0	-20.000000	20.000000
0	-29.000000	29.000000
1	-32.000000	32.000000
0	-29.000000	29.000000
0	-20.000000	20.000000
0	-5.000000	5.000000
0	6.000000	6.000000
0	13.000000	13.000000
0	16.000000	16.000000
0	15.000000	15.000000
0	10.000000	10.000000
0	6.000000	6.000000
0	3.000000	3.000000
0	1.000000	1.000000
0	0.000000	0.000000
0	0.000000	0.000000
0	0.000000	0.000000
0	0.000000	0.000000
0	0.000000	0.000000
0	0.000000	0.000000
0	0.000000	0.000000
0	0.000000	0.000000
0	1.000000	1.000000
0	3.000000	3.000000
0	6.000000	6.000000
0	10.000000	10.000000
0	15.000000	15.000000
0	16.000000	16.000000
0	13.000000	13.000000
0	6.000000	6.000000
0	-5.000000	5.000000
0	-20.000000	20.000000
0	-29.000000	29.000000
1	-32.000000	32.000000
0	-29.000000	29.000000
0	-20.000000	20.000000
0	-5.000000	5.000000
0	6.000000	6.000000
0	13.000000	13.000000
0	16.000000	16.000000
0	16.000000	15.033296
0	13.000000	10.440307
0	12.000000	8.485281
0	13.000000	10.440307
0	16.000000	15.033296
0	16.000000	16.000000
0	13.000000	13.000000
0	6.000000	6.000000
0	-5.000000	5.000000
0	-20.000000	20.000000
0	-29.000000	29.000000
1	-32.000000	32.000000
0	-29.000000	29.000000
0	-19.000000	20.024984
0	-2.000000	5.830952
0	12.000000	8.485281
0	23.000000	16.401219
0	31.000000	21.931712
0	31.000000	21.931712
0	23.000000	16.401219
0	12.000000	8.485281
0	-2.000000	5.830952
0	-19.000000	20.024984
0	-29.000000	29.000000
1	-32.000000	32.000000
0	-29.000000	29.000000
0	-20.000000	20.000000
0	-5.000000	5.000000
0	6.000000	6.000000
0	13.000000	13.000000
0	16.000000	16.000000
0	16.000000	15.033296
0	13.000000	10.440307
0	12.000000	8.485281
0	13.000000	10.440307
0	16.000000	15.033296
0	16.000000	16.000000
0	13.000000	13.000000
0	6.000000	6.000000
0	-5.000000	5.000000
0	-20.000000	20.000000
0	-29.000000	29.000000
1	-32.000000	32.000000
0	-29.000000	29.000000
0	-20.000000	20.000000
0	-5.000000	5.000000
0	6.000000	6.000000
0	13.000000	13.000000
0	18.000000	16.062378
0	21.000000	15.588457
0	22.000000	13.114877
0	26.000000	15.362291
0	33.000000	21.424285
0	33.000000	22.649503
0	26.000000	18.384776
0	12.000000	8.485281
0	-10.000000	7.071068
0	-40.000000	28.284271
0	-58.000000	41.012193
2	-64.000000	45.254834
0	-57.000000	41.024383
0	-37.000000	28.442925
0	-4.000000	9.273618
0	22.000000	13.114877
0	41.000000	23.727621
0	48.000000	27.712813
0	43.000000	24.879711
0	26.000000	15.362291
0	7.000000	9.848858
0	-14.000000	20.445048
0	-27.000000	29.034462
1	-32.000000	32.000000
0	-29.000000	29.000000
0	-20.000000	20.000000
0	-5.000000	5.000000
0	6.000000	6.000000
0	13.000000	13.000000
0	16.000000	16.000000
0	15.000000	15.000000
0	10.000000	10.000000
0	6.000000	6.000000
0	3.000000	3.000000
0	1.000000	1.000000
0	0.000000	0.000000
0	0.000000	0.000000
0	0.000000	0.000000
0	0.000000	0.000000
0	0.000000	0.000000
0	0.000000	0.000000
0	0.000000	0.000000
0	0.000000	0.000000
0	0.000000	0.000000
0	0.000000	0.000000
0	0.000000	0.000000
0	1.000000	1.000000
0	6.000000	3.464102
0	15.000000	7.937254
0	28.000000	14.422205
0	45.000000	22.912878
0	61.000000	30.512293
0	61.000000	30.610456
0	45.000000	23.302360
0	13.000000	11.532563
0	-35.000000	21.794495
0	-89.000000	45.177428
1	-119.000000	59.556696
3	-125.000000	62.553977
0	-107.000000	54.064776
0	-65.000000	35.000000
0	-9.000000	10.535654
0	31.000000	16.643317
0	55.000000	27.622455
0	64.000000	31.527766
0	58.000000	28.000000
0	42.000000	19.287302
0	31.000000	14.730920
0	25.000000	15.905974
0	19.000000	16.093477
0	13.000000	13.000000
0	6.000000	6.000000
0	-5.000000	5.000000
0	-20.000000	20.000000
0	-28.000000	29.017236
1	-29.000000	32.140317
0	-23.000000	29.614186
0	-10.000000	22.360680
0	10.000000	15.811388
0	22.000000	17.088007
0	26.000000	18.384776
0	22.000000	17.088007
0	10.000000	15.811388
0	-10.000000	22.360680
0	-23.000000	29.614186
1	-29.000000	32.140317
0	-28.000000	29.017236
0	-20.000000	20.000000
0	-5.000000	5.000000
0	6.000000	6.000000
0	13.000000	13.000000
0	17.000000	16.031220
0	18.000000	15.297059
0	16.000000	11.661904
0	16.000000	11.661904
0	18.000000	15.297059
0	17.000000	16.031220
0	13.000000	13.000000
0	7.000000	6.082763
0	-2.000000	5.830952
0	-14.000000	20.880613
0	-19.000000	30.675723
1	-17.000000	35.341194
0	-13.000000	33.120990
0	-7.000000	23.853721
0	1.000000	7.810250
0	1.000000	7.810250
0	-7.000000	23.853721
0	-13.000000	33.120990
1	-17.000000	35.341194
0	-19.000000	30.675723
0	-14.000000	20.880613
0	-2.000000	5.830952
0	7.000000	6.082763
0	13.000000	13.000000
0	16.000000	16.000000
0	15.000000	15.000000
0	10.000000	10.000000
0	6.000000	6.000000
0	3.000000	3.000000
0	1.000000	1.000000
0	0.000000	0.000000
0	0.000000	0.000000
0	0.000000	0.000000
0	0.000000	0.000000
0	0.000000	0.000000
0	0.000000	0.000000
0	0.000000	0.000000
0	0.000000	0.000000
0	0.000000	0.000000
0	0.000000	0.000000
0	0.000000	0.000000
0	0.000000	0.000000
0	0.000000	0.000000
0	0.000000	0.000000
0	0.000000	0.000000
0	0.000000	0.000000
0	0.000000	0.000000
0	0.000000	0.000000
0	0.000000	0.000000
0	0.000000	0.000000
0	0.000000	0.000000
0	0.000000	0.000000
0	0.000000	0.000000
0	0.000000	0.000000
0	0.000000	0.000000
0	0.000000	0.000000
0	0.000000	0.000000
0	0.000000	0.000000
0	0.000000	0.000000
0	0.000000	0.000000
0	0.000000	0.000000
0	0.000000	0.000000
0	0.000000	0.000000
0	0.000000	0.000000
0	0.000000	0.000000
0	0.000000	0.000000
0	0.000000	0.000000
0	0.000000	0.000000
0	1.000000	1.000000
0	3.000000	3.000000
0	6.000000	6.000000
0	10.000000	10.000000
0	15.000000	15.000000
0	16.000000	16.000000
0	13.000000	13.000000
0	6.000000	6.000000
0	-5.000000	5.000000
0	-20.000000	20.000000
0	-29.000000	29.000000
1	-32.000000	32.000000
0	-29.000000	29.000000
0	-20.000000	20.000000
0	-5.000000	5.000000
0	6.000000	6.000000
0	13.000000	13.000000
0	16.000000	16.000000
0	15.000000	15.000000
0	10.000000	10.000000
0	6.000000	6.000000
0	3.000000	3.000000
0	1.000000	1.000000
0	3.000000	1.732051
0	9.000000	5.196152
0	18.000000	10.392305
0	30.000000	17.320508
0	45.000000	25.980762
0	48.000000	27.712813
0	39.000000	22.516660
0	18.000000	10.392305
0	-15.000000	8.660254
0	-60.000000	34.641016
0	-87.000000	50.229473
3	-96.000000	55.425626
0	-87.000000	50.229473
0	-60.000000	34.641016
0	-14.000000	8.717798
0	21.000000	10.816654
0	45.000000	23.302360
0	58.000000	29.461840
0	60.000000	30.000000
0	46.000000	23.579652
0	32.000000	16.673332
0	18.000000	8.485281
0	5.000000	8.062258
0	-6.000000	22.583180
0	-5.000000	33.331667
1	0.000000	37.629775
0	9.000000	36.537652
0	17.000000	30.282008
0	19.000000	21.794495
0	5.000000	25.317978
0	-15.000000	32.726136
1	-41.000000	41.291646
0	-63.000000	48.031240
1	-69.000000	48.651824
1	-54.000000	44.090815
0	-28.000000	36.851052
0	9.000000	28.195744
0	47.000000	27.694765
0	66.000000	30.692019
0	65.000000	29.376862
0	49.000000	24.269322
0	18.000000	19.595918
0	-23.000000	30.610456
0	-49.000000	41.557190
2	-60.000000	45.365185
0	-57.000000	41.024383
0	-40.000000	28.284271
0	-10.000000	7.071068
0	12.000000	8.485281
0	26.000000	18.384776
0	32.000000	22.627417
0	30.000000	21.213203
0	20.000000	14.142136
0	12.000000	8.485281
0	6.000000	4.242641
0	2.000000	1.414214
0	1.000000	1.000000
0	3.000000	3.000000
0	6.000000	6.000000
0	10.000000	10.000000
0	15.000000	15.000000
0	16.000000	16.000000
0	13.000000	13.000000
0	6.000000	6.000000
0	-5.000000	5.000000
0	-20.000000	20.000000
0	-29.000000	29.000000
1	-32.000000	32.000000
0	-29.000000	29.000000
0	-19.000000	20.024984
0	-2.000000	5.830952
0	12.000000	8.485281
0	23.000000	16.401219
0	31.000000	21.931712
0	31.000000	21.931712
0	23.000000	16.401219
0	12.000000	8.485281
0	-2.000000	5.830952
0	-19.000000	20.024984
0	-28.000000	29.017236
1	-29.000000	32.140317
0	-23.000000	29.614186
0	-10.000000	22.360680
0	10.000000	15.811388
0	22.000000	17.088007
0	26.000000	18.384776
0	22.000000	17.088007
0	10.000000	15.811388
0	-10.000000	22.360680
0	-23.000000	29.614186
1	-29.000000	32.140317
0	-28.000000	29.017236
0	-20.000000	20.000000
0	-5.000000	5.000000
0	6.000000	6.000000
0	13.000000	13.000000
0	16.000000	16.000000
0	15.000000	15.000000
0	10.000000	10.000000
0	6.000000	6.000000
0	3.000000	3.000000
0	1.000000	1.000000
0	0.000000	0.000000
0	0.000000	0.000000
0	0.000000	0.000000
0	0.000000	0.000000
0	0.000000	0.000000
0	0.000000	0.000000
0	0.000000	0.000000
0	0.000000	0.000000
0	0.000000	0.000000
0	0.000000	0.000000
0	0.000000	0.000000
0	0.000000	0.000000
0	0.000000	0.000000
0	0.000000	0.000000
0	0.000000	0.000000
0	0.000000	0.000000
0	0.000000	0.000000
0	0.000000	0.000000
0	0.000000	0.000000
0	0.000000	0.000000
0	0.000000	0.000000
0	0.000000	0.000000
0	0.000000	0.000000
0	0.000000	0.000000
0	0.000000	0.000000
0	1.000000	1.000000
0	3.000000	3.000000
0	6.000000	6.000000
0	10.000000	10.000000
0	16.000000	15.033296
0	19.000000	16.278821
0	19.000000	14.317821
0	16.000000	11.661904
0	10.000000	15.811388
0	-4.000000	25.612497
0	-16.000000	31.780497
1	-25.000000	32.572995
0	-31.000000	29.580399
0	-34.000000	28.913665
0	-24.000000	31.080541
1	-11.000000	35.846897
0	0.000000	35.580894
0	9.000000	28.722813
0	16.000000	16.911535
0	11.000000	12.688578
0	-1.000000	24.596748
0	-10.000000	33.256578
1	-16.000000	35.355339
0	-19.000000	30.675723
0	-14.000000	20.880613
0	-2.000000	5.830952
0	7.000000	6.082763
0	13.000000	13.000000
0	16.000000	16.000000
0	15.000000	15.000000
0	10.000000	10.000000
0	7.000000	6.082763
0	6.000000	4.242641
0	7.000000	6.082763
0	10.000000	10.000000
0	16.000000	15.033296
0	19.000000	16.278821
0	19.000000	14.317821
0	16.000000	11.661904
0	10.000000	15.811388
0	-4.000000	25.612497
0	-16.000000	31.780497
1	-26.000000	32.557641
0	-34.000000	29.427878
0	-40.000000	28.284271
0	-33.000000	29.444864
1	-23.000000	32.695565
0	-9.000000	32.357379
0	9.000000	27.658633
0	31.000000	22.605309
0	42.000000	22.181073
0	47.000000	24.474477
0	41.000000	23.600847
0	24.000000	20.493902
0	-4.000000	23.151674
0	-28.000000	30.033315
1	-49.000000	37.854986
0	-57.000000	41.024383
1	-51.000000	37.749172
0	-31.000000	29.580399
0	-8.000000	21.725561
0	18.000000	17.146428
0	37.000000	22.737634
0	44.000000	25.495098
0	39.000000	22.912878
0	27.000000	17.233688
0	8.000000	11.575837
0	-13.000000	20.904545
0	-26.000000	29.154759
1	-31.000000	32.015621
0	-29.000000	29.000000
0	-20.000000	20.000000
0	-5.000000	5.000000
0	6.000000	6.000000
0	13.000000	13.000000
0	16.000000	16.000000
0	15.000000	15.000000
0	10.000000	10.000000
0	6.000000	6.000000
0	3.000000	3.000000
0	1.000000	1.000000
0	0.000000	0.000000
0	0.000000	0.000000
0	0.000000	0.000000
0	0.000000	0.000000
0	0.000000	0.000000
0	0.000000	0.000000
0	0.000000	0.000000
0	0.000000	0.000000
0	0.000000	0.000000
0	0.000000	0.000000
0	0.000000	0.000000
0	0.000000	0.000000
0	0.000000	0.000000
0	0.000000	0.000000
0	0.000000	0.000000
0	0.000000	0.000000
0	0.000000	0.000000
0	0.000000	0.000000
0	0.000000	0.000000
0	0.000000	0.000000
0	0.000000	0.000000
0	0.000000	0.000000
0	0.000000	0.000000
0	0.000000	0.000000
0	0.000000	0.000000
0	1.000000	1.000000
0	3.000000	3.000000
0	6.000000	6.000000
0	10.000000	10.000000
0	15.000000	15.000000
0	16.000000	16.000000
0	13.000000	13.000000
0	6.000000	6.000000
0	-5.000000	5.000000
0	-20.000000	20.000000
0	-29.000000	29.000000
1	-32.000000	32.000000
0	-29.000000	29.000000
0	-19.000000	20.024984
0	-2.000000	5.830952
0	12.000000	8.485281
0	23.000000	16.401219
0	31.000000	21.931712
0	31.000000	21.931712
0	23.000000	16.401219
0	12.000000	8.485281
0	-2.000000	5.830952
0	-19.000000	20.024984
0	-29.000000	29.000000
1	-32.000000	32.000000
0	-29.000000	29.000000
0	-20.000000	20.000000
0	-5.000000	5.000000
0	6.000000	6.000000
0	14.000000	13.038405
0	19.000000	16.278821
0	21.000000	16.155494
0	20.000000	14.142136
0	21.000000	16.155494
0	19.000000	16.278821
0	14.000000	13.038405
0	6.000000	6.000000
0	-5.000000	5.000000
0	-20.000000	20.000000
0	-29.000000	29.000000
1	-32.000000	32.000000
0	-29.000000	29.000000
0	-20.000000	20.000000
0	-4.000000	5.099020
0	9.000000	6.708204
0	19.000000	14.317821
0	26.000000	18.867962
0	30.000000	21.213203
0	26.000000	18.867962
0	19.000000	14.317821
0	9.000000	6.708204
0	-4.000000	5.099020
0	-20.000000	20.000000
0	-29.000000	29.000000
1	-32.000000	32.000000
0	-29.000000	29.000000
0	-20.000000	20.000000
0	-5.000000	5.000000
0	6.000000	6.000000
0	13.000000	13.000000
0	16.000000	16.000000
0	15.000000	15.000000
0	10.000000	10.000000
0	6.000000	6.000000
0	3.000000	3.000000
0	1.000000	1.000000
0	0.000000	0.000000
0	0.000000	0.000000
0	0.000000	0.000000
0	0.000000	0.000000
0	0.000000	0.000000
0	0.000000	0.000000
0	1.000000	1.000000
0	3.000000	3.000000
0	6.000000	6.000000
0	10.000000	10.000000
0	15.000000	15.000000
0	16.000000	16.000000
0	13.000000	13.000000
0	6.000000	6.000000
0	-5.000000	5.000000
0	-20.000000	20.000000
0	-29.000000	29.000000
1	-32.000000	32.000000
0	-28.000000	29.017236
0	-17.000000	20.223748
0	1.000000	7.810250
0	16.000000	11.661904
0	28.000000	19.849433
0	32.000000	22.627417
0	28.000000	19.849433
0	16.000000	11.661904
0	1.000000	7.810250
0	-17.000000	20.223748
0	-28.000000	29.017236
1	-32.000000	32.000000
0	-29.000000	29.000000
0	-20.000000	20.000000
0	-5.000000	5.000000
0	6.000000	6.000000
0	13.000000	13.000000
0	16.000000	16.000000
0	15.000000	15.000000
0	10.000000	10.000000
0	6.000000	6.000000
0	3.000000	3.000000
0	1.000000	1.000000
0	1.000000	1.000000
0	3.000000	3.000000
0	6.000000	6.000000
0	10.000000	10.000000
0	15.000000	15.000000
0	16.000000	16.000000
0	13.000000	13.000000
0	6.000000	6.000000
0	-5.000000	5.000000
0	-20.000000	20.000000
0	-29.000000	29.000000
1	-32.000000	32.000000
0	-29.000000	29.000000
0	-20.000000	20.000000
0	-5.000000	5.000000
0	6.000000	6.000000
0	13.000000	13.000000
0	16.000000	16.000000
0	15.000000	15.000000
0	10.000000	10.000000
0	6.000000	6.000000
0	3.000000	3.000000
0	1.000000	1.000000
0	0.000000	0.000000
0	0.000000	0.000000
0	0.000000	0.000000
0	0.000000	0.000000
0	0.000000	0.000000
0	0.000000	0.000000
0	0.000000	0.000000
0	0.000000	0.000000
0	0.000000	0.000000
0	0.000000	0.000000
0	0.000000	0.000000
0	0.000000	0.000000
0	0.000000	0.000000
0	0.000000	0.000000
0	0.000000	0.000000
0	0.000000	0.000000
0	0.000000	0.000000
0	0.000000	0.000000
0	0.000000	0.000000
0	0.000000	0.000000
0	0.000000	0.000000
0	0.000000	0.000000
0	0.000000	0.000000
0	0.000000	0.000000
0	0.000000	0.000000
0	0.000000	0.000000
0	0.000000	0.000000
0	0.000000	0.000000
0	0.000000	0.000000
0	0.000000	0.000000
0	0.000000	0.000000
0	0.000000	0.000000
0	0.000000	0.000000
0	1.000000	1.000000
0	3.000000	3.000000
0	6.000000	6.000000
0	10.000000	10.000000
0	15.000000	15.000000
0	16.000000	16.000000
0	13.000000	13.000000
0	6.000000	6.000000
0	-5.000000	5.000000
0	-20.000000	20.000000
0	-29.000000	29.000000
1	-31.000000	32.015621
0	-26.000000	29.154759
0	-13.000000	20.904545
0	8.000000	11.575837
0	27.000000	17.233688
0	39.000000	22.912878
0	44.000000	25.495098
0	37.000000	22.737634
0	20.000000	17.204651
0	-2.000000	22.135944
0	-18.000000	30.789609
1	-28.000000	40.422766
0	-22.000000	46.561787
1	-10.000000	45.122057
0	7.000000	37.802116
0	14.000000	27.640550
0	11.000000	20.322401
0	-12.000000	33.585711
0	-35.000000	45.836667
2	-58.000000	52.952809
0	-66.000000	52.763624
1	-59.000000	43.965896
0	-32.000000	30.463092
0	-5.000000	21.931712
0	22.000000	19.078784
0	38.000000	23.409400
0	44.000000	24.899799
0	39.000000	21.563859
0	33.000000	18.248288
0	26.000000	14.764823
0	23.000000	16.217275
0	19.000000	16.278821
0	14.000000	13.038405
0	6.000000	6.000000
0	-5.000000	5.000000
0	-20.000000	20.000000
0	-28.000000	29.017236
1	-29.000000	32.140317
0	-23.000000	29.614186
0	-10.000000	22.360680
0	11.000000	15.842980
0	25.000000	17.349352
0	32.000000	19.339080
0	32.000000	19.798990
0	25.000000	21.794495
0	6.000000	27.495454
0	-10.000000	32.341923
1	-23.000000	32.695565
0	-33.000000	29.444864
0	-40.000000	28.284271
0	-34.000000	29.427878
1	-26.000000	32.557641
0	-16.000000	31.780497
0	-4.000000	25.612497
0	10.000000	15.811388
0	16.000000	11.661904
0	19.000000	14.317821
0	19.000000	16.278821
0	16.000000	15.033296
0	10.000000	10.000000
0	6.000000	6.000000
0	3.000000	3.000000
0	1.000000	1.000000
0	1.000000	1.000000
0	3.000000	3.000000
0	6.000000	6.000000
0	10.000000	10.000000
0	16.000000	15.033296
0	19.000000	16.278821
0	19.000000	14.317821
0	16.000000	11.661904
0	10.000000	15.811388
0	-4.000000	25.612497
0	-16.000000	31.780497
1	-26.000000	32.557641
0	-34.000000	29.427878
0	-40.000000	28.284271
0	-34.000000	29.427878
1	-26.000000	32.557641
0	-16.000000	31.780497
0	-4.000000	25.612497
0	10.000000	15.811388
0	16.000000	11.661904
0	19.000000	14.317821
0	19.000000	16.278821
0	16.000000	15.033296
0	10.000000	10.000000
0	6.000000	6.000000
0	3.000000	3.000000
0	1.000000	1.000000
0	0.000000	0.000000
0	0.000000	0.000000
0	0.000000	0.000000
0	0.000000	0.000000
0	0.000000	0.000000
0	0.000000	0.000000
0	0.000000	0.000000
0	0.000000	0.000000
0	0.000000	0.000000
0	0.000000	0.000000
0	0.000000	0.000000
0	0.000000	0.000000
0	0.000000	0.000000
0	0.000000	0.000000
0	0.000000	0.000000
0	0.000000	0.000000
0	0.000000	0.000000
0	0.000000	0.000000
0	0.000000	0.000000
0	0.000000	0.000000
0	0.000000	0.000000
0	0.000000	0.000000
0	0.000000	0.000000
0	0.000000	0.000000
0	0.000000	0.000000
0	0.000000	0.000000
0	0.000000	0.000000
0	0.000000	0.000000
0	0.000000	0.000000
0	0.000000	0.000000
0	0.000000	0.000000
0	0.000000	0.000000
0	1.000000	1.000000
0	3.000000	3.000000
0	6.000000	6.000000
0	10.000000	10.000000
0	16.000000	15.033296
0	19.000000	16.278821
0	19.000000	14.317821
0	16.000000	11.661904
0	10.000000	15.811388
0	-3.000000	25.632011
0	-13.000000	31.921779
1	-18.000000	33.136083
0	-18.000000	31.368774
0	-13.000000	33.120990
0	2.000000	36.359318
1	17.000000	40.975602
0	22.000000	39.471509
0	17.000000	31.921779
0	2.000000	26.870058
0	-21.000000	32.078030
1	-47.000000	45.243784
0	-56.000000	53.478968
2	-48.000000	53.609701
0	-23.000000	47.507894
0	4.000000	37.202150
0	32.000000	23.790755
0	41.000000	20.024984
0	31.000000	24.758837
0	2.000000	37.576588
0	-22.000000	46.561787
2	-41.000000	47.507894
0	-45.000000	41.892720
0	-34.000000	28.600699
0	-8.000000	7.211103
0	12.000000	8.485281
0	26.000000	18.384776
0	32.000000	22.627417
0	30.000000	21.213203
0	20.000000	14.142136
0	12.000000	8.485281
0	6.000000	4.242641
0	2.000000	1.414214
0	0.000000	0.000000
0	0.000000	0.000000
0	0.000000	0.000000
0	0.000000	0.000000
0	0.000000	0.000000
0	0.000000	0.000000
0	1.000000	1.000000
0	3.000000	3.000000
0	6.000000	6.000000
0	10.000000	10.000000
0	15.000000	15.000000
0	16.000000	16.000000
0	13.000000	13.000000
0	7.000000	6.082763
0	-2.000000	5.830952
0	-14.000000	20.880613
0	-19.000000	30.675723
1	-17.000000	35.341194
0	-13.000000	33.120990
0	-7.000000	23.853721
0	1.000000	7.810250
0	1.000000	7.810250
0	-7.000000	23.853721
0	-13.000000	33.120990
1	-17.000000	35.341194
0	-19.000000	30.675723
0	-14.000000	20.880613
0	-2.000000	5.830952
0	7.000000	6.082763
0	13.000000	13.000000
0	16.000000	16.000000
0	15.000000	15.000000
0	10.000000	10.000000
0	6.000000	6.000000
0	4.000000	3.162278
0	4.000000	3.162278
0	6.000000	6.000000
0	10.000000	10.000000
0	15.000000	15.000000
0	16.000000	16.000000
0	13.000000	13.000000
0	6.000000	6.000000
0	-5.000000	5.000000
0	-19.000000	20.024984
0	-26.000000	29.154759
1	-26.000000	32.557641
0	-19.000000	30.675723
0	-5.000000	25.000000
0	11.000000	16.763055
0	19.000000	14.317821
0	19.000000	14.317821
0	11.000000	16.763055
0	-5.000000	25.000000
0	-19.000000	30.675723
1	-26.000000	32.557641
0	-26.000000	29.154759
0	-19.000000	20.024984
0	-5.000000	5.000000
0	6.000000	6.000000
0	13.000000	13.000000
0	16.000000	16.000000
0	15.000000	15.000000
0	11.000000	10.049876
0	9.000000	6.708204
0	9.000000	6.708204
0	11.000000	10.049876
0	15.000000	15.000000
0	16.000000	16.000000
0	13.000000	13.000000
0	6.000000	6.000000
0	-5.000000	5.000000
0	-20.000000	20.000000
0	-29.000000	29.000000
1	-32.000000	32.000000
0	-29.000000	29.000000
0	-19.000000	20.024984
0	-2.000000	5.830952
0	12.000000	8.485281
0	23.000000	16.401219
0	31.000000	21.931712
0	31.000000	21.931712
0	24.000000	16.431677
0	15.000000	9.000000
0	4.000000	8.366600
0	-9.000000	22.383029
0	-14.000000	32.649655
1	-16.000000	35.777088
0	-16.000000	31.780497
0	-14.000000	20.880613
0	-8.000000	7.211103
0	-8.000000	21.307276
0	-4.000000	32.893768
1	4.000000	38.470768
0	16.000000	38.935845
0	22.000000	31.811947
0	27.000000	19.974984
0	21.000000	10.816654
0	4.000000	14.832397
0	-24.000000	32.496154
0	-43.000000	43.669211
2	-54.000000	46.346521
0	-52.000000	41.448764
0	-37.000000	28.442925
0	-9.000000	7.141428
0	12.000000	8.485281
0	26.000000	18.384776
0	32.000000	22.627417
0	31.000000	21.236761
0	23.000000	14.456832
0	18.000000	10.392305
0	16.000000	10.862780
0	17.000000	15.066519
0	16.000000	16.000000
0	13.000000	13.000000
0	7.000000	6.082763
0	-2.000000	5.830952
0	-14.000000	20.880613
0	-19.000000	30.675723
1	-17.000000	35.341194
0	-13.000000	33.120990
0	-7.000000	23.853721
0	1.000000	7.810250
0	1.000000	7.810250
0	-7.000000	23.853721
0	-13.000000	33.120990
1	-17.000000	35.341194
0	-19.000000	30.675723
0	-14.000000	20.880613
0	-2.000000	5.830952
0	7.000000	6.082763
0	14.000000	13.038405
0	19.000000	16.278821
0	22.000000	16.186414
0	23.000000	14.456832
0	27.000000	17.233688
0	29.000000	19.104973
0	29.000000	19.874607
0	22.000000	17.088007
0	8.000000	13.928388
0	-13.000000	20.904545
0	-31.000000	29.580399
1	-46.000000	38.209946
0	-48.000000	42.213742
1	-37.000000	40.607881
0	-16.000000	33.526109
0	5.000000	24.959968
0	26.000000	17.378147
0	37.000000	22.737634
0	39.000000	35.284558
0	32.000000	41.448764
1	21.000000	40.730824
0	6.000000	33.496268
0	-8.000000	26.683328
0	-26.000000	33.015148
0	-38.000000	43.451122
2	-45.000000	47.465777
0	-47.000000	44.305756
0	-45.000000	37.749172
0	-29.000000	31.480152
1	-14.000000	33.645208
0	0.000000	34.467376
0	13.000000	30.215890
0	25.000000	21.794495
0	26.000000	15.362291
0	25.000000	15.524175
0	22.000000	16.552945
0	17.000000	15.066519
0	10.000000	10.000000
0	6.000000	6.000000
0	3.000000	3.000000
0	1.000000	1.000000
0	1.000000	1.000000
0	3.000000	3.000000
0	6.000000	6.000000
0	10.000000	10.000000
0	15.000000	15.000000
0	16.000000	16.000000
0	13.000000	13.000000
0	6.000000	6.000000
0	-5.000000	5.000000
0	-19.000000	20.024984
0	-26.000000	29.154759
1	-26.000000	32.557641
0	-19.000000	30.675723
0	-5.000000	25.000000
0	11.000000	16.763055
0	19.000000	14.317821
0	19.000000	14.317821
0	11.000000	16.763055
0	-5.000000	25.000000
0	-19.000000	30.675723
1	-26.000000	32.557641
0	-26.000000	29.154759
0	-19.000000	20.024984
0	-5.000000	5.000000
0	6.000000	6.000000
0	13.000000	13.000000
0	16.000000	16.000000
0	15.000000	15.000000
0	10.000000	10.000000
0	6.000000	6.000000
0	3.000000	3.000000
0	1.000000	1.000000
0	0.000000	0.000000
0	0.000000	0.000000
0	0.000000	0.000000
0	0.000000	0.000000
0	0.000000	0.000000
0	0.000000	0.000000
0	0.000000	0.000000
0	0.000000	0.000000
0	1.000000	1.000000
0	3.000000	3.000000
0	6.000000	6.000000
0	10.000000	10.000000
0	15.000000	15.000000
0	16.000000	16.000000
0	13.000000	13.000000
0	6.000000	6.000000
0	-5.000000	5.000000
0	-20.000000	20.000000
0	-29.000000	29.000000
1	-32.000000	32.000000
0	-29.000000	29.000000
0	-20.000000	20.000000
0	-5.000000	5.000000
0	6.000000	6.000000
0	13.000000	13.000000
0	16.000000	16.000000
0	15.000000	15.000000
0	10.000000	10.000000
0	7.000000	6.082763
0	6.000000	4.242641
0	7.000000	6.082763
0	10.000000	10.000000
0	15.000000	15.000000
0	16.000000	16.000000
0	13.000000	13.000000
0	6.000000	6.000000
0	-5.000000	5.000000
0	-20.000000	20.000000
0	-29.000000	29.000000
1	-32.000000	32.000000
0	-29.000000	29.000000
0	-20.000000	20.000000
0	-5.000000	5.000000
0	6.000000	6.000000
0	13.000000	13.000000
0	16.000000	16.000000
0	15.000000	15.000000
0	10.000000	10.000000
0	6.000000	6.000000
0	3.000000	3.000000
0	1.000000	1.000000
0	0.000000	0.000000
0	0.000000	0.000000
0	0.000000	0.000000
0	0.000000	0.000000
0	1.000000	1.000000
0	3.000000	3.000000
0	6.000000	6.000000
0	10.000000	10.000000
0	15.000000	15.000000
0	16.000000	16.000000
0	13.000000	13.000000
0	6.000000	6.000000
0	-5.000000	5.000000
0	-20.000000	20.000000
0	-29.000000	29.000000
1	-32.000000	32.000000
0	-29.000000	29.000000
0	-20.000000	20.000000
0	-3.000000	5.196152
0	12.000000	7.348469
0	25.000000	15.524175
0	36.000000	21.354157
0	45.000000	25.980762
0	42.000000	24.738634
0	33.000000	19.364917
0	19.000000	9.539392
0	0.000000	9.797959
0	-24.000000	30.594117
0	-33.000000	44.799554
2	-33.000000	50.289164
0	-29.000000	45.902070
0	-21.000000	31.701735
0	-9.000000	10.535654
0	-13.000000	22.293497
0	-23.000000	39.736633
1	-29.000000	48.754487
1	-31.000000	48.114447
0	-29.000000	37.960506
0	-13.000000	22.293497
0	7.000000	8.888194
0	21.000000	14.387495
0	29.000000	20.615528
0	31.000000	21.931712
0	25.000000	18.027756
0	16.000000	11.661904
0	9.000000	6.708204
0	4.000000	3.162278
0	1.000000	1.000000
0	0.000000	0.000000
0	0.000000	0.000000
0	0.000000	0.000000
0	0.000000	0.000000
0	0.000000	0.000000
0	0.000000	0.000000
0	0.000000	0.000000
0	0.000000	0.000000
0	0.000000	0.000000
0	0.000000	0.000000
0	0.000000	0.000000
0	1.000000	1.000000
0	3.000000	3.000000
0	6.000000	6.000000
0	10.000000	10.000000
0	15.000000	15.000000
0	16.000000	16.000000
0	13.000000	13.000000
0	6.000000	6.000000
0	-5.000000	5.000000
0	-20.000000	20.000000
0	-29.000000	29.000000
1	-32.000000	32.000000
0	-29.000000	29.000000
0	-20.000000	20.000000
0	-5.000000	5.000000
0	6.000000	6.000000
0	14.000000	13.038405
0	19.000000	16.278821
0	21.000000	16.155494
0	20.000000	14.142136
0	21.000000	16.155494
0	19.000000	16.278821
0	14.000000	13.038405
0	6.000000	6.000000
0	-5.000000	5.000000
0	-20.000000	20.000000
0	-29.000000	29.000000
1	-32.000000	32.000000
0	-29.000000	29.000000
0	-20.000000	20.000000
0	-5.000000	5.000000
0	6.000000	6.000000
0	13.000000	13.000000
0	16.000000	16.000000
0	15.000000	15.000000
0	10.000000	10.000000
0	6.000000	6.000000
0	3.000000	3.000000
0	1.000000	1.000000
0	0.000000	0.000000
0	0.000000	0.000000
0	0.000000	0.000000
0	0.000000	0.000000
0	0.000000	0.000000
0	0.000000	0.000000
0	0.000000	0.000000
0	0.000000	0.000000
0	2.000000	1.414214
0	6.000000	4.242641
0	12.000000	8.485281
0	20.000000	14.142136
0	30.000000	21.213203
0	32.000000	22.627417
0	26.000000	18.384776
0	12.000000	8.485281
0	-9.000000	7.141428
0	-37.000000	28.442925
0	-52.000000	41.448764
2	-54.000000	46.346521
0	-43.000000	43.669211
0	-23.000000	32.511536
0	6.000000	15.099669
0	24.000000	12.000000
0	31.000000	21.517435
0	27.000000	33.719431
0	17.000000	39.331921
1	1.000000	37.322915
0	-11.000000	30.805844
0	-19.000000	21.047565
0	-23.000000	20.663978
0	-23.000000	29.614186
1	-19.000000	34.539832
0	-13.000000	33.120990
0	-5.000000	25.000000
0	5.000000	11.180340
0	12.000000	8.485281
0	16.000000	13.341664
0	17.000000	16.031220
0	15.000000	15.000000
0	10.000000	10.000000
0	6.000000	6.000000
0	3.000000	3.000000
0	2.000000	1.414214
0	3.000000	3.000000
0	6.000000	6.000000
0	10.000000	10.000000
0	15.000000	15.000000
0	16.000000	16.000000
0	13.000000	13.000000
0	6.000000	6.000000
0	-5.000000	5.000000
0	-20.000000	20.000000
0	-29.000000	29.000000
1	-32.000000	32.000000
0	-29.000000	29.000000
0	-19.000000	20.024984
0	-2.000000	5.830952
0	12.000000	8.485281
0	23.000000	16.401219
0	31.000000	21.931712
0	31.000000	21.931712
0	23.000000	16.401219
0	12.000000	8.485281
0	-2.000000	5.830952
0	-18.000000	20.049938
0	-26.000000	29.154759
1	-26.000000	32.557641
0	-19.000000	30.675723
0	-5.000000	25.000000
0	11.000000	16.763055
0	19.000000	14.317821
0	20.000000	14.352700
0	14.000000	17.029386
0	1.000000	25.709920
0	-9.000000	32.264532
1	-11.000000	35.846897
0	-10.000000	33.256578
0	-6.000000	23.874673
0	1.000000	7.810250
0	1.000000	7.810250
0	-7.000000	23.853721
0	-13.000000	33.120990
1	-17.000000	35.341194
0	-19.000000	30.675723
0	-14.000000	20.880613
0	-2.000000	5.830952
0	7.000000	6.082763
0	13.000000	13.000000
0	16.000000	16.000000
0	15.000000	15.000000
0	10.000000	10.000000
0	6.000000	6.000000
0	3.000000	3.000000
0	1.000000	1.000000
0	0.000000	0.000000
0	1.000000	1.000000
0	3.000000	3.000000
0	6.000000	6.000000
0	10.000000	10.000000
0	15.000000	15.000000
0	16.000000	16.000000
0	13.000000	13.000000
0	6.000000	6.000000
0	-5.000000	5.000000
0	-20.000000	20.000000
0	-29.000000	29.000000
1	-32.000000	32.000000
0	-28.000000	29.017236
0	-17.000000	20.223748
0	1.000000	7.810250
0	16.000000	11.661904
0	28.000000	19.849433
0	32.000000	22.627417
0	28.000000	19.849433
0	16.000000	11.661904
0	1.000000	7.810250
0	-17.000000	20.223748
0	-28.000000	29.017236
1	-32.000000	32.000000
0	-29.000000	29.000000
0	-20.000000	20.000000
0	-5.000000	5.000000
0	8.000000	6.164414
0	19.000000	13.674794
0	28.000000	18.110770
0	35.000000	20.615528
0	40.000000	23.452079
0	38.000000	23.409400
0	29.000000	18.627936
0	13.000000	8.544004
0	-10.000000	7.071068
0	-39.000000	28.301943
0	-55.000000	41.121770
2	-58.000000	45.650849
0	-48.000000	42.213742
0	-25.000000	32.015621
0	6.000000	17.492856
0	25.000000	15.524175
0	32.000000	19.339080
0	27.000000	23.173260
0	10.000000	29.154759
0	-9.000000	32.264532
1	-20.000000	33.105891
0	-23.000000	29.308702
0	-18.000000	20.049938
0	-5.000000	5.000000
0	6.000000	6.000000
0	13.000000	13.000000
0	16.000000	16.000000
0	15.000000	15.000000
0	10.000000	10.000000
0	6.000000	6.000000
0	3.000000	3.000000
0	1.000000	1.000000
0	0.000000	0.000000
0	1.000000	1.000000
0	3.000000	3.000000
0	6.000000	6.000000
0	11.000000	10.049876
0	18.000000	15.297059
0	22.000000	17.088007
0	23.000000	16.401219
0	21.000000	16.155494
0	11.000000	16.763055
0	-7.000000	23.853721
0	-23.000000	29.614186
1	-37.000000	32.388269
0	-49.000000	35.227830
0	-49.000000	35.227830
1	-37.000000	32.388269
0	-23.000000	29.614186
0	-7.000000	23.853721
0	11.000000	16.763055
0	21.000000	16.155494
0	23.000000	16.401219
0	22.000000	17.088007
0	18.000000	15.297059
0	11.000000	10.049876
0	6.000000	6.000000
0	3.000000	3.000000
0	1.000000	1.000000
0	0.000000	0.000000
0	0.000000	0.000000
0	0.000000	0.000000
0	0.000000	0.000000
0	0.000000	0.000000
0	0.000000	0.000000
0	0.000000	0.000000
0	0.000000	0.000000
0	0.000000	0.000000
0	0.000000	0.000000
0	0.000000	0.000000
0	0.000000	0.000000
0	0.000000	0.000000
0	0.000000	0.000000
0	0.000000	0.000000
0	0.000000	0.000000
0	0.000000	0.000000
0	0.000000	0.000000
0	0.000000	0.000000
0	1.000000	1.000000
0	3.000000	3.000000
0	6.000000	6.000000
0	10.000000	10.000000
0	15.000000	15.000000
0	16.000000	16.000000
0	13.000000	13.000000
0	6.000000	6.000000
0	-5.000000	5.000000
0	-20.000000	20.000000
0	-29.000000	29.000000
1	-32.000000	32.000000
0	-29.000000	29.000000
0	-20.000000	20.000000
0	-5.000000	5.000000
0	6.000000	6.000000
0	13.000000	13.000000
0	16.000000	16.000000
0	15.000000	15.000000
0	10.000000	10.000000
0	6.000000	6.000000
0	3.000000	3.000000
0	1.000000	1.000000
0	0.000000	0.000000
0	0.000000	0.000000
0	0.000000	0.000000
0	0.000000	0.000000
0	1.000000	1.000000
0	3.000000	3.000000
0	6.000000	6.000000
0	10.000000	10.000000
0	15.000000	15.000000
0	16.000000	16.000000
0	13.000000	13.000000
0	8.000000	6.164414
0	1.000000	6.557439
0	-8.000000	21.725561
0	-9.000000	32.264532
1	-2.000000	38.392708
0	3.000000	36.783148
0	6.000000	27.166155
0	7.000000	9.848858
0	-4.000000	9.273618
0	-27.000000	31.128765
0	-42.000000	44.022721
2	-49.000000	47.675990
0	-48.000000	42.213742
0	-34.000000	28.913665
0	-7.000000	7.681146
0	13.000000	8.544004
0	26.000000	18.384776
0	32.000000	22.627417
0	32.000000	21.260292
0	26.000000	14.764823
0	24.000000	12.000000
0	26.000000	14.764823
0	32.000000	21.260292
0	32.000000	22.627417
0	26.000000	18.384776
0	12.000000	8.485281
0	-10.000000	7.071068
0	-40.000000	28.284271
0	-58.000000	41.012193
2	-64.000000	45.254834
0	-58.000000	41.012193
0	-40.000000	28.284271
0	-9.000000	7.141428
0	15.000000	9.000000
0	32.000000	19.339080
0	42.000000	24.738634
0	46.000000	26.000000
0	39.000000	21.563859
0	31.000000	16.643317
0	22.000000	12.409674
0	12.000000	15.874508
0	-4.000000	25.612497
0	-16.000000	31.780497
1	-26.000000	32.557641
0	-34.000000	29.427878
0	-40.000000	28.284271
0	-34.000000	29.427878
1	-26.000000	32.557641
0	-16.000000	31.780497
0	-4.000000	25.612497
0	10.000000	15.811388
0	16.000000	11.661904
0	19.000000	14.317821
0	21.000000	16.340135
0	22.000000	15.620499
0	22.000000	13.114877
0	26.000000	15.362291
0	33.000000	21.424285
0	33.000000	22.649503
0	26.000000	18.384776
0	12.000000	8.485281
0	-10.000000	7.071068
0	-40.000000	28.284271
0	-58.000000	41.012193
2	-64.000000	45.254834
0	-58.000000	41.012193
0	-40.000000	28.284271
0	-10.000000	7.071068
0	12.000000	8.485281
0	26.000000	18.384776
0	32.000000	22.627417
0	30.000000	21.213203
0	20.000000	14.142136
0	12.000000	8.485281
0	6.000000	4.242641
0	2.000000	1.414214
0	0.000000	0.000000
0	0.000000	0.000000
0	0.000000	0.000000
0	0.000000	0.000000
0	0.000000	0.000000
0	0.000000	0.000000
0	0.000000	0.000000
0	0.000000	0.000000
0	0.000000	0.000000
0	0.000000	0.000000
0	0.000000	0.000000
0	0.000000	0.000000
0	0.000000	0.000000
0	0.000000	0.000000
0	0.000000	0.000000
0	0.000000	0.000000
0	0.000000	0.000000
0	0.000000	0.000000
0	0.000000	0.000000
0	0.000000	0.000000
0	0.000000	0.000000
0	0.000000	0.000000
0	0.000000	0.000000
0	0.000000	0.000000
0	0.000000	0.000000
0	0.000000	0.000000
0	0.000000	0.000000
0	0.000000	0.000000
0	0.000000	0.000000
0	0.000000	0.000000
0	0.000000	0.000000
0	0.000000	0.000000
0	0.000000	0.000000
0	0.000000	0.000000
0	0.000000	0.000000
0	0.000000	0.000000
0	0.000000	0.000000
0	0.000000	0.000000
0	2.000000	1.414214
0	6.000000	4.242641
0	12.000000	8.485281
0	20.000000	14.142136
0	30.000000	21.213203
0	32.000000	22.627417
0	26.000000	18.384776
0	13.000000	8.544004
0	-7.000000	7.681146
0	-34.000000	28.913665
0	-48.000000	42.213742
2	-49.000000	47.675990
0	-41.000000	44.034078
0	-24.000000	31.272992
0	2.000000	11.045361
0	17.000000	14.035669
0	21.000000	31.032241
0	19.000000	40.112342
1	11.000000	40.533936
0	-3.000000	32.817678
0	-13.000000	22.293497
0	-19.000000	21.047565
0	-21.000000	29.647934
1	-19.000000	34.539832
0	-13.000000	33.120990
0	-5.000000	25.000000
0	5.000000	11.180340
0	12.000000	8.485281
0	16.000000	13.341664
0	18.000000	16.062378
0	18.000000	15.297059
0	16.000000	11.661904
0	16.000000	11.661904
0	18.000000	15.297059
0	17.000000	16.031220
0	13.000000	13.000000
0	6.000000	6.000000
0	-5.000000	5.000000
0	-20.000000	20.000000
0	-29.000000	29.000000
1	-32.000000	32.000000
0	-29.000000	29.000000
0	-20.000000	20.000000
0	-5.000000	5.000000
0	8.000000	6.164414
0	19.000000	13.674794
0	28.000000	18.110770
0	35.000000	20.615528
0	40.000000	23.452079
0	38.000000	23.409400
0	29.000000	18.627936
0	13.000000	8.544004
0	-10.000000	7.071068
0	-40.000000	28.284271
0	-58.000000	41.012193
2	-64.000000	45.254834
0	-58.000000	41.012193
0	-40.000000	28.284271
0	-10.000000	7.071068
0	12.000000	8.485281
0	26.000000	18.384776
0	33.000000	22.649503
0	33.000000	21.424285
0	26.000000	15.362291
0	22.000000	13.114877
0	21.000000	15.588457
0	18.000000	16.062378
0	13.000000	13.000000
0	6.000000	6.000000
0	-5.000000	5.000000
0	-20.000000	20.000000
0	-29.000000	29.000000
1	-32.000000	32.000000
0	-29.000000	29.000000
0	-20.000000	20.000000
0	-5.000000	5.000000
0	6.000000	6.000000
0	13.000000	13.000000
0	16.000000	16.000000
0	15.000000	15.000000
0	10.000000	10.000000
0	6.000000	6.000000
0	3.000000	3.000000
0	1.000000	1.000000
0	0.000000	0.000000
0	0.000000	0.000000
0	0.000000	0.000000
0	0.000000	0.000000
0	0.000000	0.000000
0	0.000000	0.000000
0	0.000000	0.000000
0	0.000000	0.000000
0	0.000000	0.000000
0	0.000000	0.000000
0	0.000000	0.000000
0	0.000000	0.000000
0	0.000000	0.000000
0	0.000000	0.000000
0	0.000000	0.000000
0	0.000000	0.000000
0	0.000000	0.000000
0	0.000000	0.000000
0	0.000000	0.000000
0	0.000000	0.000000
0	0.000000	0.000000
0	0.000000	0.000000
0	0.000000	0.000000
0	0.000000	0.000000
0	0.000000	0.000000
0	0.000000	0.000000
0	0.000000	0.000000
0	1.000000	1.000000
0	3.000000	3.000000
0	6.000000	6.000000
0	10.000000	10.000000
0	15.000000	15.000000
0	16.000000	16.000000
0	13.000000	13.000000
0	6.000000	6.000000
0	-5.000000	5.000000
0	-20.000000	20.000000
0	-29.000000	29.000000
1	-32.000000	32.000000
0	-28.000000	29.017236
0	-17.000000	20.223748
0	2.000000	7.874008
0	19.000000	12.041595
0	34.000000	20.736441
0	42.000000	24.738634
0	43.000000	24.879711
0	32.000000	19.798990
0	14.000000	15.165751
0	-11.000000	21.095023
0	-33.000000	29.444864
1	-52.000000	37.735925
0	-58.000000	41.012193
1	-52.000000	37.735925
0	-34.000000	29.427878
0	-14.000000	20.880613
0	8.000000	13.928388
0	22.000000	17.088007
0	28.000000	19.849433
0	26.000000	18.867962
0	21.000000	16.155494
0	13.000000	10.440307
0	7.000000	6.082763
0	3.000000	3.000000
0	1.000000	1.000000
0	0.000000	0.000000
0	0.000000	0.000000
0	0.000000	0.000000
0	0.000000	0.000000
0	0.000000	0.000000
0	0.000000	0.000000
0	0.000000	0.000000
0	0.000000	0.000000
0	0.000000	0.000000
0	0.000000	0.000000
0	0.000000	0.000000
0	1.000000	1.000000
0	3.000000	3.000000
0	6.000000	6.000000
0	10.000000	10.000000
0	15.000000	15.000000
0	16.000000	16.000000
0	13.000000	13.000000
0	6.000000	6.000000
0	-5.000000	5.000000
0	-20.000000	20.000000
0	-29.000000	29.000000
1	-32.000000	32.000000
0	-29.000000	29.000000
0	-20.000000	20.000000
0	-5.000000	5.000000
0	6.000000	6.000000
0	13.000000	13.000000
0	16.000000	16.000000
0	15.000000	15.000000
0	10.000000	10.000000
0	6.000000	6.000000
0	3.000000	3.000000
0	1.000000	1.000000
0	0.000000	0.000000
0	0.000000	0.000000
0	0.000000	0.000000
0	0.000000	0.000000
0	0.000000	0.000000
0	0.000000	0.000000
0	1.000000	1.000000
0	3.000000	3.000000
0	6.000000	6.000000
0	10.000000	10.000000
0	15.000000	15.000000
0	16.000000	16.000000
0	13.000000	13.000000
0	6.000000	6.000000
0	-5.000000	5.000000
0	-20.000000	20.000000
0	-29.000000	29.000000
1	-32.000000	32.000000
0	-29.000000	29.000000
0	-20.000000	20.000000
0	-5.000000	5.000000
0	6.000000	6.000000
0	13.000000	13.000000
0	16.000000	16.000000
0	15.000000	15.000000
0	10.000000	10.000000
0	6.000000	6.000000
0	3.000000	3.000000
0	1.000000	1.000000
0	0.000000	0.000000
0	0.000000	0.000000
0	0.000000	0.000000
0	0.000000	0.000000
0	0.000000	0.000000
0	0.000000	0.000000
0	0.000000	0.000000
0	0.000000	0.000000
0	0.000000	0.000000
0	0.000000	0.000000
0	0.000000	0.000000
0	0.000000	0.000000
0	0.000000	0.000000
0	0.000000	0.000000
0	0.000000	0.000000
0	0.000000	0.000000
0	0.000000	0.000000
0	0.000000	0.000000
0	0.000000	0.000000
0	0.000000	0.000000
0	0.000000	0.000000
0	0.000000	0.000000
0	0.000000	0.000000
0	0.000000	0.000000
0	0.000000	0.000000
0	0.000000	0.000000
0	0.000000	0.000000
0	0.000000	0.000000
0	1.000000	1.000000
0	3.000000	3.000000
0	6.000000	6.000000
0	10.000000	10.000000
0	15.000000	15.000000
0	16.000000	16.000000
0	13.000000	13.000000
0	6.000000	6.000000
0	-5.000000	5.000000
0	-20.000000	20.000000
0	-29.000000	29.000000
1	-32.000000	32.000000
0	-29.000000	29.000000
0	-20.000000	20.000000
0	-5.000000	5.000000
0	6.000000	6.000000
0	13.000000	13.000000
0	16.000000	16.000000
0	15.000000	15.000000
0	10.000000	10.000000
0	6.000000	6.000000
0	3.000000	3.000000
0	1.000000	1.000000
0	0.000000	0.000000
0	0.000000	0.000000
0	0.000000	0.000000
0	0.000000	0.000000
0	0.000000	0.000000
0	0.000000	0.000000
0	0.000000	0.000000
0	1.000000	1.000000
0	3.000000	3.000000
0	6.000000	6.000000
0	10.000000	10.000000
0	15.000000	15.000000
0	16.000000	16.000000
0	13.000000	13.000000
0	6.000000	6.000000
0	-5.000000	5.000000
0	-20.000000	20.000000
0	-29.000000	29.000000
1	-32.000000	32.000000
0	-29.000000	29.000000
0	-20.000000	20.000000
0	-5.000000	5.000000
0	6.000000	6.000000
0	13.000000	13.000000
0	16.000000	16.000000
0	15.000000	15.000000
0	10.000000	10.000000
0	6.000000	6.000000
0	3.000000	3.000000
0	1.000000	1.000000
0	0.000000	0.000000
0	0.000000	0.000000
0	0.000000	0.000000
0	0.000000	0.000000
0	2.000000	1.414214
0	6.000000	4.242641
0	12.000000	8.485281
0	20.000000	14.142136
0	31.000000	21.236761
0	35.000000	22.825424
0	32.000000	19.339080
0	22.000000	13.114877
0	5.000000	16.583124
0	-24.000000	32.496154
0	-45.000000	43.023250
2	-58.000000	45.650849
0	-63.000000	41.315857
0	-60.000000	34.641016
0	-39.000000	29.849623
1	-20.000000	33.105891
0	-3.000000	34.336569
0	12.000000	30.199338
0	25.000000	21.794495
0	26.000000	15.362291
0	25.000000	15.524175
0	22.000000	16.552945
0	17.000000	15.066519
0	10.000000	10.000000
0	6.000000	6.000000
0	3.000000	3.000000
0	1.000000	1.000000
0	0.000000	0.000000
0	0.000000	0.000000
0	0.000000	0.000000
0	0.000000	0.000000
0	1.000000	1.000000
0	3.000000	3.000000
0	6.000000	6.000000
0	10.000000	10.000000
0	15.000000	15.000000
0	16.000000	16.000000
0	13.000000	13.000000
0	6.000000	6.000000
0	-5.000000	5.000000
0	-20.000000	20.000000
0	-29.000000	29.000000
1	-32.000000	32.000000
0	-29.000000	29.000000
0	-20.000000	20.000000
0	-5.000000	5.000000
0	6.000000	6.000000
0	13.000000	13.000000
0	16.000000	16.000000
0	15.000000	15.000000
0	10.000000	10.000000
0	6.000000	6.000000
0	4.000000	3.162278
0	4.000000	3.162278
0	7.000000	6.082763
0	13.000000	10.440307
0	21.000000	16.155494
0	26.000000	18.867962
0	28.000000	19.849433
0	22.000000	17.088007
0	8.000000	13.928388
0	-14.000000	20.880613
0	-32.000000	29.461840
1	-46.000000	37.973675
0	-46.000000	41.880783
1	-32.000000	40.298883
0	-4.000000	36.276714
0	18.000000	30.789609
0	34.000000	23.065125
0	36.000000	19.131126
0	24.000000	21.494185
0	-2.000000	35.042831
0	-17.000000	46.292548
2	-21.000000	51.058790
0	-19.000000	47.233463
0	-11.000000	33.867388
0	3.000000	11.090537
0	2.000000	11.045361
0	-14.000000	33.734256
0	-26.000000	46.840154
2	-34.000000	49.979996
0	-38.000000	43.382024
0	-27.000000	29.546573
0	-1.000000	8.774964
0	20.000000	10.488088
0	36.000000	20.928450
0	47.000000	27.147744
0	46.000000	26.570661
0	34.000000	19.235384
0	21.000000	10.816654
0	7.000000	8.888194
0	-8.000000	22.405357
0	-14.000000	32.649655
1	-16.000000	35.777088
0	-16.000000	31.780497
0	-14.000000	20.880613
0	-10.000000	7.071068
0	-14.000000	20.880613
0	-16.000000	31.780497
1	-16.000000	35.777088
0	-14.000000	32.649655
0	-10.000000	22.360680
0	1.000000	7.810250
0	9.000000	6.708204
0	14.000000	13.038405
0	16.000000	16.000000
0	15.000000	15.000000
0	10.000000	10.000000
0	6.000000	6.000000
0	3.000000	3.000000
0	1.000000	1.000000
0	0.000000	0.000000
0	0.000000	0.000000
0	0.000000	0.000000
0	0.000000	0.000000
0	1.000000	1.000000
0	3.000000	3.000000
0	6.000000	6.000000
0	10.000000	10.000000
0	15.000000	15.000000
0	16.000000	16.000000
0	13.000000	13.000000
0	6.000000	6.000000
0	-5.000000	5.000000
0	-20.000000	20.000000
0	-29.000000	29.000000
1	-32.000000	32.000000
0	-29.000000	29.000000
0	-20.000000	20.000000
0	-5.000000	5.000000
0	6.000000	6.000000
0	13.000000	13.000000
0	16.000000	16.000000
0	15.000000	15.000000
0	10.000000	10.000000
0	6.000000	6.000000
0	3.000000	3.000000
0	1.000000	1.000000
0	0.000000	0.000000
0	0.000000	0.000000
0	0.000000	0.000000
0	0.000000	0.000000
0	0.000000	0.000000
0	0.000000	0.000000
0	0.000000	0.000000
0	0.000000	0.000000
0	1.000000	1.000000
0	3.000000	3.000000
0	6.000000	6.000000
0	11.000000	10.049876
0	18.000000	15.297059
0	22.000000	17.088007
0	23.000000	16.401219
0	22.000000	16.186414
0	14.000000	17.029386
0	-1.000000	24.596748
0	-13.000000	31.256999
1	-21.000000	35.707142
0	-30.000000	38.807216
0	-30.000000	38.026307
1	-21.000000	34.423829
0	-13.000000	33.570821
0	-11.000000	35.000000
0	-5.000000	35.930488
1	-5.000000	36.345564
0	-11.000000	33.689761
0	-18.000000	33.045423
0	-16.000000	33.166248
1	-15.000000	34.073450
0	-10.000000	32.341923
0	-1.000000	25.787594
0	11.000000	15.842980
0	16.000000	11.661904
0	20.000000	14.352700
0	23.000000	16.583124
0	25.000000	16.462078
0	26.000000	15.362291
0	31.000000	19.000000
0	34.000000	22.135944
0	30.000000	20.639767
0	19.000000	14.317821
0	1.000000	7.810250
0	-25.000000	20.615528
0	-49.000000	35.227830
1	-61.000000	43.185646
1	-59.000000	43.208795
0	-43.000000	35.482390
0	-13.000000	22.293497
0	21.000000	16.155494
0	49.000000	25.592968
0	61.000000	30.610456
0	57.000000	28.618176
0	38.000000	19.949937
0	9.000000	13.964240
0	-24.000000	29.698485
0	-41.000000	42.438190
2	-42.000000	48.062459
0	-32.000000	45.144213
0	-12.000000	34.554305
0	12.000000	18.493242
0	20.000000	16.309506
0	12.000000	27.820855
0	-2.000000	37.121422
1	-22.000000	43.289722
0	-38.000000	43.382024
1	-40.000000	38.678159
0	-28.000000	29.732137
0	-12.000000	20.928450
0	8.000000	13.928388
0	22.000000	17.088007
0	28.000000	19.849433
0	26.000000	18.867962
0	21.000000	16.155494
0	13.000000	10.440307
0	7.000000	6.082763
0	3.000000	3.000000
0	1.000000	1.000000
0	1.000000	1.000000
0	3.000000	3.000000
0	6.000000	6.000000
0	10.000000	10.000000
0	15.000000	15.000000
0	16.000000	16.000000
0	13.000000	13.000000
0	6.000000	6.000000
0	-5.000000	5.000000
0	-20.000000	20.000000
0	-29.000000	29.000000
1	-32.000000	32.000000
0	-29.000000	29.000000
0	-19.000000	20.024984
0	-2.000000	5.830952
0	12.000000	8.485281
0	23.000000	16.401219
0	31.000000	21.931712
0	31.000000	21.931712
0	24.000000	16.431677
0	15.000000	9.000000
0	4.000000	8.366600
0	-9.000000	22.383029
0	-14.000000	32.649655
1	-16.000000	35.777088
0	-16.000000	31.780497
0	-14.000000	20.880613
0	-10.000000	7.071068
0	-14.000000	20.880613
0	-15.000000	31.796226
1	-13.000000	35.902646
0	-8.000000	33.196385
0	0.000000	24.494897
0	16.000000	16.911535
0	25.000000	17.349352
0	27.000000	18.411953
0	22.000000	17.088007
0	10.000000	15.811388
0	-10.000000	22.360680
0	-23.000000	29.614186
1	-29.000000	32.140317
0	-28.000000	29.017236
0	-20.000000	20.000000
0	-5.000000	5.000000
0	8.000000	6.164414
0	19.000000	13.674794
0	28.000000	18.110770
0	35.000000	20.615528
0	40.000000	23.452079
0	38.000000	23.409400
0	29.000000	18.627936
0	13.000000	8.544004
0	-10.000000	7.071068
0	-40.000000	28.284271
0	-58.000000	41.012193
2	-64.000000	45.254834
0	-58.000000	41.012193
0	-40.000000	28.284271
0	-10.000000	7.071068
0	12.000000	8.485281
0	26.000000	18.384776
0	32.000000	22.627417
0	30.000000	21.213203
0	20.000000	14.142136
0	12.000000	8.485281
0	6.000000	4.242641
0	2.000000	1.414214
0	0.000000	0.000000
0	0.000000	0.000000
0	0.000000	0.000000
0	0.000000	0.000000
0	0.000000	0.000000
0	0.000000	0.000000
0	0.000000	0.000000
0	0.000000	0.000000
0	0.000000	0.000000
0	0.000000	0.000000
0	0.000000	0.000000
0	0.000000	0.000000
0	0.000000	0.000000
0	0.000000	0.000000
0	0.000000	0.000000
0	0.000000	0.000000
0	0.000000	0.000000
0	0.000000	0.000000
0	0.000000	0.000000
0	0.000000	0.000000
0	0.000000	0.000000
0	0.000000	0.000000
0	0.000000	0.000000
0	1.000000	1.000000
0	3.000000	3.000000
0	7.000000	6.082763
0	13.000000	10.440307
0	21.000000	16.155494
0	26.000000	18.867962
0	28.000000	19.849433
0	22.000000	17.088007
0	8.000000	13.928388
0	-14.000000	20.880613
0	-34.000000	29.427878
1	-52.000000	37.735925
0	-58.000000	41.012193
1	-52.000000	37.735925
0	-34.000000	29.427878
0	-14.000000	20.880613
0	8.000000	13.928388
0	22.000000	17.088007
0	28.000000	19.849433
0	26.000000	18.867962
0	21.000000	16.155494
0	13.000000	10.440307
0	7.000000	6.082763
0	3.000000	3.000000
0	1.000000	1.000000
0	0.000000	0.000000
0	0.000000	0.000000
0	2.000000	1.414214
0	6.000000	4.242641
0	12.000000	8.485281
0	20.000000	14.142136
0	30.000000	21.213203
0	32.000000	22.627417
0	26.000000	18.384776
0	12.000000	8.485281
0	-10.000000	7.071068
0	-40.000000	28.284271
0	-58.000000	41.012193
2	-64.000000	45.254834
0	-58.000000	41.012193
0	-40.000000	28.284271
0	-10.000000	7.071068
0	12.000000	8.485281
0	27.000000	18.411953
0	36.000000	22.847319
0	39.000000	22.248595
0	36.000000	18.330303
0	37.000000	19.924859
0	37.000000	22.338308
0	31.000000	20.663978
0	19.000000	14.317821
0	1.000000	7.810250
0	-25.000000	20.615528
0	-49.000000	35.227830
1	-60.000000	43.197222
1	-58.000000	43.289722
0	-43.000000	35.735137
0	-15.000000	22.912878
0	16.000000	16.911535
0	35.000000	21.470911
0	42.000000	24.372115
0	37.000000	22.737634
0	20.000000	18.708287
0	-4.000000	23.151674
0	-20.000000	29.765752
1	-28.000000	32.155870
0	-28.000000	29.017236
0	-20.000000	20.000000
0	-5.000000	5.000000
0	6.000000	6.000000
0	13.000000	13.000000
0	16.000000	16.000000
0	15.000000	15.000000
0	10.000000	10.000000
0	6.000000	6.000000
0	3.000000	3.000000
0	1.000000	1.000000
0	0.000000	0.000000
0	0.000000	0.000000
0	0.000000	0.000000
0	0.000000	0.000000
0	0.000000	0.000000
0	0.000000	0.000000
0	0.000000	0.000000
0	0.000000	0.000000
0	0.000000	0.000000
0	0.000000	0.000000
0	0.000000	0.000000
0	1.000000	1.000000
0	3.000000	3.000000
0	6.000000	6.000000
0	11.000000	10.049876
0	18.000000	15.297059
0	22.000000	17.088007
0	24.000000	16.431677
0	24.000000	16.431677
0	17.000000	17.804494
0	3.000000	25.865034
0	-8.000000	33.196385
1	-21.000000	36.124784
0	-36.000000	37.549967
0	-43.000000	35.735137
1	-42.000000	32.771939
0	-43.000000	35.735137
0	-36.000000	37.549967
1	-21.000000	36.124784
0	-8.000000	33.196385
0	3.000000	25.865034
0	17.000000	17.804494
0	24.000000	16.431677
0	24.000000	16.431677
0	22.000000	17.088007
0	18.000000	15.297059
0	11.000000	10.049876
0	6.000000	6.000000
0	3.000000	3.000000
0	1.000000	1.000000
0	0.000000	0.000000
0	0.000000	0.000000
0	0.000000	0.000000
0	0.000000	0.000000
0	0.000000	0.000000
0	0.000000	0.000000
0	1.000000	1.000000
0	3.000000	3.000000
0	6.000000	6.000000
0	10.000000	10.000000
0	15.000000	15.000000
0	16.000000	16.000000
0	13.000000	13.000000
0	6.000000	6.000000
0	-5.000000	5.000000
0	-20.000000	20.000000
0	-29.000000	29.000000
1	-32.000000	32.000000
0	-29.000000	29.000000
0	-20.000000	20.000000
0	-5.000000	5.000000
0	6.000000	6.000000
0	13.000000	13.000000
0	16.000000	16.000000
0	15.000000	15.000000
0	10.000000	10.000000
0	6.000000	6.000000
0	3.000000	3.000000
0	1.000000	1.000000
0	0.000000	0.000000
0	0.000000	0.000000
0	1.000000	1.000000
0	3.000000	3.000000
0	6.000000	6.000000
0	10.000000	10.000000
0	15.000000	15.000000
0	16.000000	16.000000
0	13.000000	13.000000
0	6.000000	6.000000
0	-5.000000	5.000000
0	-20.000000	20.000000
0	-29.000000	29.000000
1	-32.000000	32.000000
0	-29.000000	29.000000
0	-20.000000	20.000000
0	-5.000000	5.000000
0	6.000000	6.000000
0	15.000000	13.076697
0	22.000000	16.552945
0	27.000000	17.233688
0	30.000000	17.320508
0	36.000000	22.045408
0	35.000000	22.825424
0	28.000000	18.439089
0	15.000000	9.000000
0	-4.000000	9.273618
0	-30.000000	30.000000
0	-43.000000	43.669211
2	-48.000000	48.000000
0	-45.000000	43.023250
0	-34.000000	28.913665
0	-14.000000	8.717798
0	-5.000000	21.931712
0	3.000000	34.856850
1	10.000000	40.447497
0	16.000000	38.935845
0	16.000000	29.257478
0	20.000000	16.309506
0	18.000000	9.486833
0	10.000000	14.000000
0	-4.000000	25.612497
0	-14.000000	32.649655
1	-22.000000	33.526109
0	-23.000000	29.614186
0	-17.000000	20.223748
0	-4.000000	5.099020
0	6.000000	6.000000
0	13.000000	13.000000
0	16.000000	16.000000
0	15.000000	15.000000
0	10.000000	10.000000
0	6.000000	6.000000
0	3.000000	3.000000
0	1.000000	1.000000
0	0.000000	0.000000
0	0.000000	0.000000
0	0.000000	0.000000
0	0.000000	0.000000
0	0.000000	0.000000
0	0.000000	0.000000
0	0.000000	0.000000
0	0.000000	0.000000
0	0.000000	0.000000
0	0.000000	0.000000
0	0.000000	0.000000
0	0.000000	0.000000
0	0.000000	0.000000
0	0.000000	0.000000
0	0.000000	0.000000
0	0.000000	0.000000
0	0.000000	0.000000
0	0.000000	0.000000
0	0.000000	0.000000
0	3.000000	1.732051
0	9.000000	5.196152
0	18.000000	10.392305
0	30.000000	17.320508
0	45.000000	25.980762
0	49.000000	27.730849
0	42.000000	22.715633
0	24.000000	12.000000
0	-5.000000	13.228757
0	-45.000000	37.749172
0	-71.000000	52.716221
3	-83.000000	56.929781
0	-80.000000	50.596443
0	-62.000000	35.128336
0	-29.000000	22.605309
0	-1.000000	32.388269
1	22.000000	41.904654
0	35.000000	43.185646
0	38.000000	35.270384
0	31.000000	19.000000
0	19.000000	13.000000
0	2.000000	24.413111
0	-10.000000	33.166248
1	-17.000000	35.341194
0	-19.000000	30.675723
0	-14.000000	20.880613
0	-2.000000	5.830952
0	7.000000	6.082763
0	13.000000	13.000000
0	16.000000	16.000000
0	15.000000	15.000000
0	10.000000	10.000000
0	6.000000	6.000000
0	3.000000	3.000000
0	1.000000	1.000000
0	0.000000	0.000000
0	0.000000	0.000000
0	0.000000	0.000000
0	0.000000	0.000000
0	0.000000	0.000000
0	0.000000	0.000000
0	0.000000	0.000000
0	0.000000	0.000000
0	0.000000	0.000000
0	0.000000	0.000000
0	0.000000	0.000000
0	0.000000	0.000000
0	0.000000	0.000000
0	0.000000	0.000000
0	0.000000	0.000000
0	0.000000	0.000000
0	0.000000	0.000000
0	0.000000	0.000000
0	0.000000	0.000000
0	0.000000	0.000000
0	0.000000	0.000000
0	0.000000	0.000000
0	0.000000	0.000000
0	0.000000	0.000000
0	0.000000	0.000000
0	0.000000	0.000000
0	0.000000	0.000000
0	0.000000	0.000000
0	0.000000	0.000000
0	0.000000	0.000000
0	0.000000	0.000000
0	0.000000	0.000000
0	0.000000	0.000000
0	0.000000	0.000000
0	1.000000	1.000000
0	3.000000	3.000000
0	6.000000	6.000000
0	10.000000	10.000000
0	15.000000	15.000000
0	16.000000	16.000000
0	13.000000	13.000000
0	6.000000	6.000000
0	-5.000000	5.000000
0	-20.000000	20.000000
0	-29.000000	29.000000
1	-32.000000	32.000000
0	-29.000000	29.000000
0	-20.000000	20.000000
0	-5.000000	5.000000
0	6.000000	6.000000
0	13.000000	13.000000
0	16.000000	16.000000
0	15.000000	15.000000
0	10.000000	10.000000
0	6.000000	6.000000
0	3.000000	3.000000
0	2.000000	1.414214
0	4.000000	3.162278
0	9.000000	6.708204
0	16.000000	11.661904
0	25.000000	18.027756
0	31.000000	21.931712
0	29.000000	20.615528
0	19.000000	14.317821
0	1.000000	7.810250
0	-25.000000	20.615528
0	-49.000000	35.227830
1	-61.000000	43.185646
1	-61.000000	43.185646
0	-49.000000	35.227830
0	-25.000000	20.615528
0	1.000000	7.810250
0	19.000000	14.317821
0	29.000000	20.615528
0	31.000000	21.931712
0	25.000000	18.027756
0	16.000000	11.661904
0	9.000000	6.708204
0	4.000000	3.162278
0	1.000000	1.000000
0	0.000000	0.000000
0	0.000000	0.000000
0	1.000000	1.000000
0	3.000000	3.000000
0	6.000000	6.000000
0	10.000000	10.000000
0	15.000000	15.000000
0	16.000000	16.000000
0	13.000000	13.000000
0	6.000000	6.000000
0	-5.000000	5.000000
0	-20.000000	20.000000
0	-29.000000	29.000000
1	-32.000000	32.000000
0	-29.000000	29.000000
0	-20.000000	20.000000
0	-5.000000	5.000000
0	6.000000	6.000000
0	13.000000	13.000000
0	16.000000	16.000000
0	15.000000	15.000000
0	10.000000	10.000000
0	6.000000	6.000000
0	3.000000	3.000000
0	2.000000	1.414214
0	3.000000	3.000000
0	6.000000	6.000000
0	10.000000	10.000000
0	15.000000	15.000000
0	16.000000	16.000000
0	13.000000	13.000000
0	6.000000	6.000000
0	-5.000000	5.000000
0	-20.000000	20.000000
0	-29.000000	29.000000
1	-32.000000	32.000000
0	-28.000000	29.017236
0	-17.000000	20.223748
0	1.000000	7.810250
0	16.000000	11.661904
0	28.000000	19.849433
0	32.000000	22.627417
0	28.000000	19.849433
0	16.000000	11.661904
0	1.000000	7.810250
0	-17.000000	20.223748
0	-28.000000	29.017236
1	-32.000000	32.000000
0	-28.000000	29.017236
0	-17.000000	20.223748
0	1.000000	7.810250
0	16.000000	11.661904
0	28.000000	19.849433
0	32.000000	22.627417
0	28.000000	19.849433
0	16.000000	11.661904
0	1.000000	7.810250
0	-17.000000	20.223748
0	-27.000000	29.034462
1	-29.000000	32.140317
0	-23.000000	29.614186
0	-10.000000	22.360680
0	10.000000	15.811388
0	22.000000	17.088007
0	26.000000	18.384776
0	22.000000	17.088007
0	10.000000	15.811388
0	-10.000000	22.360680
0	-23.000000	29.614186
1	-29.000000	32.140317
0	-28.000000	29.017236
0	-20.000000	20.000000
0	-5.000000	5.000000
0	6.000000	6.000000
0	13.000000	13.000000
0	16.000000	16.000000
0	15.000000	15.000000
0	10.000000	10.000000
0	6.000000	6.000000
0	3.000000	3.000000
0	1.000000	1.000000
0	0.000000	0.000000
0	0.000000	0.000000
0	0.000000	0.000000
0	0.000000	0.000000
0	0.000000	0.000000
0	0.000000	0.000000
0	0.000000	0.000000
0	0.000000	0.000000
0	0.000000	0.000000
0	0.000000	0.000000
0	0.000000	0.000000
0	0.000000	0.000000
0	0.000000	0.000000
0	0.000000	0.000000
0	0.000000	0.000000
0	0.000000	0.000000
0	2.000000	1.414214
0	6.000000	4.242641
0	12.000000	8.485281
0	20.000000	14.142136
0	31.000000	21.236761
0	35.000000	22.825424
0	32.000000	19.339080
0	23.000000	13.152946
0	8.000000	16.852300
0	-18.000000	33.045423
0	-35.000000	44.170126
2	-43.000000	48.052055
0	-47.000000	44.305756
0	-46.000000	37.013511
0	-30.000000	30.594117
1	-19.000000	34.014703
0	-13.000000	40.975602
0	-2.000000	44.474712
1	9.000000	41.892720
0	10.000000	35.298725
0	11.000000	26.019224
0	12.000000	18.000000
0	3.000000	25.748786
0	-6.000000	33.316662
1	-10.000000	36.276714
0	-11.000000	32.787193
0	-9.000000	22.383029
0	1.000000	7.810250
0	9.000000	6.708204
0	14.000000	13.038405
0	16.000000	16.000000
0	15.000000	15.000000
0	10.000000	10.000000
0	6.000000	6.000000
0	3.000000	3.000000
0	1.000000	1.000000
0	0.000000	0.000000
0	0.000000	0.000000
0	1.000000	1.000000
0	4.000000	3.162278
0	9.000000	6.708204
0	16.000000	11.661904
0	25.000000	18.027756
0	31.000000	21.931712
0	29.000000	20.615528
0	19.000000	14.317821
0	1.000000	7.810250
0	-25.000000	20.615528
0	-49.000000	35.227830
1	-61.000000	43.185646
1	-61.000000	43.185646
0	-48.000000	35.242020
0	-22.000000	20.832667
0	8.000000	9.899495
0	32.000000	17.720045
0	50.000000	26.191602
0	57.000000	28.930952
0	53.000000	26.814175
0	38.000000	20.688161
0	17.000000	15.459625
0	-10.000000	21.118712
0	-33.000000	29.444864
1	-52.000000	37.735925
0	-58.000000	41.012193
1	-52.000000	37.735925
0	-34.000000	29.427878
0	-14.000000	20.880613
0	8.000000	13.928388
0	22.000000	17.088007
0	28.000000	19.849433
0	26.000000	18.867962
0	21.000000	16.155494
0	13.000000	10.440307
0	7.000000	6.082763
0	3.000000	3.000000
0	1.000000	1.000000
0	0.000000	0.000000
0	0.000000	0.000000
0	0.000000	0.000000
0	0.000000	0.000000
0	0.000000	0.000000
0	0.000000	0.000000
0	0.000000	0.000000
0	0.000000	0.000000
0	0.000000	0.000000
0	0.000000	0.000000
0	0.000000	0.000000
0	0.000000	0.000000
0	0.000000	0.000000
0	0.000000	0.000000
0	0.000000	0.000000
0	0.000000	0.000000
0	0.000000	0.000000
0	0.000000	0.000000
0	0.000000	0.000000
0	0.000000	0.000000
0	0.000000	0.000000
0	0.000000	0.000000
0	0.000000	0.000000
0	0.000000	0.000000
0	0.000000	0.000000
0	0.000000	0.000000
0	0.000000	0.000000
0	0.000000	0.000000
0	0.000000	0.000000
0	0.000000	0.000000
0	0.000000	0.000000
0	0.000000	0.000000
0	0.000000	0.000000
0	0.000000	0.000000
0	0.000000	0.000000
0	0.000000	0.000000
0	0.000000	0.000000
0	0.000000	0.000000
0	0.000000	0.000000
0	0.000000	0.000000
0	0.000000	0.000000
0	0.000000	0.000000
0	0.000000	0.000000
0	0.000000	0.000000
0	0.000000	0.000000
0	0.000000	0.000000
0	0.000000	0.000000
0	0.000000	0.000000
0	0.000000	0.000000
0	0.000000	0.000000
0	0.000000	0.000000
0	0.000000	0.000000
0	0.000000	0.000000
0	0.000000	0.000000
0	0.000000	0.000000
0	0.000000	0.000000
0	0.000000	0.000000
0	0.000000	0.000000
0	0.000000	0.000000
0	0.000000	0.000000
0	0.000000	0.000000
0	0.000000	0.000000
0	0.000000	0.000000
0	0.000000	0.000000
0	0.000000	0.000000
0	0.000000	0.000000
0	0.000000	0.000000
0	0.000000	0.000000
0	0.000000	0.000000
0	0.000000	0.000000
0	0.000000	0.000000
0	0.000000	0.000000
0	0.000000	0.000000
0	0.000000	0.000000
0	0.000000	0.000000
0	0.000000	0.000000
0	0.000000	0.000000
0	0.000000	0.000000
0	0.000000	0.000000
0	0.000000	0.000000
0	0.000000	0.000000
0	0.000000	0.000000
0	0.000000	0.000000
0	0.000000	0.000000
0	0.000000	0.000000
0	0.000000	0.000000
0	0.000000	0.000000
0	0.000000	0.000000
0	0.000000	0.000000
0	0.000000	0.000000
0	1.000000	1.000000
0	3.000000	3.000000
0	6.000000	6.000000
0	10.000000	10.000000
0	16.000000	15.033296
0	19.000000	16.278821
0	19.000000	14.317821
0	16.000000	11.661904
0	11.000000	15.842980
0	-1.000000	25.787594
0	-10.000000	32.341923
1	-16.000000	34.058773
0	-19.000000	33.030289
0	-24.000000	32.496154
0	-21.000000	32.171416
1	-20.000000	33.105891
0	-21.000000	32.171416
0	-23.000000	32.511536
0	-16.000000	33.166248
1	-10.000000	34.583233
0	0.000000	33.852622
0	14.000000	29.832868
0	27.000000	22.516660
0	29.000000	17.464249
0	25.000000	15.524175
0	14.000000	17.029386
0	-3.000000	25.039968
0	-16.000000	30.822070
1	-20.000000	33.105891
0	-16.000000	30.822070
0	-4.000000	25.019992
0	11.000000	16.763055
0	19.000000	14.317821
0	19.000000	14.317821
0	11.000000	16.763055
0	-5.000000	25.000000
0	-19.000000	30.675723
1	-26.000000	32.557641
0	-26.000000	29.154759
0	-19.000000	20.024984
0	-5.000000	5.000000
0	6.000000	6.000000
0	13.000000	13.000000
0	16.000000	16.000000
0	16.000000	15.033296
0	13.000000	10.440307
0	12.000000	8.485281
0	13.000000	10.440307
0	16.000000	15.033296
0	16.000000	16.000000
0	13.000000	13.000000
0	6.000000	6.000000
0	-5.000000	5.000000
0	-20.000000	20.000000
0	-29.000000	29.000000
1	-32.000000	32.000000
0	-29.000000	29.000000
0	-20.000000	20.000000
0	-4.000000	5.099020
0	9.000000	6.708204
0	19.000000	14.317821
0	26.000000	18.867962
0	30.000000	21.213203
0	26.000000	18.867962
0	19.000000	14.317821
0	9.000000	6.708204
0	-4.000000	5.099020
0	-20.000000	20.000000
0	-29.000000	29.000000
1	-32.000000	32.000000
0	-29.000000	29.000000
0	-20.000000	20.000000
0	-5.000000	5.000000
0	6.000000	6.000000
0	13.000000	13.000000
0	16.000000	16.000000
0	15.000000	15.000000
0	10.000000	10.000000
0	6.000000	6.000000
0	3.000000	3.000000
0	1.000000	1.000000
0	0.000000	0.000000
0	0.000000	0.000000
0	0.000000	0.000000
0	1.000000	1.000000
0	3.000000	3.000000
0	6.000000	6.000000
0	10.000000	10.000000
0	15.000000	15.000000
0	16.000000	16.000000
0	14.000000	13.038405
0	9.000000	6.708204
0	1.000000	7.810250
0	-10.000000	22.360680
0	-13.000000	32.664966
1	-13.000000	35.902646
0	-10.000000	32.341923
0	-4.000000	23.151674
0	5.000000	16.583124
0	2.000000	26.305893
0	-3.000000	34.336569
1	-10.000000	36.276714
0	-19.000000	33.030289
0	-29.000000	30.016662
0	-25.000000	30.182777
1	-17.000000	33.241540
0	-5.000000	33.331667
0	11.000000	29.681644
0	26.000000	22.494444
0	29.000000	17.464249
0	25.000000	15.524175
0	14.000000	17.029386
0	-4.000000	25.019992
0	-19.000000	30.675723
1	-26.000000	32.557641
0	-25.000000	29.171904
0	-16.000000	20.248457
0	1.000000	7.810250
0	16.000000	11.661904
0	28.000000	19.849433
0	32.000000	22.627417
0	28.000000	19.849433
0	16.000000	11.661904
0	1.000000	7.810250
0	-17.000000	20.223748
0	-28.000000	29.017236
1	-32.000000	32.000000
0	-29.000000	29.000000
0	-20.000000	20.000000
0	-5.000000	5.000000
0	6.000000	6.000000
0	13.000000	13.000000
0	16.000000	16.000000
0	15.000000	15.000000
0	10.000000	10.000000
0	6.000000	6.000000
0	3.000000	3.000000
0	1.000000	1.000000
0	0.000000	0.000000
0	0.000000	0.000000
0	0.000000	0.000000
0	0.000000	0.000000
0	0.000000	0.000000
0	0.000000	0.000000
0	0.000000	0.000000
0	0.000000	0.000000
0	1.000000	1.000000
0	3.000000	3.000000
0	6.000000	6.000000
0	10.000000	10.000000
0	15.000000	15.000000
0	16.000000	16.000000
0	13.000000	13.000000
0	6.000000	6.000000
0	-5.000000	5.000000
0	-20.000000	20.000000
0	-29.000000	29.000000
1	-32.000000	32.000000
0	-29.000000	29.000000
0	-20.000000	20.000000
0	-5.000000	5.000000
0	6.000000	6.000000
0	13.000000	13.000000
0	16.000000	16.000000
0	15.000000	15.000000
0	10.000000	10.000000
0	6.000000	6.000000
0	3.000000	3.000000
0	1.000000	1.000000
0	1.000000	1.000000
0	3.000000	3.000000
0	6.000000	6.000000
0	10.000000	10.000000
0	15.000000	15.000000
0	16.000000	16.000000
0	13.000000	13.000000
0	6.000000	6.000000
0	-5.000000	5.000000
0	-20.000000	20.000000
0	-29.000000	29.000000
1	-32.000000	32.000000
0	-29.000000	29.000000
0	-20.000000	20.000000
0	-5.000000	5.000000
0	6.000000	6.000000
0	13.000000	13.000000
0	16.000000	16.000000
0	15.000000	15.000000
0	10.000000	10.000000
0	6.000000	6.000000
0	3.000000	3.000000
0	1.000000	1.000000
0	0.000000	0.000000
0	0.000000	0.000000
0	0.000000	0.000000
0	0.000000	0.000000
0	0.000000	0.000000
0	0.000000	0.000000
0	0.000000	0.000000
0	0.000000	0.000000
0	0.000000	0.000000
0	0.000000	0.000000
0	0.000000	0.000000
0	0.000000	0.000000
0	0.000000	0.000000
0	0.000000	0.000000
0	0.000000	0.000000
0	0.000000	0.000000
0	0.000000	0.000000
0	0.000000	0.000000
0	0.000000	0.000000
0	1.000000	1.000000
0	3.000000	3.000000
0	6.000000	6.000000
0	10.000000	10.000000
0	15.000000	15.000000
0	16.000000	16.000000
0	13.000000	13.000000
0	6.000000	6.000000
0	-5.000000	5.000000
0	-20.000000	20.000000
0	-29.000000	29.000000
1	-32.000000	32.000000
0	-29.000000	29.000000
0	-20.000000	20.000000
0	-5.000000	5.000000
0	6.000000	6.000000
0	13.000000	13.000000
0	16.000000	16.000000
0	15.000000	15.000000
0	10.000000	10.000000
0	6.000000	6.000000
0	3.000000	3.000000
0	1.000000	1.000000
0	0.000000	0.000000
0	0.000000	0.000000
0	0.000000	0.000000
0	0.000000	0.000000
0	0.000000	0.000000
0	0.000000	0.000000
0	0.000000	0.000000
0	0.000000	0.000000
0	0.000000	0.000000
0	0.000000	0.000000
0	0.000000	0.000000
0	0.000000	0.000000
0	0.000000	0.000000
0	0.000000	0.000000
0	0.000000	0.000000
0	0.000000	0.000000
0	0.000000	0.000000
0	0.000000	0.000000
0	0.000000	0.000000
0	0.000000	0.000000
0	0.000000	0.000000
0	0.000000	0.000000
0	0.000000	0.000000
0	1.000000	1.000000
0	3.000000	3.000000
0	7.000000	6.082763
0	13.000000	10.440307
0	21.000000	16.155494
0	26.000000	18.867962
0	28.000000	19.849433
0	22.000000	17.088007
0	8.000000	13.928388
0	-14.000000	20.880613
0	-34.000000	29.427878
1	-51.000000	37.749172
0	-55.000000	41.121770
1	-46.000000	38.209946
0	-24.000000	31.080541
0	1.000000	25.709920
0	24.000000	21.213203
0	35.000000	21.470911
0	34.000000	20.736441
0	21.000000	19.519221
0	1.000000	25.709920
0	-16.000000	30.822070
1	-25.000000	32.572995
0	-26.000000	29.154759
0	-19.000000	20.024984
0	-5.000000	5.000000
0	6.000000	6.000000
0	13.000000	13.000000
0	16.000000	16.000000
0	15.000000	15.000000
0	10.000000	10.000000
0	6.000000	6.000000
0	3.000000	3.000000
0	1.000000	1.000000
0	0.000000	0.000000
0	0.000000	0.000000
0	0.000000	0.000000
0	0.000000	0.000000
0	0.000000	0.000000
0	0.000000	0.000000
0	0.000000	0.000000
0	0.000000	0.000000
0	2.000000	1.414214
0	6.000000	4.242641
0	12.000000	8.485281
0	20.000000	14.142136
0	30.000000	21.213203
0	32.000000	22.627417
0	26.000000	18.384776
0	12.000000	8.485281
0	-10.000000	7.071068
0	-40.000000	28.284271
0	-58.000000	41.012193
2	-64.000000	45.254834
0	-58.000000	41.012193
0	-40.000000	28.284271
0	-10.000000	7.071068
0	12.000000	8.485281
0	26.000000	18.384776
0	32.000000	22.627417
0	30.000000	21.213203
0	21.000000	14.177447
0	16.000000	9.055385
0	15.000000	7.937254
0	18.000000	11.747340
0	25.000000	18.027756
0	31.000000	21.931712
0	29.000000	20.615528
0	19.000000	14.317821
0	1.000000	7.810250
0	-25.000000	20.615528
0	-49.000000	35.227830
1	-61.000000	43.185646
1	-61.000000	43.185646
0	-49.000000	35.227830
0	-25.000000	20.615528
0	1.000000	7.810250
0	19.000000	14.317821
0	29.000000	20.615528
0	31.000000	21.931712
0	25.000000	18.027756
0	16.000000	11.661904
0	9.000000	6.708204
0	4.000000	3.162278
0	1.000000	1.000000
0	0.000000	0.000000
0	0.000000	0.000000
0	0.000000	0.000000
0	0.000000	0.000000
0	0.000000	0.000000
0	0.000000	0.000000
0	0.000000	0.000000
0	0.000000	0.000000
0	0.000000	0.000000
0	0.000000	0.000000
0	1.000000	1.000000
0	3.000000	3.000000
0	6.000000	6.000000
0	10.000000	10.000000
0	15.000000	15.000000
0	17.000000	16.031220
0	16.000000	13.341664
0	12.000000	8.485281
0	5.000000	11.180340
0	-5.000000	25.000000
0	-13.000000	33.120990
1	-19.000000	34.539832
0	-23.000000	29.614186
0	-25.000000	20.615528
0	-25.000000	20.615528
0	-23.000000	29.614186
1	-19.000000	34.539832
0	-13.000000	33.120990
0	-5.000000	25.000000
0	5.000000	11.180340
0	12.000000	8.485281
0	16.000000	13.341664
0	17.000000	16.031220
0	15.000000	15.000000
0	10.000000	10.000000
0	6.000000	6.000000
0	3.000000	3.000000
0	1.000000	1.000000
0	0.000000	0.000000
0	0.000000	0.000000
0	0.000000	0.000000
0	0.000000	0.000000
0	0.000000	0.000000
0	0.000000	0.000000
0	0.000000	0.000000
0	0.000000	0.000000
0	0.000000	0.000000
0	0.000000	0.000000
0	0.000000	0.000000
0	0.000000	0.000000
0	0.000000	0.000000
0	0.000000	0.000000
0	0.000000	0.000000
0	0.000000	0.000000
0	0.000000	0.000000
0	0.000000	0.000000
0	0.000000	0.000000
0	0.000000	0.000000
0	0.000000	0.000000
0	0.000000	0.000000
0	0.000000	0.000000
0	0.000000	0.000000
0	0.000000	0.000000
0	0.000000	0.000000
0	0.000000	0.000000
0	0.000000	0.000000
0	0.000000	0.000000
0	0.000000	0.000000
0	0.000000	0.000000
0	0.000000	0.000000
0	0.000000	0.000000
0	0.000000	0.000000
0	0.000000	0.000000
0	0.000000	0.000000
0	0.000000	0.000000
0	0.000000	0.000000
0	0.000000	0.000000
0	0.000000	0.000000
0	1.000000	1.000000
0	3.000000	3.000000
0	6.000000	6.000000
0	10.000000	10.000000
0	15.000000	15.000000
0	16.000000	16.000000
0	13.000000	13.000000
0	6.000000	6.000000
0	-5.000000	5.000000
0	-20.000000	20.000000
0	-29.000000	29.000000
1	-32.000000	32.000000
0	-29.000000	29.000000
0	-20.000000	20.000000
0	-5.000000	5.000000
0	6.000000	6.000000
0	13.000000	13.000000
0	16.000000	16.000000
0	15.000000	15.000000
0	10.000000	10.000000
0	7.000000	6.082763
0	6.000000	4.242641
0	7.000000	6.082763
0	10.000000	10.000000
0	15.000000	15.000000
0	16.000000	16.000000
0	13.000000	13.000000
0	6.000000	6.000000
0	-5.000000	5.000000
0	-20.000000	20.000000
0	-29.000000	29.000000
1	-32.000000	32.000000
0	-29.000000	29.000000
0	-20.000000	20.000000
0	-5.000000	5.000000
0	6.000000	6.000000
0	13.000000	13.000000
0	18.000000	16.062378
0	21.000000	15.588457
0	22.000000	13.114877
0	27.000000	15.394804
0	36.000000	21.633308
0	39.000000	23.430749
0	36.000000	20.928450
0	27.000000	17.233688
0	6.000000	17.492856
0	-27.000000	31.128765
0	-52.000000	41.448764
2	-69.000000	45.530210
0	-77.000000	45.639895
0	-66.000000	40.620192
1	-35.000000	33.331667
0	-4.000000	31.968735
0	27.000000	31.606961
0	53.000000	29.883106
0	64.000000	29.664794
0	55.000000	25.709920
0	36.000000	22.847319
0	8.000000	26.076810
0	-19.000000	31.256999
1	-40.000000	38.678159
0	-44.000000	42.332021
1	-33.000000	40.730824
0	-12.000000	34.029399
0	9.000000	26.551836
0	29.000000	21.330729
0	33.000000	23.937418
0	21.000000	31.032241
0	3.000000	35.114100
1	-16.000000	36.193922
0	-36.000000	36.742346
0	-42.000000	35.749126
1	-34.000000	32.526912
0	-22.000000	29.631065
0	-7.000000	23.853721
0	11.000000	16.763055
0	22.000000	16.186414
0	26.000000	16.673332
0	28.000000	18.110770
0	28.000000	18.275667
0	26.000000	18.055470
0	22.000000	17.088007
0	16.000000	13.341664
0	7.000000	6.082763
0	-5.000000	5.000000
0	-20.000000	20.000000
0	-29.000000	29.000000
1	-32.000000	32.000000
0	-29.000000	29.000000
0	-20.000000	20.000000
0	-5.000000	5.000000
0	7.000000	6.082763
0	16.000000	13.341664
0	22.000000	17.088007
0	25.000000	18.027756
0	25.000000	18.027756
0	23.000000	17.117243
0	19.000000	13.674794
0	13.000000	8.544004
0	5.000000	11.180340
0	-4.000000	25.019992
0	-10.000000	33.256578
1	-13.000000	35.057096
0	-13.000000	31.256999
0	-10.000000	25.495098
0	-9.000000	26.095977
0	-10.000000	32.341923
1	-13.000000	35.057096
0	-18.000000	33.496268
0	-25.000000	32.015621
0	-23.000000	31.096624
1	-17.000000	33.241540
0	-7.000000	32.480764
0	7.000000	27.513633
0	25.000000	21.794495
0	32.000000	19.798990
0	32.000000	19.339080
0	25.000000	17.349352
0	11.000000	15.842980
0	-10.000000	22.360680
0	-23.000000	29.614186
1	-29.000000	32.140317
0	-28.000000	29.017236
0	-20.000000	20.000000
0	-5.000000	5.000000
0	6.000000	6.000000
0	13.000000	13.000000
0	16.000000	16.000000
0	15.000000	15.000000
0	10.000000	10.000000
0	6.000000	6.000000
0	3.000000	3.000000
0	1.000000	1.000000
0	0.000000	0.000000
0	0.000000	0.000000
0	0.000000	0.000000
0	0.000000	0.000000
0	0.000000	0.000000
0	0.000000	0.000000
0	0.000000	0.000000
0	0.000000	0.000000
0	0.000000	0.000000
0	0.000000	0.000000
0	0.000000	0.000000
0	2.000000	1.414214
0	6.000000	4.242641
0	12.000000	8.485281
0	20.000000	14.142136
0	30.000000	21.213203
0	32.000000	22.627417
0	27.000000	18.411953
0	15.000000	9.000000
0	-4.000000	9.273618
0	-30.000000	30.000000
0	-43.000000	43.669211
2	-48.000000	48.000000
0	-45.000000	43.023250
0	-34.000000	28.913665
0	-15.000000	8.660254
0	-8.000000	21.725561
0	-3.000000	34.336569
1	0.000000	39.191836
0	1.000000	35.930488
0	0.000000	24.494897
0	7.000000	9.848858
0	12.000000	7.348469
0	16.000000	13.114877
0	19.000000	16.278821
0	21.000000	16.155494
0	20.000000	14.142136
0	21.000000	16.155494
0	19.000000	16.278821
0	14.000000	13.038405
0	6.000000	6.000000
0	-5.000000	5.000000
0	-20.000000	20.000000
0	-29.000000	29.000000
1	-32.000000	32.000000
0	-29.000000	29.000000
0	-20.000000	20.000000
0	-5.000000	5.000000
0	6.000000	6.000000
0	13.000000	13.000000
0	16.000000	16.000000
0	15.000000	15.000000
0	10.000000	10.000000
0	6.000000	6.000000
0	3.000000	3.000000
0	1.000000	1.000000
0	1.000000	1.000000
0	3.000000	3.000000
0	7.000000	6.082763
0	13.000000	10.440307
0	21.000000	16.155494
0	26.000000	18.867962
0	28.000000	19.849433
0	22.000000	17.088007
0	8.000000	13.928388
0	-14.000000	20.880613
0	-34.000000	29.427878
1	-52.000000	37.735925
0	-58.000000	41.012193
1	-52.000000	37.735925
0	-34.000000	29.427878
0	-14.000000	20.880613
0	8.000000	13.928388
0	23.000000	17.117243
0	31.000000	20.074860
0	32.000000	19.798990
0	31.000000	19.000000
0	28.000000	18.275667
0	23.000000	17.117243
0	16.000000	13.341664
0	7.000000	6.082763
0	-5.000000	5.000000
0	-20.000000	20.000000
0	-29.000000	29.000000
1	-32.000000	32.000000
0	-29.000000	29.000000
0	-20.000000	20.000000
0	-5.000000	5.000000
0	6.000000	6.000000
0	13.000000	13.000000
0	16.000000	16.000000
0	15.000000	15.000000
0	10.000000	10.000000
0	6.000000	6.000000
0	3.000000	3.000000
0	1.000000	1.000000
0	1.000000	1.000000
0	3.000000	3.000000
0	6.000000	6.000000
0	10.000000	10.000000
0	15.000000	15.000000
0	17.000000	16.031220
0	16.000000	13.341664
0	12.000000	8.485281
0	5.000000	11.180340
0	-5.000000	25.000000
0	-13.000000	33.120990
1	-19.000000	34.539832
0	-23.000000	29.614186
0	-25.000000	20.615528
0	-25.000000	20.615528
0	-23.000000	29.614186
1	-19.000000	34.539832
0	-13.000000	33.120990
0	-5.000000	25.000000
0	5.000000	11.180340
0	12.000000	8.485281
0	16.000000	13.341664
0	17.000000	16.031220
0	15.000000	15.000000
0	10.000000	10.000000
0	6.000000	6.000000
0	3.000000	3.000000
0	1.000000	1.000000
0	0.000000	0.000000
0	0.000000	0.000000
0	0.000000	0.000000
0	0.000000	0.000000
0	0.000000	0.000000
0	0.000000	0.000000
0	1.000000	1.000000
0	3.000000	3.000000
0	6.000000	6.000000
0	10.000000	10.000000
0	16.000000	15.033296
0	19.000000	16.278821
0	19.000000	14.317821
0	16.000000	11.661904
0	10.000000	15.811388
0	-4.000000	25.612497
0	-16.000000	31.780497
1	-26.000000	32.557641
0	-34.000000	29.427878
0	-40.000000	28.284271
0	-34.000000	29.427878
1	-26.000000	32.557641
0	-16.000000	31.780497
0	-4.000000	25.612497
0	10.000000	15.811388
0	16.000000	11.661904
0	20.000000	14.352700
0	22.000000	16.552945
0	22.000000	16.186414
0	20.000000	14.142136
0	21.000000	16.155494
0	19.000000	16.278821
0	14.000000	13.038405
0	6.000000	6.000000
0	-5.000000	5.000000
0	-20.000000	20.000000
0	-29.000000	29.000000
1	-31.000000	32.015621
0	-26.000000	29.154759
0	-14.000000	20.880613
0	5.000000	11.180340
0	21.000000	16.155494
0	30.000000	20.639767
0	32.000000	20.832667
0	27.000000	17.233688
0	15.000000	15.000000
0	1.000000	25.709920
0	-10.000000	33.256578
1	-18.000000	34.554305
0	-23.000000	29.614186
0	-25.000000	20.615528
0	-25.000000	20.615528
0	-23.000000	29.614186
1	-19.000000	34.539832
0	-13.000000	33.120990
0	-5.000000	25.000000
0	5.000000	11.180340
0	12.000000	8.485281
0	16.000000	13.341664
0	17.000000	16.031220
0	15.000000	15.000000
0	10.000000	10.000000
0	6.000000	6.000000
0	3.000000	3.000000
0	1.000000	1.000000
0	0.000000	0.000000
0	0.000000	0.000000
0	0.000000	0.000000
0	0.000000	0.000000
0	0.000000	0.000000
0	0.000000	0.000000
0	0.000000	0.000000
0	0.000000	0.000000
0	0.000000	0.000000
0	0.000000	0.000000
0	0.000000	0.000000
0	0.000000	0.000000
0	1.000000	1.000000
0	3.000000	3.000000
0	6.000000	6.000000
0	10.000000	10.000000
0	15.000000	15.000000
0	16.000000	16.000000
0	13.000000	13.000000
0	6.000000	6.000000
0	-5.000000	5.000000
0	-20.000000	20.000000
0	-29.000000	29.000000
1	-32.000000	32.000000
0	-27.000000	29.034462
0	-14.000000	20.445048
0	7.000000	9.848858
0	26.000000	15.362291
0	43.000000	24.879711
0	48.000000	27.712813
0	41.000000	23.727621
0	22.000000	13.114877
0	-4.000000	9.273618
0	-37.000000	28.442925
0	-57.000000	41.024383
2	-64.000000	45.254834
0	-58.000000	41.012193
0	-40.000000	28.284271
0	-10.000000	7.071068
0	12.000000	8.485281
0	27.000000	18.411953
0	35.000000	22.825424
0	36.000000	22.045408
0	30.000000	17.320508
0	27.000000	17.233688
0	22.000000	16.552945
0	15.000000	13.076697
0	6.000000	6.000000
0	-5.000000	5.000000
0	-20.000000	20.000000
0	-29.000000	29.000000
1	-32.000000	32.000000
0	-29.000000	29.000000
0	-20.000000	20.000000
0	-5.000000	5.000000
0	6.000000	6.000000
0	14.000000	13.038405
0	19.000000	16.278821
0	21.000000	16.155494
0	20.000000	14.142136
0	21.000000	16.155494
0	19.000000	16.278821
0	14.000000	13.038405
0	6.000000	6.000000
0	-5.000000	5.000000
0	-20.000000	20.000000
0	-29.000000	29.000000
1	-32.000000	32.000000
0	-29.000000	29.000000
0	-20.000000	20.000000
0	-5.000000	5.000000
0	6.000000	6.000000
0	13.000000	13.000000
0	16.000000	16.000000
0	15.000000	15.000000
0	10.000000	10.000000
0	6.000000	6.000000
0	3.000000	3.000000
0	1.000000	1.000000
0	0.000000	0.000000
0	0.000000	0.000000
0	0.000000	0.000000
0	0.000000	0.000000
0	0.000000	0.000000
0	0.000000	0.000000
0	0.000000	0.000000
0	0.000000	0.000000
0	0.000000	0.000000
0	0.000000	0.000000
0	0.000000	0.000000
0	0.000000	0.000000
0	0.000000	0.000000
0	0.000000	0.000000
0	0.000000	0.000000
0	0.000000	0.000000
0	0.000000	0.000000
0	0.000000	0.000000
0	0.000000	0.000000
0	0.000000	0.000000
0	0.000000	0.000000
0	0.000000	0.000000
0	0.000000	0.000000
0	0.000000	0.000000
0	0.000000	0.000000
0	0.000000	0.000000
0	0.000000	0.000000
0	0.000000	0.000000
0	0.000000	0.000000
0	0.000000	0.000000
0	0.000000	0.000000
0	0.000000	0.000000
0	0.000000	0.000000
0	0.000000	0.000000
0	0.000000	0.000000
0	0.000000	0.000000
0	0.000000	0.000000
0	0.000000	0.000000
0	0.000000	0.000000
0	0.000000	0.000000
0	0.000000	0.000000
0	0.000000	0.000000
0	0.000000	0.000000
0	0.000000	0.000000
0	0.000000	0.000000
0	0.000000	0.000000
0	0.000000	0.000000
0	0.000000	0.000000
0	0.000000	0.000000
0	0.000000	0.000000
0	0.000000	0.000000
0	0.000000	0.000000
0	0.000000	0.000000
0	0.000000	0.000000
0	1.000000	1.000000
0	3.000000	3.000000
0	6.000000	6.000000
0	10.000000	10.000000
0	15.000000	15.000000
0	17.000000	16.031220
0	17.000000	13.379088
0	15.000000	9.000000
0	11.000000	12.688578
0	5.000000	26.925824
0	2.000000	36.359318
1	-3.000000	38.065733
0	-8.000000	32.372828
0	-13.000000	21.886069
0	-17.000000	22.869193
0	-19.000000	38.561639
1	-9.000000	50.289164
1	3.000000	52.621288
0	17.000000	46.141088
0	28.000000	32.832910
0	26.000000	23.916521
0	1.000000	34.914181
0	-27.000000	46.572524
2	-58.000000	54.350713
0	-82.000000	56.991227
1	-85.000000	52.924474
1	-62.000000	44.271887
0	-33.000000	36.373067
0	2.000000	27.640550
0	33.000000	23.937418
0	49.000000	25.592968
0	49.000000	25.000000
0	43.000000	23.515952
0	31.000000	18.520259
0	18.000000	11.747340
0	9.000000	6.708204
0	4.000000	3.162278
0	1.000000	1.000000
0	0.000000	0.000000
0	0.000000	0.000000
0	0.000000	0.000000
0	0.000000	0.000000
0	0.000000	0.000000
0	0.000000	0.000000
0	0.000000	0.000000
0	0.000000	0.000000
0	0.000000	0.000000
0	1.000000	1.000000
0	3.000000	3.000000
0	6.000000	6.000000
0	10.000000	10.000000
0	15.000000	15.000000
0	16.000000	16.000000
0	13.000000	13.000000
0	7.000000	6.082763
0	-2.000000	5.830952
0	-14.000000	20.880613
0	-19.000000	30.675723
1	-17.000000	35.341194
0	-13.000000	33.120990
0	-7.000000	23.853721
0	1.000000	7.810250
0	1.000000	7.810250
0	-6.000000	23.874673
0	-10.000000	33.256578
1	-11.000000	35.846897
0	-9.000000	32.264532
0	1.000000	25.709920
0	15.000000	17.058722
0	23.000000	14.662878
0	25.000000	15.524175
0	21.000000	19.519221
0	11.000000	29.171904
0	0.000000	34.727511
1	-7.000000	35.566838
0	-10.000000	31.400637
0	-8.000000	25.534291
0	-6.000000	26.267851
0	-4.000000	32.893768
1	-3.000000	36.455452
0	-2.000000	36.715120
0	-6.000000	35.916570
0	-5.000000	34.219877
1	-4.000000	35.099858
0	-3.000000	35.623026
0	-7.000000	36.235342
0	-6.000000	35.496479
1	-10.000000	34.583233
0	-15.000000	32.726136
0	-21.000000	32.634338
0	-18.000000	33.045423
1	-16.000000	34.058773
0	-10.000000	32.341923
0	-1.000000	25.787594
0	11.000000	15.842980
0	16.000000	11.661904
0	19.000000	14.317821
0	19.000000	16.278821
0	17.000000	15.066519
0	13.000000	10.440307
0	12.000000	8.485281
0	13.000000	10.440307
0	16.000000	15.033296
0	16.000000	16.000000
0	13.000000	13.000000
0	6.000000	6.000000
0	-5.000000	5.000000
0	-20.000000	20.000000
0	-29.000000	29.000000
1	-32.000000	32.000000
0	-29.000000	29.000000
0	-20.000000	20.000000
0	-5.000000	5.000000
0	6.000000	6.000000
0	13.000000	13.000000
0	16.000000	16.000000
0	15.000000	15.000000
0	11.000000	10.049876
0	9.000000	6.708204
0	9.000000	6.708204
0	11.000000	10.049876
0	15.000000	15.000000
0	16.000000	16.000000
0	13.000000	13.000000
0	6.000000	6.000000
0	-5.000000	5.000000
0	-20.000000	20.000000
0	-29.000000	29.000000
1	-32.000000	32.000000
0	-29.000000	29.000000
0	-20.000000	20.000000
0	-5.000000	5.000000
0	6.000000	6.000000
0	13.000000	13.000000
0	16.000000	16.000000
0	15.000000	15.000000
0	10.000000	10.000000
0	6.000000	6.000000
0	3.000000	3.000000
0	1.000000	1.000000
0	0.000000	0.000000
0	0.000000	0.000000
0	0.000000	0.000000
0	0.000000	0.000000
0	0.000000	0.000000
0	2.000000	1.414214
0	6.000000	4.242641
0	12.000000	8.485281
0	20.000000	14.142136
0	30.000000	21.213203
0	32.000000	22.627417
0	26.000000	18.384776
0	12.000000	8.485281
0	-10.000000	7.071068
0	-40.000000	28.284271
0	-58.000000	41.012193
2	-64.000000	45.254834
0	-58.000000	41.012193
0	-40.000000	28.284271
0	-9.000000	7.141428
0	15.000000	9.000000
0	32.000000	19.339080
0	42.000000	24.738634
0	45.000000	25.980762
0	36.000000	21.354157
0	25.000000	15.524175
0	12.000000	7.348469
0	-3.000000	5.196152
0	-20.000000	20.000000
0	-29.000000	29.000000
1	-32.000000	32.000000
0	-29.000000	29.000000
0	-20.000000	20.000000
0	-5.000000	5.000000
0	6.000000	6.000000
0	13.000000	13.000000
0	16.000000	16.000000
0	15.000000	15.000000
0	10.000000	10.000000
0	6.000000	6.000000
0	3.000000	3.000000
0	1.000000	1.000000
0	0.000000	0.000000
0	0.000000	0.000000
0	1.000000	1.000000
0	3.000000	3.000000
0	6.000000	6.000000
0	10.000000	10.000000
0	16.000000	15.033296
0	19.000000	16.278821
0	19.000000	14.317821
0	16.000000	11.661904
0	10.000000	15.811388
0	-4.000000	25.612497
0	-16.000000	31.780497
1	-26.000000	32.557641
0	-34.000000	29.427878
0	-39.000000	28.301943
0	-31.000000	29.580399
1	-20.000000	33.105891
0	-6.000000	33.316662
0	11.000000	29.681644
0	26.000000	22.494444
0	29.000000	17.464249
0	25.000000	15.524175
0	14.000000	17.029386
0	-4.000000	25.019992
0	-19.000000	30.675723
1	-26.000000	32.557641
0	-26.000000	29.154759
0	-19.000000	20.024984
0	-5.000000	5.000000
0	6.000000	6.000000
0	13.000000	13.000000
0	17.000000	16.031220
0	19.000000	15.329710
0	19.000000	12.041595
0	22.000000	13.114877
0	28.000000	18.275667
0	32.000000	21.954498
0	30.000000	20.639767
0	23.000000	14.662878
0	10.000000	10.295630
0	-9.000000	23.685439
0	-24.000000	39.572718
1	-30.000000	48.435524
1	-32.000000	47.853944
0	-30.000000	38.026307
0	-24.000000	22.045408
0	-24.000000	22.045408
0	-30.000000	38.026307
1	-32.000000	47.853944
1	-29.000000	48.445846
0	-21.000000	39.686270
0	-3.000000	24.433583
0	20.000000	14.352700
0	38.000000	20.976177
0	46.000000	26.115130
0	44.000000	25.495098
0	31.000000	19.000000
0	11.000000	12.688578
0	-11.000000	21.095023
0	-24.000000	29.189039
1	-28.000000	32.155870
0	-23.000000	29.614186
0	-10.000000	22.360680
0	10.000000	15.811388
0	22.000000	17.088007
0	26.000000	18.384776
0	22.000000	17.088007
0	10.000000	15.811388
0	-10.000000	22.360680
0	-23.000000	29.614186
1	-29.000000	32.140317
0	-28.000000	29.017236
0	-20.000000	20.000000
0	-5.000000	5.000000
0	6.000000	6.000000
0	13.000000	13.000000
0	16.000000	16.000000
0	15.000000	15.000000
0	10.000000	10.000000
0	6.000000	6.000000
0	3.000000	3.000000
0	1.000000	1.000000
0	0.000000	0.000000
0	0.000000	0.000000
0	0.000000	0.000000
0	0.000000	0.000000
0	0.000000	0.000000
0	0.000000	0.000000
0	0.000000	0.000000
0	1.000000	1.000000
0	3.000000	3.000000
0	6.000000	6.000000
0	10.000000	10.000000
0	15.000000	15.000000
0	16.000000	16.000000
0	13.000000	13.000000
0	6.000000	6.000000
0	-5.000000	5.000000
0	-19.000000	20.024984
0	-26.000000	29.154759
1	-26.000000	32.557641
0	-19.000000	30.675723
0	-5.000000	25.000000
0	11.000000	16.763055
0	19.000000	14.317821
0	21.000000	14.387495
0	17.000000	17.291616
0	7.000000	26.400758
0	1.000000	33.778692
1	4.000000	38.858718
0	6.000000	36.905284
0	7.000000	27.184554
0	7.000000	9.848858
0	-4.000000	9.273618
0	-27.000000	31.128765
0	-42.000000	44.022721
2	-49.000000	47.675990
0	-48.000000	42.213742
0	-34.000000	28.913665
0	-7.000000	7.681146
0	13.000000	8.544004
0	26.000000	18.384776
0	32.000000	22.627417
0	31.000000	21.236761
0	23.000000	14.456832
0	18.000000	10.392305
0	16.000000	10.862780
0	17.000000	15.066519
0	16.000000	16.000000
0	13.000000	13.000000
0	6.000000	6.000000
0	-5.000000	5.000000
0	-20.000000	20.000000
0	-28.000000	29.017236
1	-29.000000	32.140317
0	-23.000000	29.614186
0	-10.000000	22.360680
0	10.000000	15.811388
0	22.000000	17.088007
0	26.000000	18.384776
0	22.000000	17.088007
0	10.000000	15.811388
0	-10.000000	22.360680
0	-23.000000	29.614186
1	-29.000000	32.140317
0	-28.000000	29.017236
0	-19.000000	20.024984
0	-2.000000	5.830952
0	12.000000	8.485281
0	23.000000	16.401219
0	31.000000	21.931712
0	31.000000	21.931712
0	23.000000	16.401219
0	12.000000	8.485281
0	-1.000000	5.916080
0	-16.000000	20.248457
0	-23.000000	29.614186
1	-22.000000	33.526109
0	-14.000000	32.649655
0	-4.000000	25.612497
0	8.000000	13.928388
0	12.000000	8.485281
0	8.000000	13.928388
0	-4.000000	25.612497
0	-14.000000	32.649655
1	-22.000000	33.526109
0	-23.000000	29.614186
0	-17.000000	20.223748
0	-3.000000	5.196152
0	9.000000	6.708204
0	19.000000	14.317821
0	27.000000	18.894444
0	33.000000	21.424285
0	32.000000	19.798990
0	29.000000	17.464249
0	24.000000	16.431677
0	12.000000	16.792856
0	-6.000000	23.874673
0	-20.000000	29.765752
1	-31.000000	32.939338
0	-39.000000	36.619667
0	-34.000000	38.288379
1	-21.000000	36.124784
0	-10.000000	32.341923
0	-1.000000	24.596748
0	6.000000	17.492856
0	2.000000	25.729361
0	-3.000000	33.451457
1	-4.000000	36.769553
0	-1.000000	34.278273
0	6.000000	26.944387
0	17.000000	17.804494
0	22.000000	14.628739
0	20.000000	14.352700
0	11.000000	16.763055
0	-5.000000	25.000000
0	-19.000000	30.675723
1	-26.000000	32.557641
0	-26.000000	29.154759
0	-18.000000	20.049938
0	-2.000000	5.830952
0	12.000000	8.485281
0	23.000000	16.401219
0	31.000000	21.931712
0	31.000000	21.931712
0	23.000000	16.401219
0	12.000000	8.485281
0	-2.000000	5.830952
0	-19.000000	20.024984
0	-29.000000	29.000000
1	-32.000000	32.000000
0	-29.000000	29.000000
0	-19.000000	20.024984
0	-2.000000	5.830952
0	12.000000	8.485281
0	23.000000	16.401219
0	31.000000	21.931712
0	31.000000	21.931712
0	23.000000	16.401219
0	12.000000	8.485281
0	-2.000000	5.830952
0	-19.000000	20.024984
0	-29.000000	29.000000
1	-32.000000	32.000000
0	-29.000000	29.000000
0	-20.000000	20.000000
0	-5.000000	5.000000
0	6.000000	6.000000
0	13.000000	13.000000
0	16.000000	16.000000
0	15.000000	15.000000
0	10.000000	10.000000
0	6.000000	6.000000
0	4.000000	3.162278
0	4.000000	3.162278
0	6.000000	6.000000
0	10.000000	10.000000
0	15.000000	15.000000
0	16.000000	16.000000
0	13.000000	13.000000
0	6.000000	6.000000
0	-5.000000	5.000000
0	-20.000000	20.000000
0	-29.000000	29.000000
1	-32.000000	32.000000
0	-29.000000	29.000000
0	-20.000000	20.000000
0	-5.000000	5.000000
0	6.000000	6.000000
0	13.000000	13.000000
0	16.000000	16.000000
0	15.000000	15.000000
0	10.000000	10.000000
0	6.000000	6.000000
0	3.000000	3.000000
0	1.000000	1.000000
0	0.000000	0.000000
0	2.000000	1.414214
0	6.000000	4.242641
0	12.000000	8.485281
0	20.000000	14.142136
0	30.000000	21.213203
0	32.000000	22.627417
0	26.000000	18.384776
0	12.000000	8.485281
0	-10.000000	7.071068
0	-40.000000	28.284271
0	-58.000000	41.012193
2	-64.000000	45.254834
0	-58.000000	41.012193
0	-40.000000	28.284271
0	-10.000000	7.071068
0	12.000000	8.485281
0	26.000000	18.384776
0	32.000000	22.627417
0	30.000000	21.213203
0	20.000000	14.142136
0	13.000000	8.544004
0	9.000000	5.196152
0	8.000000	6.164414
0	10.000000	10.000000
0	15.000000	15.000000
0	16.000000	16.000000
0	13.000000	13.000000
0	6.000000	6.000000
0	-5.000000	5.000000
0	-20.000000	20.000000
0	-29.000000	29.000000
1	-32.000000	32.000000
0	-29.000000	29.000000
0	-20.000000	20.000000
0	-4.000000	5.099020
0	9.000000	6.708204
0	19.000000	14.317821
0	26.000000	18.867962
0	30.000000	21.213203
0	26.000000	18.867962
0	19.000000	14.317821
0	9.000000	6.708204
0	-4.000000	5.099020
0	-20.000000	20.000000
0	-28.000000	29.017236
1	-29.000000	32.140317
0	-23.000000	29.614186
0	-10.000000	22.360680
0	12.000000	15.874508
0	28.000000	17.606817
0	38.000000	20.248457
0	42.000000	22.181073
0	40.000000	26.457513
0	22.000000	31.811947
0	4.000000	34.871192
1	-14.000000	33.376639
0	-32.000000	30.463092
0	-50.000000	36.055513
0	-48.000000	43.954522
2	-42.000000	48.373546
0	-32.000000	44.944410
0	-18.000000	33.045423
0	0.000000	17.320508
0	2.000000	23.916521
0	3.000000	34.856850
1	3.000000	39.306488
0	2.000000	35.944402
0	1.000000	24.515301
0	10.000000	10.295630
0	18.000000	9.486833
0	25.000000	16.462078
0	31.000000	21.931712
0	31.000000	21.931712
0	23.000000	16.401219
0	12.000000	8.485281
0	-1.000000	5.916080
0	-16.000000	20.248457
0	-23.000000	29.614186
1	-22.000000	33.526109
0	-14.000000	32.649655
0	-4.000000	25.612497
0	8.000000	13.928388
0	12.000000	8.485281
0	8.000000	13.928388
0	-4.000000	25.612497
0	-14.000000	32.649655
1	-22.000000	33.526109
0	-23.000000	29.614186
0	-17.000000	20.223748
0	-4.000000	5.099020
0	7.000000	6.082763
0	16.000000	13.341664
0	22.000000	17.088007
0	25.000000	18.027756
0	25.000000	18.027756
0	22.000000	17.088007
0	16.000000	13.341664
0	7.000000	6.082763
0	-5.000000	5.000000
0	-20.000000	20.000000
0	-29.000000	29.000000
1	-32.000000	32.000000
0	-29.000000	29.000000
0	-20.000000	20.000000
0	-4.000000	5.099020
0	9.000000	6.708204
0	19.000000	14.317821
0	26.000000	18.867962
0	30.000000	21.213203
0	27.000000	18.894444
0	22.000000	14.628739
0	15.000000	9.000000
0	6.000000	11.224972
0	-5.000000	25.000000
0	-13.000000	33.120990
1	-19.000000	34.539832
0	-23.000000	29.614186
0	-25.000000	20.615528
0	-25.000000	20.615528
0	-23.000000	29.614186
1	-19.000000	34.539832
0	-13.000000	33.120990
0	-4.000000	25.019992
0	8.000000	11.575837
0	18.000000	10.392305
0	26.000000	16.673332
0	32.000000	21.954498
0	31.000000	21.931712
0	23.000000	16.401219
0	12.000000	8.485281
0	-1.000000	5.916080
0	-16.000000	20.248457
0	-23.000000	29.614186
1	-22.000000	33.526109
0	-14.000000	32.649655
0	-4.000000	25.612497
0	8.000000	13.928388
0	12.000000	8.485281
0	8.000000	13.928388
0	-4.000000	25.612497
0	-14.000000	32.649655
1	-22.000000	33.526109
0	-23.000000	29.614186
0	-17.000000	20.223748
0	-4.000000	5.099020
0	6.000000	6.000000
0	13.000000	13.000000
0	16.000000	16.000000
0	15.000000	15.000000
0	10.000000	10.000000
0	6.000000	6.000000
0	3.000000	3.000000
0	1.000000	1.000000
0	0.000000	0.000000
0	1.000000	1.000000
0	3.000000	3.000000
0	6.000000	6.000000
0	10.000000	10.000000
0	15.000000	15.000000
0	16.000000	16.000000
0	13.000000	13.000000
0	6.000000	6.000000
0	-5.000000	5.000000
0	-20.000000	20.000000
0	-29.000000	29.000000
1	-32.000000	32.000000
0	-29.000000	29.000000
0	-20.000000	20.000000
0	-5.000000	5.000000
0	7.000000	6.082763
0	16.000000	13.341664
0	22.000000	17.088007
0	26.000000	18.055470
0	28.000000	18.275667
0	28.000000	18.110770
0	26.000000	16.673332
0	22.000000	16.186414
0	11.000000	16.763055
0	-7.000000	23.853721
0	-23.000000	29.614186
1	-37.000000	32.388269
0	-49.000000	35.227830
0	-49.000000	35.227830
1	-37.000000	32.388269
0	-23.000000	29.614186
0	-6.000000	23.874673
0	14.000000	17.029386
0	27.000000	17.233688
0	33.000000	19.209373
0	37.000000	22.737634
0	34.000000	22.135944
0	24.000000	16.431677
0	12.000000	8.485281
0	-2.000000	5.830952
0	-19.000000	20.024984
0	-29.000000	29.000000
1	-32.000000	32.000000
0	-29.000000	29.000000
0	-20.000000	20.000000
0	-5.000000	5.000000
0	6.000000	6.000000
0	13.000000	13.000000
0	16.000000	16.000000
0	15.000000	15.000000
0	12.000000	10.099505
0	12.000000	7.348469
0	15.000000	9.000000
0	21.000000	14.177447
0	30.000000	21.213203
0	33.000000	22.649503
0	29.000000	18.627936
0	18.000000	10.392305
0	0.000000	12.247449
0	-25.000000	32.015621
0	-42.000000	44.022721
2	-51.000000	47.085029
0	-52.000000	41.448764
0	-45.000000	28.722813
0	-30.000000	21.213203
0	-17.000000	30.215890
1	-6.000000	36.905284
0	3.000000	36.783148
0	10.000000	29.154759
0	15.000000	15.000000
0	18.000000	10.392305
0	19.000000	13.674794
0	19.000000	16.093477
0	18.000000	15.297059
0	16.000000	11.661904
0	16.000000	11.661904
0	18.000000	15.297059
0	18.000000	16.062378
0	16.000000	13.341664
0	12.000000	8.485281
0	5.000000	11.180340
0	-5.000000	25.000000
0	-13.000000	33.120990
1	-19.000000	34.539832
0	-23.000000	29.614186
0	-25.000000	20.615528
0	-25.000000	20.615528
0	-23.000000	29.614186
1	-19.000000	34.539832
0	-13.000000	33.120990
0	-5.000000	25.000000
0	5.000000	11.180340
0	12.000000	8.485281
0	16.000000	13.341664
0	17.000000	16.031220
0	15.000000	15.000000
0	10.000000	10.000000
0	6.000000	6.000000
0	3.000000	3.000000
0	1.000000	1.000000
0	0.000000	0.000000
0	0.000000	0.000000
0	0.000000	0.000000
0	0.000000	0.000000
0	0.000000	0.000000
0	0.000000	0.000000
0	1.000000	1.000000
0	3.000000	3.000000
0	6.000000	6.000000
0	10.000000	10.000000
0	15.000000	15.000000
0	16.000000	16.000000
0	13.000000	13.000000
0	6.000000	6.000000
0	-5.000000	5.000000
0	-20.000000	20.000000
0	-29.000000	29.000000
1	-32.000000	32.000000
0	-29.000000	29.000000
0	-20.000000	20.000000
0	-5.000000	5.000000
0	7.000000	6.082763
0	16.000000	13.341664
0	22.000000	17.088007
0	25.000000	18.027756
0	25.000000	18.027756
0	23.000000	17.117243
0	19.000000	13.674794
0	13.000000	8.544004
0	5.000000	11.180340
0	-5.000000	25.000000
0	-13.000000	33.120990
1	-19.000000	34.539832
0	-23.000000	29.614186
0	-24.000000	20.639767
0	-22.000000	20.832667
0	-17.000000	30.215890
1	-9.000000	35.958309
0	2.000000	36.359318
0	11.000000	29.681644
0	18.000000	17.146428
0	18.000000	10.392305
0	11.000000	14.247807
0	-3.000000	25.632011
0	-14.000000	32.649655
1	-22.000000	33.526109
0	-23.000000	29.614186
0	-16.000000	20.248457
0	-1.000000	5.916080
0	12.000000	8.485281
0	24.000000	16.431677
0	34.000000	22.135944
0	37.000000	22.737634
0	33.000000	19.209373
0	27.000000	17.233688
0	14.000000	17.029386
0	-6.000000	23.874673
0	-23.000000	29.614186
1	-37.000000	32.388269
0	-49.000000	35.227830
0	-49.000000	35.227830
1	-37.000000	32.388269
0	-23.000000	29.614186
0	-7.000000	23.853721
0	11.000000	16.763055
0	21.000000	16.155494
0	23.000000	16.401219
0	22.000000	17.088007
0	18.000000	15.297059
0	11.000000	10.049876
0	6.000000	6.000000
0	3.000000	3.000000
0	1.000000	1.000000
0	0.000000	0.000000
0	0.000000	0.000000
0	0.000000	0.000000
0	0.000000	0.000000
0	0.000000	0.000000
0	0.000000	0.000000
0	0.000000	0.000000
0	0.000000	0.000000
0	0.000000	0.000000
0	0.000000	0.000000
0	0.000000	0.000000
0	0.000000	0.000000
0	0.000000	0.000000
0	0.000000	0.000000
0	0.000000	0.000000
0	0.000000	0.000000
0	0.000000	0.000000
0	0.000000	0.000000
0	0.000000	0.000000
0	0.000000	0.000000
0	0.000000	0.000000
0	0.000000	0.000000
0	0.000000	0.000000
0	0.000000	0.000000
0	0.000000	0.000000
0	0.000000	0.000000
0	0.000000	0.000000
0	0.000000	0.000000
0	0.000000	0.000000
0	0.000000	0.000000
0	0.000000	0.000000
0	0.000000	0.000000
0	0.000000	0.000000
0	0.000000	0.000000
0	0.000000	0.000000
0	0.000000	0.000000
0	0.000000	0.000000
0	1.000000	1.000000
0	3.000000	3.000000
0	6.000000	6.000000
0	10.000000	10.000000
0	15.000000	15.000000
0	16.000000	16.000000
0	13.000000	13.000000
0	6.000000	6.000000
0	-5.000000	5.000000
0	-20.000000	20.000000
0	-29.000000	29.000000
1	-32.000000	32.000000
0	-29.000000	29.000000
0	-20.000000	20.000000
0	-5.000000	5.000000
0	6.000000	6.000000
0	13.000000	13.000000
0	16.000000	16.000000
0	15.000000	15.000000
0	11.000000	10.049876
0	10.000000	6.782330
0	12.000000	7.348469
0	17.000000	11.704700
0	25.000000	18.027756
0	31.000000	21.931712
0	29.000000	20.615528
0	19.000000	14.317821
0	1.000000	7.810250
0	-25.000000	20.615528
0	-49.000000	35.227830
1	-61.000000	43.185646
1	-61.000000	43.185646
0	-49.000000	35.227830
0	-23.000000	20.663978
0	7.000000	8.888194
0	31.000000	16.643317
0	49.000000	25.000000
0	61.000000	30.512293
0	57.000000	28.930952
0	43.000000	21.794495
0	25.000000	11.269428
0	3.000000	10.246951
0	-23.000000	30.610456
0	-33.000000	44.799554
2	-33.000000	50.289164
0	-29.000000	45.902070
0	-21.000000	31.701735
0	-9.000000	10.535654
0	-13.000000	22.293497
0	-23.000000	39.736633
1	-28.000000	48.764741
1	-28.000000	48.207883
0	-23.000000	38.431758
0	-3.000000	24.433583
0	22.000000	17.435596
0	37.000000	21.517435
0	43.000000	24.392622
0	40.000000	22.934690
0	26.000000	19.646883
0	6.000000	25.219040
0	-5.000000	33.331667
1	-12.000000	35.916570
0	-15.000000	31.796226
0	-14.000000	20.880613
0	-10.000000	7.071068
0	-14.000000	20.880613
0	-16.000000	31.780497
1	-16.000000	35.777088
0	-14.000000	32.649655
0	-10.000000	22.360680
0	1.000000	7.810250
0	9.000000	6.708204
0	14.000000	13.038405
0	16.000000	16.000000
0	15.000000	15.000000
0	10.000000	10.000000
0	6.000000	6.000000
0	3.000000	3.000000
0	1.000000	1.000000
0	1.000000	1.000000
0	3.000000	3.000000
0	6.000000	6.000000
0	10.000000	10.000000
0	15.000000	15.000000
0	16.000000	16.000000
0	13.000000	13.000000
0	6.000000	6.000000
0	-5.000000	5.000000
0	-20.000000	20.000000
0	-29.000000	29.000000
1	-31.000000	32.015621
0	-26.000000	29.154759
0	-14.000000	20.880613
0	5.000000	11.180340
0	21.000000	16.155494
0	30.000000	20.639767
0	32.000000	20.832667
0	27.000000	17.233688
0	15.000000	15.000000
0	1.000000	25.709920
0	-10.000000	33.256578
1	-18.000000	34.554305
0	-23.000000	29.614186
0	-25.000000	20.615528
0	-25.000000	20.615528
0	-23.000000	29.614186
1	-19.000000	34.539832
0	-13.000000	33.120990
0	-5.000000	25.000000
0	5.000000	11.180340
0	12.000000	8.485281
0	16.000000	13.341664
0	17.000000	16.031220
0	15.000000	15.000000
0	10.000000	10.000000
0	6.000000	6.000000
0	3.000000	3.000000
0	1.000000	1.000000
0	0.000000	0.000000
0	0.000000	0.000000
0	0.000000	0.000000
0	0.000000	0.000000
0	0.000000	0.000000
0	0.000000	0.000000
0	0.000000	0.000000
0	0.000000	0.000000
0	0.000000	0.000000
0	0.000000	0.000000
0	1.000000	1.000000
0	3.000000	3.000000
0	6.000000	6.000000
0	10.000000	10.000000
0	15.000000	15.000000
0	16.000000	16.000000
0	13.000000	13.000000
0	6.000000	6.000000
0	-5.000000	5.000000
0	-20.000000	20.000000
0	-29.000000	29.000000
1	-32.000000	32.000000
0	-29.000000	29.000000
0	-20.000000	20.000000
0	-5.000000	5.000000
0	6.000000	6.000000
0	13.000000	13.000000
0	16.000000	16.000000
0	15.000000	15.000000
0	10.000000	10.000000
0	6.000000	6.000000
0	3.000000	3.000000
0	1.000000	1.000000
0	0.000000	0.000000
0	0.000000	0.000000
0	0.000000	0.000000
0	0.000000	0.000000
0	0.000000	0.000000
0	1.000000	1.000000
0	3.000000	3.000000
0	6.000000	6.000000
0	10.000000	10.000000
0	15.000000	15.000000
0	16.000000	16.000000
0	13.000000	13.000000
0	6.000000	6.000000
0	-5.000000	5.000000
0	-20.000000	20.000000
0	-29.000000	29.000000
1	-32.000000	32.000000
0	-29.000000	29.000000
0	-20.000000	20.000000
0	-5.000000	5.000000
0	6.000000	6.000000
0	13.000000	13.000000
0	16.000000	16.000000
0	15.000000	15.000000
0	10.000000	10.000000
0	6.000000	6.000000
0	3.000000	3.000000
0	1.000000	1.000000
0	0.000000	0.000000
0	0.000000	0.000000
0	0.000000	0.000000
0	0.000000	0.000000
0	0.000000	0.000000
0	0.000000	0.000000
0	0.000000	0.000000
0	0.000000	0.000000
0	0.000000	0.000000
0	0.000000	0.000000
0	0.000000	0.000000
0	0.000000	0.000000
0	0.000000	0.000000
0	1.000000	1.000000
0	3.000000	3.000000
0	6.000000	6.000000
0	10.000000	10.000000
0	15.000000	15.000000
0	16.000000	16.000000
0	13.000000	13.000000
0	6.000000	6.000000
0	-5.000000	5.000000
0	-20.000000	20.000000
0	-29.000000	29.000000
1	-32.000000	32.000000
0	-29.000000	29.000000
0	-20.000000	20.000000
0	-4.000000	5.099020
0	9.000000	6.708204
0	19.000000	14.317821
0	26.000000	18.867962
0	30.000000	21.213203
0	26.000000	18.867962
0	19.000000	14.317821
0	9.000000	6.708204
0	-4.000000	5.099020
0	-20.000000	20.000000
0	-29.000000	29.000000
1	-32.000000	32.000000
0	-28.000000	29.017236
0	-17.000000	20.223748
0	1.000000	7.810250
0	16.000000	11.661904
0	28.000000	19.849433
0	32.000000	22.627417
0	28.000000	19.849433
0	16.000000	11.661904
0	1.000000	7.810250
0	-17.000000	20.223748
0	-28.000000	29.017236
1	-32.000000	32.000000
0	-29.000000	29.000000
0	-20.000000	20.000000
0	-5.000000	5.000000
0	6.000000	6.000000
0	13.000000	13.000000
0	16.000000	16.000000
0	15.000000	15.000000
0	10.000000	10.000000
0	6.000000	6.000000
0	4.000000	3.162278
0	5.000000	3.316625
0	9.000000	6.708204
0	16.000000	11.661904
0	25.000000	18.027756
0	31.000000	21.931712
0	29.000000	20.615528
0	20.000000	14.352700
0	4.000000	8.366600
0	-19.000000	21.470911
0	-39.000000	36.619667
1	-46.000000	45.716518
1	-45.000000	46.054316
0	-36.000000	37.549967
0	-19.000000	21.470911
0	-4.000000	9.273618
0	-1.000000	24.596748
0	0.000000	35.580894
1	-1.000000	38.794329
0	-3.000000	34.161382
0	-1.000000	23.345235
0	10.000000	10.295630
0	20.000000	12.083046
0	29.000000	19.874607
0	34.000000	22.671568
0	34.000000	20.297783
0	28.000000	14.422205
0	21.000000	16.155494
0	15.000000	29.342802
0	10.000000	37.040518
1	6.000000	37.868192
0	3.000000	33.361655
0	0.000000	30.000000
0	-13.000000	36.565011
0	-26.000000	45.343136
2	-39.000000	47.843495
0	-52.000000	44.586994
0	-65.000000	42.720019
0	-58.000000	42.801869
2	-46.000000	46.432747
0	-29.000000	45.044423
0	-7.000000	36.235342
0	20.000000	22.360680
0	32.000000	16.492423
0	39.000000	20.273135
0	41.000000	23.216374
0	38.000000	22.090722
0	30.000000	17.320508
0	27.000000	17.233688
0	22.000000	16.552945
0	15.000000	13.076697
0	6.000000	6.000000
0	-5.000000	5.000000
0	-20.000000	20.000000
0	-29.000000	29.000000
1	-32.000000	32.000000
0	-29.000000	29.000000
0	-20.000000	20.000000
0	-5.000000	5.000000
0	6.000000	6.000000
0	13.000000	13.000000
0	16.000000	16.000000
0	15.000000	15.000000
0	10.000000	10.000000
0	6.000000	6.000000
0	4.000000	3.162278
0	4.000000	3.162278
0	6.000000	6.000000
0	10.000000	10.000000
0	15.000000	15.000000
0	16.000000	16.000000
0	13.000000	13.000000
0	6.000000	6.000000
0	-5.000000	5.000000
0	-20.000000	20.000000
0	-29.000000	29.000000
1	-32.000000	32.000000
0	-28.000000	29.017236
0	-17.000000	20.223748
0	1.000000	7.810250
0	16.000000	11.661904
0	28.000000	19.849433
0	32.000000	22.627417
0	28.000000	19.849433
0	16.000000	11.661904
0	1.000000	7.810250
0	-17.000000	20.223748
0	-28.000000	29.017236
1	-31.000000	32.015621
0	-26.000000	29.154759
0	-14.000000	20.880613
0	5.000000	11.180340
0	21.000000	16.155494
0	29.000000	20.615528
0	29.000000	20.615528
0	21.000000	16.155494
0	5.000000	11.180340
0	-14.000000	20.880613
0	-25.000000	29.171904
1	-28.000000	32.155870
0	-23.000000	29.614186
0	-10.000000	22.360680
0	10.000000	15.811388
0	22.000000	17.088007
0	26.000000	18.384776
0	22.000000	17.088007
0	10.000000	15.811388
0	-10.000000	22.360680
0	-23.000000	29.614186
1	-29.000000	32.140317
0	-27.000000	29.034462
0	-17.000000	20.223748
0	1.000000	7.810250
0	16.000000	11.661904
0	28.000000	19.849433
0	32.000000	22.627417
0	28.000000	19.849433
0	16.000000	11.661904
0	1.000000	7.810250
0	-17.000000	20.223748
0	-28.000000	29.017236
1	-32.000000	32.000000
0	-29.000000	29.000000
0	-20.000000	20.000000
0	-5.000000	5.000000
0	6.000000	6.000000
0	13.000000	13.000000
0	16.000000	16.000000
0	15.000000	15.000000
0	11.000000	10.049876
0	9.000000	6.708204
0	9.000000	6.708204
0	12.000000	10.099505
0	18.000000	15.297059
0	22.000000	17.088007
0	23.000000	16.401219
0	21.000000	16.155494
0	11.000000	16.763055
0	-7.000000	23.853721
0	-23.000000	29.614186
1	-37.000000	32.388269
0	-49.000000	35.227830
0	-49.000000	35.227830
1	-37.000000	32.388269
0	-23.000000	29.614186
0	-7.000000	23.853721
0	11.000000	16.763055
0	21.000000	16.155494
0	23.000000	16.401219
0	22.000000	17.088007
0	18.000000	15.297059
0	11.000000	10.049876
0	6.000000	6.000000
0	3.000000	3.000000
0	1.000000	1.000000
0	0.000000	0.000000
0	0.000000	0.000000
0	0.000000	0.000000
0	0.000000	0.000000
0	0.000000	0.000000
0	0.000000	0.000000
0	0.000000	0.000000
0	0.000000	0.000000
0	0.000000	0.000000
0	0.000000	0.000000
0	0.000000	0.000000
0	0.000000	0.000000
0	0.000000	0.000000
0	0.000000	0.000000
0	0.000000	0.000000
0	0.000000	0.000000
0	0.000000	0.000000
0	0.000000	0.000000
0	0.000000	0.000000
0	0.000000	0.000000
0	0.000000	0.000000
0	0.000000	0.000000
0	0.000000	0.000000
0	0.000000	0.000000
0	0.000000	0.000000
0	0.000000	0.000000
0	0.000000	0.000000
0	0.000000	0.000000
0	0.000000	0.000000
0	0.000000	0.000000
0	0.000000	0.000000
0	0.000000	0.000000
0	0.000000	0.000000
0	0.000000	0.000000
0	0.000000	0.000000
0	1.000000	1.000000
0	3.000000	3.000000
0	6.000000	6.000000
0	10.000000	10.000000
0	15.000000	15.000000
0	16.000000	16.000000
0	13.000000	13.000000
0	6.000000	6.000000
0	-5.000000	5.000000
0	-20.000000	20.000000
0	-29.000000	29.000000
1	-32.000000	32.000000
0	-29.000000	29.000000
0	-20.000000	20.000000
0	-5.000000	5.000000
0	6.000000	6.000000
0	13.000000	13.000000
0	17.000000	16.031220
0	18.000000	15.297059
0	16.000000	11.661904
0	16.000000	11.661904
0	18.000000	15.297059
0	17.000000	16.031220
0	13.000000	13.000000
0	6.000000	6.000000
0	-5.000000	5.000000
0	-19.000000	20.024984
0	-25.000000	29.171904
1	-23.000000	32.695565
0	-13.000000	31.256999
0	5.000000	26.925824
0	27.000000	22.516660
0	38.000000	21.679483
0	38.000000	20.248457
0	27.000000	20.420578
0	5.000000	29.580399
0	-23.000000	39.962482
1	-42.000000	45.497253
1	-52.000000	43.703547
0	-53.000000	35.594943
0	-45.000000	28.722813
0	-28.000000	30.033315
1	-13.000000	35.057096
0	0.000000	35.580894
0	11.000000	29.681644
0	20.000000	18.708287
0	22.000000	13.114877
0	22.000000	14.628739
0	20.000000	16.309506
0	16.000000	15.033296
0	10.000000	10.000000
0	6.000000	6.000000
0	3.000000	3.000000
0	1.000000	1.000000
0	0.000000	0.000000
0	0.000000	0.000000
0	0.000000	0.000000
0	0.000000	0.000000
0	0.000000	0.000000
0	0.000000	0.000000
0	0.000000	0.000000
0	0.000000	0.000000
0	0.000000	0.000000
0	0.000000	0.000000
0	0.000000	0.000000
0	0.000000	0.000000
0	0.000000	0.000000
0	0.000000	0.000000
0	0.000000	0.000000
0	0.000000	0.000000
0	0.000000	0.000000
0	0.000000	0.000000
0	0.000000	0.000000
0	0.000000	0.000000
0	0.000000	0.000000
0	0.000000	0.000000
0	0.000000	0.000000
0	1.000000	1.000000
0	3.000000	3.000000
0	6.000000	6.000000
0	10.000000	10.000000
0	15.000000	15.000000
0	16.000000	16.000000
0	13.000000	13.000000
0	6.000000	6.000000
0	-5.000000	5.000000
0	-20.000000	20.000000
0	-29.000000	29.000000
1	-32.000000	32.000000
0	-29.000000	29.000000
0	-20.000000	20.000000
0	-5.000000	5.000000
0	6.000000	6.000000
0	13.000000	13.000000
0	16.000000	16.000000
0	15.000000	15.000000
0	10.000000	10.000000
0	6.000000	6.000000
0	3.000000	3.000000
0	1.000000	1.000000
0	0.000000	0.000000
0	0.000000	0.000000
0	0.000000	0.000000
0	0.000000	0.000000
0	0.000000	0.000000
0	0.000000	0.000000
0	0.000000	0.000000
0	0.000000	0.000000
0	0.000000	0.000000
0	0.000000	0.000000
0	0.000000	0.000000
0	0.000000	0.000000
0	0.000000	0.000000
0	0.000000	0.000000
0	0.000000	0.000000
0	0.000000	0.000000
0	0.000000	0.000000
0	0.000000	0.000000
0	0.000000	0.000000
0	0.000000	0.000000
0	0.000000	0.000000
0	0.000000	0.000000
0	0.000000	0.000000
0	0.000000	0.000000
0	0.000000	0.000000
0	0.000000	0.000000
0	0.000000	0.000000
0	0.000000	0.000000
0	0.000000	0.000000
0	0.000000	0.000000
0	0.000000	0.000000
0	0.000000	0.000000
0	0.000000	0.000000
0	0.000000	0.000000
0	0.000000	0.000000
0	0.000000	0.000000
0	0.000000	0.000000
0	0.000000	0.000000
0	0.000000	0.000000
0	0.000000	0.000000
0	0.000000	0.000000
0	0.000000	0.000000
0	0.000000	0.000000
0	0.000000	0.000000
0	0.000000	0.000000
0	0.000000	0.000000
0	0.000000	0.000000
0	0.000000	0.000000
0	0.000000	0.000000
0	0.000000	0.000000
0	0.000000	0.000000
0	0.000000	0.000000
0	0.000000	0.000000
0	0.000000	0.000000
0	0.000000	0.000000
0	0.000000	0.000000
0	0.000000	0.000000
0	0.000000	0.000000
0	0.000000	0.000000
0	0.000000	0.000000
0	0.000000	0.000000
0	0.000000	0.000000
0	0.000000	0.000000
0	0.000000	0.000000
0	0.000000	0.000000
0	0.000000	0.000000
0	0.000000	0.000000
0	0.000000	0.000000
0	0.000000	0.000000
0	0.000000	0.000000
0	1.000000	1.000000
0	3.000000	3.000000
0	6.000000	6.000000
0	10.000000	10.000000
0	15.000000	15.000000
0	16.000000	16.000000
0	13.000000	13.000000
0	6.000000	6.000000
0	-5.000000	5.000000
0	-20.000000	20.000000
0	-29.000000	29.000000
1	-32.000000	32.000000
0	-29.000000	29.000000
0	-20.000000	20.000000
0	-5.000000	5.000000
0	6.000000	6.000000
0	13.000000	13.000000
0	16.000000	16.000000
0	15.000000	15.000000
0	10.000000	10.000000
0	7.000000	6.082763
0	6.000000	4.242641
0	7.000000	6.082763
0	10.000000	10.000000
0	16.000000	15.033296
0	19.000000	16.278821
0	20.000000	14.352700
0	19.000000	12.041595
0	16.000000	16.911535
0	7.000000	27.513633
0	2.000000	35.270384
1	-4.000000	36.769553
0	-11.000000	33.689761
0	-19.000000	32.572995
0	-20.000000	33.911650
1	-24.000000	40.693980
0	-21.000000	44.665423
1	-11.000000	44.777226
0	6.000000	46.540305
0	15.000000	46.314145
1	22.000000	41.976184
0	17.000000	35.482390
0	0.000000	30.099834
0	-29.000000	41.000000
0	-45.000000	55.181519
3	-54.000000	60.049979
0	-51.000000	54.635154
0	-36.000000	38.340579
0	-9.000000	14.177447
0	5.000000	23.345235
0	16.000000	36.959437
1	23.000000	42.766810
0	26.000000	40.199502
0	25.000000	30.413813
0	29.000000	19.723083
0	28.000000	15.231546
0	22.000000	14.422205
0	11.000000	16.763055
0	-4.000000	25.019992
0	-16.000000	30.822070
1	-20.000000	33.105891
0	-16.000000	30.822070
0	-4.000000	25.019992
0	11.000000	16.763055
0	19.000000	14.317821
0	19.000000	14.317821
0	11.000000	16.763055
0	-5.000000	25.000000
0	-19.000000	30.675723
1	-26.000000	32.557641
0	-26.000000	29.154759
0	-19.000000	20.024984
0	-5.000000	5.000000
0	6.000000	6.000000
0	13.000000	13.000000
0	16.000000	16.000000
0	15.000000	15.000000
0	10.000000	10.000000
0	6.000000	6.000000
0	3.000000	3.000000
0	1.000000	1.000000
0	0.000000	0.000000
0	0.000000	0.000000
0	0.000000	0.000000
0	0.000000	0.000000
0	0.000000	0.000000
0	0.000000	0.000000
0	0.000000	0.000000
0	0.000000	0.000000
0	0.000000	0.000000
0	0.000000	0.000000
0	0.000000	0.000000
0	0.000000	0.000000
0	0.000000	0.000000
0	0.000000	0.000000
0	0.000000	0.000000
0	0.000000	0.000000
0	0.000000	0.000000
0	0.000000	0.000000
0	0.000000	0.000000
0	1.000000	1.000000
0	3.000000	3.000000
0	6.000000	6.000000
0	10.000000	10.000000
0	15.000000	15.000000
0	16.000000	16.000000
0	13.000000	13.000000
0	6.000000	6.000000
0	-5.000000	5.000000
0	-20.000000	20.000000
0	-29.000000	29.000000
1	-32.000000	32.000000
0	-29.000000	29.000000
0	-20.000000	20.000000
0	-5.000000	5.000000
0	6.000000	6.000000
0	13.000000	13.000000
0	16.000000	16.000000
0	15.000000	15.000000
0	10.000000	10.000000
0	6.000000	6.000000
0	4.000000	3.162278
0	5.000000	3.316625
0	9.000000	6.708204
0	17.000000	11.704700
0	28.000000	18.275667
0	37.000000	22.737634
0	39.000000	22.912878
0	34.000000	20.736441
0	17.000000	17.804494
0	-12.000000	24.372115
0	-43.000000	35.735137
1	-66.000000	43.474130
1	-81.000000	47.592016
0	-78.000000	45.628938
1	-57.000000	38.065733
0	-28.000000	30.033315
0	-1.000000	24.596748
0	24.000000	21.213203
0	37.000000	22.737634
0	38.000000	22.226111
0	32.000000	19.798990
0	24.000000	16.431677
0	14.000000	10.488088
0	7.000000	6.082763
0	4.000000	3.162278
0	4.000000	3.162278
0	6.000000	6.000000
0	10.000000	10.000000
0	15.000000	15.000000
0	16.000000	16.000000
0	13.000000	13.000000
0	6.000000	6.000000
0	-5.000000	5.000000
0	-20.000000	20.000000
0	-29.000000	29.000000
1	-32.000000	32.000000
0	-28.000000	29.017236
0	-17.000000	20.223748
0	1.000000	7.810250
0	17.000000	11.704700
0	31.000000	20.074860
0	38.000000	23.409400
0	38.000000	22.226111
0	31.000000	19.000000
0	17.000000	17.804494
0	-3.000000	24.062419
0	-19.000000	29.782545
1	-30.000000	32.954514
0	-36.000000	36.742346
0	-28.000000	38.755645
1	-11.000000	37.483330
0	5.000000	35.651087
0	15.000000	29.342802
0	19.000000	21.794495
0	8.000000	26.419690
0	-8.000000	33.823069
1	-24.000000	41.856899
0	-30.000000	44.899889
1	-26.000000	41.833001
0	-12.000000	34.029399
0	2.000000	24.779023
0	15.000000	15.198684
0	17.000000	17.804494
0	8.000000	28.178006
0	-3.000000	34.597688
1	-10.000000	35.860842
0	-13.000000	30.967725
0	-7.000000	21.748563
0	9.000000	11.618950
0	25.000000	16.462078
0	35.000000	21.470911
0	39.000000	22.912878
0	36.000000	22.045408
0	21.000000	19.519221
0	-1.000000	24.596748
0	-20.000000	29.765752
1	-36.000000	32.403703
0	-49.000000	35.227830
0	-49.000000	35.227830
1	-36.000000	32.403703
0	-20.000000	29.765752
0	-1.000000	24.596748
0	21.000000	19.519221
0	36.000000	22.045408
0	40.000000	22.934690
0	38.000000	21.679483
0	30.000000	17.492856
0	16.000000	15.033296
0	1.000000	25.709920
0	-10.000000	33.256578
1	-18.000000	34.554305
0	-23.000000	29.614186
0	-25.000000	20.615528
0	-25.000000	20.615528
0	-23.000000	29.614186
1	-19.000000	34.539832
0	-12.000000	33.136083
0	-2.000000	25.179357
0	11.000000	12.688578
0	22.000000	13.114877
0	31.000000	20.074860
0	33.000000	22.649503
0	28.000000	19.849433
0	16.000000	11.661904
0	1.000000	7.810250
0	-17.000000	20.223748
0	-28.000000	29.017236
1	-32.000000	32.000000
0	-29.000000	29.000000
0	-20.000000	20.000000
0	-5.000000	5.000000
0	6.000000	6.000000
0	13.000000	13.000000
0	17.000000	16.031220
0	18.000000	15.297059
0	16.000000	11.661904
0	17.000000	11.704700
0	21.000000	15.588457
0	23.000000	17.117243
0	23.000000	16.401219
0	21.000000	16.155494
0	11.000000	16.763055
0	-7.000000	23.853721
0	-23.000000	29.614186
1	-37.000000	32.388269
0	-49.000000	35.227830
0	-49.000000	35.227830
1	-37.000000	32.388269
0	-23.000000	29.614186
0	-7.000000	23.853721
0	11.000000	16.763055
0	21.000000	16.155494
0	23.000000	16.401219
0	22.000000	17.088007
0	18.000000	15.297059
0	12.000000	10.099505
0	9.000000	6.708204
0	9.000000	6.708204
0	11.000000	10.049876
0	15.000000	15.000000
0	16.000000	16.000000
0	13.000000	13.000000
0	6.000000	6.000000
0	-5.000000	5.000000
0	-20.000000	20.000000
0	-29.000000	29.000000
1	-32.000000	32.000000
0	-29.000000	29.000000
0	-20.000000	20.000000
0	-5.000000	5.000000
0	6.000000	6.000000
0	13.000000	13.000000
0	16.000000	16.000000
0	15.000000	15.000000
0	10.000000	10.000000
0	6.000000	6.000000
0	3.000000	3.000000
0	1.000000	1.000000
0	0.000000	0.000000
0	0.000000	0.000000
0	0.000000	0.000000
0	1.000000	1.000000
0	3.000000	3.000000
0	6.000000	6.000000
0	10.000000	10.000000
0	15.000000	15.000000
0	16.000000	16.000000
0	13.000000	13.000000
0	6.000000	6.000000
0	-5.000000	5.000000
0	-20.000000	20.000000
0	-29.000000	29.000000
1	-31.000000	32.015621
0	-26.000000	29.154759
0	-14.000000	20.880613
0	5.000000	11.180340
0	21.000000	16.155494
0	29.000000	20.615528
0	29.000000	20.615528
0	21.000000	16.155494
0	5.000000	11.180340
0	-14.000000	20.880613
0	-26.000000	29.154759
1	-31.000000	32.015621
0	-29.000000	29.000000
0	-20.000000	20.000000
0	-5.000000	5.000000
0	6.000000	6.000000
0	13.000000	13.000000
0	16.000000	16.000000
0	15.000000	15.000000
0	10.000000	10.000000
0	6.000000	6.000000
0	4.000000	3.162278
0	4.000000	3.162278
0	6.000000	6.000000
0	10.000000	10.000000
0	15.000000	15.000000
0	16.000000	16.000000
0	13.000000	13.000000
0	6.000000	6.000000
0	-5.000000	5.000000
0	-20.000000	20.000000
0	-29.000000	29.000000
1	-31.000000	32.015621
0	-26.000000	29.154759
0	-14.000000	20.880613
0	5.000000	11.180340
0	21.000000	16.155494
0	29.000000	20.615528
0	29.000000	20.615528
0	21.000000	16.155494
0	5.000000	11.180340
0	-14.000000	20.880613
0	-26.000000	29.154759
1	-31.000000	32.015621
0	-29.000000	29.000000
0	-20.000000	20.000000
0	-5.000000	5.000000
0	7.000000	6.082763
0	16.000000	13.341664
0	22.000000	17.088007
0	25.000000	18.027756
0	25.000000	18.027756
0	22.000000	17.088007
0	16.000000	13.341664
0	7.000000	6.082763
0	-5.000000	5.000000
0	-20.000000	20.000000
0	-29.000000	29.000000
1	-32.000000	32.000000
0	-29.000000	29.000000
0	-19.000000	20.024984
0	-2.000000	5.830952
0	12.000000	8.485281
0	23.000000	16.401219
0	31.000000	21.931712
0	31.000000	21.931712
0	23.000000	16.401219
0	12.000000	8.485281
0	-2.000000	5.830952
0	-19.000000	20.024984
0	-29.000000	29.000000
1	-32.000000	32.000000
0	-29.000000	29.000000
0	-20.000000	20.000000
0	-5.000000	5.000000
0	6.000000	6.000000
0	13.000000	13.000000
0	16.000000	16.000000
0	15.000000	15.000000
0	10.000000	10.000000
0	6.000000	6.000000
0	3.000000	3.000000
0	1.000000	1.000000
0	0.000000	0.000000
0	0.000000	0.000000
0	0.000000	0.000000
0	0.000000	0.000000
0	0.000000	0.000000
0	0.000000	0.000000
0	0.000000	0.000000
0	1.000000	1.000000
0	3.000000	3.000000
0	6.000000	6.000000
0	10.000000	10.000000
0	15.000000	15.000000
0	16.000000	16.000000
0	13.000000	13.000000
0	6.000000	6.000000
0	-5.000000	5.000000
0	-20.000000	20.000000
0	-27.000000	29.034462
1	-26.000000	32.280025
0	-17.000000	30.215890
0	0.000000	24.494897
0	25.000000	21.794495
0	38.000000	23.409400
0	39.000000	22.516660
0	28.000000	18.110770
0	6.000000	16.613248
0	-27.000000	30.149627
0	-46.000000	41.880783
2	-51.000000	46.443514
0	-42.000000	43.680659
0	-24.000000	32.496154
0	3.000000	14.798649
0	18.000000	10.392305
0	21.000000	19.052559
0	14.000000	30.232433
0	7.000000	36.180105
1	0.000000	36.000000
0	3.000000	33.361655
0	16.000000	29.461840
0	29.000000	23.216374
0	32.000000	19.339080
0	25.000000	15.524175
0	6.000000	17.492856
0	-25.000000	32.015621
0	-47.000000	42.225585
2	-55.000000	45.749317
0	-49.000000	41.557190
0	-29.000000	30.016662
0	5.000000	16.583124
0	28.000000	18.110770
0	39.000000	22.516660
0	39.000000	23.430749
0	28.000000	22.000000
0	6.000000	25.219040
0	-7.000000	31.827661
1	-11.000000	35.594943
0	-11.000000	33.151169
0	-7.000000	23.853721
0	2.000000	7.874008
0	4.000000	8.366600
0	-1.000000	24.596748
0	-2.000000	34.612137
1	1.000000	38.509739
0	3.000000	35.114100
0	9.000000	26.551836
0	19.000000	17.175564
0	18.000000	17.832555
0	6.000000	27.166155
0	-7.000000	33.660065
1	-22.000000	35.693137
0	-38.000000	36.633318
0	-40.000000	35.860842
1	-27.000000	33.090784
0	-9.000000	31.416556
0	14.000000	28.809721
0	38.000000	25.258662
0	52.000000	25.768197
0	52.000000	24.454039
0	43.000000	24.392622
0	26.000000	30.528675
0	6.000000	36.496575
1	-12.000000	43.474130
0	-23.000000	45.639895
1	-28.000000	42.941821
0	-32.000000	39.471509
0	-34.000000	38.366652
1	-35.000000	40.779897
0	-35.000000	45.110974
1	-34.000000	48.145612
0	-22.000000	47.833043
1	-9.000000	44.463468
0	5.000000	36.235342
0	15.000000	27.658633
0	21.000000	21.283797
0	13.000000	28.160256
0	5.000000	35.651087
1	-3.000000	37.269290
0	-7.000000	33.211444
0	-7.000000	22.561028
0	2.000000	7.874008
0	9.000000	6.708204
0	14.000000	13.038405
0	16.000000	16.000000
0	15.000000	15.000000
0	10.000000	10.000000
0	6.000000	6.000000
0	3.000000	3.000000
0	1.000000	1.000000
0	0.000000	0.000000
0	0.000000	0.000000
0	0.000000	0.000000
0	0.000000	0.000000
0	0.000000	0.000000
0	0.000000	0.000000
0	0.000000	0.000000
0	0.000000	0.000000
0	0.000000	0.000000
0	0.000000	0.000000
0	0.000000	0.000000
0	0.000000	0.000000
0	0.000000	0.000000
0	0.000000	0.000000
0	0.000000	0.000000
0	0.000000	0.000000
0	0.000000	0.000000
0	0.000000	0.000000
0	0.000000	0.000000
0	0.000000	0.000000
0	0.000000	0.000000
0	0.000000	0.000000
0	0.000000	0.000000
0	0.000000	0.000000
0	0.000000	0.000000
0	0.000000	0.000000
0	0.000000	0.000000
0	0.000000	0.000000
0	0.000000	0.000000
0	0.000000	0.000000
0	0.000000	0.000000
0	0.000000	0.000000
0	0.000000	0.000000
0	0.000000	0.000000
0	0.000000	0.000000
0	0.000000	0.000000
0	0.000000	0.000000
0	0.000000	0.000000
0	0.000000	0.000000
0	0.000000	0.000000
0	0.000000	0.000000
0	0.000000	0.000000
0	0.000000	0.000000
0	0.000000	0.000000
0	1.000000	1.000000
0	3.000000	3.000000
0	6.000000	6.000000
0	10.000000	10.000000
0	15.000000	15.000000
0	16.000000	16.000000
0	14.000000	13.038405
0	10.000000	6.782330
0	4.000000	8.366600
0	-4.000000	23.151674
0	-4.000000	34.146742
1	-1.000000	38.794329
0	0.000000	35.580894
0	-1.000000	24.596748
0	-4.000000	9.273618
0	-19.000000	21.470911
0	-36.000000	37.549967
1	-45.000000	46.054316
1	-46.000000	45.716518
0	-39.000000	36.619667
0	-19.000000	21.470911
0	4.000000	8.366600
0	20.000000	14.352700
0	29.000000	20.615528
0	31.000000	21.931712
0	25.000000	18.027756
0	16.000000	11.661904
0	9.000000	6.708204
0	4.000000	3.162278
0	1.000000	1.000000
0	0.000000	0.000000
0	0.000000	0.000000
0	0.000000	0.000000
0	0.000000	0.000000
0	0.000000	0.000000
0	0.000000	0.000000
0	0.000000	0.000000
0	0.000000	0.000000
0	0.000000	0.000000
0	0.000000	0.000000
0	0.000000	0.000000
0	0.000000	0.000000
0	0.000000	0.000000
0	0.000000	0.000000
0	0.000000	0.000000
0	0.000000	0.000000
0	0.000000	0.000000
0	0.000000	0.000000
0	0.000000	0.000000
0	0.000000	0.000000
0	0.000000	0.000000
0	0.000000	0.000000
0	0.000000	0.000000
0	0.000000	0.000000
0	0.000000	0.000000
0	0.000000	0.000000
0	0.000000	0.000000
0	0.000000	0.000000
0	0.000000	0.000000
0	0.000000	0.000000
0	0.000000	0.000000
0	0.000000	0.000000
0	0.000000	0.000000
0	0.000000	0.000000
0	0.000000	0.000000
0	0.000000	0.000000
0	0.000000	0.000000
0	0.000000	0.000000
0	0.000000	0.000000
0	0.000000	0.000000
0	0.000000	0.000000
0	0.000000	0.000000
0	0.000000	0.000000
0	0.000000	0.000000
0	0.000000	0.000000
0	0.000000	0.000000
0	0.000000	0.000000
0	0.000000	0.000000
0	0.000000	0.000000
0	0.000000	0.000000
0	0.000000	0.000000
0	0.000000	0.000000
0	0.000000	0.000000
0	0.000000	0.000000
0	0.000000	0.000000
0	0.000000	0.000000
0	0.000000	0.000000
0	0.000000	0.000000
0	0.000000	0.000000
0	0.000000	0.000000
0	0.000000	0.000000
0	0.000000	0.000000
0	1.000000	1.000000
0	3.000000	3.000000
0	6.000000	6.000000
0	10.000000	10.000000
0	15.000000	15.000000
0	16.000000	16.000000
0	13.000000	13.000000
0	6.000000	6.000000
0	-5.000000	5.000000
0	-20.000000	20.000000
0	-29.000000	29.000000
1	-32.000000	32.000000
0	-29.000000	29.000000
0	-20.000000	20.000000
0	-5.000000	5.000000
0	6.000000	6.000000
0	13.000000	13.000000
0	16.000000	16.000000
0	15.000000	15.000000
0	10.000000	10.000000
0	7.000000	6.082763
0	6.000000	4.242641
0	8.000000	6.164414
0	14.000000	10.488088
0	24.000000	16.431677
0	32.000000	19.798990
0	38.000000	22.226111
0	37.000000	22.737634
0	24.000000	21.213203
0	-1.000000	24.596748
0	-28.000000	30.033315
1	-57.000000	38.065733
0	-78.000000	45.628938
1	-81.000000	47.592016
1	-66.000000	43.474130
0	-43.000000	35.735137
0	-12.000000	24.372115
0	17.000000	17.804494
0	34.000000	20.736441
0	39.000000	22.912878
0	37.000000	22.737634
0	28.000000	18.275667
0	17.000000	11.704700
0	10.000000	6.782330
0	7.000000	4.358899
0	7.000000	6.082763
0	10.000000	10.000000
0	15.000000	15.000000
0	16.000000	16.000000
0	13.000000	13.000000
0	6.000000	6.000000
0	-5.000000	5.000000
0	-20.000000	20.000000
0	-29.000000	29.000000
1	-32.000000	32.000000
0	-29.000000	29.000000
0	-20.000000	20.000000
0	-5.000000	5.000000
0	6.000000	6.000000
0	13.000000	13.000000
0	16.000000	16.000000
0	15.000000	15.000000
0	10.000000	10.000000
0	6.000000	6.000000
0	3.000000	3.000000
0	1.000000	1.000000
0	0.000000	0.000000
0	0.000000	0.000000
0	0.000000	0.000000
0	0.000000	0.000000
0	0.000000	0.000000
0	0.000000	0.000000
0	0.000000	0.000000
0	0.000000	0.000000
0	0.000000	0.000000
0	0.000000	0.000000
0	0.000000	0.000000
0	0.000000	0.000000
0	0.000000	0.000000
0	0.000000	0.000000
0	0.000000	0.000000
0	0.000000	0.000000
0	0.000000	0.000000
0	0.000000	0.000000
0	0.000000	0.000000
0	0.000000	0.000000
0	0.000000	0.000000
0	0.000000	0.000000
0	0.000000	0.000000
0	0.000000	0.000000
0	0.000000	0.000000
0	0.000000	0.000000
0	0.000000	0.000000
0	0.000000	0.000000
0	0.000000	0.000000
0	0.000000	0.000000
0	0.000000	0.000000
0	2.000000	1.414214
0	6.000000	4.242641
0	12.000000	8.485281
0	20.000000	14.142136
0	30.000000	21.213203
0	32.000000	22.627417
0	26.000000	18.384776
0	12.000000	8.485281
0	-10.000000	7.071068
0	-40.000000	28.284271
0	-58.000000	41.012193
2	-64.000000	45.254834
0	-58.000000	41.012193
0	-40.000000	28.284271
0	-10.000000	7.071068
0	12.000000	8.485281
0	26.000000	18.384776
0	32.000000	22.627417
0	30.000000	21.213203
0	20.000000	14.142136
0	12.000000	8.485281
0	6.000000	4.242641
0	2.000000	1.414214
0	0.000000	0.000000
0	0.000000	0.000000
0	0.000000	0.000000
0	0.000000	0.000000
0	0.000000	0.000000
0	0.000000	0.000000
0	0.000000	0.000000
0	0.000000	0.000000
0	0.000000	0.000000
0	0.000000	0.000000
0	0.000000	0.000000
0	0.000000	0.000000
0	0.000000	0.000000
0	0.000000	0.000000
0	0.000000	0.000000
0	0.000000	0.000000
0	1.000000	1.000000
0	3.000000	3.000000
0	6.000000	6.000000
0	10.000000	10.000000
0	15.000000	15.000000
0	16.000000	16.000000
0	13.000000	13.000000
0	6.000000	6.000000
0	-5.000000	5.000000
0	-20.000000	20.000000
0	-29.000000	29.000000
1	-32.000000	32.000000
0	-29.000000	29.000000
0	-20.000000	20.000000
0	-5.000000	5.000000
0	6.000000	6.000000
0	13.000000	13.000000
0	16.000000	16.000000
0	15.000000	15.000000
0	10.000000	10.000000
0	7.000000	6.082763
0	6.000000	4.242641
0	7.000000	6.082763
0	10.000000	10.000000
0	15.000000	15.000000
0	17.000000	16.031220
0	16.000000	13.341664
0	12.000000	8.485281
0	5.000000	11.180340
0	-5.000000	25.000000
0	-13.000000	33.120990
1	-19.000000	34.539832
0	-23.000000	29.614186
0	-25.000000	20.615528
0	-25.000000	20.615528
0	-23.000000	29.614186
1	-19.000000	34.539832
0	-13.000000	33.120990
0	-5.000000	25.000000
0	5.000000	11.180340
0	12.000000	8.485281
0	16.000000	13.341664
0	17.000000	16.031220
0	16.000000	15.033296
0	13.000000	10.440307
0	12.000000	8.485281
0	13.000000	10.440307
0	16.000000	15.033296
0	16.000000	16.000000
0	14.000000	13.038405
0	9.000000	6.708204
0	1.000000	7.810250
0	-10.000000	22.360680
0	-14.000000	32.649655
1	-16.000000	35.777088
0	-16.000000	31.780497
0	-14.000000	20.880613
0	-10.000000	7.071068
0	-14.000000	20.880613
0	-16.000000	31.780497
1	-16.000000	35.777088
0	-14.000000	32.649655
0	-10.000000	22.360680
0	1.000000	7.810250
0	9.000000	6.708204
0	14.000000	13.038405
0	16.000000	16.000000
0	15.000000	15.000000
0	11.000000	10.049876
0	9.000000	6.708204
0	9.000000	6.708204
0	11.000000	10.049876
0	15.000000	15.000000
0	16.000000	16.000000
0	13.000000	13.000000
0	6.000000	6.000000
0	-4.000000	5.099020
0	-17.000000	20.223748
0	-23.000000	29.614186
1	-22.000000	33.526109
0	-14.000000	32.649655
0	-4.000000	25.612497
0	8.000000	13.928388
0	12.000000	8.485281
0	8.000000	13.928388
0	-4.000000	25.612497
0	-14.000000	32.649655
1	-21.000000	33.541020
0	-20.000000	29.765752
0	-11.000000	21.095023
0	7.000000	11.269428
0	24.000000	16.431677
0	35.000000	21.470911
0	39.000000	22.912878
0	36.000000	22.045408
0	21.000000	19.519221
0	-1.000000	24.596748
0	-20.000000	29.765752
1	-35.000000	32.419130
0	-46.000000	35.355339
0	-42.000000	35.749126
1	-24.000000	34.029399
0	-2.000000	33.734256
0	19.000000	30.413813
0	39.000000	25.980762
0	43.000000	23.515952
0	31.000000	21.517435
0	8.000000	26.981475
0	-16.000000	33.166248
1	-41.000000	39.051248
0	-52.000000	41.448764
1	-49.000000	37.854986
0	-33.000000	29.444864
0	-13.000000	20.904545
0	11.000000	14.247807
0	28.000000	18.110770
0	38.000000	22.226111
0	41.000000	24.103942
0	37.000000	22.737634
0	26.000000	16.673332
0	14.000000	8.602325
0	1.000000	6.557439
0	-13.000000	20.904545
0	-19.000000	30.675723
1	-17.000000	35.341194
0	-13.000000	33.120990
0	-7.000000	23.853721
0	2.000000	7.874008
0	4.000000	8.366600
0	-1.000000	24.596748
0	-3.000000	34.597688
1	-2.000000	38.392708
0	-3.000000	34.597688
0	-1.000000	24.596748
0	5.000000	8.426150
0	5.000000	8.426150
0	-1.000000	24.596748
0	-3.000000	34.597688
1	-2.000000	38.392708
0	-3.000000	34.597688
0	-1.000000	24.596748
0	4.000000	8.366600
0	2.000000	7.874008
0	-7.000000	23.853721
0	-13.000000	33.120990
1	-17.000000	35.341194
0	-19.000000	30.675723
0	-14.000000	20.880613
0	-2.000000	5.830952
0	7.000000	6.082763
0	13.000000	13.000000
0	16.000000	16.000000
0	15.000000	15.000000
0	10.000000	10.000000
0	6.000000	6.000000
0	3.000000	3.000000
0	1.000000	1.000000
0	0.000000	0.000000
0	0.000000	0.000000
0	0.000000	0.000000
0	0.000000	0.000000
0	0.000000	0.000000
0	0.000000	0.000000
0	0.000000	0.000000
0	0.000000	0.000000
0	0.000000	0.000000
0	0.000000	0.000000
0	0.000000	0.000000
0	0.000000	0.000000
0	0.000000	0.000000
0	0.000000	0.000000
0	0.000000	0.000000
0	0.000000	0.000000
0	0.000000	0.000000
0	0.000000	0.000000
0	0.000000	0.000000
0	0.000000	0.000000
0	0.000000	0.000000
0	0.000000	0.000000
0	0.000000	0.000000
0	0.000000	0.000000
0	0.000000	0.000000
0	0.000000	0.000000
0	0.000000	0.000000
0	0.000000	0.000000
0	0.000000	0.000000
0	0.000000	0.000000
0	0.000000	0.000000
0	0.000000	0.000000
0	0.000000	0.000000
0	0.000000	0.000000
0	0.000000	0.000000
0	0.000000	0.000000
0	0.000000	0.000000
0	0.000000	0.000000
0	0.000000	0.000000
0	1.000000	1.000000
0	3.000000	3.000000
0	6.000000	6.000000
0	10.000000	10.000000
0	15.000000	15.000000
0	16.000000	16.000000
0	13.000000	13.000000
0	6.000000	6.000000
0	-5.000000	5.000000
0	-20.000000	20.000000
0	-29.000000	29.000000
1	-32.000000	32.000000
0	-28.000000	29.017236
0	-17.000000	20.223748
0	1.000000	7.810250
0	16.000000	11.661904
0	28.000000	19.849433
0	32.000000	22.627417
0	28.000000	19.849433
0	16.000000	11.661904
0	1.000000	7.810250
0	-17.000000	20.223748
0	-28.000000	29.017236
1	-32.000000	32.000000
0	-29.000000	29.000000
0	-20.000000	20.000000
0	-5.000000	5.000000
0	6.000000	6.000000
0	13.000000	13.000000
0	16.000000	16.000000
0	15.000000	15.000000
0	10.000000	10.000000
0	6.000000	6.000000
0	3.000000	3.000000
0	1.000000	1.000000
0	0.000000	0.000000
0	0.000000	0.000000
0	0.000000	0.000000
0	0.000000	0.000000
0	0.000000	0.000000
0	0.000000	0.000000
0	0.000000	0.000000
0	0.000000	0.000000
0	0.000000	0.000000
0	0.000000	0.000000
0	0.000000	0.000000
0	0.000000	0.000000
0	0.000000	0.000000
0	0.000000	0.000000
0	0.000000	0.000000
0	0.000000	0.000000
0	0.000000	0.000000
0	0.000000	0.000000
0	0.000000	0.000000
0	0.000000	0.000000
0	0.000000	0.000000
0	0.000000	0.000000
0	0.000000	0.000000
0	0.000000	0.000000
0	0.000000	0.000000
0	0.000000	0.000000
0	0.000000	0.000000
0	0.000000	0.000000
0	0.000000	0.000000
0	0.000000	0.000000
0	0.000000	0.000000
0	0.000000	0.000000
0	0.000000	0.000000
0	0.000000	0.000000
0	0.000000	0.000000
0	0.000000	0.000000
0	0.000000	0.000000
0	0.000000	0.000000
0	0.000000	0.000000
0	1.000000	1.000000
0	3.000000	3.000000
0	6.000000	6.000000
0	10.000000	10.000000
0	15.000000	15.000000
0	16.000000	16.000000
0	13.000000	13.000000
0	6.000000	6.000000
0	-5.000000	5.000000
0	-20.000000	20.000000
0	-29.000000	29.000000
1	-32.000000	32.000000
0	-29.000000	29.000000
0	-20.000000	20.000000
0	-5.000000	5.000000
0	6.000000	6.000000
0	13.000000	13.000000
0	16.000000	16.000000
0	15.000000	15.000000
0	10.000000	10.000000
0	6.000000	6.000000
0	3.000000	3.000000
0	1.000000	1.000000
0	0.000000	0.000000
0	0.000000	0.000000
0	0.000000	0.000000
0	0.000000	0.000000
0	0.000000	0.000000
0	0.000000	0.000000
0	0.000000	0.000000
0	0.000000	0.000000
0	0.000000	0.000000
0	0.000000	0.000000
0	0.000000	0.000000
0	0.000000	0.000000
0	0.000000	0.000000
0	0.000000	0.000000
0	0.000000	0.000000
0	0.000000	0.000000
0	0.000000	0.000000
0	0.000000	0.000000
0	0.000000	0.000000
0	0.000000	0.000000
0	0.000000	0.000000
0	0.000000	0.000000
0	0.000000	0.000000
0	0.000000	0.000000
0	0.000000	0.000000
0	0.000000	0.000000
0	0.000000	0.000000
0	0.000000	0.000000
0	0.000000	0.000000
0	0.000000	0.000000
0	0.000000	0.000000
0	2.000000	1.414214
0	6.000000	4.242641
0	12.000000	8.485281
0	20.000000	14.142136
0	30.000000	21.213203
0	32.000000	22.627417
0	26.000000	18.384776
0	13.000000	8.544004
0	-7.000000	7.681146
0	-34.000000	28.913665
0	-48.000000	42.213742
2	-49.000000	47.675990
0	-42.000000	44.022721
0	-27.000000	31.128765
0	-4.000000	9.273618
0	7.000000	9.848858
0	6.000000	27.166155
0	3.000000	36.783148
1	-2.000000	38.392708
0	-9.000000	32.264532
0	-8.000000	21.725561
0	2.000000	6.633250
0	12.000000	6.928203
0	22.000000	14.628739
0	32.000000	19.798990
0	40.000000	23.452079
0	42.000000	24.124676
0	38.000000	21.679483
0	28.000000	15.811388
0	12.000000	12.727922
0	-10.000000	25.495098
0	-33.000000	38.691084
1	-47.000000	45.110974
1	-52.000000	43.703547
0	-48.000000	36.083237
0	-35.000000	30.413813
0	-13.000000	33.570821
1	3.000000	38.535698
0	13.000000	37.881394
0	17.000000	30.282008
0	15.000000	19.364917
0	2.000000	23.916521
0	-7.000000	32.480764
1	-12.000000	35.916570
0	-13.000000	32.664966
0	-10.000000	22.360680
0	1.000000	7.810250
0	9.000000	6.708204
0	14.000000	13.038405
0	16.000000	16.000000
0	16.000000	15.033296
0	13.000000	10.440307
0	12.000000	8.485281
0	13.000000	10.440307
0	16.000000	15.033296
0	16.000000	16.000000
0	13.000000	13.000000
0	6.000000	6.000000
0	-5.000000	5.000000
0	-19.000000	20.024984
0	-26.000000	29.154759
1	-26.000000	32.557641
0	-19.000000	30.675723
0	-5.000000	25.000000
0	11.000000	16.763055
0	19.000000	14.317821
0	19.000000	14.317821
0	11.000000	16.763055
0	-5.000000	25.000000
0	-19.000000	30.675723
1	-26.000000	32.557641
0	-26.000000	29.154759
0	-19.000000	20.024984
0	-5.000000	5.000000
0	6.000000	6.000000
0	13.000000	13.000000
0	16.000000	16.000000
0	15.000000	15.000000
0	10.000000	10.000000
0	6.000000	6.000000
0	3.000000	3.000000
0	1.000000	1.000000
0	0.000000	0.000000
0	0.000000	0.000000
0	0.000000	0.000000
0	0.000000	0.000000
0	0.000000	0.000000
0	0.000000	0.000000
0	0.000000	0.000000
0	0.000000	0.000000
0	0.000000	0.000000
0	0.000000	0.000000
0	0.000000	0.000000
0	0.000000	0.000000
0	0.000000	0.000000
0	0.000000	0.000000
0	0.000000	0.000000
0	0.000000	0.000000
0	0.000000	0.000000
0	0.000000	0.000000
0	0.000000	0.000000
0	0.000000	0.000000
0	0.000000	0.000000
0	0.000000	0.000000
0	0.000000	0.000000
0	0.000000	0.000000
0	0.000000	0.000000
0	0.000000	0.000000
0	0.000000	0.000000
0	0.000000	0.000000
0	0.000000	0.000000
0	0.000000	0.000000
0	0.000000	0.000000
0	0.000000	0.000000
0	0.000000	0.000000
0	0.000000	0.000000
0	1.000000	1.000000
0	3.000000	3.000000
0	6.000000	6.000000
0	10.000000	10.000000
0	15.000000	15.000000
0	17.000000	16.031220
0	16.000000	13.341664
0	12.000000	8.485281
0	5.000000	11.180340
0	-5.000000	25.000000
0	-13.000000	33.120990
1	-19.000000	34.539832
0	-23.000000	29.614186
0	-25.000000	20.615528
0	-25.000000	20.615528
0	-23.000000	29.614186
1	-18.000000	34.554305
0	-10.000000	33.256578
0	1.000000	25.709920
0	16.000000	15.033296
0	30.000000	17.492856
0	38.000000	21.679483
0	40.000000	22.934690
0	36.000000	22.045408
0	21.000000	19.519221
0	-1.000000	24.596748
0	-20.000000	29.765752
1	-36.000000	32.403703
0	-48.000000	35.242020
0	-46.000000	35.355339
1	-31.000000	32.939338
0	-13.000000	31.256999
0	8.000000	28.178006
0	27.000000	23.173260
0	34.000000	20.736441
0	29.000000	17.464249
0	17.000000	17.804494
0	-2.000000	25.179357
0	-18.000000	30.692019
1	-26.000000	32.557641
0	-26.000000	29.154759
0	-19.000000	20.024984
0	-5.000000	5.000000
0	6.000000	6.000000
0	14.000000	13.038405
0	19.000000	16.278821
0	21.000000	16.155494
0	20.000000	14.142136
0	21.000000	16.155494
0	19.000000	16.278821
0	14.000000	13.038405
0	6.000000	6.000000
0	-4.000000	5.099020
0	-17.000000	20.223748
0	-23.000000	29.614186
1	-21.000000	33.541020
0	-11.000000	32.787193
0	2.000000	26.305893
0	18.000000	17.146428
0	28.000000	17.262677
0	27.000000	21.424285
0	15.000000	29.342802
0	2.000000	34.669872
1	-12.000000	37.067506
0	-26.000000	39.166312
0	-30.000000	37.788887
1	-24.000000	33.496268
0	-18.000000	31.654384
0	-12.000000	34.554305
0	-2.000000	37.121422
1	2.000000	38.131352
0	0.000000	33.852622
0	-3.000000	26.776856
0	-7.000000	25.670995
0	-12.000000	31.272992
1	-13.000000	35.057096
0	-10.000000	33.256578
0	-4.000000	25.019992
0	5.000000	11.180340
0	12.000000	8.485281
0	16.000000	13.341664
0	17.000000	16.031220
0	15.000000	15.000000
0	10.000000	10.000000
0	6.000000	6.000000
0	3.000000	3.000000
0	1.000000	1.000000
0	0.000000	0.000000
0	0.000000	0.000000
0	0.000000	0.000000
0	0.000000	0.000000
0	0.000000	0.000000
0	0.000000	0.000000
0	0.000000	0.000000
0	0.000000	0.000000
0	0.000000	0.000000
0	0.000000	0.000000
0	0.000000	0.000000
0	0.000000	0.000000
0	0.000000	0.000000
0	0.000000	0.000000
0	0.000000	0.000000
0	0.000000	0.000000
0	0.000000	0.000000
0	0.000000	0.000000
0	0.000000	0.000000
0	0.000000	0.000000
0	0.000000	0.000000
0	0.000000	0.000000
0	0.000000	0.000000
0	0.000000	0.000000
0	0.000000	0.000000
0	0.000000	0.000000
0	0.000000	0.000000
0	0.000000	0.000000
0	0.000000	0.000000
0	0.000000	0.000000
0	0.000000	0.000000
0	0.000000	0.000000
0	0.000000	0.000000
0	0.000000	0.000000
0	0.000000	0.000000
0	0.000000	0.000000
0	0.000000	0.000000
0	0.000000	0.000000
0	0.000000	0.000000
0	2.000000	1.414214
0	6.000000	4.242641
0	12.000000	8.485281
0	20.000000	14.142136
0	30.000000	21.213203
0	32.000000	22.627417
0	26.000000	18.384776
0	12.000000	8.485281
0	-10.000000	7.071068
0	-40.000000	28.284271
0	-58.000000	41.012193
2	-64.000000	45.254834
0	-58.000000	41.012193
0	-40.000000	28.284271
0	-10.000000	7.071068
0	12.000000	8.485281
0	26.000000	18.384776
0	32.000000	22.627417
0	30.000000	21.213203
0	20.000000	14.142136
0	12.000000	8.485281
0	6.000000	4.242641
0	2.000000	1.414214
0	0.000000	0.000000
0	0.000000	0.000000
0	0.000000	0.000000
0	0.000000	0.000000
0	0.000000	0.000000
0	0.000000	0.000000
0	0.000000	0.000000
0	0.000000	0.000000
0	0.000000	0.000000
0	0.000000	0.000000
0	0.000000	0.000000
0	0.000000	0.000000
0	1.000000	1.000000
0	3.000000	3.000000
0	6.000000	6.000000
0	10.000000	10.000000
0	15.000000	15.000000
0	16.000000	16.000000
0	13.000000	13.000000
0	6.000000	6.000000
0	-5.000000	5.000000
0	-20.000000	20.000000
0	-29.000000	29.000000
1	-32.000000	32.000000
0	-29.000000	29.000000
0	-20.000000	20.000000
0	-5.000000	5.000000
0	6.000000	6.000000
0	13.000000	13.000000
0	16.000000	16.000000
0	15.000000	15.000000
0	10.000000	10.000000
0	6.000000	6.000000
0	3.000000	3.000000
0	1.000000	1.000000
0	0.000000	0.000000
0	0.000000	0.000000
0	0.000000	0.000000
0	0.000000	0.000000
0	0.000000	0.000000
0	0.000000	0.000000
0	0.000000	0.000000
0	0.000000	0.000000
0	0.000000	0.000000
0	0.000000	0.000000
0	0.000000	0.000000
0	0.000000	0.000000
0	1.000000	1.000000
0	3.000000	3.000000
0	6.000000	6.000000
0	10.000000	10.000000
0	15.000000	15.000000
0	16.000000	16.000000
0	13.000000	13.000000
0	6.000000	6.000000
0	-5.000000	5.000000
0	-20.000000	20.000000
0	-29.000000	29.000000
1	-32.000000	32.000000
0	-29.000000	29.000000
0	-20.000000	20.000000
0	-5.000000	5.000000
0	6.000000	6.000000
0	13.000000	13.000000
0	17.000000	16.031220
0	18.000000	15.297059
0	17.000000	11.704700
0	19.000000	12.041595
0	24.000000	16.431677
0	27.000000	18.894444
0	29.000000	19.874607
0	25.000000	17.349352
0	14.000000	15.165751
0	-4.000000	23.151674
0	-19.000000	33.030289
1	-36.000000	40.987803
0	-45.000000	43.023250
1	-46.000000	38.209946
0	-39.000000	29.849623
0	-34.000000	28.913665
0	-21.000000	32.171416
1	-10.000000	36.276714
0	-1.000000	35.142567
0	6.000000	27.495454
0	16.000000	16.911535
0	19.000000	12.041595
0	20.000000	14.352700
0	19.000000	16.278821
0	16.000000	15.033296
0	10.000000	10.000000
0	6.000000	6.000000
0	3.000000	3.000000
0	1.000000	1.000000
0	0.000000	0.000000
0	0.000000	0.000000
0	0.000000	0.000000
0	1.000000	1.000000
0	3.000000	3.000000
0	6.000000	6.000000
0	11.000000	10.049876
0	18.000000	15.297059
0	22.000000	17.088007
0	23.000000	16.401219
0	21.000000	16.155494
0	11.000000	16.763055
0	-7.000000	23.853721
0	-23.000000	29.614186
1	-37.000000	32.388269
0	-49.000000	35.227830
0	-49.000000	35.227830
1	-37.000000	32.388269
0	-23.000000	29.614186
0	-7.000000	23.853721
0	11.000000	16.763055
0	21.000000	16.155494
0	23.000000	16.401219
0	22.000000	17.088007
0	18.000000	15.297059
0	11.000000	10.049876
0	6.000000	6.000000
0	3.000000	3.000000
0	1.000000	1.000000
0	0.000000	0.000000
0	0.000000	0.000000
0	0.000000	0.000000
0	0.000000	0.000000
0	0.000000	0.000000
0	0.000000	0.000000
0	1.000000	1.000000
0	3.000000	3.000000
0	6.000000	6.000000
0	10.000000	10.000000
0	16.000000	15.033296
0	19.000000	16.278821
0	20.000000	14.352700
0	19.000000	12.041595
0	16.000000	16.911535
0	6.000000	27.495454
0	-1.000000	35.142567
1	-10.000000	36.276714
0	-21.000000	32.171416
0	-34.000000	28.913665
0	-38.000000	29.866369
1	-43.000000	38.327536
0	-39.000000	43.439613
1	-26.000000	42.190046
0	-4.000000	36.276714
0	12.000000	28.142495
0	28.000000	20.000000
0	35.000000	18.627936
0	33.000000	21.563859
0	22.000000	29.866369
0	17.000000	37.775654
1	12.000000	40.174619
0	7.000000	36.097091
0	2.000000	24.779023
0	-3.000000	9.327379
0	-19.000000	21.470911
0	-36.000000	37.549967
1	-44.000000	46.065171
1	-43.000000	45.814845
0	-33.000000	37.107951
0	-9.000000	23.685439
0	19.000000	17.175564
0	36.000000	21.494185
0	42.000000	24.372115
0	37.000000	22.737634
0	20.000000	18.708287
0	-4.000000	23.151674
0	-20.000000	29.765752
1	-28.000000	32.155870
0	-28.000000	29.017236
0	-20.000000	20.000000
0	-5.000000	5.000000
0	6.000000	6.000000
0	13.000000	13.000000
0	16.000000	16.000000
0	15.000000	15.000000
0	10.000000	10.000000
0	6.000000	6.000000
0	3.000000	3.000000
0	2.000000	1.414214
0	3.000000	3.000000
0	6.000000	6.000000
0	10.000000	10.000000
0	15.000000	15.000000
0	16.000000	16.000000
0	14.000000	13.038405
0	10.000000	6.782330
0	4.000000	8.366600
0	-4.000000	23.151674
0	-4.000000	34.146742
1	0.000000	38.807216
0	3.000000	35.707142
0	5.000000	25.317978
0	7.000000	13.674794
0	-1.000000	26.362853
0	-14.000000	41.255303
1	-22.000000	48.887626
1	-25.000000	48.487112
0	-28.000000	40.274061
0	-26.000000	32.093613
0	-19.000000	30.773365
1	-17.000000	35.425979
0	-20.000000	40.816663
0	-18.000000	41.496988
1	-12.000000	37.067506
0	-7.000000	31.827661
0	2.000000	24.779023
0	15.000000	17.058722
0	23.000000	16.217275
0	26.000000	16.673332
0	28.000000	18.110770
0	28.000000	18.275667
0	26.000000	18.055470
0	22.000000	17.088007
0	16.000000	13.341664
0	7.000000	6.082763
0	-5.000000	5.000000
0	-20.000000	20.000000
0	-29.000000	29.000000
1	-32.000000	32.000000
0	-29.000000	29.000000
0	-20.000000	20.000000
0	-5.000000	5.000000
0	6.000000	6.000000
0	14.000000	13.038405
0	19.000000	16.278821
0	21.000000	16.155494
0	20.000000	14.142136
0	21.000000	16.155494
0	19.000000	16.278821
0	14.000000	13.038405
0	6.000000	6.000000
0	-5.000000	5.000000
0	-20.000000	20.000000
0	-29.000000	29.000000
1	-32.000000	32.000000
0	-29.000000	29.000000
0	-20.000000	20.000000
0	-5.000000	5.000000
0	6.000000	6.000000
0	13.000000	13.000000
0	16.000000	16.000000
0	15.000000	15.000000
0	10.000000	10.000000
0	6.000000	6.000000
0	3.000000	3.000000
0	1.000000	1.000000
0	0.000000	0.000000
0	0.000000	0.000000
0	0.000000	0.000000
0	0.000000	0.000000
0	0.000000	0.000000
0	0.000000	0.000000
0	0.000000	0.000000
0	0.000000	0.000000
0	0.000000	0.000000
0	0.000000	0.000000
0	0.000000	0.000000
0	0.000000	0.000000
0	0.000000	0.000000
0	0.000000	0.000000
0	0.000000	0.000000
0	0.000000	0.000000
0	0.000000	0.000000
0	0.000000	0.000000
0	0.000000	0.000000
0	0.000000	0.000000
0	0.000000	0.000000
0	0.000000	0.000000
0	0.000000	0.000000
0	0.000000	0.000000
0	0.000000	0.000000
0	0.000000	0.000000
0	0.000000	0.000000
0	1.000000	1.000000
0	3.000000	3.000000
0	6.000000	6.000000
0	10.000000	10.000000
0	15.000000	15.000000
0	16.000000	16.000000
0	15.000000	13.076697
0	12.000000	7.348469
0	7.000000	9.848858
0	0.000000	24.494897
0	1.000000	35.930488
1	0.000000	39.191836
0	-3.000000	34.336569
0	-8.000000	21.725561
0	-15.000000	8.660254
0	-34.000000	28.913665
0	-45.000000	43.023250
2	-48.000000	48.000000
0	-43.000000	43.669211
0	-30.000000	30.000000
0	-4.000000	9.273618
0	15.000000	9.000000
0	27.000000	18.411953
0	32.000000	22.627417
0	30.000000	21.213203
0	20.000000	14.142136
0	12.000000	8.485281
0	6.000000	4.242641
0	2.000000	1.414214
0	0.000000	0.000000
0	0.000000	0.000000
0	0.000000	0.000000
0	0.000000	0.000000
0	0.000000	0.000000
0	1.000000	1.000000
0	3.000000	3.000000
0	6.000000	6.000000
0	10.000000	10.000000
0	15.000000	15.000000
0	16.000000	16.000000
0	13.000000	13.000000
0	6.000000	6.000000
0	-5.000000	5.000000
0	-20.000000	20.000000
0	-29.000000	29.000000
1	-32.000000	32.000000
0	-29.000000	29.000000
0	-20.000000	20.000000
0	-5.000000	5.000000
0	6.000000	6.000000
0	13.000000	13.000000
0	16.000000	16.000000
0	15.000000	15.000000
0	10.000000	10.000000
0	6.000000	6.000000
0	3.000000	3.000000
0	1.000000	1.000000
0	0.000000	0.000000
0	0.000000	0.000000
0	0.000000	0.000000
0	0.000000	0.000000
0	0.000000	0.000000
0	0.000000	0.000000
0	1.000000	1.000000
0	3.000000	3.000000
0	6.000000	6.000000
0	10.000000	10.000000
0	16.000000	15.033296
0	19.000000	16.278821
0	19.000000	14.317821
0	16.000000	11.661904
0	10.000000	15.811388
0	-4.000000	25.612497
0	-16.000000	31.780497
1	-26.000000	32.557641
0	-34.000000	29.427878
0	-40.000000	28.284271
0	-34.000000	29.427878
1	-26.000000	32.557641
0	-16.000000	31.780497
0	-4.000000	25.612497
0	11.000000	15.842980
0	19.000000	12.041595
0	25.000000	15.524175
0	29.000000	19.104973
0	31.000000	21.236761
0	26.000000	18.867962
0	19.000000	14.317821
0	9.000000	6.708204
0	-4.000000	5.099020
0	-20.000000	20.000000
0	-29.000000	29.000000
1	-32.000000	32.000000
0	-29.000000	29.000000
0	-20.000000	20.000000
0	-4.000000	5.099020
0	10.000000	6.782330
0	23.000000	14.662878
0	35.000000	20.024984
0	46.000000	24.207437
0	51.000000	26.095977
0	50.000000	26.191602
0	38.000000	21.679483
0	15.000000	15.198684
0	-19.000000	21.470911
0	-54.000000	35.580894
1	-81.000000	47.592016
1	-90.000000	52.019227
1	-81.000000	47.592016
0	-54.000000	35.580894
0	-19.000000	21.470911
0	14.000000	15.165751
0	35.000000	21.470911
0	44.000000	25.495098
0	41.000000	24.103942
0	31.000000	19.000000
0	19.000000	12.041595
0	10.000000	6.782330
0	4.000000	3.162278
0	1.000000	1.000000
0	0.000000	0.000000
0	0.000000	0.000000
0	0.000000	0.000000
0	0.000000	0.000000
0	0.000000	0.000000
0	0.000000	0.000000
0	0.000000	0.000000
0	0.000000	0.000000
0	0.000000	0.000000
0	0.000000	0.000000
0	0.000000	0.000000
0	0.000000	0.000000
0	0.000000	0.000000
0	0.000000	0.000000
0	0.000000	0.000000
0	0.000000	0.000000
0	0.000000	0.000000
0	1.000000	1.000000
0	3.000000	3.000000
0	6.000000	6.000000
0	10.000000	10.000000
0	15.000000	15.000000
0	16.000000	16.000000
0	13.000000	13.000000
0	6.000000	6.000000
0	-5.000000	5.000000
0	-20.000000	20.000000
0	-29.000000	29.000000
1	-32.000000	32.000000
0	-29.000000	29.000000
0	-20.000000	20.000000
0	-5.000000	5.000000
0	6.000000	6.000000
0	13.000000	13.000000
0	16.000000	16.000000
0	15.000000	15.000000
0	10.000000	10.000000
0	6.000000	6.000000
0	3.000000	3.000000
0	1.000000	1.000000
0	0.000000	0.000000
0	0.000000	0.000000
0	0.000000	0.000000
0	0.000000	0.000000
0	0.000000	0.000000
0	0.000000	0.000000
0	0.000000	0.000000
0	0.000000	0.000000
0	0.000000	0.000000
0	1.000000	1.000000
0	3.000000	3.000000
0	6.000000	6.000000
0	10.000000	10.000000
0	15.000000	15.000000
0	16.000000	16.000000
0	13.000000	13.000000
0	6.000000	6.000000
0	-5.000000	5.000000
0	-20.000000	20.000000
0	-29.000000	29.000000
1	-32.000000	32.000000
0	-29.000000	29.000000
0	-20.000000	20.000000
0	-5.000000	5.000000
0	6.000000	6.000000
0	13.000000	13.000000
0	16.000000	16.000000
0	15.000000	15.000000
0	10.000000	10.000000
0	6.000000	6.000000
0	3.000000	3.000000
0	1.000000	1.000000
0	0.000000	0.000000
0	0.000000	0.000000
0	0.000000	0.000000
0	0.000000	0.000000
0	0.000000	0.000000
0	0.000000	0.000000
0	0.000000	0.000000
0	0.000000	0.000000
0	0.000000	0.000000
0	0.000000	0.000000
0	0.000000	0.000000
0	0.000000	0.000000
0	0.000000	0.000000
0	0.000000	0.000000
0	0.000000	0.000000
0	0.000000	0.000000
0	0.000000	0.000000
0	1.000000	1.000000
0	3.000000	3.000000
0	6.000000	6.000000
0	11.000000	10.049876
0	18.000000	15.297059
0	22.000000	17.088007
0	23.000000	16.401219
0	21.000000	16.155494
0	11.000000	16.763055
0	-7.000000	23.853721
0	-23.000000	29.614186
1	-37.000000	32.388269
0	-49.000000	35.227830
0	-49.000000	35.227830
1	-36.000000	32.403703
0	-20.000000	29.765752
0	-1.000000	24.596748
0	21.000000	19.519221
0	36.000000	22.045408
0	39.000000	22.912878
0	35.000000	21.470911
0	24.000000	16.431677
0	6.000000	11.224972
0	-14.000000	20.880613
0	-26.000000	29.154759
1	-31.000000	32.015621
0	-29.000000	29.000000
0	-20.000000	20.000000
0	-5.000000	5.000000
0	6.000000	6.000000
0	13.000000	13.000000
0	16.000000	16.000000
0	15.000000	15.000000
0	11.000000	10.049876
0	9.000000	6.708204
0	9.000000	6.708204
0	11.000000	10.049876
0	15.000000	15.000000
0	16.000000	16.000000
0	13.000000	13.000000
0	7.000000	6.082763
0	-2.000000	5.830952
0	-14.000000	20.880613
0	-19.000000	30.675723
1	-17.000000	35.341194
0	-13.000000	33.120990
0	-7.000000	23.853721
0	1.000000	7.810250
0	2.000000	7.874008
0	-4.000000	24.041631
0	-7.000000	33.660065
1	-7.000000	36.728735
0	-4.000000	34.146742
0	2.000000	26.305893
0	11.000000	14.247807
0	13.000000	8.544004
0	8.000000	13.928388
0	-4.000000	25.612497
0	-14.000000	32.649655
1	-22.000000	33.526109
0	-23.000000	29.614186
0	-17.000000	20.223748
0	-4.000000	5.099020
0	6.000000	6.000000
0	13.000000	13.000000
0	16.000000	16.000000
0	15.000000	15.000000
0	10.000000	10.000000
0	7.000000	6.082763
0	6.000000	4.242641
0	7.000000	6.082763
0	10.000000	10.000000
0	15.000000	15.000000
0	16.000000	16.000000
0	13.000000	13.000000
0	6.000000	6.000000
0	-5.000000	5.000000
0	-20.000000	20.000000
0	-29.000000	29.000000
1	-32.000000	32.000000
0	-29.000000	29.000000
0	-20.000000	20.000000
0	-5.000000	5.000000
0	6.000000	6.000000
0	13.000000	13.000000
0	16.000000	16.000000
0	15.000000	15.000000
0	10.000000	10.000000
0	6.000000	6.000000
0	3.000000	3.000000
0	1.000000	1.000000
0	0.000000	0.000000
0	0.000000	0.000000
0	0.000000	0.000000
0	0.000000	0.000000
0	0.000000	0.000000
0	0.000000	0.000000
0	0.000000	0.000000
0	0.000000	0.000000
0	0.000000	0.000000
0	0.000000	0.000000
0	0.000000	0.000000
0	0.000000	0.000000
0	0.000000	0.000000
0	0.000000	0.000000
0	0.000000	0.000000
0	0.000000	0.000000
0	0.000000	0.000000
0	0.000000	0.000000
0	0.000000	0.000000
0	2.000000	1.414214
0	6.000000	4.242641
0	12.000000	8.485281
0	20.000000	14.142136
0	30.000000	21.213203
0	32.000000	22.627417
0	26.000000	18.384776
0	12.000000	8.485281
0	-10.000000	7.071068
0	-40.000000	28.284271
0	-58.000000	41.012193
2	-64.000000	45.254834
0	-58.000000	41.012193
0	-40.000000	28.284271
0	-10.000000	7.071068
0	12.000000	8.485281
0	26.000000	18.384776
0	33.000000	22.649503
0	33.000000	21.424285
0	26.000000	15.362291
0	22.000000	13.114877
0	21.000000	15.588457
0	18.000000	16.062378
0	13.000000	13.000000
0	6.000000	6.000000
0	-5.000000	5.000000
0	-20.000000	20.000000
0	-29.000000	29.000000
1	-32.000000	32.000000
0	-29.000000	29.000000
0	-20.000000	20.000000
0	-5.000000	5.000000
0	6.000000	6.000000
0	13.000000	13.000000
0	16.000000	16.000000
0	15.000000	15.000000
0	10.000000	10.000000
0	6.000000	6.000000
0	3.000000	3.000000
0	1.000000	1.000000
0	0.000000	0.000000
0	0.000000	0.000000
0	0.000000	0.000000
0	0.000000	0.000000
0	0.000000	0.000000
0	0.000000	0.000000
0	0.000000	0.000000
0	0.000000	0.000000
0	0.000000	0.000000
0	0.000000	0.000000
0	0.000000	0.000000
0	0.000000	0.000000
0	0.000000	0.000000
0	0.000000	0.000000
0	0.000000	0.000000
0	0.000000	0.000000
0	0.000000	0.000000
0	0.000000	0.000000
0	0.000000	0.000000
0	0.000000	0.000000
0	0.000000	0.000000
0	0.000000	0.000000
0	0.000000	0.000000
0	1.000000	1.000000
0	3.000000	3.000000
0	6.000000	6.000000
0	10.000000	10.000000
0	15.000000	15.000000
0	16.000000	16.000000
0	13.000000	13.000000
0	6.000000	6.000000
0	-5.000000	5.000000
0	-20.000000	20.000000
0	-29.000000	29.000000
1	-32.000000	32.000000
0	-29.000000	29.000000
0	-20.000000	20.000000
0	-5.000000	5.000000
0	6.000000	6.000000
0	13.000000	13.000000
0	16.000000	16.000000
0	15.000000	15.000000
0	10.000000	10.000000
0	6.000000	6.000000
0	3.000000	3.000000
0	1.000000	1.000000
0	0.000000	0.000000
0	0.000000	0.000000
0	0.000000	0.000000
0	0.000000	0.000000
0	0.000000	0.000000
0	0.000000	0.000000
0	0.000000	0.000000
0	0.000000	0.000000
0	0.000000	0.000000
0	0.000000	0.000000
0	0.000000	0.000000
0	0.000000	0.000000
0	0.000000	0.000000
0	0.000000	0.000000
0	1.000000	1.000000
0	3.000000	3.000000
0	6.000000	6.000000
0	10.000000	10.000000
0	15.000000	15.000000
0	16.000000	16.000000
0	13.000000	13.000000
0	7.000000	6.082763
0	-2.000000	5.830952
0	-14.000000	20.880613
0	-19.000000	30.675723
1	-17.000000	35.341194
0	-13.000000	33.120990
0	-7.000000	23.853721
0	1.000000	7.810250
0	1.000000	7.810250
0	-7.000000	23.853721
0	-13.000000	33.120990
1	-17.000000	35.341194
0	-19.000000	30.675723
0	-14.000000	20.880613
0	-2.000000	5.830952
0	7.000000	6.082763
0	13.000000	13.000000
0	16.000000	16.000000
0	15.000000	15.000000
0	10.000000	10.000000
0	6.000000	6.000000
0	3.000000	3.000000
0	1.000000	1.000000
0	0.000000	0.000000
0	0.000000	0.000000
0	1.000000	1.000000
0	3.000000	3.000000
0	6.000000	6.000000
0	10.000000	10.000000
0	15.000000	15.000000
0	16.000000	16.000000
0	13.000000	13.000000
0	6.000000	6.000000
0	-5.000000	5.000000
0	-20.000000	20.000000
0	-29.000000	29.000000
1	-32.000000	32.000000
0	-29.000000	29.000000
0	-20.000000	20.000000
0	-4.000000	5.099020
0	9.000000	6.708204
0	19.000000	14.317821
0	26.000000	18.867962
0	30.000000	21.213203
0	26.000000	18.867962
0	19.000000	14.317821
0	9.000000	6.708204
0	-4.000000	5.099020
0	-20.000000	20.000000
0	-29.000000	29.000000
1	-32.000000	32.000000
0	-29.000000	29.000000
0	-20.000000	20.000000
0	-5.000000	5.000000
0	6.000000	6.000000
0	13.000000	13.000000
0	16.000000	16.000000
0	15.000000	15.000000
0	10.000000	10.000000
0	6.000000	6.000000
0	3.000000	3.000000
0	1.000000	1.000000
0	0.000000	0.000000
0	0.000000	0.000000
0	0.000000	0.000000
0	0.000000	0.000000
0	0.000000	0.000000
0	0.000000	0.000000
0	0.000000	0.000000
0	0.000000	0.000000
0	0.000000	0.000000
0	0.000000	0.000000
0	0.000000	0.000000
0	0.000000	0.000000
0	0.000000	0.000000
0	0.000000	0.000000
0	0.000000	0.000000
0	0.000000	0.000000
0	0.000000	0.000000
0	0.000000	0.000000
0	0.000000	0.000000
0	0.000000	0.000000
0	0.000000	0.000000
0	0.000000	0.000000
0	0.000000	0.000000
0	0.000000	0.000000
0	0.000000	0.000000
0	0.000000	0.000000
0	0.000000	0.000000
0	0.000000	0.000000
0	0.000000	0.000000
0	0.000000	0.000000
0	0.000000	0.000000
0	0.000000	0.000000
0	1.000000	1.000000
0	3.000000	3.000000
0	6.000000	6.000000
0	10.000000	10.000000
0	15.000000	15.000000
0	16.000000	16.000000
0	13.000000	13.000000
0	6.000000	6.000000
0	-5.000000	5.000000
0	-20.000000	20.000000
0	-28.000000	29.017236
1	-29.000000	32.140317
0	-23.000000	29.614186
0	-10.000000	22.360680
0	10.000000	15.811388
0	22.000000	17.088007
0	26.000000	18.384776
0	23.000000	17.117243
0	13.000000	16.093477
0	-4.000000	23.151674
0	-13.000000	31.256999
1	-14.000000	35.468296
0	-12.000000	33.136083
0	-7.000000	23.853721
0	1.000000	7.810250
0	2.000000	7.874008
0	-4.000000	24.041631
0	-7.000000	33.660065
1	-7.000000	36.728735
0	-4.000000	34.146742
0	2.000000	26.305893
0	11.000000	14.247807
0	13.000000	8.544004
0	8.000000	13.928388
0	-4.000000	25.612497
0	-14.000000	32.649655
1	-22.000000	33.526109
0	-23.000000	29.614186
0	-17.000000	20.223748
0	-4.000000	5.099020
0	6.000000	6.000000
0	13.000000	13.000000
0	16.000000	16.000000
0	15.000000	15.000000
0	10.000000	10.000000
0	7.000000	6.082763
0	6.000000	4.242641
0	7.000000	6.082763
0	11.000000	10.049876
0	18.000000	15.297059
0	23.000000	17.117243
0	26.000000	16.673332
0	27.000000	17.233688
0	21.000000	19.519221
0	8.000000	28.178006
0	-7.000000	33.660065
1	-24.000000	34.899857
0	-43.000000	35.735137
0	-53.000000	35.594943
1	-54.000000	38.183766
0	-46.000000	41.880783
1	-29.000000	41.146081
0	-3.000000	36.701499
0	17.000000	30.282008
0	31.000000	21.517435
0	34.000000	19.078784
0	26.000000	20.688161
0	7.000000	27.513633
0	-8.000000	33.196385
1	-18.000000	33.674916
0	-19.000000	29.782545
0	-11.000000	21.095023
0	6.000000	11.224972
0	21.000000	16.155494
0	29.000000	20.615528
0	29.000000	20.615528
0	21.000000	16.155494
0	5.000000	11.180340
0	-14.000000	20.880613
0	-26.000000	29.154759
1	-31.000000	32.015621
0	-29.000000	29.000000
0	-20.000000	20.000000
0	-5.000000	5.000000
0	6.000000	6.000000
0	13.000000	13.000000
0	17.000000	16.031220
0	19.000000	15.329710
0	19.000000	12.041595
0	22.000000	13.114877
0	29.000000	18.303005
0	35.000000	22.158520
0	35.000000	21.470911
0	29.000000	17.464249
0	16.000000	16.911535
0	-9.000000	26.095977
0	-36.000000	37.549967
1	-55.000000	43.600459
1	-66.000000	43.474130
0	-69.000000	40.509258
0	-54.000000	35.580894
1	-31.000000	32.939338
0	-10.000000	32.341923
0	9.000000	28.722813
0	26.000000	22.494444
0	31.000000	19.000000
0	29.000000	17.464249
0	25.000000	17.349352
0	19.000000	15.329710
0	11.000000	10.049876
0	6.000000	6.000000
0	3.000000	3.000000
0	1.000000	1.000000
0	0.000000	0.000000
0	1.000000	1.000000
0	3.000000	3.000000
0	6.000000	6.000000
0	10.000000	10.000000
0	15.000000	15.000000
0	16.000000	16.000000
0	13.000000	13.000000
0	6.000000	6.000000
0	-5.000000	5.000000
0	-20.000000	20.000000
0	-28.000000	29.017236
1	-29.000000	32.140317
0	-23.000000	29.614186
0	-10.000000	22.360680
0	10.000000	15.811388
0	22.000000	17.088007
0	26.000000	18.384776
0	22.000000	17.088007
0	10.000000	15.811388
0	-10.000000	22.360680
0	-22.000000	29.631065
1	-25.000000	32.295511
0	-19.000000	29.782545
0	-3.000000	23.173260
0	23.000000	18.947295
0	43.000000	23.515952
0	52.000000	26.343880
0	50.000000	26.191602
0	33.000000	23.302360
0	1.000000	26.514147
0	-31.000000	36.728735
1	-53.000000	44.710178
1	-65.000000	49.909919
0	-62.000000	48.352870
1	-44.000000	40.224371
0	-22.000000	30.626786
0	-6.000000	25.099801
0	4.000000	29.154759
0	8.000000	36.851052
1	7.000000	38.974351
0	6.000000	35.242020
0	10.000000	26.570661
0	19.000000	15.329710
0	28.000000	17.262677
0	32.000000	20.832667
0	30.000000	20.639767
0	21.000000	16.155494
0	5.000000	11.180340
0	-14.000000	20.880613
0	-26.000000	29.154759
1	-30.000000	32.031235
0	-26.000000	29.154759
0	-14.000000	20.880613
0	6.000000	11.224972
0	24.000000	16.431677
0	36.000000	21.494185
0	42.000000	23.108440
0	42.000000	22.847319
0	31.000000	21.931712
0	15.000000	28.827071
0	-1.000000	33.926391
1	-17.000000	35.425979
0	-33.000000	37.107951
0	-39.000000	38.613469
1	-40.000000	41.303753
0	-36.000000	43.543082
1	-27.000000	40.804412
0	-13.000000	35.312887
0	-4.000000	35.860842
0	5.000000	37.296112
1	9.000000	39.000000
0	10.000000	35.805028
0	8.000000	28.284271
0	8.000000	27.531800
0	10.000000	34.438351
1	18.000000	40.987803
0	22.000000	40.224371
0	23.000000	31.064449
0	20.000000	14.352700
0	8.000000	12.569805
0	-14.000000	32.832910
0	-26.000000	46.518813
2	-33.000000	50.289164
0	-35.000000	44.170126
0	-28.000000	29.529646
0	-12.000000	9.165151
0	-7.000000	21.748563
0	-3.000000	34.336569
1	1.000000	39.204592
0	4.000000	36.055513
0	6.000000	25.219040
0	17.000000	14.035669
0	27.000000	16.703293
0	31.000000	20.663978
0	29.000000	20.615528
0	21.000000	16.155494
0	5.000000	11.180340
0	-14.000000	20.880613
0	-26.000000	29.154759
1	-31.000000	32.015621
0	-27.000000	29.034462
0	-14.000000	20.445048
0	7.000000	9.848858
0	26.000000	15.362291
0	43.000000	24.879711
0	48.000000	27.712813
0	41.000000	23.727621
0	22.000000	13.114877
0	-4.000000	9.273618
0	-37.000000	28.442925
0	-57.000000	41.024383
2	-64.000000	45.254834
0	-58.000000	41.012193
0	-40.000000	28.284271
0	-10.000000	7.071068
0	12.000000	8.485281
0	26.000000	18.384776
0	32.000000	22.627417
0	30.000000	21.213203
0	22.000000	14.212670
0	18.000000	9.486833
0	18.000000	9.486833
0	23.000000	14.247807
0	33.000000	21.424285
0	38.000000	23.409400
0	36.000000	20.928450
0	27.000000	17.233688
0	6.000000	17.492856
0	-27.000000	31.128765
0	-52.000000	41.448764
2	-69.000000	45.530210
0	-78.000000	45.628938
0	-68.000000	40.521599
1	-39.000000	32.908965
0	-11.000000	30.805844
0	16.000000	28.948230
0	42.000000	27.604347
0	53.000000	27.258026
0	49.000000	23.388031
0	41.000000	20.024984
0	29.000000	19.416488
0	13.000000	27.622455
0	3.000000	35.114100
1	-1.000000	37.775654
0	-5.000000	33.689761
0	-9.000000	24.556058
0	-13.000000	22.293497
0	-18.000000	31.654384
1	-24.000000	42.638011
0	-26.000000	46.840154
1	-24.000000	42.638011
0	-18.000000	31.654384
0	-13.000000	22.293497
0	-9.000000	24.556058
0	-6.000000	33.674916
1	-4.000000	37.656341
0	-3.000000	34.597688
0	1.000000	25.709920
0	8.000000	11.575837
0	13.000000	8.544004
0	16.000000	13.341664
0	17.000000	16.031220
0	15.000000	15.000000
0	10.000000	10.000000
0	6.000000	6.000000
0	3.000000	3.000000
0	1.000000	1.000000
0	0.000000	0.000000
0	0.000000	0.000000
0	0.000000	0.000000
0	0.000000	0.000000
0	0.000000	0.000000
0	0.000000	0.000000
0	0.000000	0.000000
0	0.000000	0.000000
0	0.000000	0.000000
0	0.000000	0.000000
0	0.000000	0.000000
0	0.000000	0.000000
0	0.000000	0.000000
0	1.000000	1.000000
0	3.000000	3.000000
0	6.000000	6.000000
0	10.000000	10.000000
0	15.000000	15.000000
0	18.000000	16.062378
0	19.000000	13.674794
0	18.000000	10.392305
0	16.000000	15.033296
0	13.000000	29.308702
0	9.000000	37.269290
1	4.000000	38.236109
0	-2.000000	33.734256
0	-14.000000	26.570661
0	-32.000000	31.527766
0	-46.000000	41.880783
2	-56.000000	47.349762
0	-62.000000	48.352870
0	-54.000000	43.197222
1	-32.000000	34.263683
0	-11.000000	30.805844
0	9.000000	27.331301
0	28.000000	23.194827
0	36.000000	22.045408
0	33.000000	19.209373
0	28.000000	18.110770
0	21.000000	15.588457
0	12.000000	10.099505
0	6.000000	6.000000
0	3.000000	3.000000
0	1.000000	1.000000
0	1.000000	1.000000
0	3.000000	3.000000
0	6.000000	6.000000
0	10.000000	10.000000
0	15.000000	15.000000
0	16.000000	16.000000
0	13.000000	13.000000
0	6.000000	6.000000
0	-5.000000	5.000000
0	-20.000000	20.000000
0	-29.000000	29.000000
1	-32.000000	32.000000
0	-29.000000	29.000000
0	-20.000000	20.000000
0	-5.000000	5.000000
0	6.000000	6.000000
0	13.000000	13.000000
0	16.000000	16.000000
0	15.000000	15.000000
0	10.000000	10.000000
0	6.000000	6.000000
0	3.000000	3.000000
0	1.000000	1.000000
0	0.000000	0.000000
0	0.000000	0.000000
0	0.000000	0.000000
0	0.000000	0.000000
0	0.000000	0.000000
0	0.000000	0.000000
0	0.000000	0.000000
0	0.000000	0.000000
0	0.000000	0.000000
0	0.000000	0.000000
0	0.000000	0.000000
0	0.000000	0.000000
0	0.000000	0.000000
0	0.000000	0.000000
0	0.000000	0.000000
0	0.000000	0.000000
0	0.000000	0.000000
0	0.000000	0.000000
0	0.000000	0.000000
0	0.000000	0.000000
0	0.000000	0.000000
0	1.000000	1.000000
0	3.000000	3.000000
0	6.000000	6.000000
0	10.000000	10.000000
0	15.000000	15.000000
0	16.000000	16.000000
0	13.000000	13.000000
0	7.000000	6.082763
0	-2.000000	5.830952
0	-14.000000	20.880613
0	-19.000000	30.675723
1	-17.000000	35.341194
0	-13.000000	33.120990
0	-7.000000	23.853721
0	1.000000	7.810250
0	1.000000	7.810250
0	-6.000000	23.874673
0	-10.000000	33.256578
1	-11.000000	35.846897
0	-9.000000	32.264532
0	1.000000	25.709920
0	14.000000	17.029386
0	20.000000	14.352700
0	19.000000	14.317821
0	11.000000	16.763055
0	-5.000000	25.000000
0	-19.000000	30.675723
1	-26.000000	32.557641
0	-25.000000	29.171904
0	-16.000000	20.248457
0	1.000000	7.810250
0	16.000000	11.661904
0	28.000000	19.849433
0	32.000000	22.627417
0	28.000000	19.849433
0	16.000000	11.661904
0	1.000000	7.810250
0	-17.000000	20.223748
0	-28.000000	29.017236
1	-32.000000	32.000000
0	-29.000000	29.000000
0	-20.000000	20.000000
0	-5.000000	5.000000
0	6.000000	6.000000
0	13.000000	13.000000
0	16.000000	16.000000
0	15.000000	15.000000
0	10.000000	10.000000
0	6.000000	6.000000
0	3.000000	3.000000
0	1.000000	1.000000
0	0.000000	0.000000
0	0.000000	0.000000
0	0.000000	0.000000
0	0.000000	0.000000
0	0.000000	0.000000
0	0.000000	0.000000
0	0.000000	0.000000
0	0.000000	0.000000
0	0.000000	0.000000
0	0.000000	0.000000
0	0.000000	0.000000
0	0.000000	0.000000
0	0.000000	0.000000
0	0.000000	0.000000
0	0.000000	0.000000
0	0.000000	0.000000
0	0.000000	0.000000
0	0.000000	0.000000
0	0.000000	0.000000
0	0.000000	0.000000
0	0.000000	0.000000
0	0.000000	0.000000
0	0.000000	0.000000
0	1.000000	1.000000
0	3.000000	3.000000
0	6.000000	6.000000
0	10.000000	10.000000
0	15.000000	15.000000
0	16.000000	16.000000
0	13.000000	13.000000
0	6.000000	6.000000
0	-5.000000	5.000000
0	-20.000000	20.000000
0	-29.000000	29.000000
1	-32.000000	32.000000
0	-29.000000	29.000000
0	-20.000000	20.000000
0	-5.000000	5.000000
0	6.000000	6.000000
0	13.000000	13.000000
0	17.000000	16.031220
0	18.000000	15.297059
0	16.000000	11.661904
0	16.000000	11.661904
0	18.000000	15.297059
0	17.000000	16.031220
0	14.000000	13.038405
0	9.000000	6.708204
0	1.000000	7.810250
0	-10.000000	22.360680
0	-14.000000	32.649655
1	-15.000000	35.791060
0	-13.000000	31.921779
0	-8.000000	21.725561
0	0.000000	12.247449
0	1.000000	25.709920
0	0.000000	35.580894
1	-3.000000	38.065733
0	-8.000000	33.196385
0	-15.000000	22.912878
0	-19.000000	21.470911
0	-20.000000	29.765752
1	-18.000000	34.554305
0	-13.000000	33.120990
0	-5.000000	25.000000
0	5.000000	11.180340
0	12.000000	8.485281
0	16.000000	13.341664
0	17.000000	16.031220
0	15.000000	15.000000
0	10.000000	10.000000
0	6.000000	6.000000
0	3.000000	3.000000
0	1.000000	1.000000
0	0.000000	0.000000
0	0.000000	0.000000
0	1.000000	1.000000
0	3.000000	3.000000
0	7.000000	6.082763
0	13.000000	10.440307
0	21.000000	16.155494
0	26.000000	18.867962
0	28.000000	19.849433
0	22.000000	17.088007
0	8.000000	13.928388
0	-14.000000	20.880613
0	-34.000000	29.427878
1	-52.000000	37.735925
0	-58.000000	41.012193
1	-52.000000	37.735925
0	-34.000000	29.427878
0	-14.000000	20.880613
0	8.000000	13.928388
0	22.000000	17.088007
0	28.000000	19.849433
0	26.000000	18.867962
0	21.000000	16.155494
0	13.000000	10.440307
0	7.000000	6.082763
0	3.000000	3.000000
0	1.000000	1.000000
0	1.000000	1.000000
0	3.000000	3.000000
0	6.000000	6.000000
0	10.000000	10.000000
0	15.000000	15.000000
0	16.000000	16.000000
0	13.000000	13.000000
0	6.000000	6.000000
0	-5.000000	5.000000
0	-19.000000	20.024984
0	-26.000000	29.154759
1	-24.000000	32.588341
0	-13.000000	30.967725
0	7.000000	26.400758
0	31.000000	21.931712
0	49.000000	25.592968
0	51.000000	26.776856
0	37.000000	24.879711
0	7.000000	26.400758
0	-29.000000	31.480152
1	-66.000000	43.127717
0	-84.000000	50.318983
2	-83.000000	49.487372
0	-63.000000	41.315857
0	-34.000000	28.913665
0	3.000000	14.798649
0	28.000000	18.110770
0	41.000000	23.727621
0	42.000000	24.738634
0	36.000000	22.045408
0	23.000000	14.456832
0	13.000000	8.544004
0	6.000000	4.242641
0	2.000000	1.414214
0	0.000000	0.000000
0	0.000000	0.000000
0	0.000000	0.000000
0	0.000000	0.000000
0	0.000000	0.000000
0	0.000000	0.000000
0	0.000000	0.000000
0	0.000000	0.000000
0	0.000000	0.000000
0	0.000000	0.000000
0	0.000000	0.000000
0	0.000000	0.000000
0	0.000000	0.000000
0	0.000000	0.000000
0	0.000000	0.000000
0	0.000000	0.000000
0	0.000000	0.000000
0	0.000000	0.000000
0	0.000000	0.000000
0	0.000000	0.000000
0	0.000000	0.000000
0	0.000000	0.000000
0	0.000000	0.000000
0	0.000000	0.000000
0	0.000000	0.000000
0	0.000000	0.000000
0	0.000000	0.000000
0	0.000000	0.000000
0	0.000000	0.000000
0	0.000000	0.000000
0	0.000000	0.000000
0	0.000000	0.000000
0	0.000000	0.000000
0	0.000000	0.000000
0	0.000000	0.000000
0	0.000000	0.000000
0	0.000000	0.000000
0	0.000000	0.000000
0	0.000000	0.000000
0	0.000000	0.000000
0	0.000000	0.000000
0	1.000000	1.000000
0	3.000000	3.000000
0	6.000000	6.000000
0	10.000000	10.000000
0	15.000000	15.000000
0	16.000000	16.000000
0	13.000000	13.000000
0	6.000000	6.000000
0	-5.000000	5.000000
0	-20.000000	20.000000
0	-29.000000	29.000000
1	-32.000000	32.000000
0	-29.000000	29.000000
0	-20.000000	20.000000
0	-5.000000	5.000000
0	7.000000	6.082763
0	16.000000	13.341664
0	22.000000	17.088007
0	25.000000	18.027756
0	25.000000	18.027756
0	22.000000	17.088007
0	16.000000	13.341664
0	7.000000	6.082763
0	-5.000000	5.000000
0	-20.000000	20.000000
0	-29.000000	29.000000
1	-32.000000	32.000000
0	-29.000000	29.000000
0	-20.000000	20.000000
0	-5.000000	5.000000
0	6.000000	6.000000
0	13.000000	13.000000
0	16.000000	16.000000
0	15.000000	15.000000
0	10.000000	10.000000
0	6.000000	6.000000
0	3.000000	3.000000
0	1.000000	1.000000
0	0.000000	0.000000
0	0.000000	0.000000
0	0.000000	0.000000
0	0.000000	0.000000
0	0.000000	0.000000
0	0.000000	0.000000
0	0.000000	0.000000
0	0.000000	0.000000
0	0.000000	0.000000
0	0.000000	0.000000
0	0.000000	0.000000
0	0.000000	0.000000
0	0.000000	0.000000
0	0.000000	0.000000
0	0.000000	0.000000
0	0.000000	0.000000
0	0.000000	0.000000
0	0.000000	0.000000
0	0.000000	0.000000
0	0.000000	0.000000
0	0.000000	0.000000
0	0.000000	0.000000
0	0.000000	0.000000
0	0.000000	0.000000
0	0.000000	0.000000
0	0.000000	0.000000
0	0.000000	0.000000
0	0.000000	0.000000
0	0.000000	0.000000
0	0.000000	0.000000
0	0.000000	0.000000
0	0.000000	0.000000
0	1.000000	1.000000
0	3.000000	3.000000
0	6.000000	6.000000
0	10.000000	10.000000
0	15.000000	15.000000
0	16.000000	16.000000
0	13.000000	13.000000
0	6.000000	6.000000
0	-5.000000	5.000000
0	-20.000000	20.000000
0	-29.000000	29.000000
1	-32.000000	32.000000
0	-29.000000	29.000000
0	-20.000000	20.000000
0	-5.000000	5.000000
0	6.000000	6.000000
0	13.000000	13.000000
0	16.000000	16.000000
0	15.000000	15.000000
0	10.000000	10.000000
0	6.000000	6.000000
0	3.000000	3.000000
0	1.000000	1.000000
0	0.000000	0.000000
0	0.000000	0.000000
0	0.000000	0.000000
0	0.000000	0.000000
0	0.000000	0.000000
0	0.000000	0.000000
0	0.000000	0.000000
0	0.000000	0.000000
0	0.000000	0.000000
0	0.000000	0.000000
0	0.000000	0.000000
0	0.000000	0.000000
0	0.000000	0.000000
0	0.000000	0.000000
0	0.000000	0.000000
0	0.000000	0.000000
0	0.000000	0.000000
0	0.000000	0.000000
0	0.000000	0.000000
0	0.000000	0.000000
0	0.000000	0.000000
0	0.000000	0.000000
0	0.000000	0.000000
0	0.000000	0.000000
0	0.000000	0.000000
0	0.000000	0.000000
0	0.000000	0.000000
0	0.000000	0.000000
0	0.000000	0.000000
0	0.000000	0.000000
0	0.000000	0.000000
0	0.000000	0.000000
0	0.000000	0.000000
0	0.000000	0.000000
0	0.000000	0.000000
0	0.000000	0.000000
0	1.000000	1.000000
0	3.000000	3.000000
0	6.000000	6.000000
0	10.000000	10.000000
0	15.000000	15.000000
0	16.000000	16.000000
0	13.000000	13.000000
0	6.000000	6.000000
0	-5.000000	5.000000
0	-20.000000	20.000000
0	-29.000000	29.000000
1	-32.000000	32.000000
0	-29.000000	29.000000
0	-20.000000	20.000000
0	-5.000000	5.000000
0	6.000000	6.000000
0	13.000000	13.000000
0	16.000000	16.000000
0	15.000000	15.000000
0	10.000000	10.000000
0	6.000000	6.000000
0	3.000000	3.000000
0	1.000000	1.000000
0	0.000000	0.000000
0	0.000000	0.000000
0	0.000000	0.000000
0	0.000000	0.000000
0	0.000000	0.000000
0	1.000000	1.000000
0	3.000000	3.000000
0	6.000000	6.000000
0	10.000000	10.000000
0	15.000000	15.000000
0	16.000000	16.000000
0	13.000000	13.000000
0	6.000000	6.000000
0	-4.000000	5.099020
0	-17.000000	20.223748
0	-23.000000	29.614186
1	-22.000000	33.526109
0	-14.000000	32.649655
0	-4.000000	25.612497
0	8.000000	13.928388
0	12.000000	8.485281
0	8.000000	13.928388
0	-4.000000	25.612497
0	-14.000000	32.649655
1	-22.000000	33.526109
0	-23.000000	29.614186
0	-17.000000	20.223748
0	-4.000000	5.099020
0	6.000000	6.000000
0	13.000000	13.000000
0	16.000000	16.000000
0	15.000000	15.000000
0	10.000000	10.000000
0	6.000000	6.000000
0	3.000000	3.000000
0	1.000000	1.000000
0	0.000000	0.000000
0	0.000000	0.000000
0	0.000000	0.000000
0	0.000000	0.000000
0	0.000000	0.000000
0	0.000000	0.000000
0	0.000000	0.000000
0	0.000000	0.000000
0	0.000000	0.000000
0	0.000000	0.000000
0	0.000000	0.000000
0	0.000000	0.000000
0	0.000000	0.000000
0	0.000000	0.000000
0	0.000000	0.000000
0	0.000000	0.000000
0	0.000000	0.000000
0	0.000000	0.000000
0	0.000000	0.000000
0	1.000000	1.000000
0	3.000000	3.000000
0	6.000000	6.000000
0	10.000000	10.000000
0	15.000000	15.000000
0	16.000000	16.000000
0	13.000000	13.000000
0	6.000000	6.000000
0	-5.000000	5.000000
0	-19.000000	20.024984
0	-26.000000	29.154759
1	-26.000000	32.557641
0	-19.000000	30.675723
0	-5.000000	25.000000
0	11.000000	16.763055
0	19.000000	14.317821
0	19.000000	14.317821
0	12.000000	16.792856
0	-2.000000	25.179357
0	-13.000000	31.256999
1	-16.000000	34.058773
0	-11.000000	32.787193
0	-3.000000	25.632011
0	9.000000	13.964240
0	15.000000	9.000000
0	14.000000	15.165751
0	6.000000	27.495454
0	1.000000	35.930488
1	-6.000000	37.148351
0	-10.000000	32.341923
0	-11.000000	21.095023
0	-9.000000	7.141428
0	-14.000000	20.880613
0	-16.000000	31.780497
1	-16.000000	35.777088
0	-14.000000	32.649655
0	-10.000000	22.360680
0	1.000000	7.810250
0	9.000000	6.708204
0	14.000000	13.038405
0	16.000000	16.000000
0	15.000000	15.000000
0	10.000000	10.000000
0	6.000000	6.000000
0	3.000000	3.000000
0	1.000000	1.000000
0	0.000000	0.000000
0	1.000000	1.000000
0	3.000000	3.000000
0	6.000000	6.000000
0	10.000000	10.000000
0	15.000000	15.000000
0	16.000000	16.000000
0	13.000000	13.000000
0	6.000000	6.000000
0	-5.000000	5.000000
0	-20.000000	20.000000
0	-29.000000	29.000000
1	-32.000000	32.000000
0	-29.000000	29.000000
0	-20.000000	20.000000
0	-5.000000	5.000000
0	6.000000	6.000000
0	13.000000	13.000000
0	16.000000	16.000000
0	15.000000	15.000000
0	11.000000	10.049876
0	9.000000	6.708204
0	9.000000	6.708204
0	12.000000	10.099505
0	18.000000	15.297059
0	22.000000	17.088007
0	23.000000	16.401219
0	21.000000	16.155494
0	11.000000	16.763055
0	-7.000000	23.853721
0	-23.000000	29.614186
1	-37.000000	32.388269
0	-49.000000	35.227830
0	-49.000000	35.227830
1	-37.000000	32.388269
0	-23.000000	29.614186
0	-7.000000	23.853721
0	11.000000	16.763055
0	22.000000	16.186414
0	26.000000	16.673332
0	28.000000	18.110770
0	28.000000	18.275667
0	26.000000	18.055470
0	22.000000	17.088007
0	16.000000	13.341664
0	7.000000	6.082763
0	-5.000000	5.000000
0	-20.000000	20.000000
0	-29.000000	29.000000
1	-31.000000	32.015621
0	-26.000000	29.154759
0	-14.000000	20.880613
0	5.000000	11.180340
0	21.000000	16.155494
0	29.000000	20.615528
0	29.000000	20.615528
0	21.000000	16.155494
0	5.000000	11.180340
0	-14.000000	20.880613
0	-26.000000	29.154759
1	-31.000000	32.015621
0	-29.000000	29.000000
0	-20.000000	20.000000
0	-5.000000	5.000000
0	6.000000	6.000000
0	13.000000	13.000000
0	16.000000	16.000000
0	16.000000	15.033296
0	15.000000	10.535654
0	19.000000	9.539392
0	28.000000	13.784049
0	42.000000	21.494185
0	56.000000	28.390139
0	61.000000	30.116441
0	51.000000	25.278449
0	26.000000	17.378147
0	-13.000000	24.228083
0	-56.000000	43.588989
1	-88.000000	58.292367
2	-99.000000	63.237647
1	-89.000000	58.025856
0	-63.000000	44.124823
0	-31.000000	32.480764
0	-3.000000	33.808283
1	11.000000	40.975602
0	11.000000	46.335731
0	7.000000	45.243784
1	4.000000	38.858718
0	2.000000	32.526912
0	6.000000	24.979992
0	16.000000	17.088007
0	22.000000	16.186414
0	23.000000	16.401219
0	22.000000	17.088007
0	18.000000	15.297059
0	11.000000	10.049876
0	6.000000	6.000000
0	3.000000	3.000000
0	1.000000	1.000000
0	0.000000	0.000000
0	1.000000	1.000000
0	3.000000	3.000000
0	6.000000	6.000000
0	10.000000	10.000000
0	15.000000	15.000000
0	17.000000	16.031220
0	16.000000	13.341664
0	12.000000	8.485281
0	5.000000	11.180340
0	-5.000000	25.000000
0	-13.000000	33.120990
1	-19.000000	34.539832
0	-23.000000	29.614186
0	-25.000000	20.615528
0	-25.000000	20.615528
0	-23.000000	29.614186
1	-19.000000	34.539832
0	-13.000000	33.120990
0	-5.000000	25.000000
0	5.000000	11.180340
0	13.000000	8.544004
0	19.000000	13.674794
0	23.000000	17.117243
0	25.000000	18.027756
0	25.000000	18.027756
0	22.000000	17.088007
0	16.000000	13.341664
0	7.000000	6.082763
0	-5.000000	5.000000
0	-20.000000	20.000000
0	-29.000000	29.000000
1	-32.000000	32.000000
0	-29.000000	29.000000
0	-20.000000	20.000000
0	-5.000000	5.000000
0	6.000000	6.000000
0	13.000000	13.000000
0	17.000000	16.031220
0	18.000000	15.297059
0	16.000000	11.661904
0	16.000000	11.661904
0	18.000000	15.297059
0	17.000000	16.031220
0	13.000000	13.000000
0	6.000000	6.000000
0	-5.000000	5.000000
0	-19.000000	20.024984
0	-26.000000	29.154759
1	-26.000000	32.557641
0	-19.000000	30.675723
0	-5.000000	25.000000
0	11.000000	16.763055
0	19.000000	14.317821
0	19.000000	14.317821
0	11.000000	16.763055
0	-5.000000	25.000000
0	-19.000000	30.675723
1	-26.000000	32.557641
0	-26.000000	29.154759
0	-19.000000	20.024984
0	-5.000000	5.000000
0	6.000000	6.000000
0	13.000000	13.000000
0	16.000000	16.000000
0	15.000000	15.000000
0	10.000000	10.000000
0	6.000000	6.000000
0	3.000000	3.000000
0	2.000000	1.414214
0	3.000000	3.000000
0	6.000000	6.000000
0	10.000000	10.000000
0	15.000000	15.000000
0	16.000000	16.000000
0	14.000000	13.038405
0	9.000000	6.708204
0	2.000000	7.874008
0	-7.000000	22.561028
0	-8.000000	33.196385
1	-6.000000	37.148351
0	-1.000000	35.142567
0	2.000000	26.305893
0	3.000000	14.798649
0	-8.000000	21.725561
0	-21.000000	32.171416
1	-36.000000	40.987803
0	-43.000000	43.669211
1	-42.000000	39.038443
0	-28.000000	30.033315
0	-11.000000	21.095023
0	9.000000	13.964240
0	22.000000	17.088007
0	28.000000	19.849433
0	26.000000	18.867962
0	21.000000	16.155494
0	13.000000	10.440307
0	7.000000	6.082763
0	3.000000	3.000000
0	1.000000	1.000000
0	0.000000	0.000000
0	0.000000	0.000000
0	0.000000	0.000000
0	0.000000	0.000000
0	0.000000	0.000000
0	0.000000	0.000000
0	1.000000	1.000000
0	3.000000	3.000000
0	6.000000	6.000000
0	10.000000	10.000000
0	15.000000	15.000000
0	17.000000	16.031220
0	16.000000	13.341664
0	12.000000	8.485281
0	5.000000	11.180340
0	-5.000000	25.000000
0	-13.000000	33.120990
1	-19.000000	34.539832
0	-23.000000	29.614186
0	-25.000000	20.615528
0	-25.000000	20.615528
0	-23.000000	29.614186
1	-19.000000	34.539832
0	-13.000000	33.120990
0	-5.000000	25.000000
0	5.000000	11.180340
0	12.000000	8.485281
0	16.000000	13.341664
0	17.000000	16.031220
0	15.000000	15.000000
0	10.000000	10.000000
0	6.000000	6.000000
0	3.000000	3.000000
0	1.000000	1.000000
0	0.000000	0.000000
0	0.000000	0.000000
0	0.000000	0.000000
0	1.000000	1.000000
0	4.000000	3.162278
0	9.000000	6.708204
0	16.000000	11.661904
0	25.000000	18.027756
0	31.000000	21.931712
0	29.000000	20.615528
0	19.000000	14.317821
0	1.000000	7.810250
0	-25.000000	20.615528
0	-49.000000	35.227830
1	-61.000000	43.185646
1	-61.000000	43.185646
0	-49.000000	35.227830
0	-25.000000	20.615528
0	1.000000	7.810250
0	19.000000	14.317821
0	29.000000	20.615528
0	31.000000	21.931712
0	25.000000	18.027756
0	16.000000	11.661904
0	9.000000	6.708204
0	4.000000	3.162278
0	1.000000	1.000000
0	0.000000	0.000000
0	0.000000	0.000000
0	0.000000	0.000000
0	0.000000	0.000000
0	0.000000	0.000000
0	0.000000	0.000000
0	0.000000	0.000000
0	0.000000	0.000000
0	1.000000	1.000000
0	3.000000	3.000000
0	6.000000	6.000000
0	10.000000	10.000000
0	15.000000	15.000000
0	16.000000	16.000000
0	13.000000	13.000000
0	6.000000	6.000000
0	-5.000000	5.000000
0	-20.000000	20.000000
0	-29.000000	29.000000
1	-32.000000	32.000000
0	-29.000000	29.000000
0	-20.000000	20.000000
0	-5.000000	5.000000
0	6.000000	6.000000
0	13.000000	13.000000
0	17.000000	16.031220
0	18.000000	15.297059
0	16.000000	11.661904
0	16.000000	11.661904
0	18.000000	15.297059
0	17.000000	16.031220
0	13.000000	13.000000
0	6.000000	6.000000
0	-5.000000	5.000000
0	-19.000000	20.024984
0	-26.000000	29.154759
1	-26.000000	32.557641
0	-19.000000	30.675723
0	-5.000000	25.000000
0	11.000000	16.763055
0	19.000000	14.317821
0	20.000000	14.352700
0	14.000000	17.029386
0	1.000000	25.709920
0	-9.000000	32.264532
1	-11.000000	35.846897
0	-10.000000	33.256578
0	-4.000000	23.916521
0	7.000000	8.888194
0	13.000000	11.532563
0	13.000000	27.730849
0	17.000000	39.331921
1	15.000000	41.964271
0	7.000000	35.763109
0	-2.000000	22.538855
0	-12.000000	9.165151
0	-33.000000	28.930952
0	-44.000000	43.034870
2	-45.000000	48.093659
0	-37.000000	44.079474
0	-20.000000	31.622777
0	11.000000	17.635192
0	31.000000	18.357560
0	40.000000	22.538855
0	38.000000	23.409400
0	25.000000	21.794495
0	0.000000	24.494897
0	-17.000000	30.215890
1	-26.000000	32.280025
0	-27.000000	29.034462
0	-19.000000	20.024984
0	-2.000000	5.830952
0	12.000000	8.485281
0	23.000000	16.401219
0	31.000000	21.931712
0	31.000000	21.931712
0	23.000000	16.401219
0	12.000000	8.485281
0	-2.000000	5.830952
0	-19.000000	20.024984
0	-29.000000	29.000000
1	-32.000000	32.000000
0	-29.000000	29.000000
0	-20.000000	20.000000
0	-5.000000	5.000000
0	6.000000	6.000000
0	13.000000	13.000000
0	16.000000	16.000000
0	15.000000	15.000000
0	10.000000	10.000000
0	6.000000	6.000000
0	3.000000	3.000000
0	1.000000	1.000000
0	0.000000	0.000000
0	0.000000	0.000000
0	0.000000	0.000000
0	0.000000	0.000000
0	0.000000	0.000000
0	0.000000	0.000000
0	0.000000	0.000000
0	0.000000	0.000000
0	0.000000	0.000000
0	0.000000	0.000000
0	0.000000	0.000000
0	0.000000	0.000000
0	0.000000	0.000000
0	0.000000	0.000000
0	0.000000	0.000000
0	0.000000	0.000000
0	0.000000	0.000000
0	0.000000	0.000000
0	0.000000	0.000000
0	0.000000	0.000000
0	0.000000	0.000000
0	1.000000	1.000000
0	3.000000	3.000000
0	6.000000	6.000000
0	10.000000	10.000000
0	15.000000	15.000000
0	16.000000	16.000000
0	13.000000	13.000000
0	6.000000	6.000000
0	-5.000000	5.000000
0	-20.000000	20.000000
0	-29.000000	29.000000
1	-32.000000	32.000000
0	-29.000000	29.000000
0	-20.000000	20.000000
0	-5.000000	5.000000
0	6.000000	6.000000
0	13.000000	13.000000
0	16.000000	16.000000
0	15.000000	15.000000
0	10.000000	10.000000
0	6.000000	6.000000
0	3.000000	3.000000
0	1.000000	1.000000
0	0.000000	0.000000
0	0.000000	0.000000
0	1.000000	1.000000
0	3.000000	3.000000
0	6.000000	6.000000
0	10.000000	10.000000
0	15.000000	15.000000
0	16.000000	16.000000
0	13.000000	13.000000
0	6.000000	6.000000
0	-5.000000	5.000000
0	-20.000000	20.000000
0	-29.000000	29.000000
1	-32.000000	32.000000
0	-29.000000	29.000000
0	-20.000000	20.000000
0	-5.000000	5.000000
0	6.000000	6.000000
0	13.000000	13.000000
0	16.000000	16.000000
0	15.000000	15.000000
0	10.000000	10.000000
0	6.000000	6.000000
0	3.000000	3.000000
0	1.000000	1.000000
0	0.000000	0.000000
0	0.000000	0.000000
0	0.000000	0.000000
0	0.000000	0.000000
0	0.000000	0.000000
0	0.000000	0.000000
0	0.000000	0.000000
0	0.000000	0.000000
0	1.000000	1.000000
0	3.000000	3.000000
0	6.000000	6.000000
0	10.000000	10.000000
0	16.000000	15.033296
0	19.000000	16.278821
0	19.000000	14.317821
0	16.000000	11.661904
0	10.000000	15.811388
0	-3.000000	25.632011
0	-13.000000	31.921779
1	-20.000000	33.105891
0	-24.000000	31.080541
0	-25.000000	32.015621
0	-18.000000	33.496268
1	-13.000000	35.057096
0	-10.000000	32.341923
0	-8.000000	26.115130
0	-7.000000	25.670995
0	-7.000000	31.827661
1	-3.000000	36.455452
0	5.000000	36.482873
0	12.000000	29.698485
0	18.000000	17.146428
0	18.000000	10.392305
0	12.000000	14.282857
0	0.000000	25.806976
0	-8.000000	33.196385
1	-12.000000	34.985711
0	-8.000000	33.196385
0	-1.000000	25.787594
0	9.000000	13.964240
0	12.000000	8.485281
0	8.000000	13.928388
0	-4.000000	25.612497
0	-14.000000	32.649655
1	-22.000000	33.526109
0	-23.000000	29.614186
0	-17.000000	20.223748
0	-4.000000	5.099020
0	6.000000	6.000000
0	13.000000	13.000000
0	16.000000	16.000000
0	15.000000	15.000000
0	10.000000	10.000000
0	6.000000	6.000000
0	3.000000	3.000000
0	1.000000	1.000000
0	0.000000	0.000000
0	0.000000	0.000000
0	0.000000	0.000000
0	0.000000	0.000000
0	0.000000	0.000000
0	0.000000	0.000000
0	0.000000	0.000000
0	0.000000	0.000000
0	0.000000	0.000000
0	0.000000	0.000000
0	0.000000	0.000000
0	0.000000	0.000000
0	0.000000	0.000000
0	1.000000	1.000000
0	4.000000	3.162278
0	9.000000	6.708204
0	16.000000	11.661904
0	25.000000	18.027756
0	31.000000	21.931712
0	29.000000	20.615528
0	19.000000	14.317821
0	1.000000	7.810250
0	-25.000000	20.615528
0	-48.000000	35.242020
1	-58.000000	43.289722
1	-54.000000	43.611925
0	-36.000000	36.742346
0	-4.000000	26.191602
0	27.000000	20.420578
0	47.000000	24.474477
0	51.000000	26.776856
0	39.000000	25.980762
0	11.000000	27.586228
0	-18.000000	31.654384
1	-43.000000	38.327536
0	-54.000000	41.133928
1	-51.000000	37.749172
0	-34.000000	29.427878
0	-13.000000	20.904545
0	11.000000	14.247807
0	29.000000	18.138357
0	42.000000	22.449944
0	50.000000	25.019992
0	53.000000	25.553865
0	51.000000	24.556058
0	44.000000	23.537205
0	27.000000	21.424285
0	0.000000	24.617067
0	-28.000000	30.033315
1	-57.000000	38.065733
0	-78.000000	45.628938
1	-81.000000	47.592016
1	-66.000000	43.474130
0	-42.000000	35.749126
0	-9.000000	24.556058
0	23.000000	18.788294
0	44.000000	23.021729
0	54.000000	27.386128
0	53.000000	27.802878
0	41.000000	22.427661
0	23.000000	13.152946
0	4.000000	8.366600
0	-16.000000	20.248457
0	-28.000000	29.017236
1	-32.000000	32.000000
0	-28.000000	29.017236
0	-17.000000	20.223748
0	1.000000	7.810250
0	16.000000	11.661904
0	28.000000	19.849433
0	32.000000	22.627417
0	28.000000	19.849433
0	16.000000	11.661904
0	1.000000	7.810250
0	-17.000000	20.223748
0	-28.000000	29.017236
1	-32.000000	32.000000
0	-29.000000	29.000000
0	-20.000000	20.000000
0	-5.000000	5.000000
0	6.000000	6.000000
0	13.000000	13.000000
0	16.000000	16.000000
0	15.000000	15.000000
0	10.000000	10.000000
0	6.000000	6.000000
0	3.000000	3.000000
0	1.000000	1.000000
0	0.000000	0.000000
0	0.000000	0.000000
0	0.000000	0.000000
0	1.000000	1.000000
0	3.000000	3.000000
0	6.000000	6.000000
0	10.000000	10.000000
0	15.000000	15.000000
0	16.000000	16.000000
0	13.000000	13.000000
0	6.000000	6.000000
0	-5.000000	5.000000
0	-20.000000	20.000000
0	-29.000000	29.000000
1	-32.000000	32.000000
0	-29.000000	29.000000
0	-20.000000	20.000000
0	-5.000000	5.000000
0	6.000000	6.000000
0	13.000000	13.000000
0	16.000000	16.000000
0	16.000000	15.033296
0	13.000000	10.440307
0	12.000000	8.485281
0	13.000000	10.440307
0	16.000000	15.033296
0	16.000000	16.000000
0	13.000000	13.000000
0	6.000000	6.000000
0	-5.000000	5.000000
0	-20.000000	20.000000
0	-29.000000	29.000000
1	-32.000000	32.000000
0	-29.000000	29.000000
0	-20.000000	20.000000
0	-5.000000	5.000000
0	6.000000	6.000000
0	13.000000	13.000000
0	16.000000	16.000000
0	15.000000	15.000000
0	11.000000	10.049876
0	9.000000	6.708204
0	9.000000	6.708204
0	11.000000	10.049876
0	16.000000	15.033296
0	19.000000	16.278821
0	19.000000	14.317821
0	16.000000	11.661904
0	10.000000	15.811388
0	-4.000000	25.612497
0	-16.000000	31.780497
1	-26.000000	32.557641
0	-34.000000	29.427878
0	-40.000000	28.284271
0	-34.000000	29.427878
1	-26.000000	32.557641
0	-16.000000	31.780497
0	-4.000000	25.612497
0	10.000000	15.811388
0	16.000000	11.661904
0	19.000000	14.317821
0	19.000000	16.278821
0	16.000000	15.033296
0	10.000000	10.000000
0	6.000000	6.000000
0	3.000000	3.000000
0	1.000000	1.000000
0	0.000000	0.000000
0	0.000000	0.000000
0	0.000000	0.000000
0	0.000000	0.000000
0	0.000000	0.000000
0	1.000000	1.000000
0	3.000000	3.000000
0	6.000000	6.000000
0	10.000000	10.000000
0	15.000000	15.000000
0	16.000000	16.000000
0	13.000000	13.000000
0	6.000000	6.000000
0	-5.000000	5.000000
0	-20.000000	20.000000
0	-29.000000	29.000000
1	-32.000000	32.000000
0	-29.000000	29.000000
0	-20.000000	20.000000
0	-5.000000	5.000000
0	6.000000	6.000000
0	14.000000	13.038405
0	19.000000	16.278821
0	21.000000	16.155494
0	20.000000	14.142136
0	22.000000	16.186414
0	22.000000	16.552945
0	20.000000	14.352700
0	16.000000	11.661904
0	10.000000	15.811388
0	-4.000000	25.612497
0	-16.000000	31.780497
1	-26.000000	32.557641
0	-34.000000	29.427878
0	-40.000000	28.284271
0	-34.000000	29.427878
1	-26.000000	32.557641
0	-15.000000	31.796226
0	-1.000000	25.787594
0	16.000000	16.911535
0	26.000000	15.362291
0	34.000000	20.736441
0	35.000000	22.825424
0	30.000000	19.899749
0	19.000000	12.041595
0	7.000000	9.848858
0	-7.000000	22.561028
0	-13.000000	32.664966
1	-16.000000	35.777088
0	-16.000000	31.780497
0	-14.000000	20.880613
0	-10.000000	7.071068
0	-14.000000	20.880613
0	-16.000000	31.780497
1	-16.000000	35.777088
0	-14.000000	32.649655
0	-10.000000	22.360680
0	1.000000	7.810250
0	9.000000	6.708204
0	14.000000	13.038405
0	16.000000	16.000000
0	15.000000	15.000000
0	10.000000	10.000000
0	6.000000	6.000000
0	3.000000	3.000000
0	1.000000	1.000000
0	0.000000	0.000000
0	0.000000	0.000000
0	1.000000	1.000000
0	3.000000	3.000000
0	6.000000	6.000000
0	10.000000	10.000000
0	15.000000	15.000000
0	16.000000	16.000000
0	13.000000	13.000000
0	6.000000	6.000000
0	-5.000000	5.000000
0	-20.000000	20.000000
0	-29.000000	29.000000
1	-32.000000	32.000000
0	-29.000000	29.000000
0	-20.000000	20.000000
0	-5.000000	5.000000
0	6.000000	6.000000
0	13.000000	13.000000
0	16.000000	16.000000
0	15.000000	15.000000
0	10.000000	10.000000
0	6.000000	6.000000
0	3.000000	3.000000
0	1.000000	1.000000
0	0.000000	0.000000
0	0.000000	0.000000
0	0.000000	0.000000
0	0.000000	0.000000
0	0.000000	0.000000
0	0.000000	0.000000
0	0.000000	0.000000
0	1.000000	1.000000
0	3.000000	3.000000
0	6.000000	6.000000
0	10.000000	10.000000
0	15.000000	15.000000
0	16.000000	16.000000
0	13.000000	13.000000
0	6.000000	6.000000
0	-5.000000	5.000000
0	-20.000000	20.000000
0	-29.000000	29.000000
1	-32.000000	32.000000
0	-29.000000	29.000000
0	-20.000000	20.000000
0	-5.000000	5.000000
0	6.000000	6.000000
0	13.000000	13.000000
0	16.000000	16.000000
0	15.000000	15.000000
0	10.000000	10.000000
0	6.000000	6.000000
0	3.000000	3.000000
0	1.000000	1.000000
0	0.000000	0.000000
0	0.000000	0.000000
0	0.000000	0.000000
0	1.000000	1.000000
0	3.000000	3.000000
0	6.000000	6.000000
0	10.000000	10.000000
0	15.000000	15.000000
0	16.000000	16.000000
0	13.000000	13.000000
0	6.000000	6.000000
0	-5.000000	5.000000
0	-20.000000	20.000000
0	-29.000000	29.000000
1	-32.000000	32.000000
0	-28.000000	29.017236
0	-17.000000	20.223748
0	1.000000	7.810250
0	16.000000	11.661904
0	28.000000	19.849433
0	32.000000	22.627417
0	28.000000	19.849433
0	16.000000	11.661904
0	1.000000	7.810250
0	-17.000000	20.223748
0	-28.000000	29.017236
1	-32.000000	32.000000
0	-29.000000	29.000000
0	-20.000000	20.000000
0	-5.000000	5.000000
0	6.000000	6.000000
0	13.000000	13.000000
0	16.000000	16.000000
0	15.000000	15.000000
0	10.000000	10.000000
0	6.000000	6.000000
0	3.000000	3.000000
0	1.000000	1.000000
0	0.000000	0.000000
0	0.000000	0.000000
0	1.000000	1.000000
0	3.000000	3.000000
0	6.000000	6.000000
0	10.000000	10.000000
0	15.000000	15.000000
0	16.000000	16.000000
0	13.000000	13.000000
0	6.000000	6.000000
0	-5.000000	5.000000
0	-20.000000	20.000000
0	-29.000000	29.000000
1	-32.000000	32.000000
0	-29.000000	29.000000
0	-20.000000	20.000000
0	-5.000000	5.000000
0	6.000000	6.000000
0	13.000000	13.000000
0	16.000000	16.000000
0	15.000000	15.000000
0	10.000000	10.000000
0	6.000000	6.000000
0	3.000000	3.000000
0	1.000000	1.000000
0	0.000000	0.000000
0	0.000000	0.000000
0	0.000000	0.000000
0	1.000000	1.000000
0	3.000000	3.000000
0	6.000000	6.000000
0	10.000000	10.000000
0	15.000000	15.000000
0	16.000000	16.000000
0	13.000000	13.000000
0	6.000000	6.000000
0	-5.000000	5.000000
0	-20.000000	20.000000
0	-29.000000	29.000000
1	-32.000000	32.000000
0	-28.000000	29.017236
0	-17.000000	20.223748
0	1.000000	7.810250
0	16.000000	11.661904
0	28.000000	19.849433
0	32.000000	22.627417
0	28.000000	19.849433
0	16.000000	11.661904
0	1.000000	7.810250
0	-17.000000	20.223748
0	-28.000000	29.017236
1	-31.000000	32.015621
0	-26.000000	29.154759
0	-14.000000	20.880613
0	5.000000	11.180340
0	21.000000	16.155494
0	29.000000	20.615528
0	29.000000	20.615528
0	22.000000	16.186414
0	8.000000	11.575837
0	-8.000000	21.725561
0	-16.000000	30.822070
1	-16.000000	35.355339
0	-13.000000	33.120990
0	-7.000000	23.853721
0	1.000000	7.810250
0	1.000000	7.810250
0	-7.000000	23.853721
0	-13.000000	33.120990
1	-17.000000	35.341194
0	-19.000000	30.675723
0	-14.000000	20.880613
0	-2.000000	5.830952
0	8.000000	6.164414
0	16.000000	13.341664
0	22.000000	17.088007
0	25.000000	18.027756
0	25.000000	18.027756
0	22.000000	17.088007
0	16.000000	13.341664
0	7.000000	6.082763
0	-5.000000	5.000000
0	-20.000000	20.000000
0	-29.000000	29.000000
1	-32.000000	32.000000
0	-29.000000	29.000000
0	-20.000000	20.000000
0	-4.000000	5.099020
0	9.000000	6.708204
0	19.000000	14.317821
0	27.000000	18.894444
0	33.000000	21.424285
0	32.000000	19.798990
0	29.000000	17.464249
0	24.000000	16.431677
0	13.000000	16.822604
0	-4.000000	24.041631
0	-17.000000	30.215890
1	-27.000000	33.896903
0	-34.000000	38.288379
0	-33.000000	38.691084
1	-24.000000	34.899857
0	-17.000000	30.215890
0	-12.000000	24.372115
0	-9.000000	26.095977
0	-8.000000	33.196385
1	-9.000000	35.958309
0	-7.000000	33.660065
0	-2.000000	25.179357
0	6.000000	11.224972
0	12.000000	8.485281
0	16.000000	13.341664
0	17.000000	16.031220
0	15.000000	15.000000
0	10.000000	10.000000
0	6.000000	6.000000
0	3.000000	3.000000
0	1.000000	1.000000
0	0.000000	0.000000
0	0.000000	0.000000
0	0.000000	0.000000
0	1.000000	1.000000
0	4.000000	3.162278
0	9.000000	6.708204
0	16.000000	11.661904
0	25.000000	18.027756
0	31.000000	21.931712
0	29.000000	20.615528
0	19.000000	14.317821
0	2.000000	7.874008
0	-22.000000	20.832667
0	-43.000000	35.735137
1	-51.000000	44.328321
1	-46.000000	45.716518
0	-33.000000	38.691084
0	-12.000000	24.372115
0	7.000000	9.848858
0	14.000000	15.165751
0	9.000000	28.722813
0	2.000000	36.359318
1	-7.000000	36.728735
0	-13.000000	31.256999
0	-11.000000	21.095023
0	-1.000000	5.916080
0	7.000000	6.082763
0	13.000000	13.000000
0	16.000000	16.000000
0	15.000000	15.000000
0	10.000000	10.000000
0	6.000000	6.000000
0	3.000000	3.000000
0	1.000000	1.000000
0	0.000000	0.000000
0	0.000000	0.000000
0	0.000000	0.000000
0	1.000000	1.000000
0	3.000000	3.000000
0	6.000000	6.000000
0	11.000000	10.049876
0	18.000000	15.297059
0	23.000000	17.117243
0	26.000000	16.673332
0	27.000000	17.233688
0	21.000000	19.519221
0	8.000000	28.178006
0	-7.000000	33.660065
1	-24.000000	34.899857
0	-43.000000	35.735137
0	-54.000000	35.580894
1	-57.000000	38.065733
0	-52.000000	41.448764
1	-39.000000	39.912404
0	-18.000000	33.496268
0	1.000000	25.709920
0	18.000000	17.146428
0	28.000000	18.110770
0	31.000000	20.074860
0	27.000000	18.894444
0	21.000000	16.155494
0	13.000000	10.440307
0	7.000000	6.082763
0	3.000000	3.000000
0	1.000000	1.000000
0	0.000000	0.000000
0	1.000000	1.000000
0	3.000000	3.000000
0	6.000000	6.000000
0	10.000000	10.000000
0	15.000000	15.000000
0	16.000000	16.000000
0	13.000000	13.000000
0	6.000000	6.000000
0	-5.000000	5.000000
0	-20.000000	20.000000
0	-29.000000	29.000000
1	-32.000000	32.000000
0	-29.000000	29.000000
0	-20.000000	20.000000
0	-5.000000	5.000000
0	6.000000	6.000000
0	13.000000	13.000000
0	16.000000	16.000000
0	15.000000	15.000000
0	10.000000	10.000000
0	6.000000	6.000000
0	3.000000	3.000000
0	1.000000	1.000000
0	0.000000	0.000000
0	0.000000	0.000000
0	0.000000	0.000000
0	0.000000	0.000000
0	0.000000	0.000000
0	0.000000	0.000000
0	0.000000	0.000000
0	0.000000	0.000000
0	0.000000	0.000000
0	0.000000	0.000000
0	0.000000	0.000000
0	0.000000	0.000000
0	0.000000	0.000000
0	0.000000	0.000000
0	0.000000	0.000000
0	0.000000	0.000000
0	0.000000	0.000000
0	1.000000	1.000000
0	3.000000	3.000000
0	6.000000	6.000000
0	10.000000	10.000000
0	15.000000	15.000000
0	16.000000	16.000000
0	13.000000	13.000000
0	6.000000	6.000000
0	-5.000000	5.000000
0	-20.000000	20.000000
0	-29.000000	29.000000
1	-32.000000	32.000000
0	-29.000000	29.000000
0	-20.000000	20.000000
0	-5.000000	5.000000
0	6.000000	6.000000
0	13.000000	13.000000
0	16.000000	16.000000
0	15.000000	15.000000
0	11.000000	10.049876
0	9.000000	6.708204
0	9.000000	6.708204
0	11.000000	10.049876
0	15.000000	15.000000
0	16.000000	16.000000
0	13.000000	13.000000
0	6.000000	6.000000
0	-5.000000	5.000000
0	-20.000000	20.000000
0	-28.000000	29.017236
1	-29.000000	32.140317
0	-23.000000	29.614186
0	-9.000000	22.383029
0	13.000000	16.093477
0	28.000000	18.110770
0	37.000000	20.952327
0	40.000000	22.934690
0	32.000000	23.280893
0	13.000000	27.730849
0	-2.000000	33.734256
1	-18.000000	36.249138
0	-35.000000	37.563280
0	-43.000000	35.735137
1	-42.000000	32.771939
0	-43.000000	35.735137
0	-36.000000	37.549967
1	-21.000000	36.124784
0	-8.000000	33.196385
0	3.000000	25.865034
0	17.000000	17.804494
0	24.000000	16.431677
0	24.000000	16.431677
0	22.000000	17.088007
0	18.000000	15.297059
0	11.000000	10.049876
0	6.000000	6.000000
0	3.000000	3.000000
0	1.000000	1.000000
0	0.000000	0.000000
0	0.000000	0.000000
0	0.000000	0.000000
0	0.000000	0.000000
0	0.000000	0.000000
0	0.000000	0.000000
0	0.000000	0.000000
0	0.000000	0.000000
0	0.000000	0.000000
0	0.000000	0.000000
0	0.000000	0.000000
0	0.000000	0.000000
0	0.000000	0.000000
0	0.000000	0.000000
0	0.000000	0.000000
0	0.000000	0.000000
0	0.000000	0.000000
0	0.000000	0.000000
0	0.000000	0.000000
0	0.000000	0.000000
0	0.000000	0.000000
0	0.000000	0.000000
0	0.000000	0.000000
0	0.000000	0.000000
0	0.000000	0.000000
0	0.000000	0.000000
0	0.000000	0.000000
0	0.000000	0.000000
0	0.000000	0.000000
0	0.000000	0.000000
0	0.000000	0.000000
0	0.000000	0.000000
0	0.000000	0.000000
0	0.000000	0.000000
0	0.000000	0.000000
0	0.000000	0.000000
0	0.000000	0.000000
0	0.000000	0.000000
0	0.000000	0.000000
0	0.000000	0.000000
0	0.000000	0.000000
0	0.000000	0.000000
0	0.000000	0.000000
0	0.000000	0.000000
0	0.000000	0.000000
0	0.000000	0.000000
0	0.000000	0.000000
0	0.000000	0.000000
0	1.000000	1.000000
0	3.000000	3.000000
0	6.000000	6.000000
0	10.000000	10.000000
0	15.000000	15.000000
0	16.000000	16.000000
0	13.000000	13.000000
0	6.000000	6.000000
0	-5.000000	5.000000
0	-19.000000	20.024984
0	-26.000000	29.154759
1	-26.000000	32.557641
0	-19.000000	30.675723
0	-5.000000	25.000000
0	11.000000	16.763055
0	19.000000	14.317821
0	19.000000	14.317821
0	11.000000	16.763055
0	-5.000000	25.000000
0	-19.000000	30.675723
1	-26.000000	32.557641
0	-25.000000	29.171904
0	-16.000000	20.248457
0	1.000000	7.810250
0	16.000000	11.661904
0	28.000000	19.849433
0	32.000000	22.627417
0	28.000000	19.849433
0	17.000000	11.704700
0	4.000000	8.366600
0	-11.000000	21.095023
0	-18.000000	30.692019
1	-17.000000	35.341194
0	-12.000000	33.136083
0	-4.000000	24.041631
0	7.000000	9.848858
0	11.000000	12.688578
0	8.000000	28.178006
0	3.000000	36.783148
1	-4.000000	37.656341
0	-13.000000	31.256999
0	-19.000000	21.470911
0	-22.000000	20.832667
0	-22.000000	29.631065
1	-19.000000	34.539832
0	-11.000000	33.151169
0	1.000000	25.357445
0	17.000000	14.035669
0	32.000000	16.492423
0	46.000000	25.059928
0	49.000000	27.730849
0	41.000000	23.727621
0	22.000000	13.114877
0	-4.000000	9.273618
0	-37.000000	28.442925
0	-57.000000	41.024383
2	-64.000000	45.254834
0	-58.000000	41.012193
0	-40.000000	28.284271
0	-10.000000	7.071068
0	12.000000	8.485281
0	26.000000	18.384776
0	32.000000	22.627417
0	30.000000	21.213203
0	20.000000	14.142136
0	12.000000	8.485281
0	6.000000	4.242641
0	2.000000	1.414214
0	0.000000	0.000000
0	0.000000	0.000000
0	0.000000	0.000000
0	0.000000	0.000000
0	0.000000	0.000000
0	0.000000	0.000000
0	0.000000	0.000000
0	0.000000	0.000000
0	0.000000	0.000000
0	0.000000	0.000000
0	0.000000	0.000000
0	0.000000	0.000000
0	0.000000	0.000000
0	0.000000	0.000000
0	0.000000	0.000000
0	0.000000	0.000000
0	0.000000	0.000000
0	0.000000	0.000000
0	0.000000	0.000000
0	0.000000	0.000000
0	0.000000	0.000000
0	0.000000	0.000000
0	0.000000	0.000000
0	0.000000	0.000000
0	0.000000	0.000000
0	0.000000	0.000000
0	0.000000	0.000000
0	0.000000	0.000000
0	0.000000	0.000000
0	0.000000	0.000000
0	0.000000	0.000000
0	0.000000	0.000000
0	0.000000	0.000000
0	0.000000	0.000000
0	0.000000	0.000000
0	0.000000	0.000000
0	0.000000	0.000000
0	0.000000	0.000000
0	0.000000	0.000000
0	0.000000	0.000000
0	0.000000	0.000000
0	0.000000	0.000000
0	0.000000	0.000000
0	0.000000	0.000000
0	0.000000	0.000000
0	0.000000	0.000000
0	0.000000	0.000000
0	0.000000	0.000000
0	0.000000	0.000000
0	0.000000	0.000000
0	0.000000	0.000000
0	0.000000	0.000000
0	1.000000	1.000000
0	3.000000	3.000000
0	6.000000	6.000000
0	10.000000	10.000000
0	15.000000	15.000000
0	16.000000	16.000000
0	13.000000	13.000000
0	6.000000	6.000000
0	-5.000000	5.000000
0	-20.000000	20.000000
0	-29.000000	29.000000
1	-31.000000	32.015621
0	-26.000000	29.154759
0	-14.000000	20.880613
0	5.000000	11.180340
0	21.000000	16.155494
0	29.000000	20.615528
0	29.000000	20.615528
0	21.000000	16.155494
0	5.000000	11.180340
0	-14.000000	20.880613
0	-26.000000	29.154759
1	-31.000000	32.015621
0	-29.000000	29.000000
0	-19.000000	20.024984
0	-2.000000	5.830952
0	12.000000	8.485281
0	23.000000	16.401219
0	31.000000	21.931712
0	32.000000	21.954498
0	26.000000	16.673332
0	18.000000	10.392305
0	8.000000	11.575837
0	-4.000000	25.019992
0	-13.000000	33.120990
1	-19.000000	34.539832
0	-23.000000	29.614186
0	-25.000000	20.615528
0	-25.000000	20.615528
0	-23.000000	29.614186
1	-19.000000	34.539832
0	-13.000000	33.120990
0	-5.000000	25.000000
0	5.000000	11.180340
0	12.000000	8.485281
0	16.000000	13.341664
0	17.000000	16.031220
0	15.000000	15.000000
0	10.000000	10.000000
0	6.000000	6.000000
0	3.000000	3.000000
0	1.000000	1.000000
0	0.000000	0.000000
0	0.000000	0.000000
0	0.000000	0.000000
0	0.000000	0.000000
0	0.000000	0.000000
0	0.000000	0.000000
0	0.000000	0.000000
0	0.000000	0.000000
0	0.000000	0.000000
0	0.000000	0.000000
0	0.000000	0.000000
0	0.000000	0.000000
0	1.000000	1.000000
0	3.000000	3.000000
0	6.000000	6.000000
0	10.000000	10.000000
0	15.000000	15.000000
0	16.000000	16.000000
0	13.000000	13.000000
0	6.000000	6.000000
0	-5.000000	5.000000
0	-20.000000	20.000000
0	-29.000000	29.000000
1	-32.000000	32.000000
0	-29.000000	29.000000
0	-20.000000	20.000000
0	-5.000000	5.000000
0	6.000000	6.000000
0	13.000000	13.000000
0	16.000000	16.000000
0	15.000000	15.000000
0	10.000000	10.000000
0	6.000000	6.000000
0	3.000000	3.000000
0	1.000000	1.000000
0	0.000000	0.000000
0	0.000000	0.000000
0	0.000000	0.000000
0	0.000000	0.000000
0	0.000000	0.000000
0	0.000000	0.000000
0	0.000000	0.000000
0	0.000000	0.000000
0	0.000000	0.000000
0	0.000000	0.000000
0	0.000000	0.000000
0	0.000000	0.000000
0	0.000000	0.000000
0	0.000000	0.000000
0	0.000000	0.000000
0	0.000000	0.000000
0	0.000000	0.000000
0	0.000000	0.000000
0	0.000000	0.000000
0	0.000000	0.000000
0	0.000000	0.000000
0	1.000000	1.000000
0	3.000000	3.000000
0	6.000000	6.000000
0	10.000000	10.000000
0	15.000000	15.000000
0	16.000000	16.000000
0	13.000000	13.000000
0	6.000000	6.000000
0	-4.000000	5.099020
0	-17.000000	20.223748
0	-23.000000	29.614186
1	-22.000000	33.526109
0	-14.000000	32.649655
0	-4.000000	25.612497
0	8.000000	13.928388
0	12.000000	8.485281
0	8.000000	13.928388
0	-4.000000	25.612497
0	-14.000000	32.649655
1	-22.000000	33.526109
0	-23.000000	29.614186
0	-17.000000	20.223748
0	-4.000000	5.099020
0	6.000000	6.000000
0	13.000000	13.000000
0	16.000000	16.000000
0	16.000000	15.033296
0	13.000000	10.440307
0	12.000000	8.485281
0	13.000000	10.440307
0	16.000000	15.033296
0	16.000000	16.000000
0	13.000000	13.000000
0	6.000000	6.000000
0	-5.000000	5.000000
0	-20.000000	20.000000
0	-29.000000	29.000000
1	-32.000000	32.000000
0	-29.000000	29.000000
0	-20.000000	20.000000
0	-5.000000	5.000000
0	6.000000	6.000000
0	13.000000	13.000000
0	17.000000	16.031220
0	18.000000	15.297059
0	16.000000	11.661904
0	16.000000	11.661904
0	18.000000	15.297059
0	17.000000	16.031220
0	13.000000	13.000000
0	6.000000	6.000000
0	-5.000000	5.000000
0	-20.000000	20.000000
0	-29.000000	29.000000
1	-31.000000	32.015621
0	-26.000000	29.154759
0	-14.000000	20.880613
0	5.000000	11.180340
0	21.000000	16.155494
0	30.000000	20.639767
0	32.000000	20.832667
0	27.000000	17.233688
0	15.000000	15.000000
0	1.000000	25.709920
0	-10.000000	33.256578
1	-18.000000	34.554305
0	-23.000000	29.614186
0	-25.000000	20.615528
0	-25.000000	20.615528
0	-22.000000	29.631065
1	-16.000000	34.669872
0	-7.000000	33.660065
0	5.000000	26.925824
0	20.000000	18.708287
0	28.000000	18.110770
0	29.000000	18.627936
0	23.000000	17.117243
0	10.000000	15.811388
0	-10.000000	22.360680
0	-23.000000	29.614186
1	-29.000000	32.140317
0	-28.000000	29.017236
0	-19.000000	20.024984
0	-2.000000	5.830952
0	12.000000	8.485281
0	23.000000	16.401219
0	31.000000	21.931712
0	31.000000	21.931712
0	23.000000	16.401219
0	12.000000	8.485281
0	-2.000000	5.830952
0	-19.000000	20.024984
0	-28.000000	29.017236
1	-29.000000	32.140317
0	-23.000000	29.614186
0	-10.000000	22.360680
0	10.000000	15.811388
0	22.000000	17.088007
0	27.000000	18.411953
0	25.000000	17.349352
0	16.000000	16.911535
0	0.000000	24.494897
0	-8.000000	33.196385
1	-13.000000	35.902646
0	-14.000000	31.811947
0	-11.000000	21.095023
0	-4.000000	9.273618
0	-4.000000	23.151674
0	-1.000000	35.142567
1	0.000000	39.191836
0	-1.000000	35.142567
0	-4.000000	23.151674
0	-4.000000	9.273618
0	-11.000000	21.095023
0	-15.000000	31.796226
1	-16.000000	35.777088
0	-14.000000	32.649655
0	-10.000000	22.360680
0	1.000000	7.810250
0	9.000000	6.708204
0	14.000000	13.038405
0	16.000000	16.000000
0	15.000000	15.000000
0	10.000000	10.000000
0	6.000000	6.000000
0	3.000000	3.000000
0	1.000000	1.000000
0	0.000000	0.000000
0	0.000000	0.000000
0	0.000000	0.000000
0	0.000000	0.000000
0	0.000000	0.000000
0	0.000000	0.000000
0	0.000000	0.000000
0	0.000000	0.000000
0	0.000000	0.000000
0	0.000000	0.000000
0	0.000000	0.000000
0	0.000000	0.000000
0	0.000000	0.000000
0	0.000000	0.000000
0	0.000000	0.000000
0	1.000000	1.000000
0	3.000000	3.000000
0	6.000000	6.000000
0	10.000000	10.000000
0	15.000000	15.000000
0	16.000000	16.000000
0	13.000000	13.000000
0	6.000000	6.000000
0	-5.000000	5.000000
0	-19.000000	20.024984
0	-26.000000	29.154759
1	-26.000000	32.557641
0	-18.000000	30.692019
0	-1.000000	25.199206
0	20.000000	18.055470
0	35.000000	18.466185
0	44.000000	23.021729
0	43.000000	27.622455
0	27.000000	32.542280
0	6.000000	34.380227
1	-15.000000	34.942810
0	-36.000000	38.729833
0	-52.000000	43.566042
1	-53.000000	45.376205
1	-49.000000	44.011362
0	-41.000000	37.881394
0	-29.000000	32.878564
0	-13.000000	33.570821
1	-3.000000	36.455452
0	6.000000	36.083237
0	14.000000	29.832868
0	21.000000	18.734994
0	22.000000	13.114877
0	22.000000	14.628739
0	20.000000	16.309506
0	16.000000	15.033296
0	10.000000	10.000000
0	6.000000	6.000000
0	4.000000	3.162278
0	4.000000	3.162278
0	7.000000	6.082763
0	13.000000	10.440307
0	21.000000	16.155494
0	26.000000	18.867962
0	28.000000	19.849433
0	22.000000	17.088007
0	8.000000	13.928388
0	-14.000000	20.880613
0	-34.000000	29.427878
1	-52.000000	37.735925
0	-57.000000	41.024383
1	-49.000000	37.854986
0	-27.000000	30.049958
0	-1.000000	23.345235
0	29.000000	21.330729
0	48.000000	25.455844
0	56.000000	28.071338
0	48.000000	25.455844
0	29.000000	21.330729
0	-1.000000	23.345235
0	-27.000000	30.049958
1	-49.000000	37.854986
0	-57.000000	41.024383
1	-52.000000	37.735925
0	-34.000000	29.427878
0	-14.000000	20.880613
0	8.000000	13.928388
0	22.000000	17.088007
0	28.000000	19.849433
0	26.000000	18.867962
0	21.000000	16.155494
0	13.000000	10.440307
0	7.000000	6.082763
0	3.000000	3.000000
0	1.000000	1.000000
0	0.000000	0.000000
0	0.000000	0.000000
0	0.000000	0.000000
0	0.000000	0.000000
0	0.000000	0.000000
0	0.000000	0.000000
0	0.000000	0.000000
0	0.000000	0.000000
0	0.000000	0.000000
0	0.000000	0.000000
0	0.000000	0.000000
0	0.000000	0.000000
0	0.000000	0.000000
0	0.000000	0.000000
0	0.000000	0.000000
0	0.000000	0.000000
0	0.000000	0.000000
0	0.000000	0.000000
0	0.000000	0.000000
0	0.000000	0.000000
0	0.000000	0.000000
0	0.000000	0.000000
0	0.000000	0.000000
0	0.000000	0.000000
0	0.000000	0.000000
0	0.000000	0.000000
0	0.000000	0.000000
0	0.000000	0.000000
0	0.000000	0.000000
0	0.000000	0.000000
0	1.000000	1.000000
0	3.000000	3.000000
0	6.000000	6.000000
0	10.000000	10.000000
0	15.000000	15.000000
0	16.000000	16.000000
0	13.000000	13.000000
0	6.000000	6.000000
0	-5.000000	5.000000
0	-20.000000	20.000000
0	-29.000000	29.000000
1	-32.000000	32.000000
0	-29.000000	29.000000
0	-20.000000	20.000000
0	-5.000000	5.000000
0	6.000000	6.000000
0	13.000000	13.000000
0	16.000000	16.000000
0	15.000000	15.000000
0	10.000000	10.000000
0	6.000000	6.000000
0	3.000000	3.000000
0	1.000000	1.000000
0	0.000000	0.000000
0	0.000000	0.000000
0	0.000000	0.000000
